ISO-10303-21;
HEADER;
FILE_DESCRIPTION(('FreeCAD Model'),'2;1');
FILE_NAME('Open CASCADE Shape Model','2025-05-13T23:35:55',(''),(''),
  'Open CASCADE STEP processor 7.8','FreeCAD','Unknown');
FILE_SCHEMA(('AUTOMOTIVE_DESIGN { 1 0 10303 214 1 1 1 1 }'));
ENDSEC;
DATA;
#1 = APPLICATION_PROTOCOL_DEFINITION('international standard',
  'automotive_design',2000,#2);
#2 = APPLICATION_CONTEXT(
  'core data for automotive mechanical design processes');
#3 = SHAPE_DEFINITION_REPRESENTATION(#4,#10);
#4 = PRODUCT_DEFINITION_SHAPE('','',#5);
#5 = PRODUCT_DEFINITION('design','',#6,#9);
#6 = PRODUCT_DEFINITION_FORMATION('','',#7);
#7 = PRODUCT('clamp','clamp','',(#8));
#8 = PRODUCT_CONTEXT('',#2,'mechanical');
#9 = PRODUCT_DEFINITION_CONTEXT('part definition',#2,'design');
#10 = ADVANCED_BREP_SHAPE_REPRESENTATION('',(#11,#15),#2441);
#11 = AXIS2_PLACEMENT_3D('',#12,#13,#14);
#12 = CARTESIAN_POINT('',(0.,0.,0.));
#13 = DIRECTION('',(0.,0.,1.));
#14 = DIRECTION('',(1.,0.,-0.));
#15 = MANIFOLD_SOLID_BREP('',#16);
#16 = CLOSED_SHELL('',(#17,#57,#92,#125,#416,#443,#467,#509,#572,#613,
    #637,#664,#691,#708,#811,#836,#861,#885,#909,#934,#959,#976,#1086,
    #1111,#1136,#1184,#1208,#1233,#1258,#1275,#1300,#1325,#1356,#1381,
    #1399,#1423,#1448,#1473,#1490,#1514,#1539,#1701,#1718,#1742,#1834,
    #1851,#1876,#1918,#1959,#1976,#1988,#2013,#2138,#2155,#2167,#2184,
    #2201,#2218,#2235,#2252,#2269,#2286,#2298,#2315,#2332,#2349,#2361,
    #2378,#2395,#2412,#2429));
#17 = ADVANCED_FACE('',(#18),#52,.T.);
#18 = FACE_BOUND('',#19,.F.);
#19 = EDGE_LOOP('',(#20,#30,#38,#46));
#20 = ORIENTED_EDGE('',*,*,#21,.F.);
#21 = EDGE_CURVE('',#22,#24,#26,.T.);
#22 = VERTEX_POINT('',#23);
#23 = CARTESIAN_POINT('',(1.,0.5,2.));
#24 = VERTEX_POINT('',#25);
#25 = CARTESIAN_POINT('',(1.,0.292893218813,1.792893218813));
#26 = LINE('',#27,#28);
#27 = CARTESIAN_POINT('',(1.,0.25,1.75));
#28 = VECTOR('',#29,1.);
#29 = DIRECTION('',(0.,-0.707106781187,-0.707106781187));
#30 = ORIENTED_EDGE('',*,*,#31,.T.);
#31 = EDGE_CURVE('',#22,#32,#34,.T.);
#32 = VERTEX_POINT('',#33);
#33 = CARTESIAN_POINT('',(38.9,0.5,2.));
#34 = LINE('',#35,#36);
#35 = CARTESIAN_POINT('',(1.,0.5,2.));
#36 = VECTOR('',#37,1.);
#37 = DIRECTION('',(1.,0.,0.));
#38 = ORIENTED_EDGE('',*,*,#39,.T.);
#39 = EDGE_CURVE('',#32,#40,#42,.T.);
#40 = VERTEX_POINT('',#41);
#41 = CARTESIAN_POINT('',(38.9,0.292893218813,1.792893218813));
#42 = LINE('',#43,#44);
#43 = CARTESIAN_POINT('',(38.9,0.25,1.75));
#44 = VECTOR('',#45,1.);
#45 = DIRECTION('',(0.,-0.707106781187,-0.707106781187));
#46 = ORIENTED_EDGE('',*,*,#47,.F.);
#47 = EDGE_CURVE('',#24,#40,#48,.T.);
#48 = LINE('',#49,#50);
#49 = CARTESIAN_POINT('',(1.,0.292893218813,1.792893218813));
#50 = VECTOR('',#51,1.);
#51 = DIRECTION('',(1.,0.,0.));
#52 = PLANE('',#53);
#53 = AXIS2_PLACEMENT_3D('',#54,#55,#56);
#54 = CARTESIAN_POINT('',(1.,0.25,1.75));
#55 = DIRECTION('',(0.,-0.707106781187,0.707106781187));
#56 = DIRECTION('',(-1.,-0.,-0.));
#57 = ADVANCED_FACE('',(#58),#87,.T.);
#58 = FACE_BOUND('',#59,.F.);
#59 = EDGE_LOOP('',(#60,#70,#77,#78));
#60 = ORIENTED_EDGE('',*,*,#61,.F.);
#61 = EDGE_CURVE('',#62,#64,#66,.T.);
#62 = VERTEX_POINT('',#63);
#63 = CARTESIAN_POINT('',(0.5,1.,2.));
#64 = VERTEX_POINT('',#65);
#65 = CARTESIAN_POINT('',(0.292893218813,1.,1.792893218813));
#66 = LINE('',#67,#68);
#67 = CARTESIAN_POINT('',(0.25,1.,1.75));
#68 = VECTOR('',#69,1.);
#69 = DIRECTION('',(-0.707106781187,-0.,-0.707106781187));
#70 = ORIENTED_EDGE('',*,*,#71,.T.);
#71 = EDGE_CURVE('',#62,#22,#72,.T.);
#72 = CIRCLE('',#73,0.5);
#73 = AXIS2_PLACEMENT_3D('',#74,#75,#76);
#74 = CARTESIAN_POINT('',(1.,1.,2.));
#75 = DIRECTION('',(0.,0.,1.));
#76 = DIRECTION('',(-1.,0.,0.));
#77 = ORIENTED_EDGE('',*,*,#21,.T.);
#78 = ORIENTED_EDGE('',*,*,#79,.F.);
#79 = EDGE_CURVE('',#64,#24,#80,.T.);
#80 = ( BOUNDED_CURVE() B_SPLINE_CURVE(5,(#81,#82,#83,#84,#85,#86),
.UNSPECIFIED.,.F.,.F.) B_SPLINE_CURVE_WITH_KNOTS((6,6),(112.31238898038,
113.88318530718),.PIECEWISE_BEZIER_KNOTS.) CURVE() 
GEOMETRIC_REPRESENTATION_ITEM() RATIONAL_B_SPLINE_CURVE((1.,1.,1.,1.,1.,
1.)) REPRESENTATION_ITEM('') );
#81 = CARTESIAN_POINT('',(0.292893218813,1.,1.792893218813));
#82 = CARTESIAN_POINT('',(0.292893218813,0.777856870038,1.792893218813)
  );
#83 = CARTESIAN_POINT('',(0.379878558641,0.555503113846,1.792893218813)
  );
#84 = CARTESIAN_POINT('',(0.555503113846,0.379878558641,1.792893218813)
  );
#85 = CARTESIAN_POINT('',(0.777856870038,0.292893218813,1.792893218813)
  );
#86 = CARTESIAN_POINT('',(1.,0.292893218813,1.792893218813));
#87 = CONICAL_SURFACE('',#88,1.,0.785398163397);
#88 = AXIS2_PLACEMENT_3D('',#89,#90,#91);
#89 = CARTESIAN_POINT('',(1.,1.,1.5));
#90 = DIRECTION('',(-0.,-0.,-1.));
#91 = DIRECTION('',(-1.,0.,0.));
#92 = ADVANCED_FACE('',(#93),#120,.T.);
#93 = FACE_BOUND('',#94,.T.);
#94 = EDGE_LOOP('',(#95,#104,#112,#119));
#95 = ORIENTED_EDGE('',*,*,#96,.T.);
#96 = EDGE_CURVE('',#24,#97,#99,.T.);
#97 = VERTEX_POINT('',#98);
#98 = CARTESIAN_POINT('',(1.,0.,1.085786437627));
#99 = CIRCLE('',#100,1.);
#100 = AXIS2_PLACEMENT_3D('',#101,#102,#103);
#101 = CARTESIAN_POINT('',(1.,1.,1.085786437627));
#102 = DIRECTION('',(1.,0.,0.));
#103 = DIRECTION('',(0.,-0.707106781187,0.707106781187));
#104 = ORIENTED_EDGE('',*,*,#105,.T.);
#105 = EDGE_CURVE('',#97,#106,#108,.T.);
#106 = VERTEX_POINT('',#107);
#107 = CARTESIAN_POINT('',(38.9,0.,1.085786437627));
#108 = LINE('',#109,#110);
#109 = CARTESIAN_POINT('',(1.,0.,1.085786437627));
#110 = VECTOR('',#111,1.);
#111 = DIRECTION('',(1.,0.,0.));
#112 = ORIENTED_EDGE('',*,*,#113,.F.);
#113 = EDGE_CURVE('',#40,#106,#114,.T.);
#114 = CIRCLE('',#115,1.);
#115 = AXIS2_PLACEMENT_3D('',#116,#117,#118);
#116 = CARTESIAN_POINT('',(38.9,1.,1.085786437627));
#117 = DIRECTION('',(1.,0.,0.));
#118 = DIRECTION('',(0.,-0.707106781187,0.707106781187));
#119 = ORIENTED_EDGE('',*,*,#47,.F.);
#120 = CYLINDRICAL_SURFACE('',#121,1.);
#121 = AXIS2_PLACEMENT_3D('',#122,#123,#124);
#122 = CARTESIAN_POINT('',(1.,1.,1.085786437627));
#123 = DIRECTION('',(1.,0.,0.));
#124 = DIRECTION('',(0.,-0.707106781187,0.707106781187));
#125 = ADVANCED_FACE('',(#126,#179,#249,#319,#330,#341),#411,.T.);
#126 = FACE_BOUND('',#127,.T.);
#127 = EDGE_LOOP('',(#128,#129,#138,#146,#155,#163,#172,#178));
#128 = ORIENTED_EDGE('',*,*,#31,.T.);
#129 = ORIENTED_EDGE('',*,*,#130,.T.);
#130 = EDGE_CURVE('',#32,#131,#133,.T.);
#131 = VERTEX_POINT('',#132);
#132 = CARTESIAN_POINT('',(39.4,1.,2.));
#133 = CIRCLE('',#134,0.5);
#134 = AXIS2_PLACEMENT_3D('',#135,#136,#137);
#135 = CARTESIAN_POINT('',(38.9,1.,2.));
#136 = DIRECTION('',(-0.,0.,1.));
#137 = DIRECTION('',(0.,-1.,0.));
#138 = ORIENTED_EDGE('',*,*,#139,.T.);
#139 = EDGE_CURVE('',#131,#140,#142,.T.);
#140 = VERTEX_POINT('',#141);
#141 = CARTESIAN_POINT('',(39.4,16.9,2.));
#142 = LINE('',#143,#144);
#143 = CARTESIAN_POINT('',(39.4,1.,2.));
#144 = VECTOR('',#145,1.);
#145 = DIRECTION('',(0.,1.,0.));
#146 = ORIENTED_EDGE('',*,*,#147,.T.);
#147 = EDGE_CURVE('',#140,#148,#150,.T.);
#148 = VERTEX_POINT('',#149);
#149 = CARTESIAN_POINT('',(38.9,17.4,2.));
#150 = CIRCLE('',#151,0.5);
#151 = AXIS2_PLACEMENT_3D('',#152,#153,#154);
#152 = CARTESIAN_POINT('',(38.9,16.9,2.));
#153 = DIRECTION('',(0.,0.,1.));
#154 = DIRECTION('',(1.,0.,0.));
#155 = ORIENTED_EDGE('',*,*,#156,.T.);
#156 = EDGE_CURVE('',#148,#157,#159,.T.);
#157 = VERTEX_POINT('',#158);
#158 = CARTESIAN_POINT('',(1.,17.4,2.));
#159 = LINE('',#160,#161);
#160 = CARTESIAN_POINT('',(38.9,17.4,2.));
#161 = VECTOR('',#162,1.);
#162 = DIRECTION('',(-1.,0.,0.));
#163 = ORIENTED_EDGE('',*,*,#164,.T.);
#164 = EDGE_CURVE('',#157,#165,#167,.T.);
#165 = VERTEX_POINT('',#166);
#166 = CARTESIAN_POINT('',(0.5,16.9,2.));
#167 = CIRCLE('',#168,0.5);
#168 = AXIS2_PLACEMENT_3D('',#169,#170,#171);
#169 = CARTESIAN_POINT('',(1.,16.9,2.));
#170 = DIRECTION('',(0.,0.,1.));
#171 = DIRECTION('',(-3.3E-16,1.,0.));
#172 = ORIENTED_EDGE('',*,*,#173,.T.);
#173 = EDGE_CURVE('',#165,#62,#174,.T.);
#174 = LINE('',#175,#176);
#175 = CARTESIAN_POINT('',(0.5,16.9,2.));
#176 = VECTOR('',#177,1.);
#177 = DIRECTION('',(0.,-1.,0.));
#178 = ORIENTED_EDGE('',*,*,#71,.T.);
#179 = FACE_BOUND('',#180,.T.);
#180 = EDGE_LOOP('',(#181,#191,#200,#208,#217,#225,#234,#242));
#181 = ORIENTED_EDGE('',*,*,#182,.F.);
#182 = EDGE_CURVE('',#183,#185,#187,.T.);
#183 = VERTEX_POINT('',#184);
#184 = CARTESIAN_POINT('',(17.25,1.5,2.));
#185 = VERTEX_POINT('',#186);
#186 = CARTESIAN_POINT('',(19.75,1.5,2.));
#187 = LINE('',#188,#189);
#188 = CARTESIAN_POINT('',(17.,1.5,2.));
#189 = VECTOR('',#190,1.);
#190 = DIRECTION('',(1.,0.,0.));
#191 = ORIENTED_EDGE('',*,*,#192,.T.);
#192 = EDGE_CURVE('',#183,#193,#195,.T.);
#193 = VERTEX_POINT('',#194);
#194 = CARTESIAN_POINT('',(17.,1.75,2.));
#195 = CIRCLE('',#196,0.25);
#196 = AXIS2_PLACEMENT_3D('',#197,#198,#199);
#197 = CARTESIAN_POINT('',(17.25,1.75,2.));
#198 = DIRECTION('',(0.,0.,-1.));
#199 = DIRECTION('',(0.,1.,0.));
#200 = ORIENTED_EDGE('',*,*,#201,.T.);
#201 = EDGE_CURVE('',#193,#202,#204,.T.);
#202 = VERTEX_POINT('',#203);
#203 = CARTESIAN_POINT('',(17.,3.95,2.));
#204 = LINE('',#205,#206);
#205 = CARTESIAN_POINT('',(17.,1.5,2.));
#206 = VECTOR('',#207,1.);
#207 = DIRECTION('',(0.,1.,0.));
#208 = ORIENTED_EDGE('',*,*,#209,.T.);
#209 = EDGE_CURVE('',#202,#210,#212,.T.);
#210 = VERTEX_POINT('',#211);
#211 = CARTESIAN_POINT('',(17.25,4.2,2.));
#212 = CIRCLE('',#213,0.25);
#213 = AXIS2_PLACEMENT_3D('',#214,#215,#216);
#214 = CARTESIAN_POINT('',(17.25,3.95,2.));
#215 = DIRECTION('',(0.,0.,-1.));
#216 = DIRECTION('',(0.,1.,0.));
#217 = ORIENTED_EDGE('',*,*,#218,.T.);
#218 = EDGE_CURVE('',#210,#219,#221,.T.);
#219 = VERTEX_POINT('',#220);
#220 = CARTESIAN_POINT('',(19.75,4.2,2.));
#221 = LINE('',#222,#223);
#222 = CARTESIAN_POINT('',(17.,4.2,2.));
#223 = VECTOR('',#224,1.);
#224 = DIRECTION('',(1.,0.,0.));
#225 = ORIENTED_EDGE('',*,*,#226,.F.);
#226 = EDGE_CURVE('',#227,#219,#229,.T.);
#227 = VERTEX_POINT('',#228);
#228 = CARTESIAN_POINT('',(20.,3.95,2.));
#229 = CIRCLE('',#230,0.25);
#230 = AXIS2_PLACEMENT_3D('',#231,#232,#233);
#231 = CARTESIAN_POINT('',(19.75,3.95,2.));
#232 = DIRECTION('',(0.,-0.,1.));
#233 = DIRECTION('',(0.,1.,0.));
#234 = ORIENTED_EDGE('',*,*,#235,.T.);
#235 = EDGE_CURVE('',#227,#236,#238,.T.);
#236 = VERTEX_POINT('',#237);
#237 = CARTESIAN_POINT('',(20.,1.75,2.));
#238 = LINE('',#239,#240);
#239 = CARTESIAN_POINT('',(20.,4.2,2.));
#240 = VECTOR('',#241,1.);
#241 = DIRECTION('',(0.,-1.,0.));
#242 = ORIENTED_EDGE('',*,*,#243,.F.);
#243 = EDGE_CURVE('',#185,#236,#244,.T.);
#244 = CIRCLE('',#245,0.25);
#245 = AXIS2_PLACEMENT_3D('',#246,#247,#248);
#246 = CARTESIAN_POINT('',(19.75,1.75,2.));
#247 = DIRECTION('',(0.,-0.,1.));
#248 = DIRECTION('',(0.,1.,0.));
#249 = FACE_BOUND('',#250,.T.);
#250 = EDGE_LOOP('',(#251,#261,#270,#278,#287,#295,#304,#312));
#251 = ORIENTED_EDGE('',*,*,#252,.F.);
#252 = EDGE_CURVE('',#253,#255,#257,.T.);
#253 = VERTEX_POINT('',#254);
#254 = CARTESIAN_POINT('',(24.5,1.5,2.));
#255 = VERTEX_POINT('',#256);
#256 = CARTESIAN_POINT('',(27.,1.5,2.));
#257 = LINE('',#258,#259);
#258 = CARTESIAN_POINT('',(24.,1.5,2.));
#259 = VECTOR('',#260,1.);
#260 = DIRECTION('',(1.,0.,0.));
#261 = ORIENTED_EDGE('',*,*,#262,.T.);
#262 = EDGE_CURVE('',#253,#263,#265,.T.);
#263 = VERTEX_POINT('',#264);
#264 = CARTESIAN_POINT('',(24.,2.,2.));
#265 = CIRCLE('',#266,0.5);
#266 = AXIS2_PLACEMENT_3D('',#267,#268,#269);
#267 = CARTESIAN_POINT('',(24.5,2.,2.));
#268 = DIRECTION('',(0.,0.,-1.));
#269 = DIRECTION('',(0.,1.,0.));
#270 = ORIENTED_EDGE('',*,*,#271,.T.);
#271 = EDGE_CURVE('',#263,#272,#274,.T.);
#272 = VERTEX_POINT('',#273);
#273 = CARTESIAN_POINT('',(24.,10.5,2.));
#274 = LINE('',#275,#276);
#275 = CARTESIAN_POINT('',(24.,4.2,2.));
#276 = VECTOR('',#277,1.);
#277 = DIRECTION('',(0.,1.,0.));
#278 = ORIENTED_EDGE('',*,*,#279,.F.);
#279 = EDGE_CURVE('',#280,#272,#282,.T.);
#280 = VERTEX_POINT('',#281);
#281 = CARTESIAN_POINT('',(24.5,11.,2.));
#282 = CIRCLE('',#283,0.5);
#283 = AXIS2_PLACEMENT_3D('',#284,#285,#286);
#284 = CARTESIAN_POINT('',(24.5,10.5,2.));
#285 = DIRECTION('',(0.,-0.,1.));
#286 = DIRECTION('',(0.,1.,0.));
#287 = ORIENTED_EDGE('',*,*,#288,.T.);
#288 = EDGE_CURVE('',#280,#289,#291,.T.);
#289 = VERTEX_POINT('',#290);
#290 = CARTESIAN_POINT('',(27.,11.,2.));
#291 = LINE('',#292,#293);
#292 = CARTESIAN_POINT('',(24.,11.,2.));
#293 = VECTOR('',#294,1.);
#294 = DIRECTION('',(1.,0.,0.));
#295 = ORIENTED_EDGE('',*,*,#296,.T.);
#296 = EDGE_CURVE('',#289,#297,#299,.T.);
#297 = VERTEX_POINT('',#298);
#298 = CARTESIAN_POINT('',(27.5,10.5,2.));
#299 = CIRCLE('',#300,0.5);
#300 = AXIS2_PLACEMENT_3D('',#301,#302,#303);
#301 = CARTESIAN_POINT('',(27.,10.5,2.));
#302 = DIRECTION('',(0.,0.,-1.));
#303 = DIRECTION('',(0.,1.,0.));
#304 = ORIENTED_EDGE('',*,*,#305,.T.);
#305 = EDGE_CURVE('',#297,#306,#308,.T.);
#306 = VERTEX_POINT('',#307);
#307 = CARTESIAN_POINT('',(27.5,2.,2.));
#308 = LINE('',#309,#310);
#309 = CARTESIAN_POINT('',(27.5,11.,2.));
#310 = VECTOR('',#311,1.);
#311 = DIRECTION('',(0.,-1.,0.));
#312 = ORIENTED_EDGE('',*,*,#313,.T.);
#313 = EDGE_CURVE('',#306,#255,#314,.T.);
#314 = CIRCLE('',#315,0.5);
#315 = AXIS2_PLACEMENT_3D('',#316,#317,#318);
#316 = CARTESIAN_POINT('',(27.,2.,2.));
#317 = DIRECTION('',(0.,0.,-1.));
#318 = DIRECTION('',(0.,1.,0.));
#319 = FACE_BOUND('',#320,.T.);
#320 = EDGE_LOOP('',(#321));
#321 = ORIENTED_EDGE('',*,*,#322,.F.);
#322 = EDGE_CURVE('',#323,#323,#325,.T.);
#323 = VERTEX_POINT('',#324);
#324 = CARTESIAN_POINT('',(10.25,8.9,2.));
#325 = CIRCLE('',#326,3.25);
#326 = AXIS2_PLACEMENT_3D('',#327,#328,#329);
#327 = CARTESIAN_POINT('',(7.,8.9,2.));
#328 = DIRECTION('',(0.,0.,1.));
#329 = DIRECTION('',(1.,0.,0.));
#330 = FACE_BOUND('',#331,.T.);
#331 = EDGE_LOOP('',(#332));
#332 = ORIENTED_EDGE('',*,*,#333,.F.);
#333 = EDGE_CURVE('',#334,#334,#336,.T.);
#334 = VERTEX_POINT('',#335);
#335 = CARTESIAN_POINT('',(37.25,8.9,2.));
#336 = CIRCLE('',#337,3.25);
#337 = AXIS2_PLACEMENT_3D('',#338,#339,#340);
#338 = CARTESIAN_POINT('',(34.,8.9,2.));
#339 = DIRECTION('',(0.,0.,1.));
#340 = DIRECTION('',(1.,0.,0.));
#341 = FACE_BOUND('',#342,.T.);
#342 = EDGE_LOOP('',(#343,#353,#362,#370,#379,#387,#396,#404));
#343 = ORIENTED_EDGE('',*,*,#344,.F.);
#344 = EDGE_CURVE('',#345,#347,#349,.T.);
#345 = VERTEX_POINT('',#346);
#346 = CARTESIAN_POINT('',(20.55,3.95,2.));
#347 = VERTEX_POINT('',#348);
#348 = CARTESIAN_POINT('',(20.55,1.75,2.));
#349 = LINE('',#350,#351);
#350 = CARTESIAN_POINT('',(20.55,4.2,2.));
#351 = VECTOR('',#352,1.);
#352 = DIRECTION('',(0.,-1.,0.));
#353 = ORIENTED_EDGE('',*,*,#354,.T.);
#354 = EDGE_CURVE('',#345,#355,#357,.T.);
#355 = VERTEX_POINT('',#356);
#356 = CARTESIAN_POINT('',(20.8,4.2,2.));
#357 = CIRCLE('',#358,0.25);
#358 = AXIS2_PLACEMENT_3D('',#359,#360,#361);
#359 = CARTESIAN_POINT('',(20.8,3.95,2.));
#360 = DIRECTION('',(0.,0.,-1.));
#361 = DIRECTION('',(0.,1.,0.));
#362 = ORIENTED_EDGE('',*,*,#363,.T.);
#363 = EDGE_CURVE('',#355,#364,#366,.T.);
#364 = VERTEX_POINT('',#365);
#365 = CARTESIAN_POINT('',(23.3,4.2,2.));
#366 = LINE('',#367,#368);
#367 = CARTESIAN_POINT('',(20.55,4.2,2.));
#368 = VECTOR('',#369,1.);
#369 = DIRECTION('',(1.,0.,0.));
#370 = ORIENTED_EDGE('',*,*,#371,.F.);
#371 = EDGE_CURVE('',#372,#364,#374,.T.);
#372 = VERTEX_POINT('',#373);
#373 = CARTESIAN_POINT('',(23.55,3.95,2.));
#374 = CIRCLE('',#375,0.25);
#375 = AXIS2_PLACEMENT_3D('',#376,#377,#378);
#376 = CARTESIAN_POINT('',(23.3,3.95,2.));
#377 = DIRECTION('',(0.,-0.,1.));
#378 = DIRECTION('',(0.,1.,0.));
#379 = ORIENTED_EDGE('',*,*,#380,.T.);
#380 = EDGE_CURVE('',#372,#381,#383,.T.);
#381 = VERTEX_POINT('',#382);
#382 = CARTESIAN_POINT('',(23.55,1.75,2.));
#383 = LINE('',#384,#385);
#384 = CARTESIAN_POINT('',(23.55,4.2,2.));
#385 = VECTOR('',#386,1.);
#386 = DIRECTION('',(0.,-1.,0.));
#387 = ORIENTED_EDGE('',*,*,#388,.F.);
#388 = EDGE_CURVE('',#389,#381,#391,.T.);
#389 = VERTEX_POINT('',#390);
#390 = CARTESIAN_POINT('',(23.3,1.5,2.));
#391 = CIRCLE('',#392,0.25);
#392 = AXIS2_PLACEMENT_3D('',#393,#394,#395);
#393 = CARTESIAN_POINT('',(23.3,1.75,2.));
#394 = DIRECTION('',(0.,-0.,1.));
#395 = DIRECTION('',(0.,1.,0.));
#396 = ORIENTED_EDGE('',*,*,#397,.F.);
#397 = EDGE_CURVE('',#398,#389,#400,.T.);
#398 = VERTEX_POINT('',#399);
#399 = CARTESIAN_POINT('',(20.8,1.5,2.));
#400 = LINE('',#401,#402);
#401 = CARTESIAN_POINT('',(20.55,1.5,2.));
#402 = VECTOR('',#403,1.);
#403 = DIRECTION('',(1.,0.,0.));
#404 = ORIENTED_EDGE('',*,*,#405,.T.);
#405 = EDGE_CURVE('',#398,#347,#406,.T.);
#406 = CIRCLE('',#407,0.25);
#407 = AXIS2_PLACEMENT_3D('',#408,#409,#410);
#408 = CARTESIAN_POINT('',(20.8,1.75,2.));
#409 = DIRECTION('',(0.,0.,-1.));
#410 = DIRECTION('',(0.,1.,0.));
#411 = PLANE('',#412);
#412 = AXIS2_PLACEMENT_3D('',#413,#414,#415);
#413 = CARTESIAN_POINT('',(19.95,8.95,2.));
#414 = DIRECTION('',(0.,0.,1.));
#415 = DIRECTION('',(1.,0.,0.));
#416 = ADVANCED_FACE('',(#417),#438,.T.);
#417 = FACE_BOUND('',#418,.F.);
#418 = EDGE_LOOP('',(#419,#420,#421,#429));
#419 = ORIENTED_EDGE('',*,*,#39,.F.);
#420 = ORIENTED_EDGE('',*,*,#130,.T.);
#421 = ORIENTED_EDGE('',*,*,#422,.T.);
#422 = EDGE_CURVE('',#131,#423,#425,.T.);
#423 = VERTEX_POINT('',#424);
#424 = CARTESIAN_POINT('',(39.607106781187,1.,1.792893218813));
#425 = LINE('',#426,#427);
#426 = CARTESIAN_POINT('',(39.9,1.,1.5));
#427 = VECTOR('',#428,1.);
#428 = DIRECTION('',(0.707106781187,-4.E-17,-0.707106781187));
#429 = ORIENTED_EDGE('',*,*,#430,.F.);
#430 = EDGE_CURVE('',#40,#423,#431,.T.);
#431 = ( BOUNDED_CURVE() B_SPLINE_CURVE(5,(#432,#433,#434,#435,#436,#437
),.UNSPECIFIED.,.F.,.F.) B_SPLINE_CURVE_WITH_KNOTS((6,6),(37.9,
39.470796326795),.PIECEWISE_BEZIER_KNOTS.) CURVE() 
GEOMETRIC_REPRESENTATION_ITEM() RATIONAL_B_SPLINE_CURVE((1.,1.,1.,1.,1.,
1.)) REPRESENTATION_ITEM('') );
#432 = CARTESIAN_POINT('',(38.9,0.292893218813,1.792893218813));
#433 = CARTESIAN_POINT('',(39.122143129962,0.292893218813,1.792893218813
    ));
#434 = CARTESIAN_POINT('',(39.344496886154,0.379878558641,1.792893218813
    ));
#435 = CARTESIAN_POINT('',(39.520121441359,0.555503113846,1.792893218813
    ));
#436 = CARTESIAN_POINT('',(39.607106781187,0.777856870038,1.792893218813
    ));
#437 = CARTESIAN_POINT('',(39.607106781187,1.,1.792893218813));
#438 = CONICAL_SURFACE('',#439,1.,0.785398163397);
#439 = AXIS2_PLACEMENT_3D('',#440,#441,#442);
#440 = CARTESIAN_POINT('',(38.9,1.,1.5));
#441 = DIRECTION('',(-0.,-0.,-1.));
#442 = DIRECTION('',(0.,-1.,0.));
#443 = ADVANCED_FACE('',(#444),#462,.F.);
#444 = FACE_BOUND('',#445,.F.);
#445 = EDGE_LOOP('',(#446,#454,#455,#456));
#446 = ORIENTED_EDGE('',*,*,#447,.F.);
#447 = EDGE_CURVE('',#165,#448,#450,.T.);
#448 = VERTEX_POINT('',#449);
#449 = CARTESIAN_POINT('',(0.292893218813,16.9,1.792893218813));
#450 = LINE('',#451,#452);
#451 = CARTESIAN_POINT('',(0.,16.9,1.5));
#452 = VECTOR('',#453,1.);
#453 = DIRECTION('',(-0.707106781187,-1.9E-16,-0.707106781187));
#454 = ORIENTED_EDGE('',*,*,#173,.T.);
#455 = ORIENTED_EDGE('',*,*,#61,.T.);
#456 = ORIENTED_EDGE('',*,*,#457,.F.);
#457 = EDGE_CURVE('',#448,#64,#458,.T.);
#458 = LINE('',#459,#460);
#459 = CARTESIAN_POINT('',(0.292893218813,16.9,1.792893218813));
#460 = VECTOR('',#461,1.);
#461 = DIRECTION('',(0.,-1.,0.));
#462 = PLANE('',#463);
#463 = AXIS2_PLACEMENT_3D('',#464,#465,#466);
#464 = CARTESIAN_POINT('',(0.25,16.9,1.75));
#465 = DIRECTION('',(0.707106781187,0.,-0.707106781187));
#466 = DIRECTION('',(0.,-1.,0.));
#467 = ADVANCED_FACE('',(#468),#490,.T.);
#468 = FACE_BOUND('',#469,.T.);
#469 = EDGE_LOOP('',(#470,#479,#488,#489));
#470 = ORIENTED_EDGE('',*,*,#471,.T.);
#471 = EDGE_CURVE('',#64,#472,#474,.T.);
#472 = VERTEX_POINT('',#473);
#473 = CARTESIAN_POINT('',(0.,1.,1.085786437627));
#474 = CIRCLE('',#475,1.);
#475 = AXIS2_PLACEMENT_3D('',#476,#477,#478);
#476 = CARTESIAN_POINT('',(1.,1.,1.085786437627));
#477 = DIRECTION('',(0.,-1.,0.));
#478 = DIRECTION('',(-0.707106781187,0.,0.707106781187));
#479 = ORIENTED_EDGE('',*,*,#480,.T.);
#480 = EDGE_CURVE('',#472,#97,#481,.T.);
#481 = ( BOUNDED_CURVE() B_SPLINE_CURVE(5,(#482,#483,#484,#485,#486,#487
),.UNSPECIFIED.,.F.,.F.) B_SPLINE_CURVE_WITH_KNOTS((6,6),(
112.31238898038,113.88318530718),.PIECEWISE_BEZIER_KNOTS.) CURVE() 
GEOMETRIC_REPRESENTATION_ITEM() RATIONAL_B_SPLINE_CURVE((1.,1.,1.,1.,1.,
1.)) REPRESENTATION_ITEM('') );
#482 = CARTESIAN_POINT('',(-2.2E-16,1.,1.085786437627));
#483 = CARTESIAN_POINT('',(1.1E-16,0.68584217282,1.085786437627));
#484 = CARTESIAN_POINT('',(0.123015847311,0.371386475169,1.085786437627)
  );
#485 = CARTESIAN_POINT('',(0.371386475169,0.123015847311,1.085786437627)
  );
#486 = CARTESIAN_POINT('',(0.68584217282,-3.3E-16,1.085786437627));
#487 = CARTESIAN_POINT('',(1.,-2.2E-16,1.085786437627));
#488 = ORIENTED_EDGE('',*,*,#96,.F.);
#489 = ORIENTED_EDGE('',*,*,#79,.F.);
#490 = ( BOUNDED_SURFACE() B_SPLINE_SURFACE(2,5,(
    (#491,#492,#493,#494,#495,#496)
    ,(#497,#498,#499,#500,#501,#502)
    ,(#503,#504,#505,#506,#507,#508
)),.UNSPECIFIED.,.F.,.F.,.F.) B_SPLINE_SURFACE_WITH_KNOTS((3,3),(6,6),(
    0.,1.570796326795),(112.31238898038,113.88318530718),
.PIECEWISE_BEZIER_KNOTS.) GEOMETRIC_REPRESENTATION_ITEM() 
RATIONAL_B_SPLINE_SURFACE((
    (1.,1.,1.,1.,1.,1.)
    ,(0.923879532511,0.923879532511,0.923879532511,0.923879532511
      ,0.923879532511,0.923879532511)
,(1.,1.,1.,1.,1.,1.))) REPRESENTATION_ITEM('') SURFACE() );
#491 = CARTESIAN_POINT('',(0.292893218813,1.,1.792893218813));
#492 = CARTESIAN_POINT('',(0.292893218813,0.777856870038,1.792893218813)
  );
#493 = CARTESIAN_POINT('',(0.379878558641,0.555503113846,1.792893218813)
  );
#494 = CARTESIAN_POINT('',(0.555503113846,0.379878558641,1.792893218813)
  );
#495 = CARTESIAN_POINT('',(0.777856870038,0.292893218813,1.792893218813)
  );
#496 = CARTESIAN_POINT('',(1.,0.292893218813,1.792893218813));
#497 = CARTESIAN_POINT('',(-2.2E-16,1.,1.5));
#498 = CARTESIAN_POINT('',(-3.3E-16,0.68584217282,1.5));
#499 = CARTESIAN_POINT('',(0.123015847311,0.371386475169,1.5));
#500 = CARTESIAN_POINT('',(0.371386475169,0.123015847311,1.5));
#501 = CARTESIAN_POINT('',(0.68584217282,-1.1E-16,1.5));
#502 = CARTESIAN_POINT('',(1.,-1.1E-16,1.5));
#503 = CARTESIAN_POINT('',(-2.2E-16,1.,1.085786437627));
#504 = CARTESIAN_POINT('',(1.1E-16,0.68584217282,1.085786437627));
#505 = CARTESIAN_POINT('',(0.123015847311,0.371386475169,1.085786437627)
  );
#506 = CARTESIAN_POINT('',(0.371386475169,0.123015847311,1.085786437627)
  );
#507 = CARTESIAN_POINT('',(0.68584217282,-3.3E-16,1.085786437627));
#508 = CARTESIAN_POINT('',(1.,-2.2E-16,1.085786437627));
#509 = ADVANCED_FACE('',(#510),#567,.T.);
#510 = FACE_BOUND('',#511,.T.);
#511 = EDGE_LOOP('',(#512,#520,#528,#536,#544,#552,#560,#566));
#512 = ORIENTED_EDGE('',*,*,#513,.F.);
#513 = EDGE_CURVE('',#514,#97,#516,.T.);
#514 = VERTEX_POINT('',#515);
#515 = CARTESIAN_POINT('',(1.,0.,0.));
#516 = LINE('',#517,#518);
#517 = CARTESIAN_POINT('',(1.,-2.2E-16,0.));
#518 = VECTOR('',#519,1.);
#519 = DIRECTION('',(0.,0.,1.));
#520 = ORIENTED_EDGE('',*,*,#521,.T.);
#521 = EDGE_CURVE('',#514,#522,#524,.T.);
#522 = VERTEX_POINT('',#523);
#523 = CARTESIAN_POINT('',(13.5,0.,0.));
#524 = LINE('',#525,#526);
#525 = CARTESIAN_POINT('',(0.,0.,0.));
#526 = VECTOR('',#527,1.);
#527 = DIRECTION('',(1.,0.,0.));
#528 = ORIENTED_EDGE('',*,*,#529,.T.);
#529 = EDGE_CURVE('',#522,#530,#532,.T.);
#530 = VERTEX_POINT('',#531);
#531 = CARTESIAN_POINT('',(13.5,0.,-2.35));
#532 = LINE('',#533,#534);
#533 = CARTESIAN_POINT('',(13.5,0.,0.));
#534 = VECTOR('',#535,1.);
#535 = DIRECTION('',(0.,0.,-1.));
#536 = ORIENTED_EDGE('',*,*,#537,.F.);
#537 = EDGE_CURVE('',#538,#530,#540,.T.);
#538 = VERTEX_POINT('',#539);
#539 = CARTESIAN_POINT('',(27.5,0.,-2.35));
#540 = LINE('',#541,#542);
#541 = CARTESIAN_POINT('',(27.5,0.,-2.35));
#542 = VECTOR('',#543,1.);
#543 = DIRECTION('',(-1.,0.,0.));
#544 = ORIENTED_EDGE('',*,*,#545,.F.);
#545 = EDGE_CURVE('',#546,#538,#548,.T.);
#546 = VERTEX_POINT('',#547);
#547 = CARTESIAN_POINT('',(27.5,0.,0.));
#548 = LINE('',#549,#550);
#549 = CARTESIAN_POINT('',(27.5,0.,0.));
#550 = VECTOR('',#551,1.);
#551 = DIRECTION('',(0.,0.,-1.));
#552 = ORIENTED_EDGE('',*,*,#553,.T.);
#553 = EDGE_CURVE('',#546,#554,#556,.T.);
#554 = VERTEX_POINT('',#555);
#555 = CARTESIAN_POINT('',(38.9,0.,0.));
#556 = LINE('',#557,#558);
#557 = CARTESIAN_POINT('',(0.,0.,0.));
#558 = VECTOR('',#559,1.);
#559 = DIRECTION('',(1.,0.,0.));
#560 = ORIENTED_EDGE('',*,*,#561,.T.);
#561 = EDGE_CURVE('',#554,#106,#562,.T.);
#562 = LINE('',#563,#564);
#563 = CARTESIAN_POINT('',(38.9,-2.2E-16,0.));
#564 = VECTOR('',#565,1.);
#565 = DIRECTION('',(0.,0.,1.));
#566 = ORIENTED_EDGE('',*,*,#105,.F.);
#567 = PLANE('',#568);
#568 = AXIS2_PLACEMENT_3D('',#569,#570,#571);
#569 = CARTESIAN_POINT('',(19.979209039548,0.,0.512740112994));
#570 = DIRECTION('',(-0.,-1.,-0.));
#571 = DIRECTION('',(0.,0.,-1.));
#572 = ADVANCED_FACE('',(#573),#594,.T.);
#573 = FACE_BOUND('',#574,.T.);
#574 = EDGE_LOOP('',(#575,#576,#587,#593));
#575 = ORIENTED_EDGE('',*,*,#113,.T.);
#576 = ORIENTED_EDGE('',*,*,#577,.T.);
#577 = EDGE_CURVE('',#106,#578,#580,.T.);
#578 = VERTEX_POINT('',#579);
#579 = CARTESIAN_POINT('',(39.9,1.,1.085786437627));
#580 = ( BOUNDED_CURVE() B_SPLINE_CURVE(5,(#581,#582,#583,#584,#585,#586
),.UNSPECIFIED.,.F.,.F.) B_SPLINE_CURVE_WITH_KNOTS((6,6),(37.9,
39.470796326795),.PIECEWISE_BEZIER_KNOTS.) CURVE() 
GEOMETRIC_REPRESENTATION_ITEM() RATIONAL_B_SPLINE_CURVE((1.,1.,1.,1.,1.,
1.)) REPRESENTATION_ITEM('') );
#581 = CARTESIAN_POINT('',(38.9,-2.2E-16,1.085786437627));
#582 = CARTESIAN_POINT('',(39.21415782718,4.4E-16,1.085786437627));
#583 = CARTESIAN_POINT('',(39.528613524831,0.123015847311,1.085786437627
    ));
#584 = CARTESIAN_POINT('',(39.776984152689,0.371386475169,1.085786437627
    ));
#585 = CARTESIAN_POINT('',(39.9,0.68584217282,1.085786437627));
#586 = CARTESIAN_POINT('',(39.9,1.,1.085786437627));
#587 = ORIENTED_EDGE('',*,*,#588,.F.);
#588 = EDGE_CURVE('',#423,#578,#589,.T.);
#589 = ( BOUNDED_CURVE() B_SPLINE_CURVE(2,(#590,#591,#592),
.UNSPECIFIED.,.F.,.F.) B_SPLINE_CURVE_WITH_KNOTS((3,3),(0.,
1.570796326795),.PIECEWISE_BEZIER_KNOTS.) CURVE() 
GEOMETRIC_REPRESENTATION_ITEM() RATIONAL_B_SPLINE_CURVE((1.,
0.923879532511,1.)) REPRESENTATION_ITEM('') );
#590 = CARTESIAN_POINT('',(39.607106781187,1.,1.792893218813));
#591 = CARTESIAN_POINT('',(39.9,1.,1.5));
#592 = CARTESIAN_POINT('',(39.9,1.,1.085786437627));
#593 = ORIENTED_EDGE('',*,*,#430,.F.);
#594 = ( BOUNDED_SURFACE() B_SPLINE_SURFACE(2,5,(
    (#595,#596,#597,#598,#599,#600)
    ,(#601,#602,#603,#604,#605,#606)
    ,(#607,#608,#609,#610,#611,#612
)),.UNSPECIFIED.,.F.,.F.,.F.) B_SPLINE_SURFACE_WITH_KNOTS((3,3),(6,6),(
    0.,1.570796326795),(37.9,39.470796326795),.PIECEWISE_BEZIER_KNOTS.) 
GEOMETRIC_REPRESENTATION_ITEM() RATIONAL_B_SPLINE_SURFACE((
    (1.,1.,1.,1.,1.,1.)
    ,(0.923879532511,0.923879532511,0.923879532511,0.923879532511
      ,0.923879532511,0.923879532511)
,(1.,1.,1.,1.,1.,1.))) REPRESENTATION_ITEM('') SURFACE() );
#595 = CARTESIAN_POINT('',(38.9,0.292893218813,1.792893218813));
#596 = CARTESIAN_POINT('',(39.122143129962,0.292893218813,1.792893218813
    ));
#597 = CARTESIAN_POINT('',(39.344496886154,0.379878558641,1.792893218813
    ));
#598 = CARTESIAN_POINT('',(39.520121441359,0.555503113846,1.792893218813
    ));
#599 = CARTESIAN_POINT('',(39.607106781187,0.777856870038,1.792893218813
    ));
#600 = CARTESIAN_POINT('',(39.607106781187,1.,1.792893218813));
#601 = CARTESIAN_POINT('',(38.9,-2.2E-16,1.5));
#602 = CARTESIAN_POINT('',(39.21415782718,6.1E-16,1.5));
#603 = CARTESIAN_POINT('',(39.528613524831,0.123015847311,1.5));
#604 = CARTESIAN_POINT('',(39.776984152689,0.371386475169,1.5));
#605 = CARTESIAN_POINT('',(39.9,0.68584217282,1.5));
#606 = CARTESIAN_POINT('',(39.9,1.,1.5));
#607 = CARTESIAN_POINT('',(38.9,-2.2E-16,1.085786437627));
#608 = CARTESIAN_POINT('',(39.21415782718,4.4E-16,1.085786437627));
#609 = CARTESIAN_POINT('',(39.528613524831,0.123015847311,1.085786437627
    ));
#610 = CARTESIAN_POINT('',(39.776984152689,0.371386475169,1.085786437627
    ));
#611 = CARTESIAN_POINT('',(39.9,0.68584217282,1.085786437627));
#612 = CARTESIAN_POINT('',(39.9,1.,1.085786437627));
#613 = ADVANCED_FACE('',(#614),#632,.F.);
#614 = FACE_BOUND('',#615,.F.);
#615 = EDGE_LOOP('',(#616,#617,#618,#626));
#616 = ORIENTED_EDGE('',*,*,#422,.F.);
#617 = ORIENTED_EDGE('',*,*,#139,.T.);
#618 = ORIENTED_EDGE('',*,*,#619,.T.);
#619 = EDGE_CURVE('',#140,#620,#622,.T.);
#620 = VERTEX_POINT('',#621);
#621 = CARTESIAN_POINT('',(39.607106781187,16.9,1.792893218813));
#622 = LINE('',#623,#624);
#623 = CARTESIAN_POINT('',(39.65,16.9,1.75));
#624 = VECTOR('',#625,1.);
#625 = DIRECTION('',(0.707106781187,0.,-0.707106781187));
#626 = ORIENTED_EDGE('',*,*,#627,.F.);
#627 = EDGE_CURVE('',#423,#620,#628,.T.);
#628 = LINE('',#629,#630);
#629 = CARTESIAN_POINT('',(39.607106781187,1.,1.792893218813));
#630 = VECTOR('',#631,1.);
#631 = DIRECTION('',(0.,1.,0.));
#632 = PLANE('',#633);
#633 = AXIS2_PLACEMENT_3D('',#634,#635,#636);
#634 = CARTESIAN_POINT('',(39.65,1.,1.75));
#635 = DIRECTION('',(-0.707106781187,0.,-0.707106781187));
#636 = DIRECTION('',(0.,1.,0.));
#637 = ADVANCED_FACE('',(#638),#659,.T.);
#638 = FACE_BOUND('',#639,.F.);
#639 = EDGE_LOOP('',(#640,#648,#649,#650));
#640 = ORIENTED_EDGE('',*,*,#641,.F.);
#641 = EDGE_CURVE('',#157,#642,#644,.T.);
#642 = VERTEX_POINT('',#643);
#643 = CARTESIAN_POINT('',(1.,17.607106781187,1.792893218813));
#644 = LINE('',#645,#646);
#645 = CARTESIAN_POINT('',(1.,17.65,1.75));
#646 = VECTOR('',#647,1.);
#647 = DIRECTION('',(0.,0.707106781187,-0.707106781187));
#648 = ORIENTED_EDGE('',*,*,#164,.T.);
#649 = ORIENTED_EDGE('',*,*,#447,.T.);
#650 = ORIENTED_EDGE('',*,*,#651,.F.);
#651 = EDGE_CURVE('',#642,#448,#652,.T.);
#652 = ( BOUNDED_CURVE() B_SPLINE_CURVE(5,(#653,#654,#655,#656,#657,#658
),.UNSPECIFIED.,.F.,.F.) B_SPLINE_CURVE_WITH_KNOTS((6,6),(94.84159265359
,96.412388980385),.PIECEWISE_BEZIER_KNOTS.) CURVE() 
GEOMETRIC_REPRESENTATION_ITEM() RATIONAL_B_SPLINE_CURVE((1.,1.,1.,1.,1.,
1.)) REPRESENTATION_ITEM('') );
#653 = CARTESIAN_POINT('',(1.,17.607106781187,1.792893218813));
#654 = CARTESIAN_POINT('',(0.777856870038,17.607106781187,1.792893218813
    ));
#655 = CARTESIAN_POINT('',(0.555503113846,17.520121441359,1.792893218813
    ));
#656 = CARTESIAN_POINT('',(0.379878558641,17.344496886154,1.792893218813
    ));
#657 = CARTESIAN_POINT('',(0.292893218813,17.122143129962,1.792893218813
    ));
#658 = CARTESIAN_POINT('',(0.292893218813,16.9,1.792893218813));
#659 = CONICAL_SURFACE('',#660,1.,0.785398163397);
#660 = AXIS2_PLACEMENT_3D('',#661,#662,#663);
#661 = CARTESIAN_POINT('',(1.,16.9,1.5));
#662 = DIRECTION('',(-0.,-0.,-1.));
#663 = DIRECTION('',(-3.3E-16,1.,0.));
#664 = ADVANCED_FACE('',(#665),#686,.T.);
#665 = FACE_BOUND('',#666,.F.);
#666 = EDGE_LOOP('',(#667,#668,#669,#677));
#667 = ORIENTED_EDGE('',*,*,#619,.F.);
#668 = ORIENTED_EDGE('',*,*,#147,.T.);
#669 = ORIENTED_EDGE('',*,*,#670,.T.);
#670 = EDGE_CURVE('',#148,#671,#673,.T.);
#671 = VERTEX_POINT('',#672);
#672 = CARTESIAN_POINT('',(38.9,17.607106781187,1.792893218813));
#673 = LINE('',#674,#675);
#674 = CARTESIAN_POINT('',(38.9,17.9,1.5));
#675 = VECTOR('',#676,1.);
#676 = DIRECTION('',(4.E-17,0.707106781187,-0.707106781187));
#677 = ORIENTED_EDGE('',*,*,#678,.F.);
#678 = EDGE_CURVE('',#620,#671,#679,.T.);
#679 = ( BOUNDED_CURVE() B_SPLINE_CURVE(5,(#680,#681,#682,#683,#684,#685
),.UNSPECIFIED.,.F.,.F.) B_SPLINE_CURVE_WITH_KNOTS((6,6),(
55.370796326795,56.94159265359),.PIECEWISE_BEZIER_KNOTS.) CURVE() 
GEOMETRIC_REPRESENTATION_ITEM() RATIONAL_B_SPLINE_CURVE((1.,1.,1.,1.,1.,
1.)) REPRESENTATION_ITEM('') );
#680 = CARTESIAN_POINT('',(39.607106781187,16.9,1.792893218813));
#681 = CARTESIAN_POINT('',(39.607106781187,17.122143129962,
    1.792893218813));
#682 = CARTESIAN_POINT('',(39.520121441359,17.344496886154,
    1.792893218813));
#683 = CARTESIAN_POINT('',(39.344496886154,17.520121441359,
    1.792893218813));
#684 = CARTESIAN_POINT('',(39.122143129962,17.607106781187,
    1.792893218813));
#685 = CARTESIAN_POINT('',(38.9,17.607106781187,1.792893218813));
#686 = CONICAL_SURFACE('',#687,1.,0.785398163397);
#687 = AXIS2_PLACEMENT_3D('',#688,#689,#690);
#688 = CARTESIAN_POINT('',(38.9,16.9,1.5));
#689 = DIRECTION('',(-0.,-0.,-1.));
#690 = DIRECTION('',(1.,0.,0.));
#691 = ADVANCED_FACE('',(#692),#703,.F.);
#692 = FACE_BOUND('',#693,.F.);
#693 = EDGE_LOOP('',(#694,#695,#696,#697));
#694 = ORIENTED_EDGE('',*,*,#670,.F.);
#695 = ORIENTED_EDGE('',*,*,#156,.T.);
#696 = ORIENTED_EDGE('',*,*,#641,.T.);
#697 = ORIENTED_EDGE('',*,*,#698,.F.);
#698 = EDGE_CURVE('',#671,#642,#699,.T.);
#699 = LINE('',#700,#701);
#700 = CARTESIAN_POINT('',(38.9,17.607106781187,1.792893218813));
#701 = VECTOR('',#702,1.);
#702 = DIRECTION('',(-1.,0.,0.));
#703 = PLANE('',#704);
#704 = AXIS2_PLACEMENT_3D('',#705,#706,#707);
#705 = CARTESIAN_POINT('',(38.9,17.65,1.75));
#706 = DIRECTION('',(0.,-0.707106781187,-0.707106781187));
#707 = DIRECTION('',(-1.,0.,0.));
#708 = ADVANCED_FACE('',(#709),#806,.T.);
#709 = FACE_BOUND('',#710,.T.);
#710 = EDGE_LOOP('',(#711,#721,#729,#737,#745,#753,#761,#769,#775,#776,
    #784,#792,#800));
#711 = ORIENTED_EDGE('',*,*,#712,.F.);
#712 = EDGE_CURVE('',#713,#715,#717,.T.);
#713 = VERTEX_POINT('',#714);
#714 = CARTESIAN_POINT('',(13.75,1.5,-2.35));
#715 = VERTEX_POINT('',#716);
#716 = CARTESIAN_POINT('',(17.750000000004,1.5,-2.35));
#717 = LINE('',#718,#719);
#718 = CARTESIAN_POINT('',(13.5,1.5,-2.35));
#719 = VECTOR('',#720,1.);
#720 = DIRECTION('',(1.,0.,0.));
#721 = ORIENTED_EDGE('',*,*,#722,.F.);
#722 = EDGE_CURVE('',#723,#713,#725,.T.);
#723 = VERTEX_POINT('',#724);
#724 = CARTESIAN_POINT('',(13.75,1.5,0.));
#725 = LINE('',#726,#727);
#726 = CARTESIAN_POINT('',(13.75,1.5,0.));
#727 = VECTOR('',#728,1.);
#728 = DIRECTION('',(0.,0.,-1.));
#729 = ORIENTED_EDGE('',*,*,#730,.T.);
#730 = EDGE_CURVE('',#723,#731,#733,.T.);
#731 = VERTEX_POINT('',#732);
#732 = CARTESIAN_POINT('',(16.1,1.5,0.));
#733 = LINE('',#734,#735);
#734 = CARTESIAN_POINT('',(13.5,1.5,0.));
#735 = VECTOR('',#736,1.);
#736 = DIRECTION('',(1.,0.,0.));
#737 = ORIENTED_EDGE('',*,*,#738,.T.);
#738 = EDGE_CURVE('',#731,#739,#741,.T.);
#739 = VERTEX_POINT('',#740);
#740 = CARTESIAN_POINT('',(16.1,1.5,-0.55));
#741 = LINE('',#742,#743);
#742 = CARTESIAN_POINT('',(16.1,1.5,0.));
#743 = VECTOR('',#744,1.);
#744 = DIRECTION('',(0.,0.,-1.));
#745 = ORIENTED_EDGE('',*,*,#746,.F.);
#746 = EDGE_CURVE('',#747,#739,#749,.T.);
#747 = VERTEX_POINT('',#748);
#748 = CARTESIAN_POINT('',(16.45,1.5,-0.55));
#749 = LINE('',#750,#751);
#750 = CARTESIAN_POINT('',(18.604247931442,1.5,-0.55));
#751 = VECTOR('',#752,1.);
#752 = DIRECTION('',(-1.,-0.,-0.));
#753 = ORIENTED_EDGE('',*,*,#754,.T.);
#754 = EDGE_CURVE('',#747,#755,#757,.T.);
#755 = VERTEX_POINT('',#756);
#756 = CARTESIAN_POINT('',(17.,1.5,-0.55));
#757 = LINE('',#758,#759);
#758 = CARTESIAN_POINT('',(16.45,1.5,-0.55));
#759 = VECTOR('',#760,1.);
#760 = DIRECTION('',(1.,0.,0.));
#761 = ORIENTED_EDGE('',*,*,#762,.T.);
#762 = EDGE_CURVE('',#755,#763,#765,.T.);
#763 = VERTEX_POINT('',#764);
#764 = CARTESIAN_POINT('',(17.25,1.5,-0.55));
#765 = LINE('',#766,#767);
#766 = CARTESIAN_POINT('',(18.604247931442,1.5,-0.55));
#767 = VECTOR('',#768,1.);
#768 = DIRECTION('',(1.,0.,0.));
#769 = ORIENTED_EDGE('',*,*,#770,.F.);
#770 = EDGE_CURVE('',#183,#763,#771,.T.);
#771 = LINE('',#772,#773);
#772 = CARTESIAN_POINT('',(17.25,1.5,2.));
#773 = VECTOR('',#774,1.);
#774 = DIRECTION('',(0.,0.,-1.));
#775 = ORIENTED_EDGE('',*,*,#182,.T.);
#776 = ORIENTED_EDGE('',*,*,#777,.T.);
#777 = EDGE_CURVE('',#185,#778,#780,.T.);
#778 = VERTEX_POINT('',#779);
#779 = CARTESIAN_POINT('',(19.75,1.5,-0.55));
#780 = LINE('',#781,#782);
#781 = CARTESIAN_POINT('',(19.75,1.5,2.));
#782 = VECTOR('',#783,1.);
#783 = DIRECTION('',(-0.,-0.,-1.));
#784 = ORIENTED_EDGE('',*,*,#785,.T.);
#785 = EDGE_CURVE('',#778,#786,#788,.T.);
#786 = VERTEX_POINT('',#787);
#787 = CARTESIAN_POINT('',(18.,1.5,-0.55));
#788 = LINE('',#789,#790);
#789 = CARTESIAN_POINT('',(20.,1.5,-0.55));
#790 = VECTOR('',#791,1.);
#791 = DIRECTION('',(-1.,0.,0.));
#792 = ORIENTED_EDGE('',*,*,#793,.T.);
#793 = EDGE_CURVE('',#786,#794,#796,.T.);
#794 = VERTEX_POINT('',#795);
#795 = CARTESIAN_POINT('',(17.750000000004,1.5,-0.55));
#796 = LINE('',#797,#798);
#797 = CARTESIAN_POINT('',(18.604247931442,1.5,-0.55));
#798 = VECTOR('',#799,1.);
#799 = DIRECTION('',(-1.,-0.,-0.));
#800 = ORIENTED_EDGE('',*,*,#801,.F.);
#801 = EDGE_CURVE('',#715,#794,#802,.T.);
#802 = LINE('',#803,#804);
#803 = CARTESIAN_POINT('',(17.750000000004,1.5,-2.35));
#804 = VECTOR('',#805,1.);
#805 = DIRECTION('',(0.,0.,1.));
#806 = PLANE('',#807);
#807 = AXIS2_PLACEMENT_3D('',#808,#809,#810);
#808 = CARTESIAN_POINT('',(16.897916666667,1.5,-0.342214912281));
#809 = DIRECTION('',(0.,1.,0.));
#810 = DIRECTION('',(0.,0.,1.));
#811 = ADVANCED_FACE('',(#812),#831,.F.);
#812 = FACE_BOUND('',#813,.F.);
#813 = EDGE_LOOP('',(#814,#815,#823,#830));
#814 = ORIENTED_EDGE('',*,*,#192,.T.);
#815 = ORIENTED_EDGE('',*,*,#816,.T.);
#816 = EDGE_CURVE('',#193,#817,#819,.T.);
#817 = VERTEX_POINT('',#818);
#818 = CARTESIAN_POINT('',(17.,1.75,-0.55));
#819 = LINE('',#820,#821);
#820 = CARTESIAN_POINT('',(17.,1.75,2.));
#821 = VECTOR('',#822,1.);
#822 = DIRECTION('',(0.,0.,-1.));
#823 = ORIENTED_EDGE('',*,*,#824,.F.);
#824 = EDGE_CURVE('',#763,#817,#825,.T.);
#825 = CIRCLE('',#826,0.25);
#826 = AXIS2_PLACEMENT_3D('',#827,#828,#829);
#827 = CARTESIAN_POINT('',(17.25,1.75,-0.55));
#828 = DIRECTION('',(0.,0.,-1.));
#829 = DIRECTION('',(0.,1.,0.));
#830 = ORIENTED_EDGE('',*,*,#770,.F.);
#831 = CYLINDRICAL_SURFACE('',#832,0.25);
#832 = AXIS2_PLACEMENT_3D('',#833,#834,#835);
#833 = CARTESIAN_POINT('',(17.25,1.75,2.));
#834 = DIRECTION('',(0.,0.,-1.));
#835 = DIRECTION('',(0.,-1.,0.));
#836 = ADVANCED_FACE('',(#837),#856,.F.);
#837 = FACE_BOUND('',#838,.T.);
#838 = EDGE_LOOP('',(#839,#840,#848,#855));
#839 = ORIENTED_EDGE('',*,*,#243,.T.);
#840 = ORIENTED_EDGE('',*,*,#841,.T.);
#841 = EDGE_CURVE('',#236,#842,#844,.T.);
#842 = VERTEX_POINT('',#843);
#843 = CARTESIAN_POINT('',(20.,1.75,-0.55));
#844 = LINE('',#845,#846);
#845 = CARTESIAN_POINT('',(20.,1.75,2.));
#846 = VECTOR('',#847,1.);
#847 = DIRECTION('',(-0.,-0.,-1.));
#848 = ORIENTED_EDGE('',*,*,#849,.F.);
#849 = EDGE_CURVE('',#778,#842,#850,.T.);
#850 = CIRCLE('',#851,0.25);
#851 = AXIS2_PLACEMENT_3D('',#852,#853,#854);
#852 = CARTESIAN_POINT('',(19.75,1.75,-0.55));
#853 = DIRECTION('',(0.,-0.,1.));
#854 = DIRECTION('',(0.,1.,0.));
#855 = ORIENTED_EDGE('',*,*,#777,.F.);
#856 = CYLINDRICAL_SURFACE('',#857,0.25);
#857 = AXIS2_PLACEMENT_3D('',#858,#859,#860);
#858 = CARTESIAN_POINT('',(19.75,1.75,2.));
#859 = DIRECTION('',(-0.,-0.,-1.));
#860 = DIRECTION('',(0.,-1.,0.));
#861 = ADVANCED_FACE('',(#862),#880,.T.);
#862 = FACE_BOUND('',#863,.T.);
#863 = EDGE_LOOP('',(#864,#865,#866,#874));
#864 = ORIENTED_EDGE('',*,*,#201,.F.);
#865 = ORIENTED_EDGE('',*,*,#816,.T.);
#866 = ORIENTED_EDGE('',*,*,#867,.T.);
#867 = EDGE_CURVE('',#817,#868,#870,.T.);
#868 = VERTEX_POINT('',#869);
#869 = CARTESIAN_POINT('',(17.,3.95,-0.55));
#870 = LINE('',#871,#872);
#871 = CARTESIAN_POINT('',(17.,1.5,-0.55));
#872 = VECTOR('',#873,1.);
#873 = DIRECTION('',(-1.32E-15,1.,-0.));
#874 = ORIENTED_EDGE('',*,*,#875,.F.);
#875 = EDGE_CURVE('',#202,#868,#876,.T.);
#876 = LINE('',#877,#878);
#877 = CARTESIAN_POINT('',(17.,3.95,2.));
#878 = VECTOR('',#879,1.);
#879 = DIRECTION('',(0.,0.,-1.));
#880 = PLANE('',#881);
#881 = AXIS2_PLACEMENT_3D('',#882,#883,#884);
#882 = CARTESIAN_POINT('',(17.,2.85,0.725));
#883 = DIRECTION('',(1.,4.8E-16,5.7E-16));
#884 = DIRECTION('',(-5.7E-16,0.,1.));
#885 = ADVANCED_FACE('',(#886),#904,.T.);
#886 = FACE_BOUND('',#887,.T.);
#887 = EDGE_LOOP('',(#888,#889,#897,#903));
#888 = ORIENTED_EDGE('',*,*,#235,.F.);
#889 = ORIENTED_EDGE('',*,*,#890,.T.);
#890 = EDGE_CURVE('',#227,#891,#893,.T.);
#891 = VERTEX_POINT('',#892);
#892 = CARTESIAN_POINT('',(20.,3.95,-0.55));
#893 = LINE('',#894,#895);
#894 = CARTESIAN_POINT('',(20.,3.95,2.));
#895 = VECTOR('',#896,1.);
#896 = DIRECTION('',(-0.,-0.,-1.));
#897 = ORIENTED_EDGE('',*,*,#898,.T.);
#898 = EDGE_CURVE('',#891,#842,#899,.T.);
#899 = LINE('',#900,#901);
#900 = CARTESIAN_POINT('',(20.,4.2,-0.55));
#901 = VECTOR('',#902,1.);
#902 = DIRECTION('',(1.32E-15,-1.,0.));
#903 = ORIENTED_EDGE('',*,*,#841,.F.);
#904 = PLANE('',#905);
#905 = AXIS2_PLACEMENT_3D('',#906,#907,#908);
#906 = CARTESIAN_POINT('',(20.,2.85,0.725));
#907 = DIRECTION('',(-1.,-4.8E-16,-5.7E-16));
#908 = DIRECTION('',(5.7E-16,0.,-1.));
#909 = ADVANCED_FACE('',(#910),#929,.F.);
#910 = FACE_BOUND('',#911,.F.);
#911 = EDGE_LOOP('',(#912,#913,#921,#928));
#912 = ORIENTED_EDGE('',*,*,#209,.T.);
#913 = ORIENTED_EDGE('',*,*,#914,.T.);
#914 = EDGE_CURVE('',#210,#915,#917,.T.);
#915 = VERTEX_POINT('',#916);
#916 = CARTESIAN_POINT('',(17.25,4.2,-0.55));
#917 = LINE('',#918,#919);
#918 = CARTESIAN_POINT('',(17.25,4.2,2.));
#919 = VECTOR('',#920,1.);
#920 = DIRECTION('',(0.,0.,-1.));
#921 = ORIENTED_EDGE('',*,*,#922,.F.);
#922 = EDGE_CURVE('',#868,#915,#923,.T.);
#923 = CIRCLE('',#924,0.25);
#924 = AXIS2_PLACEMENT_3D('',#925,#926,#927);
#925 = CARTESIAN_POINT('',(17.25,3.95,-0.55));
#926 = DIRECTION('',(0.,0.,-1.));
#927 = DIRECTION('',(0.,1.,0.));
#928 = ORIENTED_EDGE('',*,*,#875,.F.);
#929 = CYLINDRICAL_SURFACE('',#930,0.25);
#930 = AXIS2_PLACEMENT_3D('',#931,#932,#933);
#931 = CARTESIAN_POINT('',(17.25,3.95,2.));
#932 = DIRECTION('',(0.,0.,-1.));
#933 = DIRECTION('',(-1.,-4.8E-16,-0.));
#934 = ADVANCED_FACE('',(#935),#954,.F.);
#935 = FACE_BOUND('',#936,.T.);
#936 = EDGE_LOOP('',(#937,#938,#946,#953));
#937 = ORIENTED_EDGE('',*,*,#226,.T.);
#938 = ORIENTED_EDGE('',*,*,#939,.T.);
#939 = EDGE_CURVE('',#219,#940,#942,.T.);
#940 = VERTEX_POINT('',#941);
#941 = CARTESIAN_POINT('',(19.75,4.2,-0.55));
#942 = LINE('',#943,#944);
#943 = CARTESIAN_POINT('',(19.75,4.2,2.));
#944 = VECTOR('',#945,1.);
#945 = DIRECTION('',(-0.,-0.,-1.));
#946 = ORIENTED_EDGE('',*,*,#947,.F.);
#947 = EDGE_CURVE('',#891,#940,#948,.T.);
#948 = CIRCLE('',#949,0.25);
#949 = AXIS2_PLACEMENT_3D('',#950,#951,#952);
#950 = CARTESIAN_POINT('',(19.75,3.95,-0.55));
#951 = DIRECTION('',(0.,-0.,1.));
#952 = DIRECTION('',(0.,1.,0.));
#953 = ORIENTED_EDGE('',*,*,#890,.F.);
#954 = CYLINDRICAL_SURFACE('',#955,0.25);
#955 = AXIS2_PLACEMENT_3D('',#956,#957,#958);
#956 = CARTESIAN_POINT('',(19.75,3.95,2.));
#957 = DIRECTION('',(-0.,-0.,-1.));
#958 = DIRECTION('',(1.,4.8E-16,0.));
#959 = ADVANCED_FACE('',(#960),#971,.T.);
#960 = FACE_BOUND('',#961,.T.);
#961 = EDGE_LOOP('',(#962,#963,#964,#970));
#962 = ORIENTED_EDGE('',*,*,#218,.F.);
#963 = ORIENTED_EDGE('',*,*,#914,.T.);
#964 = ORIENTED_EDGE('',*,*,#965,.T.);
#965 = EDGE_CURVE('',#915,#940,#966,.T.);
#966 = LINE('',#967,#968);
#967 = CARTESIAN_POINT('',(17.,4.2,-0.55));
#968 = VECTOR('',#969,1.);
#969 = DIRECTION('',(1.,0.,0.));
#970 = ORIENTED_EDGE('',*,*,#939,.F.);
#971 = PLANE('',#972);
#972 = AXIS2_PLACEMENT_3D('',#973,#974,#975);
#973 = CARTESIAN_POINT('',(18.5,4.2,0.725));
#974 = DIRECTION('',(-0.,-1.,-0.));
#975 = DIRECTION('',(0.,0.,-1.));
#976 = ADVANCED_FACE('',(#977),#1081,.T.);
#977 = FACE_BOUND('',#978,.T.);
#978 = EDGE_LOOP('',(#979,#989,#997,#1005,#1013,#1019,#1020,#1028,#1036,
    #1044,#1052,#1058,#1059,#1067,#1075));
#979 = ORIENTED_EDGE('',*,*,#980,.F.);
#980 = EDGE_CURVE('',#981,#983,#985,.T.);
#981 = VERTEX_POINT('',#982);
#982 = CARTESIAN_POINT('',(23.250000000004,1.5,-2.35));
#983 = VERTEX_POINT('',#984);
#984 = CARTESIAN_POINT('',(27.25,1.5,-2.35));
#985 = LINE('',#986,#987);
#986 = CARTESIAN_POINT('',(13.5,1.5,-2.35));
#987 = VECTOR('',#988,1.);
#988 = DIRECTION('',(1.,0.,0.));
#989 = ORIENTED_EDGE('',*,*,#990,.T.);
#990 = EDGE_CURVE('',#981,#991,#993,.T.);
#991 = VERTEX_POINT('',#992);
#992 = CARTESIAN_POINT('',(23.250000000004,1.5,-0.55));
#993 = LINE('',#994,#995);
#994 = CARTESIAN_POINT('',(23.250000000004,1.5,-2.35));
#995 = VECTOR('',#996,1.);
#996 = DIRECTION('',(0.,0.,1.));
#997 = ORIENTED_EDGE('',*,*,#998,.F.);
#998 = EDGE_CURVE('',#999,#991,#1001,.T.);
#999 = VERTEX_POINT('',#1000);
#1000 = CARTESIAN_POINT('',(23.000000000004,1.5,-0.55));
#1001 = LINE('',#1002,#1003);
#1002 = CARTESIAN_POINT('',(22.224378045762,1.5,-0.55));
#1003 = VECTOR('',#1004,1.);
#1004 = DIRECTION('',(1.,0.,0.));
#1005 = ORIENTED_EDGE('',*,*,#1006,.T.);
#1006 = EDGE_CURVE('',#999,#1007,#1009,.T.);
#1007 = VERTEX_POINT('',#1008);
#1008 = CARTESIAN_POINT('',(20.8,1.5,-0.55));
#1009 = LINE('',#1010,#1011);
#1010 = CARTESIAN_POINT('',(23.000000000004,1.5,-0.55));
#1011 = VECTOR('',#1012,1.);
#1012 = DIRECTION('',(-1.,0.,0.));
#1013 = ORIENTED_EDGE('',*,*,#1014,.F.);
#1014 = EDGE_CURVE('',#398,#1007,#1015,.T.);
#1015 = LINE('',#1016,#1017);
#1016 = CARTESIAN_POINT('',(20.8,1.5,2.));
#1017 = VECTOR('',#1018,1.);
#1018 = DIRECTION('',(0.,0.,-1.));
#1019 = ORIENTED_EDGE('',*,*,#397,.T.);
#1020 = ORIENTED_EDGE('',*,*,#1021,.T.);
#1021 = EDGE_CURVE('',#389,#1022,#1024,.T.);
#1022 = VERTEX_POINT('',#1023);
#1023 = CARTESIAN_POINT('',(23.3,1.5,-0.55));
#1024 = LINE('',#1025,#1026);
#1025 = CARTESIAN_POINT('',(23.3,1.5,2.));
#1026 = VECTOR('',#1027,1.);
#1027 = DIRECTION('',(-0.,-0.,-1.));
#1028 = ORIENTED_EDGE('',*,*,#1029,.F.);
#1029 = EDGE_CURVE('',#1030,#1022,#1032,.T.);
#1030 = VERTEX_POINT('',#1031);
#1031 = CARTESIAN_POINT('',(23.55,1.5,-0.55));
#1032 = LINE('',#1033,#1034);
#1033 = CARTESIAN_POINT('',(22.224378045762,1.5,-0.55));
#1034 = VECTOR('',#1035,1.);
#1035 = DIRECTION('',(-1.,-0.,-0.));
#1036 = ORIENTED_EDGE('',*,*,#1037,.T.);
#1037 = EDGE_CURVE('',#1030,#1038,#1040,.T.);
#1038 = VERTEX_POINT('',#1039);
#1039 = CARTESIAN_POINT('',(24.,1.5,-0.55));
#1040 = LINE('',#1041,#1042);
#1041 = CARTESIAN_POINT('',(23.55,1.5,-0.55));
#1042 = VECTOR('',#1043,1.);
#1043 = DIRECTION('',(1.,0.,0.));
#1044 = ORIENTED_EDGE('',*,*,#1045,.T.);
#1045 = EDGE_CURVE('',#1038,#1046,#1048,.T.);
#1046 = VERTEX_POINT('',#1047);
#1047 = CARTESIAN_POINT('',(24.5,1.5,-0.55));
#1048 = LINE('',#1049,#1050);
#1049 = CARTESIAN_POINT('',(22.224378045762,1.5,-0.55));
#1050 = VECTOR('',#1051,1.);
#1051 = DIRECTION('',(1.,0.,0.));
#1052 = ORIENTED_EDGE('',*,*,#1053,.F.);
#1053 = EDGE_CURVE('',#253,#1046,#1054,.T.);
#1054 = LINE('',#1055,#1056);
#1055 = CARTESIAN_POINT('',(24.5,1.5,2.));
#1056 = VECTOR('',#1057,1.);
#1057 = DIRECTION('',(0.,0.,-1.));
#1058 = ORIENTED_EDGE('',*,*,#252,.T.);
#1059 = ORIENTED_EDGE('',*,*,#1060,.T.);
#1060 = EDGE_CURVE('',#255,#1061,#1063,.T.);
#1061 = VERTEX_POINT('',#1062);
#1062 = CARTESIAN_POINT('',(27.,1.5,0.));
#1063 = LINE('',#1064,#1065);
#1064 = CARTESIAN_POINT('',(27.,1.5,2.));
#1065 = VECTOR('',#1066,1.);
#1066 = DIRECTION('',(-0.,-0.,-1.));
#1067 = ORIENTED_EDGE('',*,*,#1068,.F.);
#1068 = EDGE_CURVE('',#1069,#1061,#1071,.T.);
#1069 = VERTEX_POINT('',#1070);
#1070 = CARTESIAN_POINT('',(27.25,1.5,0.));
#1071 = LINE('',#1072,#1073);
#1072 = CARTESIAN_POINT('',(22.426169418038,1.5,0.));
#1073 = VECTOR('',#1074,1.);
#1074 = DIRECTION('',(-1.,0.,0.));
#1075 = ORIENTED_EDGE('',*,*,#1076,.T.);
#1076 = EDGE_CURVE('',#1069,#983,#1077,.T.);
#1077 = LINE('',#1078,#1079);
#1078 = CARTESIAN_POINT('',(27.25,1.5,0.));
#1079 = VECTOR('',#1080,1.);
#1080 = DIRECTION('',(0.,0.,-1.));
#1081 = PLANE('',#1082);
#1082 = AXIS2_PLACEMENT_3D('',#1083,#1084,#1085);
#1083 = CARTESIAN_POINT('',(24.138176895307,1.5,0.108483754513));
#1084 = DIRECTION('',(0.,1.,0.));
#1085 = DIRECTION('',(0.,0.,1.));
#1086 = ADVANCED_FACE('',(#1087),#1106,.F.);
#1087 = FACE_BOUND('',#1088,.F.);
#1088 = EDGE_LOOP('',(#1089,#1090,#1098,#1105));
#1089 = ORIENTED_EDGE('',*,*,#262,.T.);
#1090 = ORIENTED_EDGE('',*,*,#1091,.T.);
#1091 = EDGE_CURVE('',#263,#1092,#1094,.T.);
#1092 = VERTEX_POINT('',#1093);
#1093 = CARTESIAN_POINT('',(24.,2.,-0.55));
#1094 = LINE('',#1095,#1096);
#1095 = CARTESIAN_POINT('',(24.,2.,2.));
#1096 = VECTOR('',#1097,1.);
#1097 = DIRECTION('',(0.,0.,-1.));
#1098 = ORIENTED_EDGE('',*,*,#1099,.F.);
#1099 = EDGE_CURVE('',#1046,#1092,#1100,.T.);
#1100 = CIRCLE('',#1101,0.5);
#1101 = AXIS2_PLACEMENT_3D('',#1102,#1103,#1104);
#1102 = CARTESIAN_POINT('',(24.5,2.,-0.55));
#1103 = DIRECTION('',(0.,0.,-1.));
#1104 = DIRECTION('',(0.,1.,0.));
#1105 = ORIENTED_EDGE('',*,*,#1053,.F.);
#1106 = CYLINDRICAL_SURFACE('',#1107,0.5);
#1107 = AXIS2_PLACEMENT_3D('',#1108,#1109,#1110);
#1108 = CARTESIAN_POINT('',(24.5,2.,2.));
#1109 = DIRECTION('',(0.,0.,-1.));
#1110 = DIRECTION('',(0.,-1.,0.));
#1111 = ADVANCED_FACE('',(#1112),#1131,.F.);
#1112 = FACE_BOUND('',#1113,.F.);
#1113 = EDGE_LOOP('',(#1114,#1115,#1116,#1125));
#1114 = ORIENTED_EDGE('',*,*,#313,.T.);
#1115 = ORIENTED_EDGE('',*,*,#1060,.T.);
#1116 = ORIENTED_EDGE('',*,*,#1117,.F.);
#1117 = EDGE_CURVE('',#1118,#1061,#1120,.T.);
#1118 = VERTEX_POINT('',#1119);
#1119 = CARTESIAN_POINT('',(27.5,2.,0.));
#1120 = CIRCLE('',#1121,0.5);
#1121 = AXIS2_PLACEMENT_3D('',#1122,#1123,#1124);
#1122 = CARTESIAN_POINT('',(27.,2.,0.));
#1123 = DIRECTION('',(0.,0.,-1.));
#1124 = DIRECTION('',(0.,1.,0.));
#1125 = ORIENTED_EDGE('',*,*,#1126,.F.);
#1126 = EDGE_CURVE('',#306,#1118,#1127,.T.);
#1127 = LINE('',#1128,#1129);
#1128 = CARTESIAN_POINT('',(27.5,2.,2.));
#1129 = VECTOR('',#1130,1.);
#1130 = DIRECTION('',(-0.,-0.,-1.));
#1131 = CYLINDRICAL_SURFACE('',#1132,0.5);
#1132 = AXIS2_PLACEMENT_3D('',#1133,#1134,#1135);
#1133 = CARTESIAN_POINT('',(27.,2.,2.));
#1134 = DIRECTION('',(-0.,-0.,-1.));
#1135 = DIRECTION('',(1.,0.,0.));
#1136 = ADVANCED_FACE('',(#1137),#1179,.T.);
#1137 = FACE_BOUND('',#1138,.T.);
#1138 = EDGE_LOOP('',(#1139,#1147,#1155,#1163,#1171,#1177,#1178));
#1139 = ORIENTED_EDGE('',*,*,#1140,.T.);
#1140 = EDGE_CURVE('',#1092,#1141,#1143,.T.);
#1141 = VERTEX_POINT('',#1142);
#1142 = CARTESIAN_POINT('',(24.,4.2,-0.55));
#1143 = LINE('',#1144,#1145);
#1144 = CARTESIAN_POINT('',(24.,1.5,-0.55));
#1145 = VECTOR('',#1146,1.);
#1146 = DIRECTION('',(-1.16E-15,1.,-0.));
#1147 = ORIENTED_EDGE('',*,*,#1148,.F.);
#1148 = EDGE_CURVE('',#1149,#1141,#1151,.T.);
#1149 = VERTEX_POINT('',#1150);
#1150 = CARTESIAN_POINT('',(24.,4.2,0.));
#1151 = LINE('',#1152,#1153);
#1152 = CARTESIAN_POINT('',(24.,4.2,1.2E-16));
#1153 = VECTOR('',#1154,1.);
#1154 = DIRECTION('',(0.,0.,-1.));
#1155 = ORIENTED_EDGE('',*,*,#1156,.F.);
#1156 = EDGE_CURVE('',#1157,#1149,#1159,.T.);
#1157 = VERTEX_POINT('',#1158);
#1158 = CARTESIAN_POINT('',(24.,4.55,0.));
#1159 = LINE('',#1160,#1161);
#1160 = CARTESIAN_POINT('',(24.,7.047336142726,0.));
#1161 = VECTOR('',#1162,1.);
#1162 = DIRECTION('',(0.,-1.,0.));
#1163 = ORIENTED_EDGE('',*,*,#1164,.T.);
#1164 = EDGE_CURVE('',#1157,#1165,#1167,.T.);
#1165 = VERTEX_POINT('',#1166);
#1166 = CARTESIAN_POINT('',(24.,10.5,0.));
#1167 = LINE('',#1168,#1169);
#1168 = CARTESIAN_POINT('',(24.,6.575,0.));
#1169 = VECTOR('',#1170,1.);
#1170 = DIRECTION('',(0.,1.,0.));
#1171 = ORIENTED_EDGE('',*,*,#1172,.F.);
#1172 = EDGE_CURVE('',#272,#1165,#1173,.T.);
#1173 = LINE('',#1174,#1175);
#1174 = CARTESIAN_POINT('',(24.,10.5,2.));
#1175 = VECTOR('',#1176,1.);
#1176 = DIRECTION('',(-0.,-0.,-1.));
#1177 = ORIENTED_EDGE('',*,*,#271,.F.);
#1178 = ORIENTED_EDGE('',*,*,#1091,.T.);
#1179 = PLANE('',#1180);
#1180 = AXIS2_PLACEMENT_3D('',#1181,#1182,#1183);
#1181 = CARTESIAN_POINT('',(24.,6.102800829876,0.872199170124));
#1182 = DIRECTION('',(1.,0.,-3.4E-16));
#1183 = DIRECTION('',(3.4E-16,0.,1.));
#1184 = ADVANCED_FACE('',(#1185),#1203,.T.);
#1185 = FACE_BOUND('',#1186,.T.);
#1186 = EDGE_LOOP('',(#1187,#1188,#1196,#1202));
#1187 = ORIENTED_EDGE('',*,*,#305,.F.);
#1188 = ORIENTED_EDGE('',*,*,#1189,.T.);
#1189 = EDGE_CURVE('',#297,#1190,#1192,.T.);
#1190 = VERTEX_POINT('',#1191);
#1191 = CARTESIAN_POINT('',(27.5,10.5,0.));
#1192 = LINE('',#1193,#1194);
#1193 = CARTESIAN_POINT('',(27.5,10.5,2.));
#1194 = VECTOR('',#1195,1.);
#1195 = DIRECTION('',(-0.,-0.,-1.));
#1196 = ORIENTED_EDGE('',*,*,#1197,.F.);
#1197 = EDGE_CURVE('',#1118,#1190,#1198,.T.);
#1198 = LINE('',#1199,#1200);
#1199 = CARTESIAN_POINT('',(27.5,9.975,0.));
#1200 = VECTOR('',#1201,1.);
#1201 = DIRECTION('',(0.,1.,0.));
#1202 = ORIENTED_EDGE('',*,*,#1126,.F.);
#1203 = PLANE('',#1204);
#1204 = AXIS2_PLACEMENT_3D('',#1205,#1206,#1207);
#1205 = CARTESIAN_POINT('',(27.5,11.,2.));
#1206 = DIRECTION('',(-1.,0.,0.));
#1207 = DIRECTION('',(0.,-1.,0.));
#1208 = ADVANCED_FACE('',(#1209),#1228,.F.);
#1209 = FACE_BOUND('',#1210,.T.);
#1210 = EDGE_LOOP('',(#1211,#1212,#1213,#1222));
#1211 = ORIENTED_EDGE('',*,*,#279,.T.);
#1212 = ORIENTED_EDGE('',*,*,#1172,.T.);
#1213 = ORIENTED_EDGE('',*,*,#1214,.F.);
#1214 = EDGE_CURVE('',#1215,#1165,#1217,.T.);
#1215 = VERTEX_POINT('',#1216);
#1216 = CARTESIAN_POINT('',(24.5,11.,0.));
#1217 = CIRCLE('',#1218,0.5);
#1218 = AXIS2_PLACEMENT_3D('',#1219,#1220,#1221);
#1219 = CARTESIAN_POINT('',(24.5,10.5,0.));
#1220 = DIRECTION('',(0.,-0.,1.));
#1221 = DIRECTION('',(0.,1.,0.));
#1222 = ORIENTED_EDGE('',*,*,#1223,.F.);
#1223 = EDGE_CURVE('',#280,#1215,#1224,.T.);
#1224 = LINE('',#1225,#1226);
#1225 = CARTESIAN_POINT('',(24.5,11.,2.));
#1226 = VECTOR('',#1227,1.);
#1227 = DIRECTION('',(-0.,-0.,-1.));
#1228 = CYLINDRICAL_SURFACE('',#1229,0.5);
#1229 = AXIS2_PLACEMENT_3D('',#1230,#1231,#1232);
#1230 = CARTESIAN_POINT('',(24.5,10.5,2.));
#1231 = DIRECTION('',(-0.,-0.,-1.));
#1232 = DIRECTION('',(0.,1.,0.));
#1233 = ADVANCED_FACE('',(#1234),#1253,.F.);
#1234 = FACE_BOUND('',#1235,.F.);
#1235 = EDGE_LOOP('',(#1236,#1237,#1238,#1247));
#1236 = ORIENTED_EDGE('',*,*,#296,.T.);
#1237 = ORIENTED_EDGE('',*,*,#1189,.T.);
#1238 = ORIENTED_EDGE('',*,*,#1239,.F.);
#1239 = EDGE_CURVE('',#1240,#1190,#1242,.T.);
#1240 = VERTEX_POINT('',#1241);
#1241 = CARTESIAN_POINT('',(27.,11.,0.));
#1242 = CIRCLE('',#1243,0.5);
#1243 = AXIS2_PLACEMENT_3D('',#1244,#1245,#1246);
#1244 = CARTESIAN_POINT('',(27.,10.5,0.));
#1245 = DIRECTION('',(0.,0.,-1.));
#1246 = DIRECTION('',(0.,1.,0.));
#1247 = ORIENTED_EDGE('',*,*,#1248,.F.);
#1248 = EDGE_CURVE('',#289,#1240,#1249,.T.);
#1249 = LINE('',#1250,#1251);
#1250 = CARTESIAN_POINT('',(27.,11.,2.));
#1251 = VECTOR('',#1252,1.);
#1252 = DIRECTION('',(-0.,-0.,-1.));
#1253 = CYLINDRICAL_SURFACE('',#1254,0.5);
#1254 = AXIS2_PLACEMENT_3D('',#1255,#1256,#1257);
#1255 = CARTESIAN_POINT('',(27.,10.5,2.));
#1256 = DIRECTION('',(-0.,-0.,-1.));
#1257 = DIRECTION('',(0.,1.,0.));
#1258 = ADVANCED_FACE('',(#1259),#1270,.T.);
#1259 = FACE_BOUND('',#1260,.T.);
#1260 = EDGE_LOOP('',(#1261,#1262,#1263,#1269));
#1261 = ORIENTED_EDGE('',*,*,#288,.F.);
#1262 = ORIENTED_EDGE('',*,*,#1223,.T.);
#1263 = ORIENTED_EDGE('',*,*,#1264,.F.);
#1264 = EDGE_CURVE('',#1240,#1215,#1265,.T.);
#1265 = LINE('',#1266,#1267);
#1266 = CARTESIAN_POINT('',(21.975,11.,0.));
#1267 = VECTOR('',#1268,1.);
#1268 = DIRECTION('',(-1.,0.,0.));
#1269 = ORIENTED_EDGE('',*,*,#1248,.F.);
#1270 = PLANE('',#1271);
#1271 = AXIS2_PLACEMENT_3D('',#1272,#1273,#1274);
#1272 = CARTESIAN_POINT('',(24.,11.,2.));
#1273 = DIRECTION('',(0.,-1.,0.));
#1274 = DIRECTION('',(1.,0.,0.));
#1275 = ADVANCED_FACE('',(#1276),#1295,.F.);
#1276 = FACE_BOUND('',#1277,.T.);
#1277 = EDGE_LOOP('',(#1278,#1286,#1287,#1288));
#1278 = ORIENTED_EDGE('',*,*,#1279,.F.);
#1279 = EDGE_CURVE('',#323,#1280,#1282,.T.);
#1280 = VERTEX_POINT('',#1281);
#1281 = CARTESIAN_POINT('',(8.75,8.9,0.212369611109));
#1282 = LINE('',#1283,#1284);
#1283 = CARTESIAN_POINT('',(10.25,8.9,2.));
#1284 = VECTOR('',#1285,1.);
#1285 = DIRECTION('',(-0.642787609687,0.,-0.766044443119));
#1286 = ORIENTED_EDGE('',*,*,#322,.T.);
#1287 = ORIENTED_EDGE('',*,*,#1279,.T.);
#1288 = ORIENTED_EDGE('',*,*,#1289,.F.);
#1289 = EDGE_CURVE('',#1280,#1280,#1290,.T.);
#1290 = CIRCLE('',#1291,1.75);
#1291 = AXIS2_PLACEMENT_3D('',#1292,#1293,#1294);
#1292 = CARTESIAN_POINT('',(7.,8.9,0.212369611109));
#1293 = DIRECTION('',(0.,0.,1.));
#1294 = DIRECTION('',(1.,0.,0.));
#1295 = CONICAL_SURFACE('',#1296,3.25,0.698131700798);
#1296 = AXIS2_PLACEMENT_3D('',#1297,#1298,#1299);
#1297 = CARTESIAN_POINT('',(7.,8.9,2.));
#1298 = DIRECTION('',(0.,0.,1.));
#1299 = DIRECTION('',(1.,0.,0.));
#1300 = ADVANCED_FACE('',(#1301),#1320,.F.);
#1301 = FACE_BOUND('',#1302,.T.);
#1302 = EDGE_LOOP('',(#1303,#1311,#1312,#1313));
#1303 = ORIENTED_EDGE('',*,*,#1304,.F.);
#1304 = EDGE_CURVE('',#334,#1305,#1307,.T.);
#1305 = VERTEX_POINT('',#1306);
#1306 = CARTESIAN_POINT('',(35.75,8.9,0.212369611109));
#1307 = LINE('',#1308,#1309);
#1308 = CARTESIAN_POINT('',(37.25,8.9,2.));
#1309 = VECTOR('',#1310,1.);
#1310 = DIRECTION('',(-0.642787609687,0.,-0.766044443119));
#1311 = ORIENTED_EDGE('',*,*,#333,.T.);
#1312 = ORIENTED_EDGE('',*,*,#1304,.T.);
#1313 = ORIENTED_EDGE('',*,*,#1314,.F.);
#1314 = EDGE_CURVE('',#1305,#1305,#1315,.T.);
#1315 = CIRCLE('',#1316,1.75);
#1316 = AXIS2_PLACEMENT_3D('',#1317,#1318,#1319);
#1317 = CARTESIAN_POINT('',(34.,8.9,0.212369611109));
#1318 = DIRECTION('',(0.,0.,1.));
#1319 = DIRECTION('',(1.,0.,0.));
#1320 = CONICAL_SURFACE('',#1321,3.25,0.698131700798);
#1321 = AXIS2_PLACEMENT_3D('',#1322,#1323,#1324);
#1322 = CARTESIAN_POINT('',(34.,8.9,2.));
#1323 = DIRECTION('',(0.,0.,1.));
#1324 = DIRECTION('',(1.,0.,0.));
#1325 = ADVANCED_FACE('',(#1326),#1351,.T.);
#1326 = FACE_BOUND('',#1327,.T.);
#1327 = EDGE_LOOP('',(#1328,#1329,#1337,#1345));
#1328 = ORIENTED_EDGE('',*,*,#344,.T.);
#1329 = ORIENTED_EDGE('',*,*,#1330,.T.);
#1330 = EDGE_CURVE('',#347,#1331,#1333,.T.);
#1331 = VERTEX_POINT('',#1332);
#1332 = CARTESIAN_POINT('',(20.55,1.75,-0.55));
#1333 = LINE('',#1334,#1335);
#1334 = CARTESIAN_POINT('',(20.55,1.75,2.));
#1335 = VECTOR('',#1336,1.);
#1336 = DIRECTION('',(0.,0.,-1.));
#1337 = ORIENTED_EDGE('',*,*,#1338,.T.);
#1338 = EDGE_CURVE('',#1331,#1339,#1341,.T.);
#1339 = VERTEX_POINT('',#1340);
#1340 = CARTESIAN_POINT('',(20.55,3.95,-0.55));
#1341 = LINE('',#1342,#1343);
#1342 = CARTESIAN_POINT('',(20.55,1.5,-0.55));
#1343 = VECTOR('',#1344,1.);
#1344 = DIRECTION('',(0.,1.,0.));
#1345 = ORIENTED_EDGE('',*,*,#1346,.F.);
#1346 = EDGE_CURVE('',#345,#1339,#1347,.T.);
#1347 = LINE('',#1348,#1349);
#1348 = CARTESIAN_POINT('',(20.55,3.95,2.));
#1349 = VECTOR('',#1350,1.);
#1350 = DIRECTION('',(-0.,-0.,-1.));
#1351 = PLANE('',#1352);
#1352 = AXIS2_PLACEMENT_3D('',#1353,#1354,#1355);
#1353 = CARTESIAN_POINT('',(20.55,2.85,0.725));
#1354 = DIRECTION('',(1.,0.,0.));
#1355 = DIRECTION('',(0.,0.,1.));
#1356 = ADVANCED_FACE('',(#1357),#1376,.F.);
#1357 = FACE_BOUND('',#1358,.F.);
#1358 = EDGE_LOOP('',(#1359,#1360,#1368,#1375));
#1359 = ORIENTED_EDGE('',*,*,#354,.T.);
#1360 = ORIENTED_EDGE('',*,*,#1361,.T.);
#1361 = EDGE_CURVE('',#355,#1362,#1364,.T.);
#1362 = VERTEX_POINT('',#1363);
#1363 = CARTESIAN_POINT('',(20.8,4.2,-0.55));
#1364 = LINE('',#1365,#1366);
#1365 = CARTESIAN_POINT('',(20.8,4.2,2.));
#1366 = VECTOR('',#1367,1.);
#1367 = DIRECTION('',(-0.,-0.,-1.));
#1368 = ORIENTED_EDGE('',*,*,#1369,.F.);
#1369 = EDGE_CURVE('',#1339,#1362,#1370,.T.);
#1370 = CIRCLE('',#1371,0.25);
#1371 = AXIS2_PLACEMENT_3D('',#1372,#1373,#1374);
#1372 = CARTESIAN_POINT('',(20.8,3.95,-0.55));
#1373 = DIRECTION('',(0.,0.,-1.));
#1374 = DIRECTION('',(0.,1.,0.));
#1375 = ORIENTED_EDGE('',*,*,#1346,.F.);
#1376 = CYLINDRICAL_SURFACE('',#1377,0.25);
#1377 = AXIS2_PLACEMENT_3D('',#1378,#1379,#1380);
#1378 = CARTESIAN_POINT('',(20.8,3.95,2.));
#1379 = DIRECTION('',(-0.,-0.,-1.));
#1380 = DIRECTION('',(-1.,0.,0.));
#1381 = ADVANCED_FACE('',(#1382),#1394,.F.);
#1382 = FACE_BOUND('',#1383,.F.);
#1383 = EDGE_LOOP('',(#1384,#1385,#1386,#1393));
#1384 = ORIENTED_EDGE('',*,*,#405,.T.);
#1385 = ORIENTED_EDGE('',*,*,#1330,.T.);
#1386 = ORIENTED_EDGE('',*,*,#1387,.F.);
#1387 = EDGE_CURVE('',#1007,#1331,#1388,.T.);
#1388 = CIRCLE('',#1389,0.25);
#1389 = AXIS2_PLACEMENT_3D('',#1390,#1391,#1392);
#1390 = CARTESIAN_POINT('',(20.8,1.75,-0.55));
#1391 = DIRECTION('',(0.,0.,-1.));
#1392 = DIRECTION('',(0.,1.,0.));
#1393 = ORIENTED_EDGE('',*,*,#1014,.F.);
#1394 = CYLINDRICAL_SURFACE('',#1395,0.25);
#1395 = AXIS2_PLACEMENT_3D('',#1396,#1397,#1398);
#1396 = CARTESIAN_POINT('',(20.8,1.75,2.));
#1397 = DIRECTION('',(0.,0.,-1.));
#1398 = DIRECTION('',(0.,-1.,0.));
#1399 = ADVANCED_FACE('',(#1400),#1418,.T.);
#1400 = FACE_BOUND('',#1401,.T.);
#1401 = EDGE_LOOP('',(#1402,#1403,#1404,#1412));
#1402 = ORIENTED_EDGE('',*,*,#363,.F.);
#1403 = ORIENTED_EDGE('',*,*,#1361,.T.);
#1404 = ORIENTED_EDGE('',*,*,#1405,.T.);
#1405 = EDGE_CURVE('',#1362,#1406,#1408,.T.);
#1406 = VERTEX_POINT('',#1407);
#1407 = CARTESIAN_POINT('',(23.3,4.2,-0.55));
#1408 = LINE('',#1409,#1410);
#1409 = CARTESIAN_POINT('',(20.55,4.2,-0.55));
#1410 = VECTOR('',#1411,1.);
#1411 = DIRECTION('',(1.,0.,0.));
#1412 = ORIENTED_EDGE('',*,*,#1413,.F.);
#1413 = EDGE_CURVE('',#364,#1406,#1414,.T.);
#1414 = LINE('',#1415,#1416);
#1415 = CARTESIAN_POINT('',(23.3,4.2,2.));
#1416 = VECTOR('',#1417,1.);
#1417 = DIRECTION('',(0.,0.,-1.));
#1418 = PLANE('',#1419);
#1419 = AXIS2_PLACEMENT_3D('',#1420,#1421,#1422);
#1420 = CARTESIAN_POINT('',(22.05,4.2,0.725));
#1421 = DIRECTION('',(-0.,-1.,-0.));
#1422 = DIRECTION('',(0.,0.,-1.));
#1423 = ADVANCED_FACE('',(#1424),#1443,.F.);
#1424 = FACE_BOUND('',#1425,.T.);
#1425 = EDGE_LOOP('',(#1426,#1427,#1428,#1437));
#1426 = ORIENTED_EDGE('',*,*,#371,.T.);
#1427 = ORIENTED_EDGE('',*,*,#1413,.T.);
#1428 = ORIENTED_EDGE('',*,*,#1429,.F.);
#1429 = EDGE_CURVE('',#1430,#1406,#1432,.T.);
#1430 = VERTEX_POINT('',#1431);
#1431 = CARTESIAN_POINT('',(23.55,3.95,-0.55));
#1432 = CIRCLE('',#1433,0.25);
#1433 = AXIS2_PLACEMENT_3D('',#1434,#1435,#1436);
#1434 = CARTESIAN_POINT('',(23.3,3.95,-0.55));
#1435 = DIRECTION('',(0.,-0.,1.));
#1436 = DIRECTION('',(0.,1.,0.));
#1437 = ORIENTED_EDGE('',*,*,#1438,.F.);
#1438 = EDGE_CURVE('',#372,#1430,#1439,.T.);
#1439 = LINE('',#1440,#1441);
#1440 = CARTESIAN_POINT('',(23.55,3.95,2.));
#1441 = VECTOR('',#1442,1.);
#1442 = DIRECTION('',(0.,0.,-1.));
#1443 = CYLINDRICAL_SURFACE('',#1444,0.25);
#1444 = AXIS2_PLACEMENT_3D('',#1445,#1446,#1447);
#1445 = CARTESIAN_POINT('',(23.3,3.95,2.));
#1446 = DIRECTION('',(0.,0.,-1.));
#1447 = DIRECTION('',(1.,4.8E-16,0.));
#1448 = ADVANCED_FACE('',(#1449),#1468,.F.);
#1449 = FACE_BOUND('',#1450,.T.);
#1450 = EDGE_LOOP('',(#1451,#1452,#1460,#1467));
#1451 = ORIENTED_EDGE('',*,*,#388,.T.);
#1452 = ORIENTED_EDGE('',*,*,#1453,.T.);
#1453 = EDGE_CURVE('',#381,#1454,#1456,.T.);
#1454 = VERTEX_POINT('',#1455);
#1455 = CARTESIAN_POINT('',(23.55,1.75,-0.55));
#1456 = LINE('',#1457,#1458);
#1457 = CARTESIAN_POINT('',(23.55,1.75,2.));
#1458 = VECTOR('',#1459,1.);
#1459 = DIRECTION('',(-0.,-0.,-1.));
#1460 = ORIENTED_EDGE('',*,*,#1461,.F.);
#1461 = EDGE_CURVE('',#1022,#1454,#1462,.T.);
#1462 = CIRCLE('',#1463,0.25);
#1463 = AXIS2_PLACEMENT_3D('',#1464,#1465,#1466);
#1464 = CARTESIAN_POINT('',(23.3,1.75,-0.55));
#1465 = DIRECTION('',(0.,-0.,1.));
#1466 = DIRECTION('',(0.,1.,0.));
#1467 = ORIENTED_EDGE('',*,*,#1021,.F.);
#1468 = CYLINDRICAL_SURFACE('',#1469,0.25);
#1469 = AXIS2_PLACEMENT_3D('',#1470,#1471,#1472);
#1470 = CARTESIAN_POINT('',(23.3,1.75,2.));
#1471 = DIRECTION('',(-0.,-0.,-1.));
#1472 = DIRECTION('',(0.,-1.,0.));
#1473 = ADVANCED_FACE('',(#1474),#1485,.T.);
#1474 = FACE_BOUND('',#1475,.T.);
#1475 = EDGE_LOOP('',(#1476,#1477,#1478,#1484));
#1476 = ORIENTED_EDGE('',*,*,#380,.F.);
#1477 = ORIENTED_EDGE('',*,*,#1438,.T.);
#1478 = ORIENTED_EDGE('',*,*,#1479,.T.);
#1479 = EDGE_CURVE('',#1430,#1454,#1480,.T.);
#1480 = LINE('',#1481,#1482);
#1481 = CARTESIAN_POINT('',(23.55,4.2,-0.55));
#1482 = VECTOR('',#1483,1.);
#1483 = DIRECTION('',(1.32E-15,-1.,0.));
#1484 = ORIENTED_EDGE('',*,*,#1453,.F.);
#1485 = PLANE('',#1486);
#1486 = AXIS2_PLACEMENT_3D('',#1487,#1488,#1489);
#1487 = CARTESIAN_POINT('',(23.55,2.85,0.725));
#1488 = DIRECTION('',(-1.,-4.8E-16,-5.7E-16));
#1489 = DIRECTION('',(5.7E-16,0.,-1.));
#1490 = ADVANCED_FACE('',(#1491),#1509,.T.);
#1491 = FACE_BOUND('',#1492,.T.);
#1492 = EDGE_LOOP('',(#1493,#1501,#1507,#1508));
#1493 = ORIENTED_EDGE('',*,*,#1494,.T.);
#1494 = EDGE_CURVE('',#448,#1495,#1497,.T.);
#1495 = VERTEX_POINT('',#1496);
#1496 = CARTESIAN_POINT('',(0.,16.9,1.085786437627));
#1497 = ( BOUNDED_CURVE() B_SPLINE_CURVE(2,(#1498,#1499,#1500),
.UNSPECIFIED.,.F.,.F.) B_SPLINE_CURVE_WITH_KNOTS((3,3),(0.,
1.570796326795),.PIECEWISE_BEZIER_KNOTS.) CURVE() 
GEOMETRIC_REPRESENTATION_ITEM() RATIONAL_B_SPLINE_CURVE((1.,
0.923879532511,1.)) REPRESENTATION_ITEM('') );
#1498 = CARTESIAN_POINT('',(0.292893218813,16.9,1.792893218813));
#1499 = CARTESIAN_POINT('',(-2.2E-16,16.9,1.5));
#1500 = CARTESIAN_POINT('',(-2.2E-16,16.9,1.085786437627));
#1501 = ORIENTED_EDGE('',*,*,#1502,.T.);
#1502 = EDGE_CURVE('',#1495,#472,#1503,.T.);
#1503 = LINE('',#1504,#1505);
#1504 = CARTESIAN_POINT('',(0.,16.9,1.085786437627));
#1505 = VECTOR('',#1506,1.);
#1506 = DIRECTION('',(0.,-1.,0.));
#1507 = ORIENTED_EDGE('',*,*,#471,.F.);
#1508 = ORIENTED_EDGE('',*,*,#457,.F.);
#1509 = CYLINDRICAL_SURFACE('',#1510,1.);
#1510 = AXIS2_PLACEMENT_3D('',#1511,#1512,#1513);
#1511 = CARTESIAN_POINT('',(1.,16.9,1.085786437627));
#1512 = DIRECTION('',(0.,-1.,0.));
#1513 = DIRECTION('',(-0.707106781187,0.,0.707106781187));
#1514 = ADVANCED_FACE('',(#1515),#1534,.T.);
#1515 = FACE_BOUND('',#1516,.T.);
#1516 = EDGE_LOOP('',(#1517,#1525,#1532,#1533));
#1517 = ORIENTED_EDGE('',*,*,#1518,.F.);
#1518 = EDGE_CURVE('',#1519,#472,#1521,.T.);
#1519 = VERTEX_POINT('',#1520);
#1520 = CARTESIAN_POINT('',(0.,1.,0.));
#1521 = LINE('',#1522,#1523);
#1522 = CARTESIAN_POINT('',(-2.2E-16,1.,0.));
#1523 = VECTOR('',#1524,1.);
#1524 = DIRECTION('',(0.,0.,1.));
#1525 = ORIENTED_EDGE('',*,*,#1526,.T.);
#1526 = EDGE_CURVE('',#1519,#514,#1527,.T.);
#1527 = CIRCLE('',#1528,1.);
#1528 = AXIS2_PLACEMENT_3D('',#1529,#1530,#1531);
#1529 = CARTESIAN_POINT('',(1.,1.,0.));
#1530 = DIRECTION('',(-0.,0.,1.));
#1531 = DIRECTION('',(0.,-1.,0.));
#1532 = ORIENTED_EDGE('',*,*,#513,.T.);
#1533 = ORIENTED_EDGE('',*,*,#480,.F.);
#1534 = CYLINDRICAL_SURFACE('',#1535,1.);
#1535 = AXIS2_PLACEMENT_3D('',#1536,#1537,#1538);
#1536 = CARTESIAN_POINT('',(1.,1.,0.));
#1537 = DIRECTION('',(0.,0.,1.));
#1538 = DIRECTION('',(-1.,0.,0.));
#1539 = ADVANCED_FACE('',(#1540,#1674,#1685),#1696,.T.);
#1540 = FACE_BOUND('',#1541,.T.);
#1541 = EDGE_LOOP('',(#1542,#1543,#1552,#1558,#1559,#1560,#1568,#1577,
    #1585,#1594,#1602,#1609,#1610,#1618,#1625,#1626,#1627,#1628,#1629,
    #1630,#1631,#1632,#1633,#1642,#1650,#1659,#1667));
#1542 = ORIENTED_EDGE('',*,*,#730,.F.);
#1543 = ORIENTED_EDGE('',*,*,#1544,.T.);
#1544 = EDGE_CURVE('',#723,#1545,#1547,.T.);
#1545 = VERTEX_POINT('',#1546);
#1546 = CARTESIAN_POINT('',(13.5,1.25,0.));
#1547 = CIRCLE('',#1548,0.25);
#1548 = AXIS2_PLACEMENT_3D('',#1549,#1550,#1551);
#1549 = CARTESIAN_POINT('',(13.75,1.25,0.));
#1550 = DIRECTION('',(0.,-0.,1.));
#1551 = DIRECTION('',(0.,1.,0.));
#1552 = ORIENTED_EDGE('',*,*,#1553,.F.);
#1553 = EDGE_CURVE('',#522,#1545,#1554,.T.);
#1554 = LINE('',#1555,#1556);
#1555 = CARTESIAN_POINT('',(13.5,0.,0.));
#1556 = VECTOR('',#1557,1.);
#1557 = DIRECTION('',(0.,1.,0.));
#1558 = ORIENTED_EDGE('',*,*,#521,.F.);
#1559 = ORIENTED_EDGE('',*,*,#1526,.F.);
#1560 = ORIENTED_EDGE('',*,*,#1561,.F.);
#1561 = EDGE_CURVE('',#1562,#1519,#1564,.T.);
#1562 = VERTEX_POINT('',#1563);
#1563 = CARTESIAN_POINT('',(0.,16.9,0.));
#1564 = LINE('',#1565,#1566);
#1565 = CARTESIAN_POINT('',(0.,17.9,0.));
#1566 = VECTOR('',#1567,1.);
#1567 = DIRECTION('',(0.,-1.,0.));
#1568 = ORIENTED_EDGE('',*,*,#1569,.T.);
#1569 = EDGE_CURVE('',#1562,#1570,#1572,.T.);
#1570 = VERTEX_POINT('',#1571);
#1571 = CARTESIAN_POINT('',(1.,17.9,0.));
#1572 = CIRCLE('',#1573,1.);
#1573 = AXIS2_PLACEMENT_3D('',#1574,#1575,#1576);
#1574 = CARTESIAN_POINT('',(1.,16.9,0.));
#1575 = DIRECTION('',(-0.,-0.,-1.));
#1576 = DIRECTION('',(0.,-1.,0.));
#1577 = ORIENTED_EDGE('',*,*,#1578,.F.);
#1578 = EDGE_CURVE('',#1579,#1570,#1581,.T.);
#1579 = VERTEX_POINT('',#1580);
#1580 = CARTESIAN_POINT('',(38.9,17.9,0.));
#1581 = LINE('',#1582,#1583);
#1582 = CARTESIAN_POINT('',(39.9,17.9,0.));
#1583 = VECTOR('',#1584,1.);
#1584 = DIRECTION('',(-1.,0.,0.));
#1585 = ORIENTED_EDGE('',*,*,#1586,.T.);
#1586 = EDGE_CURVE('',#1579,#1587,#1589,.T.);
#1587 = VERTEX_POINT('',#1588);
#1588 = CARTESIAN_POINT('',(39.9,16.9,0.));
#1589 = CIRCLE('',#1590,1.);
#1590 = AXIS2_PLACEMENT_3D('',#1591,#1592,#1593);
#1591 = CARTESIAN_POINT('',(38.9,16.9,0.));
#1592 = DIRECTION('',(-0.,-0.,-1.));
#1593 = DIRECTION('',(0.,-1.,0.));
#1594 = ORIENTED_EDGE('',*,*,#1595,.F.);
#1595 = EDGE_CURVE('',#1596,#1587,#1598,.T.);
#1596 = VERTEX_POINT('',#1597);
#1597 = CARTESIAN_POINT('',(39.9,1.,0.));
#1598 = LINE('',#1599,#1600);
#1599 = CARTESIAN_POINT('',(39.9,0.,0.));
#1600 = VECTOR('',#1601,1.);
#1601 = DIRECTION('',(0.,1.,0.));
#1602 = ORIENTED_EDGE('',*,*,#1603,.F.);
#1603 = EDGE_CURVE('',#554,#1596,#1604,.T.);
#1604 = CIRCLE('',#1605,1.);
#1605 = AXIS2_PLACEMENT_3D('',#1606,#1607,#1608);
#1606 = CARTESIAN_POINT('',(38.9,1.,0.));
#1607 = DIRECTION('',(-0.,0.,1.));
#1608 = DIRECTION('',(0.,-1.,0.));
#1609 = ORIENTED_EDGE('',*,*,#553,.F.);
#1610 = ORIENTED_EDGE('',*,*,#1611,.T.);
#1611 = EDGE_CURVE('',#546,#1612,#1614,.T.);
#1612 = VERTEX_POINT('',#1613);
#1613 = CARTESIAN_POINT('',(27.5,1.25,0.));
#1614 = LINE('',#1615,#1616);
#1615 = CARTESIAN_POINT('',(27.5,0.,0.));
#1616 = VECTOR('',#1617,1.);
#1617 = DIRECTION('',(0.,1.,0.));
#1618 = ORIENTED_EDGE('',*,*,#1619,.T.);
#1619 = EDGE_CURVE('',#1612,#1069,#1620,.T.);
#1620 = CIRCLE('',#1621,0.25);
#1621 = AXIS2_PLACEMENT_3D('',#1622,#1623,#1624);
#1622 = CARTESIAN_POINT('',(27.25,1.25,0.));
#1623 = DIRECTION('',(0.,-0.,1.));
#1624 = DIRECTION('',(0.,1.,0.));
#1625 = ORIENTED_EDGE('',*,*,#1068,.T.);
#1626 = ORIENTED_EDGE('',*,*,#1117,.F.);
#1627 = ORIENTED_EDGE('',*,*,#1197,.T.);
#1628 = ORIENTED_EDGE('',*,*,#1239,.F.);
#1629 = ORIENTED_EDGE('',*,*,#1264,.T.);
#1630 = ORIENTED_EDGE('',*,*,#1214,.T.);
#1631 = ORIENTED_EDGE('',*,*,#1164,.F.);
#1632 = ORIENTED_EDGE('',*,*,#1156,.T.);
#1633 = ORIENTED_EDGE('',*,*,#1634,.T.);
#1634 = EDGE_CURVE('',#1149,#1635,#1637,.T.);
#1635 = VERTEX_POINT('',#1636);
#1636 = CARTESIAN_POINT('',(23.65,4.55,0.));
#1637 = CIRCLE('',#1638,0.35);
#1638 = AXIS2_PLACEMENT_3D('',#1639,#1640,#1641);
#1639 = CARTESIAN_POINT('',(23.65,4.2,0.));
#1640 = DIRECTION('',(0.,-0.,1.));
#1641 = DIRECTION('',(0.,1.,0.));
#1642 = ORIENTED_EDGE('',*,*,#1643,.T.);
#1643 = EDGE_CURVE('',#1635,#1644,#1646,.T.);
#1644 = VERTEX_POINT('',#1645);
#1645 = CARTESIAN_POINT('',(16.8,4.55,0.));
#1646 = LINE('',#1647,#1648);
#1647 = CARTESIAN_POINT('',(24.,4.55,0.));
#1648 = VECTOR('',#1649,1.);
#1649 = DIRECTION('',(-1.,0.,0.));
#1650 = ORIENTED_EDGE('',*,*,#1651,.F.);
#1651 = EDGE_CURVE('',#1652,#1644,#1654,.T.);
#1652 = VERTEX_POINT('',#1653);
#1653 = CARTESIAN_POINT('',(16.45,4.2,0.));
#1654 = CIRCLE('',#1655,0.35);
#1655 = AXIS2_PLACEMENT_3D('',#1656,#1657,#1658);
#1656 = CARTESIAN_POINT('',(16.8,4.2,0.));
#1657 = DIRECTION('',(0.,0.,-1.));
#1658 = DIRECTION('',(0.,1.,0.));
#1659 = ORIENTED_EDGE('',*,*,#1660,.T.);
#1660 = EDGE_CURVE('',#1652,#1661,#1663,.T.);
#1661 = VERTEX_POINT('',#1662);
#1662 = CARTESIAN_POINT('',(16.45,1.85,0.));
#1663 = LINE('',#1664,#1665);
#1664 = CARTESIAN_POINT('',(16.45,4.55,0.));
#1665 = VECTOR('',#1666,1.);
#1666 = DIRECTION('',(0.,-1.,0.));
#1667 = ORIENTED_EDGE('',*,*,#1668,.F.);
#1668 = EDGE_CURVE('',#731,#1661,#1669,.T.);
#1669 = CIRCLE('',#1670,0.35);
#1670 = AXIS2_PLACEMENT_3D('',#1671,#1672,#1673);
#1671 = CARTESIAN_POINT('',(16.1,1.85,0.));
#1672 = DIRECTION('',(0.,-0.,1.));
#1673 = DIRECTION('',(0.,1.,0.));
#1674 = FACE_BOUND('',#1675,.T.);
#1675 = EDGE_LOOP('',(#1676));
#1676 = ORIENTED_EDGE('',*,*,#1677,.F.);
#1677 = EDGE_CURVE('',#1678,#1678,#1680,.T.);
#1678 = VERTEX_POINT('',#1679);
#1679 = CARTESIAN_POINT('',(35.75,8.9,0.));
#1680 = CIRCLE('',#1681,1.75);
#1681 = AXIS2_PLACEMENT_3D('',#1682,#1683,#1684);
#1682 = CARTESIAN_POINT('',(34.,8.9,0.));
#1683 = DIRECTION('',(0.,0.,-1.));
#1684 = DIRECTION('',(1.,0.,0.));
#1685 = FACE_BOUND('',#1686,.T.);
#1686 = EDGE_LOOP('',(#1687));
#1687 = ORIENTED_EDGE('',*,*,#1688,.F.);
#1688 = EDGE_CURVE('',#1689,#1689,#1691,.T.);
#1689 = VERTEX_POINT('',#1690);
#1690 = CARTESIAN_POINT('',(8.75,8.9,0.));
#1691 = CIRCLE('',#1692,1.75);
#1692 = AXIS2_PLACEMENT_3D('',#1693,#1694,#1695);
#1693 = CARTESIAN_POINT('',(7.,8.9,0.));
#1694 = DIRECTION('',(0.,0.,-1.));
#1695 = DIRECTION('',(1.,0.,0.));
#1696 = PLANE('',#1697);
#1697 = AXIS2_PLACEMENT_3D('',#1698,#1699,#1700);
#1698 = CARTESIAN_POINT('',(20.714161940769,7.991871455577,0.));
#1699 = DIRECTION('',(-0.,-0.,-1.));
#1700 = DIRECTION('',(-1.,0.,0.));
#1701 = ADVANCED_FACE('',(#1702),#1713,.T.);
#1702 = FACE_BOUND('',#1703,.T.);
#1703 = EDGE_LOOP('',(#1704,#1705,#1706,#1712));
#1704 = ORIENTED_EDGE('',*,*,#561,.F.);
#1705 = ORIENTED_EDGE('',*,*,#1603,.T.);
#1706 = ORIENTED_EDGE('',*,*,#1707,.T.);
#1707 = EDGE_CURVE('',#1596,#578,#1708,.T.);
#1708 = LINE('',#1709,#1710);
#1709 = CARTESIAN_POINT('',(39.9,1.,0.));
#1710 = VECTOR('',#1711,1.);
#1711 = DIRECTION('',(0.,0.,1.));
#1712 = ORIENTED_EDGE('',*,*,#577,.F.);
#1713 = CYLINDRICAL_SURFACE('',#1714,1.);
#1714 = AXIS2_PLACEMENT_3D('',#1715,#1716,#1717);
#1715 = CARTESIAN_POINT('',(38.9,1.,0.));
#1716 = DIRECTION('',(0.,0.,1.));
#1717 = DIRECTION('',(0.,-1.,0.));
#1718 = ADVANCED_FACE('',(#1719),#1737,.F.);
#1719 = FACE_BOUND('',#1720,.F.);
#1720 = EDGE_LOOP('',(#1721,#1722,#1723,#1731));
#1721 = ORIENTED_EDGE('',*,*,#1553,.F.);
#1722 = ORIENTED_EDGE('',*,*,#529,.T.);
#1723 = ORIENTED_EDGE('',*,*,#1724,.T.);
#1724 = EDGE_CURVE('',#530,#1725,#1727,.T.);
#1725 = VERTEX_POINT('',#1726);
#1726 = CARTESIAN_POINT('',(13.5,1.25,-2.35));
#1727 = LINE('',#1728,#1729);
#1728 = CARTESIAN_POINT('',(13.5,0.,-2.35));
#1729 = VECTOR('',#1730,1.);
#1730 = DIRECTION('',(0.,1.,0.));
#1731 = ORIENTED_EDGE('',*,*,#1732,.F.);
#1732 = EDGE_CURVE('',#1545,#1725,#1733,.T.);
#1733 = LINE('',#1734,#1735);
#1734 = CARTESIAN_POINT('',(13.5,1.25,0.));
#1735 = VECTOR('',#1736,1.);
#1736 = DIRECTION('',(0.,0.,-1.));
#1737 = PLANE('',#1738);
#1738 = AXIS2_PLACEMENT_3D('',#1739,#1740,#1741);
#1739 = CARTESIAN_POINT('',(13.5,0.,0.));
#1740 = DIRECTION('',(1.,0.,0.));
#1741 = DIRECTION('',(0.,1.,0.));
#1742 = ADVANCED_FACE('',(#1743),#1829,.F.);
#1743 = FACE_BOUND('',#1744,.F.);
#1744 = EDGE_LOOP('',(#1745,#1746,#1753,#1754,#1755,#1763,#1770,#1771,
    #1780,#1788,#1797,#1805,#1814,#1822));
#1745 = ORIENTED_EDGE('',*,*,#712,.F.);
#1746 = ORIENTED_EDGE('',*,*,#1747,.T.);
#1747 = EDGE_CURVE('',#713,#1725,#1748,.T.);
#1748 = CIRCLE('',#1749,0.25);
#1749 = AXIS2_PLACEMENT_3D('',#1750,#1751,#1752);
#1750 = CARTESIAN_POINT('',(13.75,1.25,-2.35));
#1751 = DIRECTION('',(0.,-0.,1.));
#1752 = DIRECTION('',(0.,1.,0.));
#1753 = ORIENTED_EDGE('',*,*,#1724,.F.);
#1754 = ORIENTED_EDGE('',*,*,#537,.F.);
#1755 = ORIENTED_EDGE('',*,*,#1756,.T.);
#1756 = EDGE_CURVE('',#538,#1757,#1759,.T.);
#1757 = VERTEX_POINT('',#1758);
#1758 = CARTESIAN_POINT('',(27.5,1.25,-2.35));
#1759 = LINE('',#1760,#1761);
#1760 = CARTESIAN_POINT('',(27.5,0.,-2.35));
#1761 = VECTOR('',#1762,1.);
#1762 = DIRECTION('',(0.,1.,0.));
#1763 = ORIENTED_EDGE('',*,*,#1764,.T.);
#1764 = EDGE_CURVE('',#1757,#983,#1765,.T.);
#1765 = CIRCLE('',#1766,0.25);
#1766 = AXIS2_PLACEMENT_3D('',#1767,#1768,#1769);
#1767 = CARTESIAN_POINT('',(27.25,1.25,-2.35));
#1768 = DIRECTION('',(0.,-0.,1.));
#1769 = DIRECTION('',(0.,1.,0.));
#1770 = ORIENTED_EDGE('',*,*,#980,.F.);
#1771 = ORIENTED_EDGE('',*,*,#1772,.T.);
#1772 = EDGE_CURVE('',#981,#1773,#1775,.T.);
#1773 = VERTEX_POINT('',#1774);
#1774 = CARTESIAN_POINT('',(23.000000000004,1.25,-2.35));
#1775 = CIRCLE('',#1776,0.25);
#1776 = AXIS2_PLACEMENT_3D('',#1777,#1778,#1779);
#1777 = CARTESIAN_POINT('',(23.250000000004,1.25,-2.35));
#1778 = DIRECTION('',(-0.,0.,1.));
#1779 = DIRECTION('',(0.,-1.,0.));
#1780 = ORIENTED_EDGE('',*,*,#1781,.T.);
#1781 = EDGE_CURVE('',#1773,#1782,#1784,.T.);
#1782 = VERTEX_POINT('',#1783);
#1783 = CARTESIAN_POINT('',(23.000000000004,1.05,-2.35));
#1784 = LINE('',#1785,#1786);
#1785 = CARTESIAN_POINT('',(23.000000000004,1.5,-2.35));
#1786 = VECTOR('',#1787,1.);
#1787 = DIRECTION('',(0.,-1.,0.));
#1788 = ORIENTED_EDGE('',*,*,#1789,.T.);
#1789 = EDGE_CURVE('',#1782,#1790,#1792,.T.);
#1790 = VERTEX_POINT('',#1791);
#1791 = CARTESIAN_POINT('',(22.750000000004,0.8,-2.35));
#1792 = CIRCLE('',#1793,0.25);
#1793 = AXIS2_PLACEMENT_3D('',#1794,#1795,#1796);
#1794 = CARTESIAN_POINT('',(22.750000000004,1.05,-2.35));
#1795 = DIRECTION('',(-0.,-0.,-1.));
#1796 = DIRECTION('',(0.,-1.,0.));
#1797 = ORIENTED_EDGE('',*,*,#1798,.T.);
#1798 = EDGE_CURVE('',#1790,#1799,#1801,.T.);
#1799 = VERTEX_POINT('',#1800);
#1800 = CARTESIAN_POINT('',(18.250000000004,0.8,-2.35));
#1801 = LINE('',#1802,#1803);
#1802 = CARTESIAN_POINT('',(23.000000000004,0.8,-2.35));
#1803 = VECTOR('',#1804,1.);
#1804 = DIRECTION('',(-1.,0.,0.));
#1805 = ORIENTED_EDGE('',*,*,#1806,.F.);
#1806 = EDGE_CURVE('',#1807,#1799,#1809,.T.);
#1807 = VERTEX_POINT('',#1808);
#1808 = CARTESIAN_POINT('',(18.000000000004,1.05,-2.35));
#1809 = CIRCLE('',#1810,0.25);
#1810 = AXIS2_PLACEMENT_3D('',#1811,#1812,#1813);
#1811 = CARTESIAN_POINT('',(18.250000000004,1.05,-2.35));
#1812 = DIRECTION('',(-0.,0.,1.));
#1813 = DIRECTION('',(0.,-1.,0.));
#1814 = ORIENTED_EDGE('',*,*,#1815,.T.);
#1815 = EDGE_CURVE('',#1807,#1816,#1818,.T.);
#1816 = VERTEX_POINT('',#1817);
#1817 = CARTESIAN_POINT('',(18.000000000004,1.25,-2.35));
#1818 = LINE('',#1819,#1820);
#1819 = CARTESIAN_POINT('',(18.000000000004,0.8,-2.35));
#1820 = VECTOR('',#1821,1.);
#1821 = DIRECTION('',(0.,1.,0.));
#1822 = ORIENTED_EDGE('',*,*,#1823,.F.);
#1823 = EDGE_CURVE('',#715,#1816,#1824,.T.);
#1824 = CIRCLE('',#1825,0.25);
#1825 = AXIS2_PLACEMENT_3D('',#1826,#1827,#1828);
#1826 = CARTESIAN_POINT('',(17.750000000004,1.25,-2.35));
#1827 = DIRECTION('',(-0.,-0.,-1.));
#1828 = DIRECTION('',(0.,-1.,0.));
#1829 = PLANE('',#1830);
#1830 = AXIS2_PLACEMENT_3D('',#1831,#1832,#1833);
#1831 = CARTESIAN_POINT('',(20.5,0.75,-2.35));
#1832 = DIRECTION('',(0.,0.,1.));
#1833 = DIRECTION('',(1.,0.,0.));
#1834 = ADVANCED_FACE('',(#1835),#1846,.T.);
#1835 = FACE_BOUND('',#1836,.T.);
#1836 = EDGE_LOOP('',(#1837,#1838,#1839,#1840));
#1837 = ORIENTED_EDGE('',*,*,#1611,.F.);
#1838 = ORIENTED_EDGE('',*,*,#545,.T.);
#1839 = ORIENTED_EDGE('',*,*,#1756,.T.);
#1840 = ORIENTED_EDGE('',*,*,#1841,.F.);
#1841 = EDGE_CURVE('',#1612,#1757,#1842,.T.);
#1842 = LINE('',#1843,#1844);
#1843 = CARTESIAN_POINT('',(27.5,1.25,0.));
#1844 = VECTOR('',#1845,1.);
#1845 = DIRECTION('',(0.,0.,-1.));
#1846 = PLANE('',#1847);
#1847 = AXIS2_PLACEMENT_3D('',#1848,#1849,#1850);
#1848 = CARTESIAN_POINT('',(27.5,0.,0.));
#1849 = DIRECTION('',(1.,0.,0.));
#1850 = DIRECTION('',(0.,1.,0.));
#1851 = ADVANCED_FACE('',(#1852),#1871,.T.);
#1852 = FACE_BOUND('',#1853,.T.);
#1853 = EDGE_LOOP('',(#1854,#1855,#1863,#1870));
#1854 = ORIENTED_EDGE('',*,*,#588,.T.);
#1855 = ORIENTED_EDGE('',*,*,#1856,.T.);
#1856 = EDGE_CURVE('',#578,#1857,#1859,.T.);
#1857 = VERTEX_POINT('',#1858);
#1858 = CARTESIAN_POINT('',(39.9,16.9,1.085786437627));
#1859 = LINE('',#1860,#1861);
#1860 = CARTESIAN_POINT('',(39.9,1.,1.085786437627));
#1861 = VECTOR('',#1862,1.);
#1862 = DIRECTION('',(0.,1.,0.));
#1863 = ORIENTED_EDGE('',*,*,#1864,.F.);
#1864 = EDGE_CURVE('',#620,#1857,#1865,.T.);
#1865 = CIRCLE('',#1866,1.);
#1866 = AXIS2_PLACEMENT_3D('',#1867,#1868,#1869);
#1867 = CARTESIAN_POINT('',(38.9,16.9,1.085786437627));
#1868 = DIRECTION('',(-0.,1.,0.));
#1869 = DIRECTION('',(0.707106781187,0.,0.707106781187));
#1870 = ORIENTED_EDGE('',*,*,#627,.F.);
#1871 = CYLINDRICAL_SURFACE('',#1872,1.);
#1872 = AXIS2_PLACEMENT_3D('',#1873,#1874,#1875);
#1873 = CARTESIAN_POINT('',(38.9,1.,1.085786437627));
#1874 = DIRECTION('',(0.,1.,0.));
#1875 = DIRECTION('',(0.707106781187,0.,0.707106781187));
#1876 = ADVANCED_FACE('',(#1877),#1899,.T.);
#1877 = FACE_BOUND('',#1878,.T.);
#1878 = EDGE_LOOP('',(#1879,#1888,#1897,#1898));
#1879 = ORIENTED_EDGE('',*,*,#1880,.T.);
#1880 = EDGE_CURVE('',#642,#1881,#1883,.T.);
#1881 = VERTEX_POINT('',#1882);
#1882 = CARTESIAN_POINT('',(1.,17.9,1.085786437627));
#1883 = CIRCLE('',#1884,1.);
#1884 = AXIS2_PLACEMENT_3D('',#1885,#1886,#1887);
#1885 = CARTESIAN_POINT('',(1.,16.9,1.085786437627));
#1886 = DIRECTION('',(-1.,0.,0.));
#1887 = DIRECTION('',(0.,0.707106781187,0.707106781187));
#1888 = ORIENTED_EDGE('',*,*,#1889,.T.);
#1889 = EDGE_CURVE('',#1881,#1495,#1890,.T.);
#1890 = ( BOUNDED_CURVE() B_SPLINE_CURVE(5,(#1891,#1892,#1893,#1894,
#1895,#1896),.UNSPECIFIED.,.F.,.F.) B_SPLINE_CURVE_WITH_KNOTS((6,6),(
94.84159265359,96.412388980385),.PIECEWISE_BEZIER_KNOTS.) CURVE() 
GEOMETRIC_REPRESENTATION_ITEM() RATIONAL_B_SPLINE_CURVE((1.,1.,1.,1.,1.,
1.)) REPRESENTATION_ITEM('') );
#1891 = CARTESIAN_POINT('',(1.,17.9,1.085786437627));
#1892 = CARTESIAN_POINT('',(0.68584217282,17.9,1.085786437627));
#1893 = CARTESIAN_POINT('',(0.371386475169,17.776984152689,
    1.085786437627));
#1894 = CARTESIAN_POINT('',(0.123015847311,17.528613524831,
    1.085786437627));
#1895 = CARTESIAN_POINT('',(-6.7E-16,17.21415782718,1.085786437627));
#1896 = CARTESIAN_POINT('',(-2.2E-16,16.9,1.085786437627));
#1897 = ORIENTED_EDGE('',*,*,#1494,.F.);
#1898 = ORIENTED_EDGE('',*,*,#651,.F.);
#1899 = ( BOUNDED_SURFACE() B_SPLINE_SURFACE(2,5,(
    (#1900,#1901,#1902,#1903,#1904,#1905)
    ,(#1906,#1907,#1908,#1909,#1910,#1911)
    ,(#1912,#1913,#1914,#1915,#1916,#1917
)),.UNSPECIFIED.,.F.,.F.,.F.) B_SPLINE_SURFACE_WITH_KNOTS((3,3),(6,6),(
    0.,1.570796326795),(94.84159265359,96.412388980385),
.PIECEWISE_BEZIER_KNOTS.) GEOMETRIC_REPRESENTATION_ITEM() 
RATIONAL_B_SPLINE_SURFACE((
    (1.,1.,1.,1.,1.,1.)
    ,(0.923879532511,0.923879532511,0.923879532511,0.923879532511
      ,0.923879532511,0.923879532511)
,(1.,1.,1.,1.,1.,1.))) REPRESENTATION_ITEM('') SURFACE() );
#1900 = CARTESIAN_POINT('',(1.,17.607106781187,1.792893218813));
#1901 = CARTESIAN_POINT('',(0.777856870038,17.607106781187,
    1.792893218813));
#1902 = CARTESIAN_POINT('',(0.555503113846,17.520121441359,
    1.792893218813));
#1903 = CARTESIAN_POINT('',(0.379878558641,17.344496886154,
    1.792893218813));
#1904 = CARTESIAN_POINT('',(0.292893218813,17.122143129962,
    1.792893218813));
#1905 = CARTESIAN_POINT('',(0.292893218813,16.9,1.792893218813));
#1906 = CARTESIAN_POINT('',(1.,17.9,1.5));
#1907 = CARTESIAN_POINT('',(0.68584217282,17.9,1.5));
#1908 = CARTESIAN_POINT('',(0.371386475169,17.776984152689,1.5));
#1909 = CARTESIAN_POINT('',(0.123015847311,17.528613524831,1.5));
#1910 = CARTESIAN_POINT('',(-7.8E-16,17.21415782718,1.5));
#1911 = CARTESIAN_POINT('',(-2.2E-16,16.9,1.5));
#1912 = CARTESIAN_POINT('',(1.,17.9,1.085786437627));
#1913 = CARTESIAN_POINT('',(0.68584217282,17.9,1.085786437627));
#1914 = CARTESIAN_POINT('',(0.371386475169,17.776984152689,
    1.085786437627));
#1915 = CARTESIAN_POINT('',(0.123015847311,17.528613524831,
    1.085786437627));
#1916 = CARTESIAN_POINT('',(-6.7E-16,17.21415782718,1.085786437627));
#1917 = CARTESIAN_POINT('',(-2.2E-16,16.9,1.085786437627));
#1918 = ADVANCED_FACE('',(#1919),#1940,.T.);
#1919 = FACE_BOUND('',#1920,.T.);
#1920 = EDGE_LOOP('',(#1921,#1922,#1933,#1939));
#1921 = ORIENTED_EDGE('',*,*,#1864,.T.);
#1922 = ORIENTED_EDGE('',*,*,#1923,.T.);
#1923 = EDGE_CURVE('',#1857,#1924,#1926,.T.);
#1924 = VERTEX_POINT('',#1925);
#1925 = CARTESIAN_POINT('',(38.9,17.9,1.085786437627));
#1926 = ( BOUNDED_CURVE() B_SPLINE_CURVE(5,(#1927,#1928,#1929,#1930,
#1931,#1932),.UNSPECIFIED.,.F.,.F.) B_SPLINE_CURVE_WITH_KNOTS((6,6),(
55.370796326795,56.94159265359),.PIECEWISE_BEZIER_KNOTS.) CURVE() 
GEOMETRIC_REPRESENTATION_ITEM() RATIONAL_B_SPLINE_CURVE((1.,1.,1.,1.,1.,
1.)) REPRESENTATION_ITEM('') );
#1927 = CARTESIAN_POINT('',(39.9,16.9,1.085786437627));
#1928 = CARTESIAN_POINT('',(39.9,17.21415782718,1.085786437627));
#1929 = CARTESIAN_POINT('',(39.776984152689,17.528613524831,
    1.085786437627));
#1930 = CARTESIAN_POINT('',(39.528613524831,17.776984152689,
    1.085786437627));
#1931 = CARTESIAN_POINT('',(39.21415782718,17.9,1.085786437627));
#1932 = CARTESIAN_POINT('',(38.9,17.9,1.085786437627));
#1933 = ORIENTED_EDGE('',*,*,#1934,.F.);
#1934 = EDGE_CURVE('',#671,#1924,#1935,.T.);
#1935 = ( BOUNDED_CURVE() B_SPLINE_CURVE(2,(#1936,#1937,#1938),
.UNSPECIFIED.,.F.,.F.) B_SPLINE_CURVE_WITH_KNOTS((3,3),(0.,
1.570796326795),.PIECEWISE_BEZIER_KNOTS.) CURVE() 
GEOMETRIC_REPRESENTATION_ITEM() RATIONAL_B_SPLINE_CURVE((1.,
0.923879532511,1.)) REPRESENTATION_ITEM('') );
#1936 = CARTESIAN_POINT('',(38.9,17.607106781187,1.792893218813));
#1937 = CARTESIAN_POINT('',(38.9,17.9,1.5));
#1938 = CARTESIAN_POINT('',(38.9,17.9,1.085786437627));
#1939 = ORIENTED_EDGE('',*,*,#678,.F.);
#1940 = ( BOUNDED_SURFACE() B_SPLINE_SURFACE(2,5,(
    (#1941,#1942,#1943,#1944,#1945,#1946)
    ,(#1947,#1948,#1949,#1950,#1951,#1952)
    ,(#1953,#1954,#1955,#1956,#1957,#1958
)),.UNSPECIFIED.,.F.,.F.,.F.) B_SPLINE_SURFACE_WITH_KNOTS((3,3),(6,6),(
    0.,1.570796326795),(55.370796326795,56.94159265359),
.PIECEWISE_BEZIER_KNOTS.) GEOMETRIC_REPRESENTATION_ITEM() 
RATIONAL_B_SPLINE_SURFACE((
    (1.,1.,1.,1.,1.,1.)
    ,(0.923879532511,0.923879532511,0.923879532511,0.923879532511
      ,0.923879532511,0.923879532511)
,(1.,1.,1.,1.,1.,1.))) REPRESENTATION_ITEM('') SURFACE() );
#1941 = CARTESIAN_POINT('',(39.607106781187,16.9,1.792893218813));
#1942 = CARTESIAN_POINT('',(39.607106781187,17.122143129962,
    1.792893218813));
#1943 = CARTESIAN_POINT('',(39.520121441359,17.344496886154,
    1.792893218813));
#1944 = CARTESIAN_POINT('',(39.344496886154,17.520121441359,
    1.792893218813));
#1945 = CARTESIAN_POINT('',(39.122143129962,17.607106781187,
    1.792893218813));
#1946 = CARTESIAN_POINT('',(38.9,17.607106781187,1.792893218813));
#1947 = CARTESIAN_POINT('',(39.9,16.9,1.5));
#1948 = CARTESIAN_POINT('',(39.9,17.21415782718,1.5));
#1949 = CARTESIAN_POINT('',(39.776984152689,17.528613524831,1.5));
#1950 = CARTESIAN_POINT('',(39.528613524831,17.776984152689,1.5));
#1951 = CARTESIAN_POINT('',(39.21415782718,17.9,1.5));
#1952 = CARTESIAN_POINT('',(38.9,17.9,1.5));
#1953 = CARTESIAN_POINT('',(39.9,16.9,1.085786437627));
#1954 = CARTESIAN_POINT('',(39.9,17.21415782718,1.085786437627));
#1955 = CARTESIAN_POINT('',(39.776984152689,17.528613524831,
    1.085786437627));
#1956 = CARTESIAN_POINT('',(39.528613524831,17.776984152689,
    1.085786437627));
#1957 = CARTESIAN_POINT('',(39.21415782718,17.9,1.085786437627));
#1958 = CARTESIAN_POINT('',(38.9,17.9,1.085786437627));
#1959 = ADVANCED_FACE('',(#1960),#1971,.T.);
#1960 = FACE_BOUND('',#1961,.T.);
#1961 = EDGE_LOOP('',(#1962,#1963,#1969,#1970));
#1962 = ORIENTED_EDGE('',*,*,#1934,.T.);
#1963 = ORIENTED_EDGE('',*,*,#1964,.T.);
#1964 = EDGE_CURVE('',#1924,#1881,#1965,.T.);
#1965 = LINE('',#1966,#1967);
#1966 = CARTESIAN_POINT('',(38.9,17.9,1.085786437627));
#1967 = VECTOR('',#1968,1.);
#1968 = DIRECTION('',(-1.,0.,0.));
#1969 = ORIENTED_EDGE('',*,*,#1880,.F.);
#1970 = ORIENTED_EDGE('',*,*,#698,.F.);
#1971 = CYLINDRICAL_SURFACE('',#1972,1.);
#1972 = AXIS2_PLACEMENT_3D('',#1973,#1974,#1975);
#1973 = CARTESIAN_POINT('',(38.9,16.9,1.085786437627));
#1974 = DIRECTION('',(-1.,0.,0.));
#1975 = DIRECTION('',(0.,0.707106781187,0.707106781187));
#1976 = ADVANCED_FACE('',(#1977),#1983,.T.);
#1977 = FACE_BOUND('',#1978,.F.);
#1978 = EDGE_LOOP('',(#1979,#1980,#1981,#1982));
#1979 = ORIENTED_EDGE('',*,*,#1544,.T.);
#1980 = ORIENTED_EDGE('',*,*,#1732,.T.);
#1981 = ORIENTED_EDGE('',*,*,#1747,.F.);
#1982 = ORIENTED_EDGE('',*,*,#722,.F.);
#1983 = CYLINDRICAL_SURFACE('',#1984,0.25);
#1984 = AXIS2_PLACEMENT_3D('',#1985,#1986,#1987);
#1985 = CARTESIAN_POINT('',(13.75,1.25,0.));
#1986 = DIRECTION('',(0.,0.,-1.));
#1987 = DIRECTION('',(0.,1.,0.));
#1988 = ADVANCED_FACE('',(#1989),#2008,.T.);
#1989 = FACE_BOUND('',#1990,.F.);
#1990 = EDGE_LOOP('',(#1991,#1992,#2000,#2007));
#1991 = ORIENTED_EDGE('',*,*,#1823,.T.);
#1992 = ORIENTED_EDGE('',*,*,#1993,.T.);
#1993 = EDGE_CURVE('',#1816,#1994,#1996,.T.);
#1994 = VERTEX_POINT('',#1995);
#1995 = CARTESIAN_POINT('',(18.000000000004,1.25,-0.55));
#1996 = LINE('',#1997,#1998);
#1997 = CARTESIAN_POINT('',(18.000000000004,1.25,-2.35));
#1998 = VECTOR('',#1999,1.);
#1999 = DIRECTION('',(0.,0.,1.));
#2000 = ORIENTED_EDGE('',*,*,#2001,.F.);
#2001 = EDGE_CURVE('',#794,#1994,#2002,.T.);
#2002 = CIRCLE('',#2003,0.25);
#2003 = AXIS2_PLACEMENT_3D('',#2004,#2005,#2006);
#2004 = CARTESIAN_POINT('',(17.750000000004,1.25,-0.55));
#2005 = DIRECTION('',(-0.,-0.,-1.));
#2006 = DIRECTION('',(0.,-1.,0.));
#2007 = ORIENTED_EDGE('',*,*,#801,.F.);
#2008 = CYLINDRICAL_SURFACE('',#2009,0.25);
#2009 = AXIS2_PLACEMENT_3D('',#2010,#2011,#2012);
#2010 = CARTESIAN_POINT('',(17.750000000004,1.25,-2.35));
#2011 = DIRECTION('',(0.,0.,1.));
#2012 = DIRECTION('',(0.,1.,0.));
#2013 = ADVANCED_FACE('',(#2014),#2133,.F.);
#2014 = FACE_BOUND('',#2015,.F.);
#2015 = EDGE_LOOP('',(#2016,#2026,#2033,#2034,#2035,#2036,#2037,#2038,
    #2039,#2040,#2041,#2042,#2043,#2044,#2045,#2046,#2047,#2056,#2064,
    #2073,#2081,#2088,#2089,#2090,#2091,#2092,#2093,#2094,#2095,#2096,
    #2097,#2098,#2099,#2100,#2101,#2109,#2118,#2126));
#2016 = ORIENTED_EDGE('',*,*,#2017,.F.);
#2017 = EDGE_CURVE('',#2018,#2020,#2022,.T.);
#2018 = VERTEX_POINT('',#2019);
#2019 = CARTESIAN_POINT('',(23.000000000004,1.25,-0.55));
#2020 = VERTEX_POINT('',#2021);
#2021 = CARTESIAN_POINT('',(23.000000000004,1.05,-0.55));
#2022 = LINE('',#2023,#2024);
#2023 = CARTESIAN_POINT('',(23.000000000004,1.5,-0.55));
#2024 = VECTOR('',#2025,1.);
#2025 = DIRECTION('',(-5.04993E-12,-1.,0.));
#2026 = ORIENTED_EDGE('',*,*,#2027,.F.);
#2027 = EDGE_CURVE('',#991,#2018,#2028,.T.);
#2028 = CIRCLE('',#2029,0.25);
#2029 = AXIS2_PLACEMENT_3D('',#2030,#2031,#2032);
#2030 = CARTESIAN_POINT('',(23.250000000004,1.25,-0.55));
#2031 = DIRECTION('',(-0.,0.,1.));
#2032 = DIRECTION('',(0.,-1.,0.));
#2033 = ORIENTED_EDGE('',*,*,#998,.F.);
#2034 = ORIENTED_EDGE('',*,*,#1006,.T.);
#2035 = ORIENTED_EDGE('',*,*,#1387,.T.);
#2036 = ORIENTED_EDGE('',*,*,#1338,.T.);
#2037 = ORIENTED_EDGE('',*,*,#1369,.T.);
#2038 = ORIENTED_EDGE('',*,*,#1405,.T.);
#2039 = ORIENTED_EDGE('',*,*,#1429,.F.);
#2040 = ORIENTED_EDGE('',*,*,#1479,.T.);
#2041 = ORIENTED_EDGE('',*,*,#1461,.F.);
#2042 = ORIENTED_EDGE('',*,*,#1029,.F.);
#2043 = ORIENTED_EDGE('',*,*,#1037,.T.);
#2044 = ORIENTED_EDGE('',*,*,#1045,.T.);
#2045 = ORIENTED_EDGE('',*,*,#1099,.T.);
#2046 = ORIENTED_EDGE('',*,*,#1140,.T.);
#2047 = ORIENTED_EDGE('',*,*,#2048,.T.);
#2048 = EDGE_CURVE('',#1141,#2049,#2051,.T.);
#2049 = VERTEX_POINT('',#2050);
#2050 = CARTESIAN_POINT('',(23.65,4.55,-0.55));
#2051 = CIRCLE('',#2052,0.35);
#2052 = AXIS2_PLACEMENT_3D('',#2053,#2054,#2055);
#2053 = CARTESIAN_POINT('',(23.65,4.2,-0.55));
#2054 = DIRECTION('',(0.,-0.,1.));
#2055 = DIRECTION('',(0.,1.,0.));
#2056 = ORIENTED_EDGE('',*,*,#2057,.T.);
#2057 = EDGE_CURVE('',#2049,#2058,#2060,.T.);
#2058 = VERTEX_POINT('',#2059);
#2059 = CARTESIAN_POINT('',(16.8,4.55,-0.55));
#2060 = LINE('',#2061,#2062);
#2061 = CARTESIAN_POINT('',(24.,4.55,-0.55));
#2062 = VECTOR('',#2063,1.);
#2063 = DIRECTION('',(-1.,0.,0.));
#2064 = ORIENTED_EDGE('',*,*,#2065,.F.);
#2065 = EDGE_CURVE('',#2066,#2058,#2068,.T.);
#2066 = VERTEX_POINT('',#2067);
#2067 = CARTESIAN_POINT('',(16.45,4.2,-0.55));
#2068 = CIRCLE('',#2069,0.35);
#2069 = AXIS2_PLACEMENT_3D('',#2070,#2071,#2072);
#2070 = CARTESIAN_POINT('',(16.8,4.2,-0.55));
#2071 = DIRECTION('',(0.,0.,-1.));
#2072 = DIRECTION('',(0.,1.,0.));
#2073 = ORIENTED_EDGE('',*,*,#2074,.T.);
#2074 = EDGE_CURVE('',#2066,#2075,#2077,.T.);
#2075 = VERTEX_POINT('',#2076);
#2076 = CARTESIAN_POINT('',(16.45,1.85,-0.55));
#2077 = LINE('',#2078,#2079);
#2078 = CARTESIAN_POINT('',(16.45,4.55,-0.55));
#2079 = VECTOR('',#2080,1.);
#2080 = DIRECTION('',(0.,-1.,0.));
#2081 = ORIENTED_EDGE('',*,*,#2082,.F.);
#2082 = EDGE_CURVE('',#739,#2075,#2083,.T.);
#2083 = CIRCLE('',#2084,0.35);
#2084 = AXIS2_PLACEMENT_3D('',#2085,#2086,#2087);
#2085 = CARTESIAN_POINT('',(16.1,1.85,-0.55));
#2086 = DIRECTION('',(0.,-0.,1.));
#2087 = DIRECTION('',(0.,1.,0.));
#2088 = ORIENTED_EDGE('',*,*,#746,.F.);
#2089 = ORIENTED_EDGE('',*,*,#754,.T.);
#2090 = ORIENTED_EDGE('',*,*,#762,.T.);
#2091 = ORIENTED_EDGE('',*,*,#824,.T.);
#2092 = ORIENTED_EDGE('',*,*,#867,.T.);
#2093 = ORIENTED_EDGE('',*,*,#922,.T.);
#2094 = ORIENTED_EDGE('',*,*,#965,.T.);
#2095 = ORIENTED_EDGE('',*,*,#947,.F.);
#2096 = ORIENTED_EDGE('',*,*,#898,.T.);
#2097 = ORIENTED_EDGE('',*,*,#849,.F.);
#2098 = ORIENTED_EDGE('',*,*,#785,.T.);
#2099 = ORIENTED_EDGE('',*,*,#793,.T.);
#2100 = ORIENTED_EDGE('',*,*,#2001,.T.);
#2101 = ORIENTED_EDGE('',*,*,#2102,.T.);
#2102 = EDGE_CURVE('',#1994,#2103,#2105,.T.);
#2103 = VERTEX_POINT('',#2104);
#2104 = CARTESIAN_POINT('',(18.000000000004,1.05,-0.55));
#2105 = LINE('',#2106,#2107);
#2106 = CARTESIAN_POINT('',(18.,1.5,-0.55));
#2107 = VECTOR('',#2108,1.);
#2108 = DIRECTION('',(0.,-1.,0.));
#2109 = ORIENTED_EDGE('',*,*,#2110,.T.);
#2110 = EDGE_CURVE('',#2103,#2111,#2113,.T.);
#2111 = VERTEX_POINT('',#2112);
#2112 = CARTESIAN_POINT('',(18.250000000004,0.8,-0.55));
#2113 = CIRCLE('',#2114,0.25);
#2114 = AXIS2_PLACEMENT_3D('',#2115,#2116,#2117);
#2115 = CARTESIAN_POINT('',(18.250000000004,1.05,-0.55));
#2116 = DIRECTION('',(-0.,0.,1.));
#2117 = DIRECTION('',(0.,-1.,0.));
#2118 = ORIENTED_EDGE('',*,*,#2119,.T.);
#2119 = EDGE_CURVE('',#2111,#2120,#2122,.T.);
#2120 = VERTEX_POINT('',#2121);
#2121 = CARTESIAN_POINT('',(22.750000000004,0.8,-0.55));
#2122 = LINE('',#2123,#2124);
#2123 = CARTESIAN_POINT('',(18.,0.8,-0.55));
#2124 = VECTOR('',#2125,1.);
#2125 = DIRECTION('',(1.,0.,0.));
#2126 = ORIENTED_EDGE('',*,*,#2127,.F.);
#2127 = EDGE_CURVE('',#2020,#2120,#2128,.T.);
#2128 = CIRCLE('',#2129,0.25);
#2129 = AXIS2_PLACEMENT_3D('',#2130,#2131,#2132);
#2130 = CARTESIAN_POINT('',(22.750000000004,1.05,-0.55));
#2131 = DIRECTION('',(-0.,-0.,-1.));
#2132 = DIRECTION('',(0.,-1.,0.));
#2133 = PLANE('',#2134);
#2134 = AXIS2_PLACEMENT_3D('',#2135,#2136,#2137);
#2135 = CARTESIAN_POINT('',(20.310579196218,2.897635933806,-0.55));
#2136 = DIRECTION('',(0.,0.,1.));
#2137 = DIRECTION('',(1.,0.,0.));
#2138 = ADVANCED_FACE('',(#2139),#2150,.F.);
#2139 = FACE_BOUND('',#2140,.T.);
#2140 = EDGE_LOOP('',(#2141,#2142,#2148,#2149));
#2141 = ORIENTED_EDGE('',*,*,#1668,.T.);
#2142 = ORIENTED_EDGE('',*,*,#2143,.T.);
#2143 = EDGE_CURVE('',#1661,#2075,#2144,.T.);
#2144 = LINE('',#2145,#2146);
#2145 = CARTESIAN_POINT('',(16.45,1.85,0.));
#2146 = VECTOR('',#2147,1.);
#2147 = DIRECTION('',(0.,0.,-1.));
#2148 = ORIENTED_EDGE('',*,*,#2082,.F.);
#2149 = ORIENTED_EDGE('',*,*,#738,.F.);
#2150 = CYLINDRICAL_SURFACE('',#2151,0.35);
#2151 = AXIS2_PLACEMENT_3D('',#2152,#2153,#2154);
#2152 = CARTESIAN_POINT('',(16.1,1.85,0.));
#2153 = DIRECTION('',(0.,0.,-1.));
#2154 = DIRECTION('',(0.,-1.,0.));
#2155 = ADVANCED_FACE('',(#2156),#2162,.T.);
#2156 = FACE_BOUND('',#2157,.F.);
#2157 = EDGE_LOOP('',(#2158,#2159,#2160,#2161));
#2158 = ORIENTED_EDGE('',*,*,#1619,.T.);
#2159 = ORIENTED_EDGE('',*,*,#1076,.T.);
#2160 = ORIENTED_EDGE('',*,*,#1764,.F.);
#2161 = ORIENTED_EDGE('',*,*,#1841,.F.);
#2162 = CYLINDRICAL_SURFACE('',#2163,0.25);
#2163 = AXIS2_PLACEMENT_3D('',#2164,#2165,#2166);
#2164 = CARTESIAN_POINT('',(27.25,1.25,0.));
#2165 = DIRECTION('',(0.,0.,-1.));
#2166 = DIRECTION('',(1.,0.,0.));
#2167 = ADVANCED_FACE('',(#2168),#2179,.T.);
#2168 = FACE_BOUND('',#2169,.T.);
#2169 = EDGE_LOOP('',(#2170,#2171,#2177,#2178));
#2170 = ORIENTED_EDGE('',*,*,#1772,.T.);
#2171 = ORIENTED_EDGE('',*,*,#2172,.T.);
#2172 = EDGE_CURVE('',#1773,#2018,#2173,.T.);
#2173 = LINE('',#2174,#2175);
#2174 = CARTESIAN_POINT('',(23.000000000004,1.25,-2.35));
#2175 = VECTOR('',#2176,1.);
#2176 = DIRECTION('',(0.,0.,1.));
#2177 = ORIENTED_EDGE('',*,*,#2027,.F.);
#2178 = ORIENTED_EDGE('',*,*,#990,.F.);
#2179 = CYLINDRICAL_SURFACE('',#2180,0.25);
#2180 = AXIS2_PLACEMENT_3D('',#2181,#2182,#2183);
#2181 = CARTESIAN_POINT('',(23.250000000004,1.25,-2.35));
#2182 = DIRECTION('',(0.,0.,1.));
#2183 = DIRECTION('',(0.,1.,0.));
#2184 = ADVANCED_FACE('',(#2185),#2196,.T.);
#2185 = FACE_BOUND('',#2186,.F.);
#2186 = EDGE_LOOP('',(#2187,#2188,#2194,#2195));
#2187 = ORIENTED_EDGE('',*,*,#1634,.T.);
#2188 = ORIENTED_EDGE('',*,*,#2189,.T.);
#2189 = EDGE_CURVE('',#1635,#2049,#2190,.T.);
#2190 = LINE('',#2191,#2192);
#2191 = CARTESIAN_POINT('',(23.65,4.55,1.2E-16));
#2192 = VECTOR('',#2193,1.);
#2193 = DIRECTION('',(0.,0.,-1.));
#2194 = ORIENTED_EDGE('',*,*,#2048,.F.);
#2195 = ORIENTED_EDGE('',*,*,#1148,.F.);
#2196 = CYLINDRICAL_SURFACE('',#2197,0.35);
#2197 = AXIS2_PLACEMENT_3D('',#2198,#2199,#2200);
#2198 = CARTESIAN_POINT('',(23.65,4.2,1.2E-16));
#2199 = DIRECTION('',(0.,0.,-1.));
#2200 = DIRECTION('',(1.,0.,0.));
#2201 = ADVANCED_FACE('',(#2202),#2213,.F.);
#2202 = FACE_BOUND('',#2203,.T.);
#2203 = EDGE_LOOP('',(#2204,#2210,#2211,#2212));
#2204 = ORIENTED_EDGE('',*,*,#2205,.F.);
#2205 = EDGE_CURVE('',#1280,#1689,#2206,.T.);
#2206 = LINE('',#2207,#2208);
#2207 = CARTESIAN_POINT('',(8.75,8.9,0.212369611109));
#2208 = VECTOR('',#2209,1.);
#2209 = DIRECTION('',(-1.1E-16,0.,-1.));
#2210 = ORIENTED_EDGE('',*,*,#1289,.T.);
#2211 = ORIENTED_EDGE('',*,*,#2205,.T.);
#2212 = ORIENTED_EDGE('',*,*,#1688,.T.);
#2213 = CYLINDRICAL_SURFACE('',#2214,1.75);
#2214 = AXIS2_PLACEMENT_3D('',#2215,#2216,#2217);
#2215 = CARTESIAN_POINT('',(7.,8.9,0.212369611109));
#2216 = DIRECTION('',(-0.,-0.,-1.));
#2217 = DIRECTION('',(1.,0.,0.));
#2218 = ADVANCED_FACE('',(#2219),#2230,.F.);
#2219 = FACE_BOUND('',#2220,.T.);
#2220 = EDGE_LOOP('',(#2221,#2227,#2228,#2229));
#2221 = ORIENTED_EDGE('',*,*,#2222,.F.);
#2222 = EDGE_CURVE('',#1305,#1678,#2223,.T.);
#2223 = LINE('',#2224,#2225);
#2224 = CARTESIAN_POINT('',(35.75,8.9,0.212369611109));
#2225 = VECTOR('',#2226,1.);
#2226 = DIRECTION('',(-1.1E-16,0.,-1.));
#2227 = ORIENTED_EDGE('',*,*,#1314,.T.);
#2228 = ORIENTED_EDGE('',*,*,#2222,.T.);
#2229 = ORIENTED_EDGE('',*,*,#1677,.T.);
#2230 = CYLINDRICAL_SURFACE('',#2231,1.75);
#2231 = AXIS2_PLACEMENT_3D('',#2232,#2233,#2234);
#2232 = CARTESIAN_POINT('',(34.,8.9,0.212369611109));
#2233 = DIRECTION('',(-0.,-0.,-1.));
#2234 = DIRECTION('',(1.,0.,0.));
#2235 = ADVANCED_FACE('',(#2236),#2247,.F.);
#2236 = FACE_BOUND('',#2237,.F.);
#2237 = EDGE_LOOP('',(#2238,#2244,#2245,#2246));
#2238 = ORIENTED_EDGE('',*,*,#2239,.T.);
#2239 = EDGE_CURVE('',#1562,#1495,#2240,.T.);
#2240 = LINE('',#2241,#2242);
#2241 = CARTESIAN_POINT('',(-2.2E-16,16.9,0.));
#2242 = VECTOR('',#2243,1.);
#2243 = DIRECTION('',(0.,0.,1.));
#2244 = ORIENTED_EDGE('',*,*,#1502,.T.);
#2245 = ORIENTED_EDGE('',*,*,#1518,.F.);
#2246 = ORIENTED_EDGE('',*,*,#1561,.F.);
#2247 = PLANE('',#2248);
#2248 = AXIS2_PLACEMENT_3D('',#2249,#2250,#2251);
#2249 = CARTESIAN_POINT('',(0.,17.9,0.));
#2250 = DIRECTION('',(1.,0.,0.));
#2251 = DIRECTION('',(0.,-1.,0.));
#2252 = ADVANCED_FACE('',(#2253),#2264,.T.);
#2253 = FACE_BOUND('',#2254,.T.);
#2254 = EDGE_LOOP('',(#2255,#2256,#2262,#2263));
#2255 = ORIENTED_EDGE('',*,*,#1660,.F.);
#2256 = ORIENTED_EDGE('',*,*,#2257,.T.);
#2257 = EDGE_CURVE('',#1652,#2066,#2258,.T.);
#2258 = LINE('',#2259,#2260);
#2259 = CARTESIAN_POINT('',(16.45,4.2,0.));
#2260 = VECTOR('',#2261,1.);
#2261 = DIRECTION('',(0.,0.,-1.));
#2262 = ORIENTED_EDGE('',*,*,#2074,.T.);
#2263 = ORIENTED_EDGE('',*,*,#2143,.F.);
#2264 = PLANE('',#2265);
#2265 = AXIS2_PLACEMENT_3D('',#2266,#2267,#2268);
#2266 = CARTESIAN_POINT('',(16.45,4.55,0.));
#2267 = DIRECTION('',(-1.,-0.,-0.));
#2268 = DIRECTION('',(0.,-1.,0.));
#2269 = ADVANCED_FACE('',(#2270),#2281,.T.);
#2270 = FACE_BOUND('',#2271,.T.);
#2271 = EDGE_LOOP('',(#2272,#2273,#2279,#2280));
#2272 = ORIENTED_EDGE('',*,*,#1651,.T.);
#2273 = ORIENTED_EDGE('',*,*,#2274,.T.);
#2274 = EDGE_CURVE('',#1644,#2058,#2275,.T.);
#2275 = LINE('',#2276,#2277);
#2276 = CARTESIAN_POINT('',(16.8,4.55,0.));
#2277 = VECTOR('',#2278,1.);
#2278 = DIRECTION('',(0.,0.,-1.));
#2279 = ORIENTED_EDGE('',*,*,#2065,.F.);
#2280 = ORIENTED_EDGE('',*,*,#2257,.F.);
#2281 = CYLINDRICAL_SURFACE('',#2282,0.35);
#2282 = AXIS2_PLACEMENT_3D('',#2283,#2284,#2285);
#2283 = CARTESIAN_POINT('',(16.8,4.2,0.));
#2284 = DIRECTION('',(0.,0.,-1.));
#2285 = DIRECTION('',(-1.,0.,0.));
#2286 = ADVANCED_FACE('',(#2287),#2293,.T.);
#2287 = FACE_BOUND('',#2288,.T.);
#2288 = EDGE_LOOP('',(#2289,#2290,#2291,#2292));
#2289 = ORIENTED_EDGE('',*,*,#1643,.F.);
#2290 = ORIENTED_EDGE('',*,*,#2189,.T.);
#2291 = ORIENTED_EDGE('',*,*,#2057,.T.);
#2292 = ORIENTED_EDGE('',*,*,#2274,.F.);
#2293 = PLANE('',#2294);
#2294 = AXIS2_PLACEMENT_3D('',#2295,#2296,#2297);
#2295 = CARTESIAN_POINT('',(24.,4.55,0.));
#2296 = DIRECTION('',(0.,1.,0.));
#2297 = DIRECTION('',(-1.,0.,0.));
#2298 = ADVANCED_FACE('',(#2299),#2310,.T.);
#2299 = FACE_BOUND('',#2300,.F.);
#2300 = EDGE_LOOP('',(#2301,#2302,#2303,#2309));
#2301 = ORIENTED_EDGE('',*,*,#2239,.F.);
#2302 = ORIENTED_EDGE('',*,*,#1569,.T.);
#2303 = ORIENTED_EDGE('',*,*,#2304,.T.);
#2304 = EDGE_CURVE('',#1570,#1881,#2305,.T.);
#2305 = LINE('',#2306,#2307);
#2306 = CARTESIAN_POINT('',(1.,17.9,0.));
#2307 = VECTOR('',#2308,1.);
#2308 = DIRECTION('',(0.,0.,1.));
#2309 = ORIENTED_EDGE('',*,*,#1889,.T.);
#2310 = CYLINDRICAL_SURFACE('',#2311,1.);
#2311 = AXIS2_PLACEMENT_3D('',#2312,#2313,#2314);
#2312 = CARTESIAN_POINT('',(1.,16.9,0.));
#2313 = DIRECTION('',(0.,0.,1.));
#2314 = DIRECTION('',(-1.,0.,0.));
#2315 = ADVANCED_FACE('',(#2316),#2327,.F.);
#2316 = FACE_BOUND('',#2317,.F.);
#2317 = EDGE_LOOP('',(#2318,#2324,#2325,#2326));
#2318 = ORIENTED_EDGE('',*,*,#2319,.T.);
#2319 = EDGE_CURVE('',#1579,#1924,#2320,.T.);
#2320 = LINE('',#2321,#2322);
#2321 = CARTESIAN_POINT('',(38.9,17.9,0.));
#2322 = VECTOR('',#2323,1.);
#2323 = DIRECTION('',(0.,0.,1.));
#2324 = ORIENTED_EDGE('',*,*,#1964,.T.);
#2325 = ORIENTED_EDGE('',*,*,#2304,.F.);
#2326 = ORIENTED_EDGE('',*,*,#1578,.F.);
#2327 = PLANE('',#2328);
#2328 = AXIS2_PLACEMENT_3D('',#2329,#2330,#2331);
#2329 = CARTESIAN_POINT('',(39.9,17.9,0.));
#2330 = DIRECTION('',(0.,-1.,0.));
#2331 = DIRECTION('',(-1.,0.,0.));
#2332 = ADVANCED_FACE('',(#2333),#2344,.T.);
#2333 = FACE_BOUND('',#2334,.F.);
#2334 = EDGE_LOOP('',(#2335,#2336,#2337,#2343));
#2335 = ORIENTED_EDGE('',*,*,#2319,.F.);
#2336 = ORIENTED_EDGE('',*,*,#1586,.T.);
#2337 = ORIENTED_EDGE('',*,*,#2338,.T.);
#2338 = EDGE_CURVE('',#1587,#1857,#2339,.T.);
#2339 = LINE('',#2340,#2341);
#2340 = CARTESIAN_POINT('',(39.9,16.9,0.));
#2341 = VECTOR('',#2342,1.);
#2342 = DIRECTION('',(0.,0.,1.));
#2343 = ORIENTED_EDGE('',*,*,#1923,.T.);
#2344 = CYLINDRICAL_SURFACE('',#2345,1.);
#2345 = AXIS2_PLACEMENT_3D('',#2346,#2347,#2348);
#2346 = CARTESIAN_POINT('',(38.9,16.9,0.));
#2347 = DIRECTION('',(0.,0.,1.));
#2348 = DIRECTION('',(0.,1.,0.));
#2349 = ADVANCED_FACE('',(#2350),#2356,.F.);
#2350 = FACE_BOUND('',#2351,.F.);
#2351 = EDGE_LOOP('',(#2352,#2353,#2354,#2355));
#2352 = ORIENTED_EDGE('',*,*,#1707,.T.);
#2353 = ORIENTED_EDGE('',*,*,#1856,.T.);
#2354 = ORIENTED_EDGE('',*,*,#2338,.F.);
#2355 = ORIENTED_EDGE('',*,*,#1595,.F.);
#2356 = PLANE('',#2357);
#2357 = AXIS2_PLACEMENT_3D('',#2358,#2359,#2360);
#2358 = CARTESIAN_POINT('',(39.9,0.,0.));
#2359 = DIRECTION('',(-1.,0.,0.));
#2360 = DIRECTION('',(0.,1.,0.));
#2361 = ADVANCED_FACE('',(#2362),#2373,.F.);
#2362 = FACE_BOUND('',#2363,.F.);
#2363 = EDGE_LOOP('',(#2364,#2365,#2371,#2372));
#2364 = ORIENTED_EDGE('',*,*,#1815,.F.);
#2365 = ORIENTED_EDGE('',*,*,#2366,.T.);
#2366 = EDGE_CURVE('',#1807,#2103,#2367,.T.);
#2367 = LINE('',#2368,#2369);
#2368 = CARTESIAN_POINT('',(18.000000000004,1.05,-2.35));
#2369 = VECTOR('',#2370,1.);
#2370 = DIRECTION('',(0.,0.,1.));
#2371 = ORIENTED_EDGE('',*,*,#2102,.F.);
#2372 = ORIENTED_EDGE('',*,*,#1993,.F.);
#2373 = PLANE('',#2374);
#2374 = AXIS2_PLACEMENT_3D('',#2375,#2376,#2377);
#2375 = CARTESIAN_POINT('',(18.000000000004,0.8,-2.35));
#2376 = DIRECTION('',(-1.,0.,0.));
#2377 = DIRECTION('',(0.,1.,0.));
#2378 = ADVANCED_FACE('',(#2379),#2390,.F.);
#2379 = FACE_BOUND('',#2380,.F.);
#2380 = EDGE_LOOP('',(#2381,#2382,#2388,#2389));
#2381 = ORIENTED_EDGE('',*,*,#1806,.T.);
#2382 = ORIENTED_EDGE('',*,*,#2383,.T.);
#2383 = EDGE_CURVE('',#1799,#2111,#2384,.T.);
#2384 = LINE('',#2385,#2386);
#2385 = CARTESIAN_POINT('',(18.250000000004,0.8,-2.35));
#2386 = VECTOR('',#2387,1.);
#2387 = DIRECTION('',(0.,0.,1.));
#2388 = ORIENTED_EDGE('',*,*,#2110,.F.);
#2389 = ORIENTED_EDGE('',*,*,#2366,.F.);
#2390 = CYLINDRICAL_SURFACE('',#2391,0.25);
#2391 = AXIS2_PLACEMENT_3D('',#2392,#2393,#2394);
#2392 = CARTESIAN_POINT('',(18.250000000004,1.05,-2.35));
#2393 = DIRECTION('',(0.,0.,1.));
#2394 = DIRECTION('',(-1.,0.,0.));
#2395 = ADVANCED_FACE('',(#2396),#2407,.F.);
#2396 = FACE_BOUND('',#2397,.F.);
#2397 = EDGE_LOOP('',(#2398,#2399,#2405,#2406));
#2398 = ORIENTED_EDGE('',*,*,#1798,.F.);
#2399 = ORIENTED_EDGE('',*,*,#2400,.T.);
#2400 = EDGE_CURVE('',#1790,#2120,#2401,.T.);
#2401 = LINE('',#2402,#2403);
#2402 = CARTESIAN_POINT('',(22.750000000004,0.8,-2.35));
#2403 = VECTOR('',#2404,1.);
#2404 = DIRECTION('',(0.,0.,1.));
#2405 = ORIENTED_EDGE('',*,*,#2119,.F.);
#2406 = ORIENTED_EDGE('',*,*,#2383,.F.);
#2407 = PLANE('',#2408);
#2408 = AXIS2_PLACEMENT_3D('',#2409,#2410,#2411);
#2409 = CARTESIAN_POINT('',(23.000000000004,0.8,-2.35));
#2410 = DIRECTION('',(0.,-1.,0.));
#2411 = DIRECTION('',(-1.,0.,0.));
#2412 = ADVANCED_FACE('',(#2413),#2424,.F.);
#2413 = FACE_BOUND('',#2414,.T.);
#2414 = EDGE_LOOP('',(#2415,#2416,#2417,#2418));
#2415 = ORIENTED_EDGE('',*,*,#1789,.T.);
#2416 = ORIENTED_EDGE('',*,*,#2400,.T.);
#2417 = ORIENTED_EDGE('',*,*,#2127,.F.);
#2418 = ORIENTED_EDGE('',*,*,#2419,.F.);
#2419 = EDGE_CURVE('',#1782,#2020,#2420,.T.);
#2420 = LINE('',#2421,#2422);
#2421 = CARTESIAN_POINT('',(23.000000000004,1.05,-2.35));
#2422 = VECTOR('',#2423,1.);
#2423 = DIRECTION('',(0.,0.,1.));
#2424 = CYLINDRICAL_SURFACE('',#2425,0.25);
#2425 = AXIS2_PLACEMENT_3D('',#2426,#2427,#2428);
#2426 = CARTESIAN_POINT('',(22.750000000004,1.05,-2.35));
#2427 = DIRECTION('',(0.,0.,1.));
#2428 = DIRECTION('',(1.,0.,0.));
#2429 = ADVANCED_FACE('',(#2430),#2436,.F.);
#2430 = FACE_BOUND('',#2431,.F.);
#2431 = EDGE_LOOP('',(#2432,#2433,#2434,#2435));
#2432 = ORIENTED_EDGE('',*,*,#1781,.F.);
#2433 = ORIENTED_EDGE('',*,*,#2172,.T.);
#2434 = ORIENTED_EDGE('',*,*,#2017,.T.);
#2435 = ORIENTED_EDGE('',*,*,#2419,.F.);
#2436 = PLANE('',#2437);
#2437 = AXIS2_PLACEMENT_3D('',#2438,#2439,#2440);
#2438 = CARTESIAN_POINT('',(23.000000000004,1.5,-2.35));
#2439 = DIRECTION('',(1.,0.,0.));
#2440 = DIRECTION('',(0.,-1.,0.));
#2441 = ( GEOMETRIC_REPRESENTATION_CONTEXT(3) 
GLOBAL_UNCERTAINTY_ASSIGNED_CONTEXT((#2445)) 
GLOBAL_UNIT_ASSIGNED_CONTEXT((#2442,#2443,#2444)) REPRESENTATION_CONTEXT
('Context #1','3D Context with UNIT and UNCERTAINTY') );
#2442 = ( LENGTH_UNIT() NAMED_UNIT(*) SI_UNIT(.MILLI.,.METRE.) );
#2443 = ( NAMED_UNIT(*) PLANE_ANGLE_UNIT() SI_UNIT($,.RADIAN.) );
#2444 = ( NAMED_UNIT(*) SI_UNIT($,.STERADIAN.) SOLID_ANGLE_UNIT() );
#2445 = UNCERTAINTY_MEASURE_WITH_UNIT(LENGTH_MEASURE(2.E-05),#2442,
  'distance_accuracy_value','confusion accuracy');
#2446 = PRODUCT_RELATED_PRODUCT_CATEGORY('part',$,(#7));
#2447 = MECHANICAL_DESIGN_GEOMETRIC_PRESENTATION_REPRESENTATION('',(
    #2448),#2441);
#2448 = STYLED_ITEM('color',(#2449),#15);
#2449 = PRESENTATION_STYLE_ASSIGNMENT((#2450,#2456));
#2450 = SURFACE_STYLE_USAGE(.BOTH.,#2451);
#2451 = SURFACE_SIDE_STYLE('',(#2452));
#2452 = SURFACE_STYLE_FILL_AREA(#2453);
#2453 = FILL_AREA_STYLE('',(#2454));
#2454 = FILL_AREA_STYLE_COLOUR('',#2455);
#2455 = COLOUR_RGB('',0.447058818107,0.474509808674,0.501960817233);
#2456 = CURVE_STYLE('',#2457,POSITIVE_LENGTH_MEASURE(0.1),#2458);
#2457 = DRAUGHTING_PRE_DEFINED_CURVE_FONT('continuous');
#2458 = COLOUR_RGB('',9.803921802644E-02,9.803921802644E-02,
  9.803921802644E-02);
ENDSEC;
END-ISO-10303-21;
