ISO-10303-21;
HEADER;
FILE_DESCRIPTION(('FreeCAD Model'),'2;1');
FILE_NAME('Open CASCADE Shape Model','2025-05-13T23:35:47',(''),(''),
  'Open CASCADE STEP processor 7.8','FreeCAD','Unknown');
FILE_SCHEMA(('AUTOMOTIVE_DESIGN { 1 0 10303 214 1 1 1 1 }'));
ENDSEC;
DATA;
#1 = APPLICATION_PROTOCOL_DEFINITION('international standard',
  'automotive_design',2000,#2);
#2 = APPLICATION_CONTEXT(
  'core data for automotive mechanical design processes');
#3 = SHAPE_DEFINITION_REPRESENTATION(#4,#10);
#4 = PRODUCT_DEFINITION_SHAPE('','',#5);
#5 = PRODUCT_DEFINITION('design','',#6,#9);
#6 = PRODUCT_DEFINITION_FORMATION('','',#7);
#7 = PRODUCT('main_body','main_body','',(#8));
#8 = PRODUCT_CONTEXT('',#2,'mechanical');
#9 = PRODUCT_DEFINITION_CONTEXT('part definition',#2,'design');
#10 = ADVANCED_BREP_SHAPE_REPRESENTATION('',(#11,#15),#3678);
#11 = AXIS2_PLACEMENT_3D('',#12,#13,#14);
#12 = CARTESIAN_POINT('',(0.,0.,0.));
#13 = DIRECTION('',(0.,0.,1.));
#14 = DIRECTION('',(1.,0.,-0.));
#15 = MANIFOLD_SOLID_BREP('',#16);
#16 = CLOSED_SHELL('',(#17,#188,#213,#244,#285,#309,#365,#413,#438,#463,
    #511,#535,#568,#593,#657,#681,#706,#731,#764,#789,#814,#839,#978,
    #1002,#1051,#1137,#1161,#1210,#1227,#1521,#1546,#1696,#1713,#1730,
    #1742,#1767,#1826,#1843,#1860,#1885,#1902,#1921,#1946,#1963,#2004,
    #2029,#2061,#2086,#2110,#2135,#2160,#2185,#2210,#2239,#2274,#2292,
    #2346,#2369,#2398,#2410,#2434,#2463,#2489,#2516,#2533,#2550,#2567,
    #2591,#2608,#2630,#2647,#2664,#2681,#2698,#2715,#2732,#2749,#2766,
    #2783,#2800,#2817,#2834,#2851,#2868,#2885,#2897,#2909,#2934,#2951,
    #2963,#2981,#3014,#3040,#3065,#3091,#3116,#3141,#3228,#3288,#3300,
    #3326,#3416,#3436,#3526,#3546,#3569,#3648,#3657,#3669));
#17 = ADVANCED_FACE('',(#18,#29,#172),#183,.T.);
#18 = FACE_BOUND('',#19,.T.);
#19 = EDGE_LOOP('',(#20));
#20 = ORIENTED_EDGE('',*,*,#21,.T.);
#21 = EDGE_CURVE('',#22,#22,#24,.T.);
#22 = VERTEX_POINT('',#23);
#23 = CARTESIAN_POINT('',(31.9,-9.5,6.));
#24 = CIRCLE('',#25,2.1);
#25 = AXIS2_PLACEMENT_3D('',#26,#27,#28);
#26 = CARTESIAN_POINT('',(34.,-9.5,6.));
#27 = DIRECTION('',(0.,2.1E-16,1.));
#28 = DIRECTION('',(-1.,9.6E-16,-2.016E-31));
#29 = FACE_BOUND('',#30,.T.);
#30 = EDGE_LOOP('',(#31,#41,#49,#57,#66,#74,#82,#90,#99,#107,#116,#124,
    #133,#141,#150,#158,#166));
#31 = ORIENTED_EDGE('',*,*,#32,.T.);
#32 = EDGE_CURVE('',#33,#35,#37,.T.);
#33 = VERTEX_POINT('',#34);
#34 = CARTESIAN_POINT('',(1.758578643763,-17.,6.));
#35 = VERTEX_POINT('',#36);
#36 = CARTESIAN_POINT('',(1.75,-17.,6.));
#37 = LINE('',#38,#39);
#38 = CARTESIAN_POINT('',(2.,-17.,6.));
#39 = VECTOR('',#40,1.);
#40 = DIRECTION('',(-1.,0.,0.));
#41 = ORIENTED_EDGE('',*,*,#42,.T.);
#42 = EDGE_CURVE('',#35,#43,#45,.T.);
#43 = VERTEX_POINT('',#44);
#44 = CARTESIAN_POINT('',(1.75,-2.,6.));
#45 = LINE('',#46,#47);
#46 = CARTESIAN_POINT('',(1.75,-18.,6.));
#47 = VECTOR('',#48,1.);
#48 = DIRECTION('',(0.,1.,-2.2E-16));
#49 = ORIENTED_EDGE('',*,*,#50,.F.);
#50 = EDGE_CURVE('',#51,#43,#53,.T.);
#51 = VERTEX_POINT('',#52);
#52 = CARTESIAN_POINT('',(41.,-2.,6.));
#53 = LINE('',#54,#55);
#54 = CARTESIAN_POINT('',(2.,-2.,6.));
#55 = VECTOR('',#56,1.);
#56 = DIRECTION('',(-1.,0.,0.));
#57 = ORIENTED_EDGE('',*,*,#58,.F.);
#58 = EDGE_CURVE('',#59,#51,#61,.T.);
#59 = VERTEX_POINT('',#60);
#60 = CARTESIAN_POINT('',(40.,-3.,6.));
#61 = CIRCLE('',#62,1.);
#62 = AXIS2_PLACEMENT_3D('',#63,#64,#65);
#63 = CARTESIAN_POINT('',(41.,-3.,6.));
#64 = DIRECTION('',(-0.,-2.2E-16,-1.));
#65 = DIRECTION('',(0.,-1.,2.2E-16));
#66 = ORIENTED_EDGE('',*,*,#67,.F.);
#67 = EDGE_CURVE('',#68,#59,#70,.T.);
#68 = VERTEX_POINT('',#69);
#69 = CARTESIAN_POINT('',(40.,-17.,6.));
#70 = LINE('',#71,#72);
#71 = CARTESIAN_POINT('',(40.,-18.,6.));
#72 = VECTOR('',#73,1.);
#73 = DIRECTION('',(0.,1.,-2.2E-16));
#74 = ORIENTED_EDGE('',*,*,#75,.T.);
#75 = EDGE_CURVE('',#68,#76,#78,.T.);
#76 = VERTEX_POINT('',#77);
#77 = CARTESIAN_POINT('',(27.5,-17.,6.));
#78 = LINE('',#79,#80);
#79 = CARTESIAN_POINT('',(40.,-17.,6.));
#80 = VECTOR('',#81,1.);
#81 = DIRECTION('',(-1.,0.,0.));
#82 = ORIENTED_EDGE('',*,*,#83,.T.);
#83 = EDGE_CURVE('',#76,#84,#86,.T.);
#84 = VERTEX_POINT('',#85);
#85 = CARTESIAN_POINT('',(27.5,-4.,6.));
#86 = LINE('',#87,#88);
#87 = CARTESIAN_POINT('',(27.5,-10.5,6.));
#88 = VECTOR('',#89,1.);
#89 = DIRECTION('',(0.,1.,-2.2E-16));
#90 = ORIENTED_EDGE('',*,*,#91,.F.);
#91 = EDGE_CURVE('',#92,#84,#94,.T.);
#92 = VERTEX_POINT('',#93);
#93 = CARTESIAN_POINT('',(26.5,-3.,6.));
#94 = CIRCLE('',#95,1.);
#95 = AXIS2_PLACEMENT_3D('',#96,#97,#98);
#96 = CARTESIAN_POINT('',(26.5,-4.,6.));
#97 = DIRECTION('',(0.,0.,-1.));
#98 = DIRECTION('',(0.,1.,0.));
#99 = ORIENTED_EDGE('',*,*,#100,.T.);
#100 = EDGE_CURVE('',#92,#101,#103,.T.);
#101 = VERTEX_POINT('',#102);
#102 = CARTESIAN_POINT('',(19.5,-3.,6.));
#103 = LINE('',#104,#105);
#104 = CARTESIAN_POINT('',(26.75,-3.,6.));
#105 = VECTOR('',#106,1.);
#106 = DIRECTION('',(-1.,0.,0.));
#107 = ORIENTED_EDGE('',*,*,#108,.T.);
#108 = EDGE_CURVE('',#101,#109,#111,.T.);
#109 = VERTEX_POINT('',#110);
#110 = CARTESIAN_POINT('',(18.5,-4.,6.));
#111 = CIRCLE('',#112,1.);
#112 = AXIS2_PLACEMENT_3D('',#113,#114,#115);
#113 = CARTESIAN_POINT('',(19.5,-4.,6.));
#114 = DIRECTION('',(-0.,2.2E-16,1.));
#115 = DIRECTION('',(0.,-1.,2.2E-16));
#116 = ORIENTED_EDGE('',*,*,#117,.T.);
#117 = EDGE_CURVE('',#109,#118,#120,.T.);
#118 = VERTEX_POINT('',#119);
#119 = CARTESIAN_POINT('',(18.5,-12.,6.));
#120 = LINE('',#121,#122);
#121 = CARTESIAN_POINT('',(18.5,-3.,6.));
#122 = VECTOR('',#123,1.);
#123 = DIRECTION('',(0.,-1.,2.2E-16));
#124 = ORIENTED_EDGE('',*,*,#125,.T.);
#125 = EDGE_CURVE('',#118,#126,#128,.T.);
#126 = VERTEX_POINT('',#127);
#127 = CARTESIAN_POINT('',(17.5,-13.,6.));
#128 = CIRCLE('',#129,1.);
#129 = AXIS2_PLACEMENT_3D('',#130,#131,#132);
#130 = CARTESIAN_POINT('',(17.5,-12.,6.));
#131 = DIRECTION('',(-0.,-2.2E-16,-1.));
#132 = DIRECTION('',(0.,-1.,2.2E-16));
#133 = ORIENTED_EDGE('',*,*,#134,.F.);
#134 = EDGE_CURVE('',#135,#126,#137,.T.);
#135 = VERTEX_POINT('',#136);
#136 = CARTESIAN_POINT('',(14.5,-13.,6.));
#137 = LINE('',#138,#139);
#138 = CARTESIAN_POINT('',(13.5,-13.,6.));
#139 = VECTOR('',#140,1.);
#140 = DIRECTION('',(1.,0.,0.));
#141 = ORIENTED_EDGE('',*,*,#142,.F.);
#142 = EDGE_CURVE('',#143,#135,#145,.T.);
#143 = VERTEX_POINT('',#144);
#144 = CARTESIAN_POINT('',(13.5,-14.,6.));
#145 = CIRCLE('',#146,1.);
#146 = AXIS2_PLACEMENT_3D('',#147,#148,#149);
#147 = CARTESIAN_POINT('',(14.5,-14.,6.));
#148 = DIRECTION('',(7.6E-16,-2.2E-16,-1.));
#149 = DIRECTION('',(1.,0.,7.6E-16));
#150 = ORIENTED_EDGE('',*,*,#151,.T.);
#151 = EDGE_CURVE('',#143,#152,#154,.T.);
#152 = VERTEX_POINT('',#153);
#153 = CARTESIAN_POINT('',(13.5,-17.,6.));
#154 = LINE('',#155,#156);
#155 = CARTESIAN_POINT('',(13.5,-18.,6.));
#156 = VECTOR('',#157,1.);
#157 = DIRECTION('',(0.,-1.,2.2E-16));
#158 = ORIENTED_EDGE('',*,*,#159,.T.);
#159 = EDGE_CURVE('',#152,#160,#162,.T.);
#160 = VERTEX_POINT('',#161);
#161 = CARTESIAN_POINT('',(2.,-17.,6.));
#162 = LINE('',#163,#164);
#163 = CARTESIAN_POINT('',(13.5,-17.,6.));
#164 = VECTOR('',#165,1.);
#165 = DIRECTION('',(-1.,0.,0.));
#166 = ORIENTED_EDGE('',*,*,#167,.T.);
#167 = EDGE_CURVE('',#160,#33,#168,.T.);
#168 = LINE('',#169,#170);
#169 = CARTESIAN_POINT('',(13.5,-17.,6.));
#170 = VECTOR('',#171,1.);
#171 = DIRECTION('',(-1.,0.,0.));
#172 = FACE_BOUND('',#173,.T.);
#173 = EDGE_LOOP('',(#174));
#174 = ORIENTED_EDGE('',*,*,#175,.T.);
#175 = EDGE_CURVE('',#176,#176,#178,.T.);
#176 = VERTEX_POINT('',#177);
#177 = CARTESIAN_POINT('',(4.9,-9.5,6.));
#178 = CIRCLE('',#179,2.1);
#179 = AXIS2_PLACEMENT_3D('',#180,#181,#182);
#180 = CARTESIAN_POINT('',(7.,-9.5,6.));
#181 = DIRECTION('',(0.,2.1E-16,1.));
#182 = DIRECTION('',(-1.,9.6E-16,-2.016E-31));
#183 = PLANE('',#184);
#184 = AXIS2_PLACEMENT_3D('',#185,#186,#187);
#185 = CARTESIAN_POINT('',(21.416806707818,-8.452043894362,6.));
#186 = DIRECTION('',(0.,-2.1E-16,-1.));
#187 = DIRECTION('',(0.,1.,-2.1E-16));
#188 = ADVANCED_FACE('',(#189),#208,.F.);
#189 = FACE_BOUND('',#190,.F.);
#190 = EDGE_LOOP('',(#191,#199,#200,#201));
#191 = ORIENTED_EDGE('',*,*,#192,.F.);
#192 = EDGE_CURVE('',#22,#193,#195,.T.);
#193 = VERTEX_POINT('',#194);
#194 = CARTESIAN_POINT('',(32.15,-9.5,6.25));
#195 = LINE('',#196,#197);
#196 = CARTESIAN_POINT('',(32.15,-9.5,6.25));
#197 = VECTOR('',#198,1.);
#198 = DIRECTION('',(0.707106781187,-1.21E-15,0.707106781187));
#199 = ORIENTED_EDGE('',*,*,#21,.T.);
#200 = ORIENTED_EDGE('',*,*,#192,.T.);
#201 = ORIENTED_EDGE('',*,*,#202,.F.);
#202 = EDGE_CURVE('',#193,#193,#203,.T.);
#203 = CIRCLE('',#204,1.85);
#204 = AXIS2_PLACEMENT_3D('',#205,#206,#207);
#205 = CARTESIAN_POINT('',(34.,-9.5,6.25));
#206 = DIRECTION('',(0.,2.1E-16,1.));
#207 = DIRECTION('',(-1.,9.6E-16,-2.016E-31));
#208 = CONICAL_SURFACE('',#209,1.85,0.785398163397);
#209 = AXIS2_PLACEMENT_3D('',#210,#211,#212);
#210 = CARTESIAN_POINT('',(34.,-9.5,6.25));
#211 = DIRECTION('',(-0.,-2.1E-16,-1.));
#212 = DIRECTION('',(-1.,9.6E-16,-2.016E-31));
#213 = ADVANCED_FACE('',(#214),#239,.F.);
#214 = FACE_BOUND('',#215,.F.);
#215 = EDGE_LOOP('',(#216,#217,#225,#233));
#216 = ORIENTED_EDGE('',*,*,#32,.T.);
#217 = ORIENTED_EDGE('',*,*,#218,.T.);
#218 = EDGE_CURVE('',#35,#219,#221,.T.);
#219 = VERTEX_POINT('',#220);
#220 = CARTESIAN_POINT('',(1.75,-17.,4.4));
#221 = LINE('',#222,#223);
#222 = CARTESIAN_POINT('',(1.75,-17.,6.));
#223 = VECTOR('',#224,1.);
#224 = DIRECTION('',(0.,-2.2E-16,-1.));
#225 = ORIENTED_EDGE('',*,*,#226,.F.);
#226 = EDGE_CURVE('',#227,#219,#229,.T.);
#227 = VERTEX_POINT('',#228);
#228 = CARTESIAN_POINT('',(1.758578643763,-17.,4.4));
#229 = LINE('',#230,#231);
#230 = CARTESIAN_POINT('',(2.,-17.,4.4));
#231 = VECTOR('',#232,1.);
#232 = DIRECTION('',(-1.,0.,0.));
#233 = ORIENTED_EDGE('',*,*,#234,.F.);
#234 = EDGE_CURVE('',#33,#227,#235,.T.);
#235 = LINE('',#236,#237);
#236 = CARTESIAN_POINT('',(1.758578643763,-17.,6.));
#237 = VECTOR('',#238,1.);
#238 = DIRECTION('',(0.,-2.2E-16,-1.));
#239 = PLANE('',#240);
#240 = AXIS2_PLACEMENT_3D('',#241,#242,#243);
#241 = CARTESIAN_POINT('',(2.,-17.,6.));
#242 = DIRECTION('',(0.,-1.,2.2E-16));
#243 = DIRECTION('',(0.,-2.2E-16,-1.));
#244 = ADVANCED_FACE('',(#245),#280,.T.);
#245 = FACE_BOUND('',#246,.T.);
#246 = EDGE_LOOP('',(#247,#257,#264,#265,#266,#274));
#247 = ORIENTED_EDGE('',*,*,#248,.T.);
#248 = EDGE_CURVE('',#249,#251,#253,.T.);
#249 = VERTEX_POINT('',#250);
#250 = CARTESIAN_POINT('',(1.,-18.,7.));
#251 = VERTEX_POINT('',#252);
#252 = CARTESIAN_POINT('',(1.829289321881,-17.17071067811,6.170710678119
    ));
#253 = LINE('',#254,#255);
#254 = CARTESIAN_POINT('',(1.666666666667,-17.33333333333,6.333333333333
    ));
#255 = VECTOR('',#256,1.);
#256 = DIRECTION('',(0.57735026919,0.57735026919,-0.57735026919));
#257 = ORIENTED_EDGE('',*,*,#258,.T.);
#258 = EDGE_CURVE('',#251,#33,#259,.T.);
#259 = ELLIPSE('',#260,0.141421356237,0.1);
#260 = AXIS2_PLACEMENT_3D('',#261,#262,#263);
#261 = CARTESIAN_POINT('',(1.758578643763,-17.1,6.1));
#262 = DIRECTION('',(0.,0.707106781187,0.707106781187));
#263 = DIRECTION('',(0.,0.707106781187,-0.707106781187));
#264 = ORIENTED_EDGE('',*,*,#167,.F.);
#265 = ORIENTED_EDGE('',*,*,#159,.F.);
#266 = ORIENTED_EDGE('',*,*,#267,.F.);
#267 = EDGE_CURVE('',#268,#152,#270,.T.);
#268 = VERTEX_POINT('',#269);
#269 = CARTESIAN_POINT('',(13.5,-18.,7.));
#270 = LINE('',#271,#272);
#271 = CARTESIAN_POINT('',(13.5,-18.675,7.675));
#272 = VECTOR('',#273,1.);
#273 = DIRECTION('',(0.,0.707106781187,-0.707106781187));
#274 = ORIENTED_EDGE('',*,*,#275,.T.);
#275 = EDGE_CURVE('',#268,#249,#276,.T.);
#276 = LINE('',#277,#278);
#277 = CARTESIAN_POINT('',(2.,-18.,7.));
#278 = VECTOR('',#279,1.);
#279 = DIRECTION('',(-1.,0.,0.));
#280 = PLANE('',#281);
#281 = AXIS2_PLACEMENT_3D('',#282,#283,#284);
#282 = CARTESIAN_POINT('',(7.420540688808,-17.51841874054,6.518418740548
    ));
#283 = DIRECTION('',(0.,-0.707106781187,-0.707106781187));
#284 = DIRECTION('',(0.,-0.707106781187,0.707106781187));
#285 = ADVANCED_FACE('',(#286),#304,.F.);
#286 = FACE_BOUND('',#287,.F.);
#287 = EDGE_LOOP('',(#288,#289,#297,#303));
#288 = ORIENTED_EDGE('',*,*,#42,.T.);
#289 = ORIENTED_EDGE('',*,*,#290,.T.);
#290 = EDGE_CURVE('',#43,#291,#293,.T.);
#291 = VERTEX_POINT('',#292);
#292 = CARTESIAN_POINT('',(1.75,-2.,4.4));
#293 = LINE('',#294,#295);
#294 = CARTESIAN_POINT('',(1.75,-2.,6.));
#295 = VECTOR('',#296,1.);
#296 = DIRECTION('',(0.,2.2E-16,-1.));
#297 = ORIENTED_EDGE('',*,*,#298,.F.);
#298 = EDGE_CURVE('',#219,#291,#299,.T.);
#299 = LINE('',#300,#301);
#300 = CARTESIAN_POINT('',(1.75,-18.,4.4));
#301 = VECTOR('',#302,1.);
#302 = DIRECTION('',(0.,1.,-2.2E-16));
#303 = ORIENTED_EDGE('',*,*,#218,.F.);
#304 = PLANE('',#305);
#305 = AXIS2_PLACEMENT_3D('',#306,#307,#308);
#306 = CARTESIAN_POINT('',(1.75,-18.,6.));
#307 = DIRECTION('',(-1.,0.,0.));
#308 = DIRECTION('',(-0.,-2.2E-16,-1.));
#309 = ADVANCED_FACE('',(#310),#360,.T.);
#310 = FACE_BOUND('',#311,.T.);
#311 = EDGE_LOOP('',(#312,#322,#328,#329,#330,#338,#346,#354));
#312 = ORIENTED_EDGE('',*,*,#313,.T.);
#313 = EDGE_CURVE('',#314,#316,#318,.T.);
#314 = VERTEX_POINT('',#315);
#315 = CARTESIAN_POINT('',(47.,-2.,8.));
#316 = VERTEX_POINT('',#317);
#317 = CARTESIAN_POINT('',(41.,-2.,8.));
#318 = LINE('',#319,#320);
#319 = CARTESIAN_POINT('',(48.,-2.,8.));
#320 = VECTOR('',#321,1.);
#321 = DIRECTION('',(-1.,0.,0.));
#322 = ORIENTED_EDGE('',*,*,#323,.F.);
#323 = EDGE_CURVE('',#51,#316,#324,.T.);
#324 = LINE('',#325,#326);
#325 = CARTESIAN_POINT('',(41.,-2.,6.));
#326 = VECTOR('',#327,1.);
#327 = DIRECTION('',(0.,2.2E-16,1.));
#328 = ORIENTED_EDGE('',*,*,#50,.T.);
#329 = ORIENTED_EDGE('',*,*,#290,.T.);
#330 = ORIENTED_EDGE('',*,*,#331,.F.);
#331 = EDGE_CURVE('',#332,#291,#334,.T.);
#332 = VERTEX_POINT('',#333);
#333 = CARTESIAN_POINT('',(50.25,-2.,4.4));
#334 = LINE('',#335,#336);
#335 = CARTESIAN_POINT('',(2.,-2.,4.4));
#336 = VECTOR('',#337,1.);
#337 = DIRECTION('',(-1.,0.,0.));
#338 = ORIENTED_EDGE('',*,*,#339,.F.);
#339 = EDGE_CURVE('',#340,#332,#342,.T.);
#340 = VERTEX_POINT('',#341);
#341 = CARTESIAN_POINT('',(50.25,-2.,6.));
#342 = LINE('',#343,#344);
#343 = CARTESIAN_POINT('',(50.25,-2.,5.181927175844));
#344 = VECTOR('',#345,1.);
#345 = DIRECTION('',(0.,-8.2E-16,-1.));
#346 = ORIENTED_EDGE('',*,*,#347,.F.);
#347 = EDGE_CURVE('',#348,#340,#350,.T.);
#348 = VERTEX_POINT('',#349);
#349 = CARTESIAN_POINT('',(47.,-2.,6.));
#350 = LINE('',#351,#352);
#351 = CARTESIAN_POINT('',(39.293072824156,-2.,6.));
#352 = VECTOR('',#353,1.);
#353 = DIRECTION('',(1.,0.,0.));
#354 = ORIENTED_EDGE('',*,*,#355,.T.);
#355 = EDGE_CURVE('',#348,#314,#356,.T.);
#356 = LINE('',#357,#358);
#357 = CARTESIAN_POINT('',(47.,-2.,6.));
#358 = VECTOR('',#359,1.);
#359 = DIRECTION('',(0.,0.,1.));
#360 = PLANE('',#361);
#361 = AXIS2_PLACEMENT_3D('',#362,#363,#364);
#362 = CARTESIAN_POINT('',(26.690978886756,-2.,5.384261036468));
#363 = DIRECTION('',(0.,-1.,3.6E-16));
#364 = DIRECTION('',(0.,3.6E-16,1.));
#365 = ADVANCED_FACE('',(#366),#408,.T.);
#366 = FACE_BOUND('',#367,.T.);
#367 = EDGE_LOOP('',(#368,#378,#384,#385,#386,#394,#402));
#368 = ORIENTED_EDGE('',*,*,#369,.F.);
#369 = EDGE_CURVE('',#370,#372,#374,.T.);
#370 = VERTEX_POINT('',#371);
#371 = CARTESIAN_POINT('',(13.5,-18.,10.7));
#372 = VERTEX_POINT('',#373);
#373 = CARTESIAN_POINT('',(13.5,-13.,10.7));
#374 = LINE('',#375,#376);
#375 = CARTESIAN_POINT('',(13.5,-18.,10.7));
#376 = VECTOR('',#377,1.);
#377 = DIRECTION('',(0.,1.,2.2E-16));
#378 = ORIENTED_EDGE('',*,*,#379,.T.);
#379 = EDGE_CURVE('',#370,#268,#380,.T.);
#380 = LINE('',#381,#382);
#381 = CARTESIAN_POINT('',(13.5,-18.,10.7));
#382 = VECTOR('',#383,1.);
#383 = DIRECTION('',(0.,0.,-1.));
#384 = ORIENTED_EDGE('',*,*,#267,.T.);
#385 = ORIENTED_EDGE('',*,*,#151,.F.);
#386 = ORIENTED_EDGE('',*,*,#387,.F.);
#387 = EDGE_CURVE('',#388,#143,#390,.T.);
#388 = VERTEX_POINT('',#389);
#389 = CARTESIAN_POINT('',(13.5,-14.,8.35));
#390 = LINE('',#391,#392);
#391 = CARTESIAN_POINT('',(13.5,-14.,8.35));
#392 = VECTOR('',#393,1.);
#393 = DIRECTION('',(7.6E-16,-2.2E-16,-1.));
#394 = ORIENTED_EDGE('',*,*,#395,.F.);
#395 = EDGE_CURVE('',#396,#388,#398,.T.);
#396 = VERTEX_POINT('',#397);
#397 = CARTESIAN_POINT('',(13.5,-13.,8.35));
#398 = LINE('',#399,#400);
#399 = CARTESIAN_POINT('',(13.5,-10.5,8.35));
#400 = VECTOR('',#401,1.);
#401 = DIRECTION('',(0.,-1.,2.2E-16));
#402 = ORIENTED_EDGE('',*,*,#403,.F.);
#403 = EDGE_CURVE('',#372,#396,#404,.T.);
#404 = LINE('',#405,#406);
#405 = CARTESIAN_POINT('',(13.5,-13.,10.7));
#406 = VECTOR('',#407,1.);
#407 = DIRECTION('',(0.,0.,-1.));
#408 = PLANE('',#409);
#409 = AXIS2_PLACEMENT_3D('',#410,#411,#412);
#410 = CARTESIAN_POINT('',(13.5,-18.,10.7));
#411 = DIRECTION('',(1.,0.,0.));
#412 = DIRECTION('',(-0.,1.,0.));
#413 = ADVANCED_FACE('',(#414),#433,.F.);
#414 = FACE_BOUND('',#415,.F.);
#415 = EDGE_LOOP('',(#416,#424,#431,#432));
#416 = ORIENTED_EDGE('',*,*,#417,.T.);
#417 = EDGE_CURVE('',#59,#418,#420,.T.);
#418 = VERTEX_POINT('',#419);
#419 = CARTESIAN_POINT('',(40.,-3.,8.));
#420 = LINE('',#421,#422);
#421 = CARTESIAN_POINT('',(40.,-3.,6.));
#422 = VECTOR('',#423,1.);
#423 = DIRECTION('',(0.,2.2E-16,1.));
#424 = ORIENTED_EDGE('',*,*,#425,.T.);
#425 = EDGE_CURVE('',#418,#316,#426,.T.);
#426 = CIRCLE('',#427,1.);
#427 = AXIS2_PLACEMENT_3D('',#428,#429,#430);
#428 = CARTESIAN_POINT('',(41.,-3.,8.));
#429 = DIRECTION('',(-0.,-2.2E-16,-1.));
#430 = DIRECTION('',(0.,-1.,2.2E-16));
#431 = ORIENTED_EDGE('',*,*,#323,.F.);
#432 = ORIENTED_EDGE('',*,*,#58,.F.);
#433 = CYLINDRICAL_SURFACE('',#434,1.);
#434 = AXIS2_PLACEMENT_3D('',#435,#436,#437);
#435 = CARTESIAN_POINT('',(41.,-3.,6.));
#436 = DIRECTION('',(0.,2.2E-16,1.));
#437 = DIRECTION('',(-1.,0.,0.));
#438 = ADVANCED_FACE('',(#439),#458,.F.);
#439 = FACE_BOUND('',#440,.F.);
#440 = EDGE_LOOP('',(#441,#450,#456,#457));
#441 = ORIENTED_EDGE('',*,*,#442,.T.);
#442 = EDGE_CURVE('',#388,#443,#445,.T.);
#443 = VERTEX_POINT('',#444);
#444 = CARTESIAN_POINT('',(14.5,-13.,8.35));
#445 = CIRCLE('',#446,1.);
#446 = AXIS2_PLACEMENT_3D('',#447,#448,#449);
#447 = CARTESIAN_POINT('',(14.5,-14.,8.35));
#448 = DIRECTION('',(7.6E-16,-2.2E-16,-1.));
#449 = DIRECTION('',(1.,0.,7.6E-16));
#450 = ORIENTED_EDGE('',*,*,#451,.T.);
#451 = EDGE_CURVE('',#443,#135,#452,.T.);
#452 = LINE('',#453,#454);
#453 = CARTESIAN_POINT('',(14.5,-13.,8.35));
#454 = VECTOR('',#455,1.);
#455 = DIRECTION('',(7.6E-16,-2.2E-16,-1.));
#456 = ORIENTED_EDGE('',*,*,#142,.F.);
#457 = ORIENTED_EDGE('',*,*,#387,.F.);
#458 = CYLINDRICAL_SURFACE('',#459,1.);
#459 = AXIS2_PLACEMENT_3D('',#460,#461,#462);
#460 = CARTESIAN_POINT('',(14.5,-14.,8.35));
#461 = DIRECTION('',(7.6E-16,-2.2E-16,-1.));
#462 = DIRECTION('',(-1.,0.,-7.6E-16));
#463 = ADVANCED_FACE('',(#464),#506,.T.);
#464 = FACE_BOUND('',#465,.T.);
#465 = EDGE_LOOP('',(#466,#467,#468,#476,#484,#492,#500));
#466 = ORIENTED_EDGE('',*,*,#67,.T.);
#467 = ORIENTED_EDGE('',*,*,#417,.T.);
#468 = ORIENTED_EDGE('',*,*,#469,.T.);
#469 = EDGE_CURVE('',#418,#470,#472,.T.);
#470 = VERTEX_POINT('',#471);
#471 = CARTESIAN_POINT('',(40.,-0.9999,8.));
#472 = LINE('',#473,#474);
#473 = CARTESIAN_POINT('',(40.,-2.,8.));
#474 = VECTOR('',#475,1.);
#475 = DIRECTION('',(0.,1.,-2.2E-16));
#476 = ORIENTED_EDGE('',*,*,#477,.F.);
#477 = EDGE_CURVE('',#478,#470,#480,.T.);
#478 = VERTEX_POINT('',#479);
#479 = CARTESIAN_POINT('',(40.,-0.9999,10.7));
#480 = LINE('',#481,#482);
#481 = CARTESIAN_POINT('',(40.,-0.9999,10.7));
#482 = VECTOR('',#483,1.);
#483 = DIRECTION('',(2.895E-14,0.,-1.));
#484 = ORIENTED_EDGE('',*,*,#485,.F.);
#485 = EDGE_CURVE('',#486,#478,#488,.T.);
#486 = VERTEX_POINT('',#487);
#487 = CARTESIAN_POINT('',(40.,-17.0001,10.7));
#488 = LINE('',#489,#490);
#489 = CARTESIAN_POINT('',(40.,-18.,10.7));
#490 = VECTOR('',#491,1.);
#491 = DIRECTION('',(0.,1.,-2.2E-16));
#492 = ORIENTED_EDGE('',*,*,#493,.F.);
#493 = EDGE_CURVE('',#494,#486,#496,.T.);
#494 = VERTEX_POINT('',#495);
#495 = CARTESIAN_POINT('',(40.,-17.0001,6.0001));
#496 = LINE('',#497,#498);
#497 = CARTESIAN_POINT('',(40.,-17.0001,7.));
#498 = VECTOR('',#499,1.);
#499 = DIRECTION('',(0.,2.2E-16,1.));
#500 = ORIENTED_EDGE('',*,*,#501,.F.);
#501 = EDGE_CURVE('',#68,#494,#502,.T.);
#502 = LINE('',#503,#504);
#503 = CARTESIAN_POINT('',(40.,-15.88155286343,4.881552863436));
#504 = VECTOR('',#505,1.);
#505 = DIRECTION('',(-1.16E-15,-0.707106781187,0.707106781187));
#506 = PLANE('',#507);
#507 = AXIS2_PLACEMENT_3D('',#508,#509,#510);
#508 = CARTESIAN_POINT('',(40.,-9.088105726872,8.438105726872));
#509 = DIRECTION('',(1.,0.,1.65E-15));
#510 = DIRECTION('',(-1.65E-15,-2.2E-16,1.));
#511 = ADVANCED_FACE('',(#512),#530,.F.);
#512 = FACE_BOUND('',#513,.F.);
#513 = EDGE_LOOP('',(#514,#515,#516,#524));
#514 = ORIENTED_EDGE('',*,*,#134,.F.);
#515 = ORIENTED_EDGE('',*,*,#451,.F.);
#516 = ORIENTED_EDGE('',*,*,#517,.F.);
#517 = EDGE_CURVE('',#518,#443,#520,.T.);
#518 = VERTEX_POINT('',#519);
#519 = CARTESIAN_POINT('',(17.5,-13.,8.35));
#520 = LINE('',#521,#522);
#521 = CARTESIAN_POINT('',(18.5,-13.,8.35));
#522 = VECTOR('',#523,1.);
#523 = DIRECTION('',(-1.,0.,0.));
#524 = ORIENTED_EDGE('',*,*,#525,.F.);
#525 = EDGE_CURVE('',#126,#518,#526,.T.);
#526 = LINE('',#527,#528);
#527 = CARTESIAN_POINT('',(17.5,-13.,6.));
#528 = VECTOR('',#529,1.);
#529 = DIRECTION('',(0.,2.2E-16,1.));
#530 = PLANE('',#531);
#531 = AXIS2_PLACEMENT_3D('',#532,#533,#534);
#532 = CARTESIAN_POINT('',(16.,-13.,7.175));
#533 = DIRECTION('',(0.,1.,2.2E-16));
#534 = DIRECTION('',(0.,-2.2E-16,1.));
#535 = ADVANCED_FACE('',(#536),#563,.F.);
#536 = FACE_BOUND('',#537,.F.);
#537 = EDGE_LOOP('',(#538,#539,#540,#548,#556));
#538 = ORIENTED_EDGE('',*,*,#501,.F.);
#539 = ORIENTED_EDGE('',*,*,#75,.T.);
#540 = ORIENTED_EDGE('',*,*,#541,.T.);
#541 = EDGE_CURVE('',#76,#542,#544,.T.);
#542 = VERTEX_POINT('',#543);
#543 = CARTESIAN_POINT('',(27.5,-18.,7.));
#544 = LINE('',#545,#546);
#545 = CARTESIAN_POINT('',(27.5,-14.925,3.925));
#546 = VECTOR('',#547,1.);
#547 = DIRECTION('',(0.,-0.707106781187,0.707106781187));
#548 = ORIENTED_EDGE('',*,*,#549,.F.);
#549 = EDGE_CURVE('',#550,#542,#552,.T.);
#550 = VERTEX_POINT('',#551);
#551 = CARTESIAN_POINT('',(39.0001,-18.,7.));
#552 = LINE('',#553,#554);
#553 = CARTESIAN_POINT('',(40.,-18.,7.));
#554 = VECTOR('',#555,1.);
#555 = DIRECTION('',(-1.,0.,0.));
#556 = ORIENTED_EDGE('',*,*,#557,.F.);
#557 = EDGE_CURVE('',#494,#550,#558,.T.);
#558 = ELLIPSE('',#559,1.414072141017,0.9999);
#559 = AXIS2_PLACEMENT_3D('',#560,#561,#562);
#560 = CARTESIAN_POINT('',(39.0001,-17.0001,6.0001));
#561 = DIRECTION('',(-1.E-17,-0.707106781187,-0.707106781187));
#562 = DIRECTION('',(-1.E-17,-0.707106781187,0.707106781187));
#563 = PLANE('',#564);
#564 = AXIS2_PLACEMENT_3D('',#565,#566,#567);
#565 = CARTESIAN_POINT('',(40.,-17.5,6.5));
#566 = DIRECTION('',(1.E-17,0.707106781187,0.707106781187));
#567 = DIRECTION('',(-1.,7.071067811865E-18,7.071067811865E-18));
#568 = ADVANCED_FACE('',(#569),#588,.T.);
#569 = FACE_BOUND('',#570,.T.);
#570 = EDGE_LOOP('',(#571,#579,#586,#587));
#571 = ORIENTED_EDGE('',*,*,#572,.T.);
#572 = EDGE_CURVE('',#118,#573,#575,.T.);
#573 = VERTEX_POINT('',#574);
#574 = CARTESIAN_POINT('',(18.5,-12.,8.35));
#575 = LINE('',#576,#577);
#576 = CARTESIAN_POINT('',(18.5,-12.,6.));
#577 = VECTOR('',#578,1.);
#578 = DIRECTION('',(0.,2.2E-16,1.));
#579 = ORIENTED_EDGE('',*,*,#580,.T.);
#580 = EDGE_CURVE('',#573,#518,#581,.T.);
#581 = CIRCLE('',#582,1.);
#582 = AXIS2_PLACEMENT_3D('',#583,#584,#585);
#583 = CARTESIAN_POINT('',(17.5,-12.,8.35));
#584 = DIRECTION('',(-0.,-2.2E-16,-1.));
#585 = DIRECTION('',(0.,-1.,2.2E-16));
#586 = ORIENTED_EDGE('',*,*,#525,.F.);
#587 = ORIENTED_EDGE('',*,*,#125,.F.);
#588 = CYLINDRICAL_SURFACE('',#589,1.);
#589 = AXIS2_PLACEMENT_3D('',#590,#591,#592);
#590 = CARTESIAN_POINT('',(17.5,-12.,6.));
#591 = DIRECTION('',(0.,2.2E-16,1.));
#592 = DIRECTION('',(1.,0.,-0.));
#593 = ADVANCED_FACE('',(#594),#652,.T.);
#594 = FACE_BOUND('',#595,.T.);
#595 = EDGE_LOOP('',(#596,#606,#612,#613,#614,#622,#630,#638,#646));
#596 = ORIENTED_EDGE('',*,*,#597,.F.);
#597 = EDGE_CURVE('',#598,#600,#602,.T.);
#598 = VERTEX_POINT('',#599);
#599 = CARTESIAN_POINT('',(27.5,-4.,10.7));
#600 = VERTEX_POINT('',#601);
#601 = CARTESIAN_POINT('',(27.5,-7.,10.7));
#602 = LINE('',#603,#604);
#603 = CARTESIAN_POINT('',(27.5,-3.,10.7));
#604 = VECTOR('',#605,1.);
#605 = DIRECTION('',(-0.,-1.,-2.2E-16));
#606 = ORIENTED_EDGE('',*,*,#607,.T.);
#607 = EDGE_CURVE('',#598,#84,#608,.T.);
#608 = LINE('',#609,#610);
#609 = CARTESIAN_POINT('',(27.5,-4.,10.7));
#610 = VECTOR('',#611,1.);
#611 = DIRECTION('',(0.,0.,-1.));
#612 = ORIENTED_EDGE('',*,*,#83,.F.);
#613 = ORIENTED_EDGE('',*,*,#541,.T.);
#614 = ORIENTED_EDGE('',*,*,#615,.F.);
#615 = EDGE_CURVE('',#616,#542,#618,.T.);
#616 = VERTEX_POINT('',#617);
#617 = CARTESIAN_POINT('',(27.5,-18.,10.7));
#618 = LINE('',#619,#620);
#619 = CARTESIAN_POINT('',(27.5,-18.,10.7));
#620 = VECTOR('',#621,1.);
#621 = DIRECTION('',(0.,0.,-1.));
#622 = ORIENTED_EDGE('',*,*,#623,.F.);
#623 = EDGE_CURVE('',#624,#616,#626,.T.);
#624 = VERTEX_POINT('',#625);
#625 = CARTESIAN_POINT('',(27.5,-13.,10.7));
#626 = LINE('',#627,#628);
#627 = CARTESIAN_POINT('',(27.5,-3.,10.7));
#628 = VECTOR('',#629,1.);
#629 = DIRECTION('',(-0.,-1.,-2.2E-16));
#630 = ORIENTED_EDGE('',*,*,#631,.T.);
#631 = EDGE_CURVE('',#624,#632,#634,.T.);
#632 = VERTEX_POINT('',#633);
#633 = CARTESIAN_POINT('',(27.5,-13.,8.35));
#634 = LINE('',#635,#636);
#635 = CARTESIAN_POINT('',(27.5,-13.,10.7));
#636 = VECTOR('',#637,1.);
#637 = DIRECTION('',(0.,0.,-1.));
#638 = ORIENTED_EDGE('',*,*,#639,.F.);
#639 = EDGE_CURVE('',#640,#632,#642,.T.);
#640 = VERTEX_POINT('',#641);
#641 = CARTESIAN_POINT('',(27.5,-7.,8.35));
#642 = LINE('',#643,#644);
#643 = CARTESIAN_POINT('',(27.5,-3.,8.35));
#644 = VECTOR('',#645,1.);
#645 = DIRECTION('',(0.,-1.,2.2E-16));
#646 = ORIENTED_EDGE('',*,*,#647,.F.);
#647 = EDGE_CURVE('',#600,#640,#648,.T.);
#648 = LINE('',#649,#650);
#649 = CARTESIAN_POINT('',(27.5,-7.,10.7));
#650 = VECTOR('',#651,1.);
#651 = DIRECTION('',(0.,0.,-1.));
#652 = PLANE('',#653);
#653 = AXIS2_PLACEMENT_3D('',#654,#655,#656);
#654 = CARTESIAN_POINT('',(27.5,-3.,10.7));
#655 = DIRECTION('',(-1.,0.,0.));
#656 = DIRECTION('',(0.,-1.,0.));
#657 = ADVANCED_FACE('',(#658),#676,.F.);
#658 = FACE_BOUND('',#659,.F.);
#659 = EDGE_LOOP('',(#660,#661,#662,#670));
#660 = ORIENTED_EDGE('',*,*,#117,.T.);
#661 = ORIENTED_EDGE('',*,*,#572,.T.);
#662 = ORIENTED_EDGE('',*,*,#663,.F.);
#663 = EDGE_CURVE('',#664,#573,#666,.T.);
#664 = VERTEX_POINT('',#665);
#665 = CARTESIAN_POINT('',(18.5,-4.,8.35));
#666 = LINE('',#667,#668);
#667 = CARTESIAN_POINT('',(18.5,-3.,8.35));
#668 = VECTOR('',#669,1.);
#669 = DIRECTION('',(0.,-1.,2.2E-16));
#670 = ORIENTED_EDGE('',*,*,#671,.F.);
#671 = EDGE_CURVE('',#109,#664,#672,.T.);
#672 = LINE('',#673,#674);
#673 = CARTESIAN_POINT('',(18.5,-4.,6.));
#674 = VECTOR('',#675,1.);
#675 = DIRECTION('',(0.,2.2E-16,1.));
#676 = PLANE('',#677);
#677 = AXIS2_PLACEMENT_3D('',#678,#679,#680);
#678 = CARTESIAN_POINT('',(18.5,-3.,6.));
#679 = DIRECTION('',(-1.,0.,0.));
#680 = DIRECTION('',(0.,2.2E-16,1.));
#681 = ADVANCED_FACE('',(#682),#701,.F.);
#682 = FACE_BOUND('',#683,.F.);
#683 = EDGE_LOOP('',(#684,#693,#694,#695));
#684 = ORIENTED_EDGE('',*,*,#685,.T.);
#685 = EDGE_CURVE('',#686,#598,#688,.T.);
#686 = VERTEX_POINT('',#687);
#687 = CARTESIAN_POINT('',(26.5,-3.,10.7));
#688 = CIRCLE('',#689,1.);
#689 = AXIS2_PLACEMENT_3D('',#690,#691,#692);
#690 = CARTESIAN_POINT('',(26.5,-4.,10.7));
#691 = DIRECTION('',(0.,0.,-1.));
#692 = DIRECTION('',(0.,1.,0.));
#693 = ORIENTED_EDGE('',*,*,#607,.T.);
#694 = ORIENTED_EDGE('',*,*,#91,.F.);
#695 = ORIENTED_EDGE('',*,*,#696,.F.);
#696 = EDGE_CURVE('',#686,#92,#697,.T.);
#697 = LINE('',#698,#699);
#698 = CARTESIAN_POINT('',(26.5,-3.,10.7));
#699 = VECTOR('',#700,1.);
#700 = DIRECTION('',(0.,0.,-1.));
#701 = CYLINDRICAL_SURFACE('',#702,1.);
#702 = AXIS2_PLACEMENT_3D('',#703,#704,#705);
#703 = CARTESIAN_POINT('',(26.5,-4.,10.7));
#704 = DIRECTION('',(0.,0.,-1.));
#705 = DIRECTION('',(0.,1.,0.));
#706 = ADVANCED_FACE('',(#707),#726,.F.);
#707 = FACE_BOUND('',#708,.F.);
#708 = EDGE_LOOP('',(#709,#710,#711,#720));
#709 = ORIENTED_EDGE('',*,*,#108,.T.);
#710 = ORIENTED_EDGE('',*,*,#671,.T.);
#711 = ORIENTED_EDGE('',*,*,#712,.F.);
#712 = EDGE_CURVE('',#713,#664,#715,.T.);
#713 = VERTEX_POINT('',#714);
#714 = CARTESIAN_POINT('',(19.5,-3.,8.35));
#715 = CIRCLE('',#716,1.);
#716 = AXIS2_PLACEMENT_3D('',#717,#718,#719);
#717 = CARTESIAN_POINT('',(19.5,-4.,8.35));
#718 = DIRECTION('',(-0.,2.2E-16,1.));
#719 = DIRECTION('',(0.,-1.,2.2E-16));
#720 = ORIENTED_EDGE('',*,*,#721,.F.);
#721 = EDGE_CURVE('',#101,#713,#722,.T.);
#722 = LINE('',#723,#724);
#723 = CARTESIAN_POINT('',(19.5,-3.,6.));
#724 = VECTOR('',#725,1.);
#725 = DIRECTION('',(0.,2.2E-16,1.));
#726 = CYLINDRICAL_SURFACE('',#727,1.);
#727 = AXIS2_PLACEMENT_3D('',#728,#729,#730);
#728 = CARTESIAN_POINT('',(19.5,-4.,6.));
#729 = DIRECTION('',(0.,2.2E-16,1.));
#730 = DIRECTION('',(0.,1.,-2.2E-16));
#731 = ADVANCED_FACE('',(#732),#759,.T.);
#732 = FACE_BOUND('',#733,.T.);
#733 = EDGE_LOOP('',(#734,#742,#750,#756,#757,#758));
#734 = ORIENTED_EDGE('',*,*,#735,.F.);
#735 = EDGE_CURVE('',#736,#686,#738,.T.);
#736 = VERTEX_POINT('',#737);
#737 = CARTESIAN_POINT('',(23.5,-3.,10.7));
#738 = LINE('',#739,#740);
#739 = CARTESIAN_POINT('',(13.5,-3.,10.7));
#740 = VECTOR('',#741,1.);
#741 = DIRECTION('',(1.,0.,0.));
#742 = ORIENTED_EDGE('',*,*,#743,.T.);
#743 = EDGE_CURVE('',#736,#744,#746,.T.);
#744 = VERTEX_POINT('',#745);
#745 = CARTESIAN_POINT('',(23.5,-3.,8.35));
#746 = LINE('',#747,#748);
#747 = CARTESIAN_POINT('',(23.5,-3.,10.7));
#748 = VECTOR('',#749,1.);
#749 = DIRECTION('',(0.,0.,-1.));
#750 = ORIENTED_EDGE('',*,*,#751,.F.);
#751 = EDGE_CURVE('',#713,#744,#752,.T.);
#752 = LINE('',#753,#754);
#753 = CARTESIAN_POINT('',(15.150848084662,-3.,8.35));
#754 = VECTOR('',#755,1.);
#755 = DIRECTION('',(1.,0.,0.));
#756 = ORIENTED_EDGE('',*,*,#721,.F.);
#757 = ORIENTED_EDGE('',*,*,#100,.F.);
#758 = ORIENTED_EDGE('',*,*,#696,.F.);
#759 = PLANE('',#760);
#760 = AXIS2_PLACEMENT_3D('',#761,#762,#763);
#761 = CARTESIAN_POINT('',(13.5,-3.,10.7));
#762 = DIRECTION('',(0.,-1.,0.));
#763 = DIRECTION('',(1.,0.,0.));
#764 = ADVANCED_FACE('',(#765),#784,.F.);
#765 = FACE_BOUND('',#766,.F.);
#766 = EDGE_LOOP('',(#767,#775,#776,#777));
#767 = ORIENTED_EDGE('',*,*,#768,.F.);
#768 = EDGE_CURVE('',#176,#769,#771,.T.);
#769 = VERTEX_POINT('',#770);
#770 = CARTESIAN_POINT('',(5.15,-9.5,6.25));
#771 = LINE('',#772,#773);
#772 = CARTESIAN_POINT('',(5.15,-9.5,6.25));
#773 = VECTOR('',#774,1.);
#774 = DIRECTION('',(0.707106781187,-1.21E-15,0.707106781187));
#775 = ORIENTED_EDGE('',*,*,#175,.T.);
#776 = ORIENTED_EDGE('',*,*,#768,.T.);
#777 = ORIENTED_EDGE('',*,*,#778,.F.);
#778 = EDGE_CURVE('',#769,#769,#779,.T.);
#779 = CIRCLE('',#780,1.85);
#780 = AXIS2_PLACEMENT_3D('',#781,#782,#783);
#781 = CARTESIAN_POINT('',(7.,-9.5,6.25));
#782 = DIRECTION('',(0.,2.1E-16,1.));
#783 = DIRECTION('',(-1.,9.6E-16,-2.016E-31));
#784 = CONICAL_SURFACE('',#785,1.85,0.785398163397);
#785 = AXIS2_PLACEMENT_3D('',#786,#787,#788);
#786 = CARTESIAN_POINT('',(7.,-9.5,6.25));
#787 = DIRECTION('',(-0.,-2.1E-16,-1.));
#788 = DIRECTION('',(-1.,9.6E-16,-2.016E-31));
#789 = ADVANCED_FACE('',(#790),#809,.F.);
#790 = FACE_BOUND('',#791,.F.);
#791 = EDGE_LOOP('',(#792,#800,#807,#808));
#792 = ORIENTED_EDGE('',*,*,#793,.F.);
#793 = EDGE_CURVE('',#794,#193,#796,.T.);
#794 = VERTEX_POINT('',#795);
#795 = CARTESIAN_POINT('',(32.15,-9.5,10.45));
#796 = LINE('',#797,#798);
#797 = CARTESIAN_POINT('',(32.15,-9.5,10.7));
#798 = VECTOR('',#799,1.);
#799 = DIRECTION('',(0.,0.,-1.));
#800 = ORIENTED_EDGE('',*,*,#801,.F.);
#801 = EDGE_CURVE('',#794,#794,#802,.T.);
#802 = CIRCLE('',#803,1.85);
#803 = AXIS2_PLACEMENT_3D('',#804,#805,#806);
#804 = CARTESIAN_POINT('',(34.,-9.5,10.45));
#805 = DIRECTION('',(0.,2.2E-16,1.));
#806 = DIRECTION('',(-1.,0.,0.));
#807 = ORIENTED_EDGE('',*,*,#793,.T.);
#808 = ORIENTED_EDGE('',*,*,#202,.T.);
#809 = CYLINDRICAL_SURFACE('',#810,1.85);
#810 = AXIS2_PLACEMENT_3D('',#811,#812,#813);
#811 = CARTESIAN_POINT('',(34.,-9.5,10.7));
#812 = DIRECTION('',(0.,0.,1.));
#813 = DIRECTION('',(-1.,0.,0.));
#814 = ADVANCED_FACE('',(#815),#834,.T.);
#815 = FACE_BOUND('',#816,.T.);
#816 = EDGE_LOOP('',(#817,#825,#832,#833));
#817 = ORIENTED_EDGE('',*,*,#818,.T.);
#818 = EDGE_CURVE('',#251,#819,#821,.T.);
#819 = VERTEX_POINT('',#820);
#820 = CARTESIAN_POINT('',(1.829289321881,-17.17071067811,4.229289321881
    ));
#821 = LINE('',#822,#823);
#822 = CARTESIAN_POINT('',(1.829289321881,-17.17071067811,6.));
#823 = VECTOR('',#824,1.);
#824 = DIRECTION('',(0.,-2.2E-16,-1.));
#825 = ORIENTED_EDGE('',*,*,#826,.T.);
#826 = EDGE_CURVE('',#819,#227,#827,.T.);
#827 = ELLIPSE('',#828,0.141421356237,0.1);
#828 = AXIS2_PLACEMENT_3D('',#829,#830,#831);
#829 = CARTESIAN_POINT('',(1.758578643763,-17.1,4.3));
#830 = DIRECTION('',(0.,-0.707106781187,0.707106781187));
#831 = DIRECTION('',(0.,-0.707106781187,-0.707106781187));
#832 = ORIENTED_EDGE('',*,*,#234,.F.);
#833 = ORIENTED_EDGE('',*,*,#258,.F.);
#834 = CYLINDRICAL_SURFACE('',#835,0.1);
#835 = AXIS2_PLACEMENT_3D('',#836,#837,#838);
#836 = CARTESIAN_POINT('',(1.758578643763,-17.1,6.));
#837 = DIRECTION('',(0.,-2.2E-16,-1.));
#838 = DIRECTION('',(0.707106781187,-0.707106781187,1.55563491861E-16));
#839 = ADVANCED_FACE('',(#840,#851,#962),#973,.T.);
#840 = FACE_BOUND('',#841,.T.);
#841 = EDGE_LOOP('',(#842));
#842 = ORIENTED_EDGE('',*,*,#843,.F.);
#843 = EDGE_CURVE('',#844,#844,#846,.T.);
#844 = VERTEX_POINT('',#845);
#845 = CARTESIAN_POINT('',(4.9,-9.5,4.4));
#846 = CIRCLE('',#847,2.1);
#847 = AXIS2_PLACEMENT_3D('',#848,#849,#850);
#848 = CARTESIAN_POINT('',(7.,-9.5,4.4));
#849 = DIRECTION('',(0.,9.4E-16,1.));
#850 = DIRECTION('',(-1.,2.88E-15,-2.7072E-30));
#851 = FACE_BOUND('',#852,.T.);
#852 = EDGE_LOOP('',(#853,#863,#869,#870,#871,#872,#880,#888,#897,#905,
    #914,#922,#931,#939,#948,#956));
#853 = ORIENTED_EDGE('',*,*,#854,.T.);
#854 = EDGE_CURVE('',#855,#857,#859,.T.);
#855 = VERTEX_POINT('',#856);
#856 = CARTESIAN_POINT('',(50.241421356237,-17.,4.4));
#857 = VERTEX_POINT('',#858);
#858 = CARTESIAN_POINT('',(50.25,-17.,4.4));
#859 = LINE('',#860,#861);
#860 = CARTESIAN_POINT('',(50.,-17.,4.4));
#861 = VECTOR('',#862,1.);
#862 = DIRECTION('',(1.,0.,0.));
#863 = ORIENTED_EDGE('',*,*,#864,.T.);
#864 = EDGE_CURVE('',#857,#332,#865,.T.);
#865 = LINE('',#866,#867);
#866 = CARTESIAN_POINT('',(50.25,-18.,4.4));
#867 = VECTOR('',#868,1.);
#868 = DIRECTION('',(0.,1.,-2.2E-16));
#869 = ORIENTED_EDGE('',*,*,#331,.T.);
#870 = ORIENTED_EDGE('',*,*,#298,.F.);
#871 = ORIENTED_EDGE('',*,*,#226,.F.);
#872 = ORIENTED_EDGE('',*,*,#873,.T.);
#873 = EDGE_CURVE('',#227,#874,#876,.T.);
#874 = VERTEX_POINT('',#875);
#875 = CARTESIAN_POINT('',(2.,-17.,4.4));
#876 = LINE('',#877,#878);
#877 = CARTESIAN_POINT('',(2.,-17.,4.4));
#878 = VECTOR('',#879,1.);
#879 = DIRECTION('',(1.,0.,0.));
#880 = ORIENTED_EDGE('',*,*,#881,.T.);
#881 = EDGE_CURVE('',#874,#882,#884,.T.);
#882 = VERTEX_POINT('',#883);
#883 = CARTESIAN_POINT('',(9.,-17.,4.4));
#884 = LINE('',#885,#886);
#885 = CARTESIAN_POINT('',(2.,-17.,4.4));
#886 = VECTOR('',#887,1.);
#887 = DIRECTION('',(1.,0.,0.));
#888 = ORIENTED_EDGE('',*,*,#889,.F.);
#889 = EDGE_CURVE('',#890,#882,#892,.T.);
#890 = VERTEX_POINT('',#891);
#891 = CARTESIAN_POINT('',(11.,-14.17157287525,4.4));
#892 = ELLIPSE('',#893,2.828427124746,2.);
#893 = AXIS2_PLACEMENT_3D('',#894,#895,#896);
#894 = CARTESIAN_POINT('',(9.,-14.17157287525,4.4));
#895 = DIRECTION('',(0.,-1.6E-16,-1.));
#896 = DIRECTION('',(0.,1.,-1.6E-16));
#897 = ORIENTED_EDGE('',*,*,#898,.T.);
#898 = EDGE_CURVE('',#890,#899,#901,.T.);
#899 = VERTEX_POINT('',#900);
#900 = CARTESIAN_POINT('',(11.,-6.,4.4));
#901 = LINE('',#902,#903);
#902 = CARTESIAN_POINT('',(11.,-18.,4.4));
#903 = VECTOR('',#904,1.);
#904 = DIRECTION('',(0.,1.,2.2E-16));
#905 = ORIENTED_EDGE('',*,*,#906,.T.);
#906 = EDGE_CURVE('',#899,#907,#909,.T.);
#907 = VERTEX_POINT('',#908);
#908 = CARTESIAN_POINT('',(13.,-4.,4.4));
#909 = CIRCLE('',#910,2.);
#910 = AXIS2_PLACEMENT_3D('',#911,#912,#913);
#911 = CARTESIAN_POINT('',(13.,-6.,4.4));
#912 = DIRECTION('',(-0.,-0.,-1.));
#913 = DIRECTION('',(0.,-1.,0.));
#914 = ORIENTED_EDGE('',*,*,#915,.T.);
#915 = EDGE_CURVE('',#907,#916,#918,.T.);
#916 = VERTEX_POINT('',#917);
#917 = CARTESIAN_POINT('',(28.,-4.,4.4));
#918 = LINE('',#919,#920);
#919 = CARTESIAN_POINT('',(11.,-4.,4.4));
#920 = VECTOR('',#921,1.);
#921 = DIRECTION('',(1.,0.,0.));
#922 = ORIENTED_EDGE('',*,*,#923,.F.);
#923 = EDGE_CURVE('',#924,#916,#926,.T.);
#924 = VERTEX_POINT('',#925);
#925 = CARTESIAN_POINT('',(30.,-6.,4.4));
#926 = CIRCLE('',#927,2.);
#927 = AXIS2_PLACEMENT_3D('',#928,#929,#930);
#928 = CARTESIAN_POINT('',(28.,-6.,4.4));
#929 = DIRECTION('',(-0.,0.,1.));
#930 = DIRECTION('',(0.,-1.,0.));
#931 = ORIENTED_EDGE('',*,*,#932,.T.);
#932 = EDGE_CURVE('',#924,#933,#935,.T.);
#933 = VERTEX_POINT('',#934);
#934 = CARTESIAN_POINT('',(30.,-14.17157287525,4.4));
#935 = LINE('',#936,#937);
#936 = CARTESIAN_POINT('',(30.,-4.,4.4));
#937 = VECTOR('',#938,1.);
#938 = DIRECTION('',(0.,-1.,-2.2E-16));
#939 = ORIENTED_EDGE('',*,*,#940,.T.);
#940 = EDGE_CURVE('',#933,#941,#943,.T.);
#941 = VERTEX_POINT('',#942);
#942 = CARTESIAN_POINT('',(32.,-17.,4.4));
#943 = ELLIPSE('',#944,2.828427124746,2.);
#944 = AXIS2_PLACEMENT_3D('',#945,#946,#947);
#945 = CARTESIAN_POINT('',(32.,-14.17157287525,4.4));
#946 = DIRECTION('',(-0.,1.6E-16,1.));
#947 = DIRECTION('',(0.,-1.,1.6E-16));
#948 = ORIENTED_EDGE('',*,*,#949,.T.);
#949 = EDGE_CURVE('',#941,#950,#952,.T.);
#950 = VERTEX_POINT('',#951);
#951 = CARTESIAN_POINT('',(50.,-17.,4.4));
#952 = LINE('',#953,#954);
#953 = CARTESIAN_POINT('',(30.,-17.,4.4));
#954 = VECTOR('',#955,1.);
#955 = DIRECTION('',(1.,0.,0.));
#956 = ORIENTED_EDGE('',*,*,#957,.T.);
#957 = EDGE_CURVE('',#950,#855,#958,.T.);
#958 = LINE('',#959,#960);
#959 = CARTESIAN_POINT('',(30.,-17.,4.4));
#960 = VECTOR('',#961,1.);
#961 = DIRECTION('',(1.,0.,0.));
#962 = FACE_BOUND('',#963,.T.);
#963 = EDGE_LOOP('',(#964));
#964 = ORIENTED_EDGE('',*,*,#965,.F.);
#965 = EDGE_CURVE('',#966,#966,#968,.T.);
#966 = VERTEX_POINT('',#967);
#967 = CARTESIAN_POINT('',(31.9,-9.5,4.4));
#968 = CIRCLE('',#969,2.1);
#969 = AXIS2_PLACEMENT_3D('',#970,#971,#972);
#970 = CARTESIAN_POINT('',(34.,-9.5,4.4));
#971 = DIRECTION('',(0.,9.4E-16,1.));
#972 = DIRECTION('',(-1.,2.88E-15,-2.7072E-30));
#973 = PLANE('',#974);
#974 = AXIS2_PLACEMENT_3D('',#975,#976,#977);
#975 = CARTESIAN_POINT('',(25.184516826169,-7.977417813882,4.4));
#976 = DIRECTION('',(0.,9.4E-16,1.));
#977 = DIRECTION('',(0.,-1.,9.4E-16));
#978 = ADVANCED_FACE('',(#979),#997,.T.);
#979 = FACE_BOUND('',#980,.T.);
#980 = EDGE_LOOP('',(#981,#989,#990,#991));
#981 = ORIENTED_EDGE('',*,*,#982,.T.);
#982 = EDGE_CURVE('',#983,#819,#985,.T.);
#983 = VERTEX_POINT('',#984);
#984 = CARTESIAN_POINT('',(1.,-18.,3.4));
#985 = LINE('',#986,#987);
#986 = CARTESIAN_POINT('',(1.766666666667,-17.23333333333,4.166666666667
    ));
#987 = VECTOR('',#988,1.);
#988 = DIRECTION('',(0.57735026919,0.57735026919,0.57735026919));
#989 = ORIENTED_EDGE('',*,*,#818,.F.);
#990 = ORIENTED_EDGE('',*,*,#248,.F.);
#991 = ORIENTED_EDGE('',*,*,#992,.T.);
#992 = EDGE_CURVE('',#249,#983,#993,.T.);
#993 = LINE('',#994,#995);
#994 = CARTESIAN_POINT('',(1.,-18.,5.675));
#995 = VECTOR('',#996,1.);
#996 = DIRECTION('',(1.1E-16,0.,-1.));
#997 = PLANE('',#998);
#998 = AXIS2_PLACEMENT_3D('',#999,#1000,#1001);
#999 = CARTESIAN_POINT('',(1.5,-17.5,6.));
#1000 = DIRECTION('',(0.707106781187,-0.707106781187,8.E-17));
#1001 = DIRECTION('',(-5.343145750508E-17,-1.665685424949E-16,-1.));
#1002 = ADVANCED_FACE('',(#1003),#1046,.F.);
#1003 = FACE_BOUND('',#1004,.F.);
#1004 = EDGE_LOOP('',(#1005,#1015,#1021,#1022,#1023,#1024,#1032,#1040));
#1005 = ORIENTED_EDGE('',*,*,#1006,.F.);
#1006 = EDGE_CURVE('',#1007,#1009,#1011,.T.);
#1007 = VERTEX_POINT('',#1008);
#1008 = CARTESIAN_POINT('',(0.9999,-18.,10.7));
#1009 = VERTEX_POINT('',#1010);
#1010 = CARTESIAN_POINT('',(0.9999,-18.,1.));
#1011 = LINE('',#1012,#1013);
#1012 = CARTESIAN_POINT('',(0.9999,-18.,10.7));
#1013 = VECTOR('',#1014,1.);
#1014 = DIRECTION('',(0.,-2.2E-16,-1.));
#1015 = ORIENTED_EDGE('',*,*,#1016,.F.);
#1016 = EDGE_CURVE('',#370,#1007,#1017,.T.);
#1017 = LINE('',#1018,#1019);
#1018 = CARTESIAN_POINT('',(52.,-18.,10.7));
#1019 = VECTOR('',#1020,1.);
#1020 = DIRECTION('',(-1.,0.,0.));
#1021 = ORIENTED_EDGE('',*,*,#379,.T.);
#1022 = ORIENTED_EDGE('',*,*,#275,.T.);
#1023 = ORIENTED_EDGE('',*,*,#992,.T.);
#1024 = ORIENTED_EDGE('',*,*,#1025,.T.);
#1025 = EDGE_CURVE('',#983,#1026,#1028,.T.);
#1026 = VERTEX_POINT('',#1027);
#1027 = CARTESIAN_POINT('',(9.,-18.,3.4));
#1028 = LINE('',#1029,#1030);
#1029 = CARTESIAN_POINT('',(2.,-18.,3.4));
#1030 = VECTOR('',#1031,1.);
#1031 = DIRECTION('',(1.,0.,0.));
#1032 = ORIENTED_EDGE('',*,*,#1033,.F.);
#1033 = EDGE_CURVE('',#1034,#1026,#1036,.T.);
#1034 = VERTEX_POINT('',#1035);
#1035 = CARTESIAN_POINT('',(9.,-18.,1.));
#1036 = LINE('',#1037,#1038);
#1037 = CARTESIAN_POINT('',(9.,-18.,0.));
#1038 = VECTOR('',#1039,1.);
#1039 = DIRECTION('',(0.,0.,1.));
#1040 = ORIENTED_EDGE('',*,*,#1041,.F.);
#1041 = EDGE_CURVE('',#1009,#1034,#1042,.T.);
#1042 = LINE('',#1043,#1044);
#1043 = CARTESIAN_POINT('',(0.9999,-18.,1.));
#1044 = VECTOR('',#1045,1.);
#1045 = DIRECTION('',(1.,0.,0.));
#1046 = PLANE('',#1047);
#1047 = AXIS2_PLACEMENT_3D('',#1048,#1049,#1050);
#1048 = CARTESIAN_POINT('',(26.,-18.,5.35));
#1049 = DIRECTION('',(0.,1.,2.2E-16));
#1050 = DIRECTION('',(0.,-2.2E-16,1.));
#1051 = ADVANCED_FACE('',(#1052),#1132,.T.);
#1052 = FACE_BOUND('',#1053,.T.);
#1053 = EDGE_LOOP('',(#1054,#1064,#1073,#1081,#1090,#1098,#1105,#1106,
    #1107,#1108,#1117,#1125));
#1054 = ORIENTED_EDGE('',*,*,#1055,.F.);
#1055 = EDGE_CURVE('',#1056,#1058,#1060,.T.);
#1056 = VERTEX_POINT('',#1057);
#1057 = CARTESIAN_POINT('',(51.0001,-18.,8.));
#1058 = VERTEX_POINT('',#1059);
#1059 = CARTESIAN_POINT('',(49.,-18.,8.));
#1060 = LINE('',#1061,#1062);
#1061 = CARTESIAN_POINT('',(52.,-18.,8.));
#1062 = VECTOR('',#1063,1.);
#1063 = DIRECTION('',(-1.,-5.33E-15,0.));
#1064 = ORIENTED_EDGE('',*,*,#1065,.T.);
#1065 = EDGE_CURVE('',#1056,#1066,#1068,.T.);
#1066 = VERTEX_POINT('',#1067);
#1067 = CARTESIAN_POINT('',(52.,-17.0001,8.));
#1068 = CIRCLE('',#1069,0.9999);
#1069 = AXIS2_PLACEMENT_3D('',#1070,#1071,#1072);
#1070 = CARTESIAN_POINT('',(51.0001,-17.0001,8.));
#1071 = DIRECTION('',(-0.,0.,1.));
#1072 = DIRECTION('',(0.,-1.,0.));
#1073 = ORIENTED_EDGE('',*,*,#1074,.T.);
#1074 = EDGE_CURVE('',#1066,#1075,#1077,.T.);
#1075 = VERTEX_POINT('',#1076);
#1076 = CARTESIAN_POINT('',(52.,-0.9999,8.));
#1077 = LINE('',#1078,#1079);
#1078 = CARTESIAN_POINT('',(52.,-2.,8.));
#1079 = VECTOR('',#1080,1.);
#1080 = DIRECTION('',(0.,1.,-2.2E-16));
#1081 = ORIENTED_EDGE('',*,*,#1082,.T.);
#1082 = EDGE_CURVE('',#1075,#1083,#1085,.T.);
#1083 = VERTEX_POINT('',#1084);
#1084 = CARTESIAN_POINT('',(51.0001,2.E-15,8.));
#1085 = CIRCLE('',#1086,0.9999);
#1086 = AXIS2_PLACEMENT_3D('',#1087,#1088,#1089);
#1087 = CARTESIAN_POINT('',(51.0001,-0.9999,8.));
#1088 = DIRECTION('',(-0.,2.2E-16,1.));
#1089 = DIRECTION('',(0.,-1.,2.2E-16));
#1090 = ORIENTED_EDGE('',*,*,#1091,.T.);
#1091 = EDGE_CURVE('',#1083,#1092,#1094,.T.);
#1092 = VERTEX_POINT('',#1093);
#1093 = CARTESIAN_POINT('',(39.0001,0.,8.));
#1094 = LINE('',#1095,#1096);
#1095 = CARTESIAN_POINT('',(36.,-2.9E-16,8.));
#1096 = VECTOR('',#1097,1.);
#1097 = DIRECTION('',(-1.,0.,2.9E-16));
#1098 = ORIENTED_EDGE('',*,*,#1099,.T.);
#1099 = EDGE_CURVE('',#1092,#470,#1100,.T.);
#1100 = CIRCLE('',#1101,0.9999);
#1101 = AXIS2_PLACEMENT_3D('',#1102,#1103,#1104);
#1102 = CARTESIAN_POINT('',(39.0001,-0.9999,8.));
#1103 = DIRECTION('',(2.895E-14,0.,-1.));
#1104 = DIRECTION('',(1.,0.,2.895E-14));
#1105 = ORIENTED_EDGE('',*,*,#469,.F.);
#1106 = ORIENTED_EDGE('',*,*,#425,.T.);
#1107 = ORIENTED_EDGE('',*,*,#313,.F.);
#1108 = ORIENTED_EDGE('',*,*,#1109,.F.);
#1109 = EDGE_CURVE('',#1110,#314,#1112,.T.);
#1110 = VERTEX_POINT('',#1111);
#1111 = CARTESIAN_POINT('',(48.,-3.,8.));
#1112 = CIRCLE('',#1113,1.);
#1113 = AXIS2_PLACEMENT_3D('',#1114,#1115,#1116);
#1114 = CARTESIAN_POINT('',(47.,-3.,8.));
#1115 = DIRECTION('',(-0.,0.,1.));
#1116 = DIRECTION('',(0.,-1.,0.));
#1117 = ORIENTED_EDGE('',*,*,#1118,.F.);
#1118 = EDGE_CURVE('',#1119,#1110,#1121,.T.);
#1119 = VERTEX_POINT('',#1120);
#1120 = CARTESIAN_POINT('',(48.,-17.,8.));
#1121 = LINE('',#1122,#1123);
#1122 = CARTESIAN_POINT('',(48.,-18.,8.));
#1123 = VECTOR('',#1124,1.);
#1124 = DIRECTION('',(0.,1.,2.2E-16));
#1125 = ORIENTED_EDGE('',*,*,#1126,.F.);
#1126 = EDGE_CURVE('',#1058,#1119,#1127,.T.);
#1127 = CIRCLE('',#1128,1.);
#1128 = AXIS2_PLACEMENT_3D('',#1129,#1130,#1131);
#1129 = CARTESIAN_POINT('',(49.,-17.,8.));
#1130 = DIRECTION('',(-0.,-0.,-1.));
#1131 = DIRECTION('',(0.,-1.,0.));
#1132 = PLANE('',#1133);
#1133 = AXIS2_PLACEMENT_3D('',#1134,#1135,#1136);
#1134 = CARTESIAN_POINT('',(48.133333333333,-6.866666666667,8.));
#1135 = DIRECTION('',(0.,3.E-17,1.));
#1136 = DIRECTION('',(0.,-1.,3.E-17));
#1137 = ADVANCED_FACE('',(#1138),#1156,.F.);
#1138 = FACE_BOUND('',#1139,.F.);
#1139 = EDGE_LOOP('',(#1140,#1148,#1154,#1155));
#1140 = ORIENTED_EDGE('',*,*,#1141,.F.);
#1141 = EDGE_CURVE('',#1142,#340,#1144,.T.);
#1142 = VERTEX_POINT('',#1143);
#1143 = CARTESIAN_POINT('',(50.25,-17.,6.));
#1144 = LINE('',#1145,#1146);
#1145 = CARTESIAN_POINT('',(50.25,-18.,6.));
#1146 = VECTOR('',#1147,1.);
#1147 = DIRECTION('',(0.,1.,-2.2E-16));
#1148 = ORIENTED_EDGE('',*,*,#1149,.F.);
#1149 = EDGE_CURVE('',#857,#1142,#1150,.T.);
#1150 = LINE('',#1151,#1152);
#1151 = CARTESIAN_POINT('',(50.25,-17.,4.4));
#1152 = VECTOR('',#1153,1.);
#1153 = DIRECTION('',(0.,2.2E-16,1.));
#1154 = ORIENTED_EDGE('',*,*,#864,.T.);
#1155 = ORIENTED_EDGE('',*,*,#339,.F.);
#1156 = PLANE('',#1157);
#1157 = AXIS2_PLACEMENT_3D('',#1158,#1159,#1160);
#1158 = CARTESIAN_POINT('',(50.25,-18.,4.4));
#1159 = DIRECTION('',(1.,0.,0.));
#1160 = DIRECTION('',(-0.,2.2E-16,1.));
#1161 = ADVANCED_FACE('',(#1162),#1205,.T.);
#1162 = FACE_BOUND('',#1163,.T.);
#1163 = EDGE_LOOP('',(#1164,#1172,#1180,#1188,#1196,#1203,#1204));
#1164 = ORIENTED_EDGE('',*,*,#1165,.F.);
#1165 = EDGE_CURVE('',#1166,#1142,#1168,.T.);
#1166 = VERTEX_POINT('',#1167);
#1167 = CARTESIAN_POINT('',(50.241421356237,-17.,6.));
#1168 = LINE('',#1169,#1170);
#1169 = CARTESIAN_POINT('',(50.,-17.,6.));
#1170 = VECTOR('',#1171,1.);
#1171 = DIRECTION('',(1.,0.,0.));
#1172 = ORIENTED_EDGE('',*,*,#1173,.T.);
#1173 = EDGE_CURVE('',#1166,#1174,#1176,.T.);
#1174 = VERTEX_POINT('',#1175);
#1175 = CARTESIAN_POINT('',(50.,-17.,6.));
#1176 = LINE('',#1177,#1178);
#1177 = CARTESIAN_POINT('',(50.,-17.,6.));
#1178 = VECTOR('',#1179,1.);
#1179 = DIRECTION('',(-1.,0.,0.));
#1180 = ORIENTED_EDGE('',*,*,#1181,.T.);
#1181 = EDGE_CURVE('',#1174,#1182,#1184,.T.);
#1182 = VERTEX_POINT('',#1183);
#1183 = CARTESIAN_POINT('',(48.,-17.,6.));
#1184 = LINE('',#1185,#1186);
#1185 = CARTESIAN_POINT('',(50.,-17.,6.));
#1186 = VECTOR('',#1187,1.);
#1187 = DIRECTION('',(-1.,0.,0.));
#1188 = ORIENTED_EDGE('',*,*,#1189,.T.);
#1189 = EDGE_CURVE('',#1182,#1190,#1192,.T.);
#1190 = VERTEX_POINT('',#1191);
#1191 = CARTESIAN_POINT('',(48.,-3.,6.));
#1192 = LINE('',#1193,#1194);
#1193 = CARTESIAN_POINT('',(48.,-18.,6.));
#1194 = VECTOR('',#1195,1.);
#1195 = DIRECTION('',(0.,1.,-2.2E-16));
#1196 = ORIENTED_EDGE('',*,*,#1197,.T.);
#1197 = EDGE_CURVE('',#1190,#348,#1198,.T.);
#1198 = CIRCLE('',#1199,1.);
#1199 = AXIS2_PLACEMENT_3D('',#1200,#1201,#1202);
#1200 = CARTESIAN_POINT('',(47.,-3.,6.));
#1201 = DIRECTION('',(-0.,0.,1.));
#1202 = DIRECTION('',(0.,-1.,0.));
#1203 = ORIENTED_EDGE('',*,*,#347,.T.);
#1204 = ORIENTED_EDGE('',*,*,#1141,.F.);
#1205 = PLANE('',#1206);
#1206 = AXIS2_PLACEMENT_3D('',#1207,#1208,#1209);
#1207 = CARTESIAN_POINT('',(49.046392845597,-9.179363823448,6.));
#1208 = DIRECTION('',(0.,-2.6E-16,-1.));
#1209 = DIRECTION('',(0.,1.,-2.6E-16));
#1210 = ADVANCED_FACE('',(#1211),#1222,.F.);
#1211 = FACE_BOUND('',#1212,.F.);
#1212 = EDGE_LOOP('',(#1213,#1214,#1215,#1216));
#1213 = ORIENTED_EDGE('',*,*,#1197,.T.);
#1214 = ORIENTED_EDGE('',*,*,#355,.T.);
#1215 = ORIENTED_EDGE('',*,*,#1109,.F.);
#1216 = ORIENTED_EDGE('',*,*,#1217,.F.);
#1217 = EDGE_CURVE('',#1190,#1110,#1218,.T.);
#1218 = LINE('',#1219,#1220);
#1219 = CARTESIAN_POINT('',(48.,-3.,6.));
#1220 = VECTOR('',#1221,1.);
#1221 = DIRECTION('',(0.,0.,1.));
#1222 = CYLINDRICAL_SURFACE('',#1223,1.);
#1223 = AXIS2_PLACEMENT_3D('',#1224,#1225,#1226);
#1224 = CARTESIAN_POINT('',(47.,-3.,6.));
#1225 = DIRECTION('',(0.,0.,1.));
#1226 = DIRECTION('',(1.,0.,-0.));
#1227 = ADVANCED_FACE('',(#1228,#1239,#1505),#1516,.F.);
#1228 = FACE_BOUND('',#1229,.F.);
#1229 = EDGE_LOOP('',(#1230));
#1230 = ORIENTED_EDGE('',*,*,#1231,.T.);
#1231 = EDGE_CURVE('',#1232,#1232,#1234,.T.);
#1232 = VERTEX_POINT('',#1233);
#1233 = CARTESIAN_POINT('',(4.9,-9.5,10.7));
#1234 = CIRCLE('',#1235,2.1);
#1235 = AXIS2_PLACEMENT_3D('',#1236,#1237,#1238);
#1236 = CARTESIAN_POINT('',(7.,-9.5,10.7));
#1237 = DIRECTION('',(0.,2.2E-16,1.));
#1238 = DIRECTION('',(-1.,0.,0.));
#1239 = FACE_BOUND('',#1240,.F.);
#1240 = EDGE_LOOP('',(#1241,#1242,#1243,#1252,#1260,#1269,#1277,#1284,
    #1285,#1294,#1300,#1301,#1310,#1318,#1327,#1335,#1344,#1352,#1359,
    #1360,#1361,#1362,#1371,#1379,#1388,#1396,#1405,#1413,#1422,#1430,
    #1439,#1447,#1456,#1464,#1473,#1481,#1490,#1498));
#1241 = ORIENTED_EDGE('',*,*,#369,.F.);
#1242 = ORIENTED_EDGE('',*,*,#1016,.T.);
#1243 = ORIENTED_EDGE('',*,*,#1244,.T.);
#1244 = EDGE_CURVE('',#1007,#1245,#1247,.T.);
#1245 = VERTEX_POINT('',#1246);
#1246 = CARTESIAN_POINT('',(-0.,-17.0001,10.7));
#1247 = CIRCLE('',#1248,0.9999);
#1248 = AXIS2_PLACEMENT_3D('',#1249,#1250,#1251);
#1249 = CARTESIAN_POINT('',(0.9999,-17.0001,10.7));
#1250 = DIRECTION('',(0.,-2.2E-16,-1.));
#1251 = DIRECTION('',(0.,1.,-2.2E-16));
#1252 = ORIENTED_EDGE('',*,*,#1253,.F.);
#1253 = EDGE_CURVE('',#1254,#1245,#1256,.T.);
#1254 = VERTEX_POINT('',#1255);
#1255 = CARTESIAN_POINT('',(-0.,-0.9999,10.7));
#1256 = LINE('',#1257,#1258);
#1257 = CARTESIAN_POINT('',(0.,2.38E-15,10.7));
#1258 = VECTOR('',#1259,1.);
#1259 = DIRECTION('',(0.,-1.,2.2E-16));
#1260 = ORIENTED_EDGE('',*,*,#1261,.T.);
#1261 = EDGE_CURVE('',#1254,#1262,#1264,.T.);
#1262 = VERTEX_POINT('',#1263);
#1263 = CARTESIAN_POINT('',(0.9999,-1.E-15,10.7));
#1264 = CIRCLE('',#1265,0.9999);
#1265 = AXIS2_PLACEMENT_3D('',#1266,#1267,#1268);
#1266 = CARTESIAN_POINT('',(0.9999,-0.9999,10.7));
#1267 = DIRECTION('',(0.,-2.2E-16,-1.));
#1268 = DIRECTION('',(0.,1.,-2.2E-16));
#1269 = ORIENTED_EDGE('',*,*,#1270,.F.);
#1270 = EDGE_CURVE('',#1271,#1262,#1273,.T.);
#1271 = VERTEX_POINT('',#1272);
#1272 = CARTESIAN_POINT('',(39.0001,-1.E-15,10.7));
#1273 = LINE('',#1274,#1275);
#1274 = CARTESIAN_POINT('',(52.,-2.38E-15,10.7));
#1275 = VECTOR('',#1276,1.);
#1276 = DIRECTION('',(-1.,0.,0.));
#1277 = ORIENTED_EDGE('',*,*,#1278,.T.);
#1278 = EDGE_CURVE('',#1271,#478,#1279,.T.);
#1279 = CIRCLE('',#1280,0.9999);
#1280 = AXIS2_PLACEMENT_3D('',#1281,#1282,#1283);
#1281 = CARTESIAN_POINT('',(39.0001,-0.9999,10.7));
#1282 = DIRECTION('',(2.895E-14,0.,-1.));
#1283 = DIRECTION('',(1.,0.,2.895E-14));
#1284 = ORIENTED_EDGE('',*,*,#485,.F.);
#1285 = ORIENTED_EDGE('',*,*,#1286,.T.);
#1286 = EDGE_CURVE('',#486,#1287,#1289,.T.);
#1287 = VERTEX_POINT('',#1288);
#1288 = CARTESIAN_POINT('',(39.0001,-18.,10.7));
#1289 = CIRCLE('',#1290,0.9999);
#1290 = AXIS2_PLACEMENT_3D('',#1291,#1292,#1293);
#1291 = CARTESIAN_POINT('',(39.0001,-17.0001,10.7));
#1292 = DIRECTION('',(-0.,-2.2E-16,-1.));
#1293 = DIRECTION('',(0.,-1.,2.2E-16));
#1294 = ORIENTED_EDGE('',*,*,#1295,.T.);
#1295 = EDGE_CURVE('',#1287,#616,#1296,.T.);
#1296 = LINE('',#1297,#1298);
#1297 = CARTESIAN_POINT('',(52.,-18.,10.7));
#1298 = VECTOR('',#1299,1.);
#1299 = DIRECTION('',(-1.,0.,0.));
#1300 = ORIENTED_EDGE('',*,*,#623,.F.);
#1301 = ORIENTED_EDGE('',*,*,#1302,.T.);
#1302 = EDGE_CURVE('',#624,#1303,#1305,.T.);
#1303 = VERTEX_POINT('',#1304);
#1304 = CARTESIAN_POINT('',(28.,-12.5,10.7));
#1305 = CIRCLE('',#1306,0.5);
#1306 = AXIS2_PLACEMENT_3D('',#1307,#1308,#1309);
#1307 = CARTESIAN_POINT('',(28.,-13.,10.7));
#1308 = DIRECTION('',(0.,0.,-1.));
#1309 = DIRECTION('',(0.,1.,0.));
#1310 = ORIENTED_EDGE('',*,*,#1311,.T.);
#1311 = EDGE_CURVE('',#1303,#1312,#1314,.T.);
#1312 = VERTEX_POINT('',#1313);
#1313 = CARTESIAN_POINT('',(28.2,-12.5,10.7));
#1314 = LINE('',#1315,#1316);
#1315 = CARTESIAN_POINT('',(27.5,-12.5,10.7));
#1316 = VECTOR('',#1317,1.);
#1317 = DIRECTION('',(1.,0.,0.));
#1318 = ORIENTED_EDGE('',*,*,#1319,.F.);
#1319 = EDGE_CURVE('',#1320,#1312,#1322,.T.);
#1320 = VERTEX_POINT('',#1321);
#1321 = CARTESIAN_POINT('',(28.7,-12.,10.7));
#1322 = CIRCLE('',#1323,0.5);
#1323 = AXIS2_PLACEMENT_3D('',#1324,#1325,#1326);
#1324 = CARTESIAN_POINT('',(28.2,-12.,10.7));
#1325 = DIRECTION('',(0.,0.,-1.));
#1326 = DIRECTION('',(0.,1.,0.));
#1327 = ORIENTED_EDGE('',*,*,#1328,.T.);
#1328 = EDGE_CURVE('',#1320,#1329,#1331,.T.);
#1329 = VERTEX_POINT('',#1330);
#1330 = CARTESIAN_POINT('',(28.7,-8.,10.7));
#1331 = LINE('',#1332,#1333);
#1332 = CARTESIAN_POINT('',(28.7,-12.5,10.7));
#1333 = VECTOR('',#1334,1.);
#1334 = DIRECTION('',(0.,1.,2.2E-16));
#1335 = ORIENTED_EDGE('',*,*,#1336,.F.);
#1336 = EDGE_CURVE('',#1337,#1329,#1339,.T.);
#1337 = VERTEX_POINT('',#1338);
#1338 = CARTESIAN_POINT('',(28.2,-7.5,10.7));
#1339 = CIRCLE('',#1340,0.5);
#1340 = AXIS2_PLACEMENT_3D('',#1341,#1342,#1343);
#1341 = CARTESIAN_POINT('',(28.2,-8.,10.7));
#1342 = DIRECTION('',(0.,0.,-1.));
#1343 = DIRECTION('',(0.,1.,0.));
#1344 = ORIENTED_EDGE('',*,*,#1345,.T.);
#1345 = EDGE_CURVE('',#1337,#1346,#1348,.T.);
#1346 = VERTEX_POINT('',#1347);
#1347 = CARTESIAN_POINT('',(28.,-7.5,10.7));
#1348 = LINE('',#1349,#1350);
#1349 = CARTESIAN_POINT('',(28.7,-7.5,10.7));
#1350 = VECTOR('',#1351,1.);
#1351 = DIRECTION('',(-1.,0.,0.));
#1352 = ORIENTED_EDGE('',*,*,#1353,.F.);
#1353 = EDGE_CURVE('',#600,#1346,#1354,.T.);
#1354 = CIRCLE('',#1355,0.5);
#1355 = AXIS2_PLACEMENT_3D('',#1356,#1357,#1358);
#1356 = CARTESIAN_POINT('',(28.,-7.,10.7));
#1357 = DIRECTION('',(0.,-0.,1.));
#1358 = DIRECTION('',(0.,1.,0.));
#1359 = ORIENTED_EDGE('',*,*,#597,.F.);
#1360 = ORIENTED_EDGE('',*,*,#685,.F.);
#1361 = ORIENTED_EDGE('',*,*,#735,.F.);
#1362 = ORIENTED_EDGE('',*,*,#1363,.T.);
#1363 = EDGE_CURVE('',#736,#1364,#1366,.T.);
#1364 = VERTEX_POINT('',#1365);
#1365 = CARTESIAN_POINT('',(23.,-2.5,10.7));
#1366 = CIRCLE('',#1367,0.5);
#1367 = AXIS2_PLACEMENT_3D('',#1368,#1369,#1370);
#1368 = CARTESIAN_POINT('',(23.5,-2.5,10.7));
#1369 = DIRECTION('',(0.,0.,-1.));
#1370 = DIRECTION('',(0.,1.,0.));
#1371 = ORIENTED_EDGE('',*,*,#1372,.T.);
#1372 = EDGE_CURVE('',#1364,#1373,#1375,.T.);
#1373 = VERTEX_POINT('',#1374);
#1374 = CARTESIAN_POINT('',(23.,-2.3,10.7));
#1375 = LINE('',#1376,#1377);
#1376 = CARTESIAN_POINT('',(23.,-3.,10.7));
#1377 = VECTOR('',#1378,1.);
#1378 = DIRECTION('',(0.,1.,2.2E-16));
#1379 = ORIENTED_EDGE('',*,*,#1380,.F.);
#1380 = EDGE_CURVE('',#1381,#1373,#1383,.T.);
#1381 = VERTEX_POINT('',#1382);
#1382 = CARTESIAN_POINT('',(22.5,-1.8,10.7));
#1383 = CIRCLE('',#1384,0.5);
#1384 = AXIS2_PLACEMENT_3D('',#1385,#1386,#1387);
#1385 = CARTESIAN_POINT('',(22.5,-2.3,10.7));
#1386 = DIRECTION('',(0.,0.,-1.));
#1387 = DIRECTION('',(0.,1.,0.));
#1388 = ORIENTED_EDGE('',*,*,#1389,.T.);
#1389 = EDGE_CURVE('',#1381,#1390,#1392,.T.);
#1390 = VERTEX_POINT('',#1391);
#1391 = CARTESIAN_POINT('',(18.5,-1.8,10.7));
#1392 = LINE('',#1393,#1394);
#1393 = CARTESIAN_POINT('',(23.,-1.8,10.7));
#1394 = VECTOR('',#1395,1.);
#1395 = DIRECTION('',(-1.,0.,0.));
#1396 = ORIENTED_EDGE('',*,*,#1397,.F.);
#1397 = EDGE_CURVE('',#1398,#1390,#1400,.T.);
#1398 = VERTEX_POINT('',#1399);
#1399 = CARTESIAN_POINT('',(18.,-2.3,10.7));
#1400 = CIRCLE('',#1401,0.5);
#1401 = AXIS2_PLACEMENT_3D('',#1402,#1403,#1404);
#1402 = CARTESIAN_POINT('',(18.5,-2.3,10.7));
#1403 = DIRECTION('',(0.,0.,-1.));
#1404 = DIRECTION('',(0.,1.,0.));
#1405 = ORIENTED_EDGE('',*,*,#1406,.T.);
#1406 = EDGE_CURVE('',#1398,#1407,#1409,.T.);
#1407 = VERTEX_POINT('',#1408);
#1408 = CARTESIAN_POINT('',(18.,-2.5,10.7));
#1409 = LINE('',#1410,#1411);
#1410 = CARTESIAN_POINT('',(18.,-1.8,10.7));
#1411 = VECTOR('',#1412,1.);
#1412 = DIRECTION('',(-0.,-1.,-2.2E-16));
#1413 = ORIENTED_EDGE('',*,*,#1414,.F.);
#1414 = EDGE_CURVE('',#1415,#1407,#1417,.T.);
#1415 = VERTEX_POINT('',#1416);
#1416 = CARTESIAN_POINT('',(17.5,-3.,10.7));
#1417 = CIRCLE('',#1418,0.5);
#1418 = AXIS2_PLACEMENT_3D('',#1419,#1420,#1421);
#1419 = CARTESIAN_POINT('',(17.5,-2.5,10.7));
#1420 = DIRECTION('',(0.,-0.,1.));
#1421 = DIRECTION('',(0.,1.,0.));
#1422 = ORIENTED_EDGE('',*,*,#1423,.F.);
#1423 = EDGE_CURVE('',#1424,#1415,#1426,.T.);
#1424 = VERTEX_POINT('',#1425);
#1425 = CARTESIAN_POINT('',(14.5,-3.,10.7));
#1426 = LINE('',#1427,#1428);
#1427 = CARTESIAN_POINT('',(13.5,-3.,10.7));
#1428 = VECTOR('',#1429,1.);
#1429 = DIRECTION('',(1.,0.,0.));
#1430 = ORIENTED_EDGE('',*,*,#1431,.F.);
#1431 = EDGE_CURVE('',#1432,#1424,#1434,.T.);
#1432 = VERTEX_POINT('',#1433);
#1433 = CARTESIAN_POINT('',(13.5,-4.,10.7));
#1434 = CIRCLE('',#1435,1.);
#1435 = AXIS2_PLACEMENT_3D('',#1436,#1437,#1438);
#1436 = CARTESIAN_POINT('',(14.5,-4.,10.7));
#1437 = DIRECTION('',(0.,0.,-1.));
#1438 = DIRECTION('',(0.,1.,0.));
#1439 = ORIENTED_EDGE('',*,*,#1440,.F.);
#1440 = EDGE_CURVE('',#1441,#1432,#1443,.T.);
#1441 = VERTEX_POINT('',#1442);
#1442 = CARTESIAN_POINT('',(13.5,-7.,10.7));
#1443 = LINE('',#1444,#1445);
#1444 = CARTESIAN_POINT('',(13.5,-18.,10.7));
#1445 = VECTOR('',#1446,1.);
#1446 = DIRECTION('',(0.,1.,2.2E-16));
#1447 = ORIENTED_EDGE('',*,*,#1448,.F.);
#1448 = EDGE_CURVE('',#1449,#1441,#1451,.T.);
#1449 = VERTEX_POINT('',#1450);
#1450 = CARTESIAN_POINT('',(13.,-7.5,10.7));
#1451 = CIRCLE('',#1452,0.5);
#1452 = AXIS2_PLACEMENT_3D('',#1453,#1454,#1455);
#1453 = CARTESIAN_POINT('',(13.,-7.,10.7));
#1454 = DIRECTION('',(0.,-0.,1.));
#1455 = DIRECTION('',(0.,1.,0.));
#1456 = ORIENTED_EDGE('',*,*,#1457,.F.);
#1457 = EDGE_CURVE('',#1458,#1449,#1460,.T.);
#1458 = VERTEX_POINT('',#1459);
#1459 = CARTESIAN_POINT('',(12.8,-7.5,10.7));
#1460 = LINE('',#1461,#1462);
#1461 = CARTESIAN_POINT('',(12.3,-7.5,10.7));
#1462 = VECTOR('',#1463,1.);
#1463 = DIRECTION('',(1.,0.,0.));
#1464 = ORIENTED_EDGE('',*,*,#1465,.F.);
#1465 = EDGE_CURVE('',#1466,#1458,#1468,.T.);
#1466 = VERTEX_POINT('',#1467);
#1467 = CARTESIAN_POINT('',(12.3,-8.,10.7));
#1468 = CIRCLE('',#1469,0.5);
#1469 = AXIS2_PLACEMENT_3D('',#1470,#1471,#1472);
#1470 = CARTESIAN_POINT('',(12.8,-8.,10.7));
#1471 = DIRECTION('',(0.,0.,-1.));
#1472 = DIRECTION('',(0.,1.,0.));
#1473 = ORIENTED_EDGE('',*,*,#1474,.F.);
#1474 = EDGE_CURVE('',#1475,#1466,#1477,.T.);
#1475 = VERTEX_POINT('',#1476);
#1476 = CARTESIAN_POINT('',(12.3,-12.,10.7));
#1477 = LINE('',#1478,#1479);
#1478 = CARTESIAN_POINT('',(12.3,-12.5,10.7));
#1479 = VECTOR('',#1480,1.);
#1480 = DIRECTION('',(0.,1.,2.2E-16));
#1481 = ORIENTED_EDGE('',*,*,#1482,.F.);
#1482 = EDGE_CURVE('',#1483,#1475,#1485,.T.);
#1483 = VERTEX_POINT('',#1484);
#1484 = CARTESIAN_POINT('',(12.8,-12.5,10.7));
#1485 = CIRCLE('',#1486,0.5);
#1486 = AXIS2_PLACEMENT_3D('',#1487,#1488,#1489);
#1487 = CARTESIAN_POINT('',(12.8,-12.,10.7));
#1488 = DIRECTION('',(0.,0.,-1.));
#1489 = DIRECTION('',(0.,1.,0.));
#1490 = ORIENTED_EDGE('',*,*,#1491,.F.);
#1491 = EDGE_CURVE('',#1492,#1483,#1494,.T.);
#1492 = VERTEX_POINT('',#1493);
#1493 = CARTESIAN_POINT('',(13.,-12.5,10.7));
#1494 = LINE('',#1495,#1496);
#1495 = CARTESIAN_POINT('',(13.5,-12.5,10.7));
#1496 = VECTOR('',#1497,1.);
#1497 = DIRECTION('',(-1.,0.,0.));
#1498 = ORIENTED_EDGE('',*,*,#1499,.F.);
#1499 = EDGE_CURVE('',#372,#1492,#1500,.T.);
#1500 = CIRCLE('',#1501,0.5);
#1501 = AXIS2_PLACEMENT_3D('',#1502,#1503,#1504);
#1502 = CARTESIAN_POINT('',(13.,-13.,10.7));
#1503 = DIRECTION('',(0.,-0.,1.));
#1504 = DIRECTION('',(0.,1.,0.));
#1505 = FACE_BOUND('',#1506,.F.);
#1506 = EDGE_LOOP('',(#1507));
#1507 = ORIENTED_EDGE('',*,*,#1508,.T.);
#1508 = EDGE_CURVE('',#1509,#1509,#1511,.T.);
#1509 = VERTEX_POINT('',#1510);
#1510 = CARTESIAN_POINT('',(31.9,-9.5,10.7));
#1511 = CIRCLE('',#1512,2.1);
#1512 = AXIS2_PLACEMENT_3D('',#1513,#1514,#1515);
#1513 = CARTESIAN_POINT('',(34.,-9.5,10.7));
#1514 = DIRECTION('',(0.,2.2E-16,1.));
#1515 = DIRECTION('',(-1.,0.,0.));
#1516 = PLANE('',#1517);
#1517 = AXIS2_PLACEMENT_3D('',#1518,#1519,#1520);
#1518 = CARTESIAN_POINT('',(52.,2.38E-15,10.7));
#1519 = DIRECTION('',(0.,-2.2E-16,-1.));
#1520 = DIRECTION('',(-1.,-0.,0.));
#1521 = ADVANCED_FACE('',(#1522),#1541,.T.);
#1522 = FACE_BOUND('',#1523,.T.);
#1523 = EDGE_LOOP('',(#1524,#1525,#1534,#1540));
#1524 = ORIENTED_EDGE('',*,*,#403,.T.);
#1525 = ORIENTED_EDGE('',*,*,#1526,.T.);
#1526 = EDGE_CURVE('',#396,#1527,#1529,.T.);
#1527 = VERTEX_POINT('',#1528);
#1528 = CARTESIAN_POINT('',(13.,-12.5,8.35));
#1529 = CIRCLE('',#1530,0.5);
#1530 = AXIS2_PLACEMENT_3D('',#1531,#1532,#1533);
#1531 = CARTESIAN_POINT('',(13.,-13.,8.35));
#1532 = DIRECTION('',(0.,-0.,1.));
#1533 = DIRECTION('',(0.,1.,0.));
#1534 = ORIENTED_EDGE('',*,*,#1535,.F.);
#1535 = EDGE_CURVE('',#1492,#1527,#1536,.T.);
#1536 = LINE('',#1537,#1538);
#1537 = CARTESIAN_POINT('',(13.,-12.5,10.7));
#1538 = VECTOR('',#1539,1.);
#1539 = DIRECTION('',(0.,0.,-1.));
#1540 = ORIENTED_EDGE('',*,*,#1499,.F.);
#1541 = CYLINDRICAL_SURFACE('',#1542,0.5);
#1542 = AXIS2_PLACEMENT_3D('',#1543,#1544,#1545);
#1543 = CARTESIAN_POINT('',(13.,-13.,10.7));
#1544 = DIRECTION('',(0.,0.,-1.));
#1545 = DIRECTION('',(1.,0.,0.));
#1546 = ADVANCED_FACE('',(#1547),#1691,.T.);
#1547 = FACE_BOUND('',#1548,.T.);
#1548 = EDGE_LOOP('',(#1549,#1559,#1568,#1576,#1585,#1593,#1602,#1610,
    #1619,#1627,#1636,#1644,#1653,#1661,#1670,#1676,#1677,#1678,#1679,
    #1680,#1681,#1682,#1683,#1684));
#1549 = ORIENTED_EDGE('',*,*,#1550,.T.);
#1550 = EDGE_CURVE('',#1551,#1553,#1555,.T.);
#1551 = VERTEX_POINT('',#1552);
#1552 = CARTESIAN_POINT('',(23.,-2.5,8.35));
#1553 = VERTEX_POINT('',#1554);
#1554 = CARTESIAN_POINT('',(23.,-2.3,8.35));
#1555 = LINE('',#1556,#1557);
#1556 = CARTESIAN_POINT('',(23.,-3.,8.35));
#1557 = VECTOR('',#1558,1.);
#1558 = DIRECTION('',(0.,1.,-2.2E-16));
#1559 = ORIENTED_EDGE('',*,*,#1560,.F.);
#1560 = EDGE_CURVE('',#1561,#1553,#1563,.T.);
#1561 = VERTEX_POINT('',#1562);
#1562 = CARTESIAN_POINT('',(22.5,-1.8,8.35));
#1563 = CIRCLE('',#1564,0.5);
#1564 = AXIS2_PLACEMENT_3D('',#1565,#1566,#1567);
#1565 = CARTESIAN_POINT('',(22.5,-2.3,8.35));
#1566 = DIRECTION('',(0.,0.,-1.));
#1567 = DIRECTION('',(0.,1.,0.));
#1568 = ORIENTED_EDGE('',*,*,#1569,.T.);
#1569 = EDGE_CURVE('',#1561,#1570,#1572,.T.);
#1570 = VERTEX_POINT('',#1571);
#1571 = CARTESIAN_POINT('',(18.5,-1.8,8.35));
#1572 = LINE('',#1573,#1574);
#1573 = CARTESIAN_POINT('',(20.75,-1.8,8.35));
#1574 = VECTOR('',#1575,1.);
#1575 = DIRECTION('',(-1.,0.,0.));
#1576 = ORIENTED_EDGE('',*,*,#1577,.F.);
#1577 = EDGE_CURVE('',#1578,#1570,#1580,.T.);
#1578 = VERTEX_POINT('',#1579);
#1579 = CARTESIAN_POINT('',(18.,-2.3,8.35));
#1580 = CIRCLE('',#1581,0.5);
#1581 = AXIS2_PLACEMENT_3D('',#1582,#1583,#1584);
#1582 = CARTESIAN_POINT('',(18.5,-2.3,8.35));
#1583 = DIRECTION('',(0.,0.,-1.));
#1584 = DIRECTION('',(0.,1.,0.));
#1585 = ORIENTED_EDGE('',*,*,#1586,.T.);
#1586 = EDGE_CURVE('',#1578,#1587,#1589,.T.);
#1587 = VERTEX_POINT('',#1588);
#1588 = CARTESIAN_POINT('',(18.,-2.5,8.35));
#1589 = LINE('',#1590,#1591);
#1590 = CARTESIAN_POINT('',(18.,-2.4,8.35));
#1591 = VECTOR('',#1592,1.);
#1592 = DIRECTION('',(0.,-1.,2.2E-16));
#1593 = ORIENTED_EDGE('',*,*,#1594,.F.);
#1594 = EDGE_CURVE('',#1595,#1587,#1597,.T.);
#1595 = VERTEX_POINT('',#1596);
#1596 = CARTESIAN_POINT('',(17.5,-3.,8.35));
#1597 = CIRCLE('',#1598,0.5);
#1598 = AXIS2_PLACEMENT_3D('',#1599,#1600,#1601);
#1599 = CARTESIAN_POINT('',(17.5,-2.5,8.35));
#1600 = DIRECTION('',(0.,-0.,1.));
#1601 = DIRECTION('',(0.,1.,0.));
#1602 = ORIENTED_EDGE('',*,*,#1603,.F.);
#1603 = EDGE_CURVE('',#1604,#1595,#1606,.T.);
#1604 = VERTEX_POINT('',#1605);
#1605 = CARTESIAN_POINT('',(14.5,-3.,8.35));
#1606 = LINE('',#1607,#1608);
#1607 = CARTESIAN_POINT('',(16.,-3.,8.35));
#1608 = VECTOR('',#1609,1.);
#1609 = DIRECTION('',(1.,0.,0.));
#1610 = ORIENTED_EDGE('',*,*,#1611,.F.);
#1611 = EDGE_CURVE('',#1612,#1604,#1614,.T.);
#1612 = VERTEX_POINT('',#1613);
#1613 = CARTESIAN_POINT('',(13.5,-4.,8.35));
#1614 = CIRCLE('',#1615,1.);
#1615 = AXIS2_PLACEMENT_3D('',#1616,#1617,#1618);
#1616 = CARTESIAN_POINT('',(14.5,-4.,8.35));
#1617 = DIRECTION('',(0.,0.,-1.));
#1618 = DIRECTION('',(0.,1.,0.));
#1619 = ORIENTED_EDGE('',*,*,#1620,.T.);
#1620 = EDGE_CURVE('',#1612,#1621,#1623,.T.);
#1621 = VERTEX_POINT('',#1622);
#1622 = CARTESIAN_POINT('',(13.5,-7.,8.35));
#1623 = LINE('',#1624,#1625);
#1624 = CARTESIAN_POINT('',(13.5,-10.5,8.35));
#1625 = VECTOR('',#1626,1.);
#1626 = DIRECTION('',(0.,-1.,2.2E-16));
#1627 = ORIENTED_EDGE('',*,*,#1628,.F.);
#1628 = EDGE_CURVE('',#1629,#1621,#1631,.T.);
#1629 = VERTEX_POINT('',#1630);
#1630 = CARTESIAN_POINT('',(13.,-7.5,8.35));
#1631 = CIRCLE('',#1632,0.5);
#1632 = AXIS2_PLACEMENT_3D('',#1633,#1634,#1635);
#1633 = CARTESIAN_POINT('',(13.,-7.,8.35));
#1634 = DIRECTION('',(0.,-0.,1.));
#1635 = DIRECTION('',(0.,1.,0.));
#1636 = ORIENTED_EDGE('',*,*,#1637,.F.);
#1637 = EDGE_CURVE('',#1638,#1629,#1640,.T.);
#1638 = VERTEX_POINT('',#1639);
#1639 = CARTESIAN_POINT('',(12.8,-7.5,8.35));
#1640 = LINE('',#1641,#1642);
#1641 = CARTESIAN_POINT('',(15.4,-7.5,8.35));
#1642 = VECTOR('',#1643,1.);
#1643 = DIRECTION('',(1.,0.,0.));
#1644 = ORIENTED_EDGE('',*,*,#1645,.F.);
#1645 = EDGE_CURVE('',#1646,#1638,#1648,.T.);
#1646 = VERTEX_POINT('',#1647);
#1647 = CARTESIAN_POINT('',(12.3,-8.,8.35));
#1648 = CIRCLE('',#1649,0.5);
#1649 = AXIS2_PLACEMENT_3D('',#1650,#1651,#1652);
#1650 = CARTESIAN_POINT('',(12.8,-8.,8.35));
#1651 = DIRECTION('',(0.,0.,-1.));
#1652 = DIRECTION('',(0.,1.,0.));
#1653 = ORIENTED_EDGE('',*,*,#1654,.F.);
#1654 = EDGE_CURVE('',#1655,#1646,#1657,.T.);
#1655 = VERTEX_POINT('',#1656);
#1656 = CARTESIAN_POINT('',(12.3,-12.,8.35));
#1657 = LINE('',#1658,#1659);
#1658 = CARTESIAN_POINT('',(12.3,-7.75,8.35));
#1659 = VECTOR('',#1660,1.);
#1660 = DIRECTION('',(0.,1.,-2.2E-16));
#1661 = ORIENTED_EDGE('',*,*,#1662,.F.);
#1662 = EDGE_CURVE('',#1663,#1655,#1665,.T.);
#1663 = VERTEX_POINT('',#1664);
#1664 = CARTESIAN_POINT('',(12.8,-12.5,8.35));
#1665 = CIRCLE('',#1666,0.5);
#1666 = AXIS2_PLACEMENT_3D('',#1667,#1668,#1669);
#1667 = CARTESIAN_POINT('',(12.8,-12.,8.35));
#1668 = DIRECTION('',(0.,0.,-1.));
#1669 = DIRECTION('',(0.,1.,0.));
#1670 = ORIENTED_EDGE('',*,*,#1671,.F.);
#1671 = EDGE_CURVE('',#1527,#1663,#1672,.T.);
#1672 = LINE('',#1673,#1674);
#1673 = CARTESIAN_POINT('',(16.,-12.5,8.35));
#1674 = VECTOR('',#1675,1.);
#1675 = DIRECTION('',(-1.,0.,0.));
#1676 = ORIENTED_EDGE('',*,*,#1526,.F.);
#1677 = ORIENTED_EDGE('',*,*,#395,.T.);
#1678 = ORIENTED_EDGE('',*,*,#442,.T.);
#1679 = ORIENTED_EDGE('',*,*,#517,.F.);
#1680 = ORIENTED_EDGE('',*,*,#580,.F.);
#1681 = ORIENTED_EDGE('',*,*,#663,.F.);
#1682 = ORIENTED_EDGE('',*,*,#712,.F.);
#1683 = ORIENTED_EDGE('',*,*,#751,.T.);
#1684 = ORIENTED_EDGE('',*,*,#1685,.T.);
#1685 = EDGE_CURVE('',#744,#1551,#1686,.T.);
#1686 = CIRCLE('',#1687,0.5);
#1687 = AXIS2_PLACEMENT_3D('',#1688,#1689,#1690);
#1688 = CARTESIAN_POINT('',(23.5,-2.5,8.35));
#1689 = DIRECTION('',(0.,0.,-1.));
#1690 = DIRECTION('',(0.,1.,0.));
#1691 = PLANE('',#1692);
#1692 = AXIS2_PLACEMENT_3D('',#1693,#1694,#1695);
#1693 = CARTESIAN_POINT('',(16.801696169325,-6.89879122205,8.35));
#1694 = DIRECTION('',(0.,2.E-16,1.));
#1695 = DIRECTION('',(0.,-1.,2.E-16));
#1696 = ADVANCED_FACE('',(#1697),#1708,.T.);
#1697 = FACE_BOUND('',#1698,.T.);
#1698 = EDGE_LOOP('',(#1699,#1700,#1701,#1707));
#1699 = ORIENTED_EDGE('',*,*,#493,.T.);
#1700 = ORIENTED_EDGE('',*,*,#1286,.T.);
#1701 = ORIENTED_EDGE('',*,*,#1702,.F.);
#1702 = EDGE_CURVE('',#550,#1287,#1703,.T.);
#1703 = LINE('',#1704,#1705);
#1704 = CARTESIAN_POINT('',(39.0001,-18.,7.));
#1705 = VECTOR('',#1706,1.);
#1706 = DIRECTION('',(0.,2.2E-16,1.));
#1707 = ORIENTED_EDGE('',*,*,#557,.F.);
#1708 = CYLINDRICAL_SURFACE('',#1709,0.9999);
#1709 = AXIS2_PLACEMENT_3D('',#1710,#1711,#1712);
#1710 = CARTESIAN_POINT('',(39.0001,-17.0001,7.));
#1711 = DIRECTION('',(0.,2.2E-16,1.));
#1712 = DIRECTION('',(1.,0.,-0.));
#1713 = ADVANCED_FACE('',(#1714),#1725,.T.);
#1714 = FACE_BOUND('',#1715,.T.);
#1715 = EDGE_LOOP('',(#1716,#1717,#1718,#1719));
#1716 = ORIENTED_EDGE('',*,*,#1278,.T.);
#1717 = ORIENTED_EDGE('',*,*,#477,.T.);
#1718 = ORIENTED_EDGE('',*,*,#1099,.F.);
#1719 = ORIENTED_EDGE('',*,*,#1720,.F.);
#1720 = EDGE_CURVE('',#1271,#1092,#1721,.T.);
#1721 = LINE('',#1722,#1723);
#1722 = CARTESIAN_POINT('',(39.0001,1.51E-15,10.7));
#1723 = VECTOR('',#1724,1.);
#1724 = DIRECTION('',(2.895E-14,0.,-1.));
#1725 = CYLINDRICAL_SURFACE('',#1726,0.9999);
#1726 = AXIS2_PLACEMENT_3D('',#1727,#1728,#1729);
#1727 = CARTESIAN_POINT('',(39.0001,-0.9999,10.7));
#1728 = DIRECTION('',(2.895E-14,0.,-1.));
#1729 = DIRECTION('',(0.,1.,0.));
#1730 = ADVANCED_FACE('',(#1731),#1737,.F.);
#1731 = FACE_BOUND('',#1732,.F.);
#1732 = EDGE_LOOP('',(#1733,#1734,#1735,#1736));
#1733 = ORIENTED_EDGE('',*,*,#549,.T.);
#1734 = ORIENTED_EDGE('',*,*,#615,.F.);
#1735 = ORIENTED_EDGE('',*,*,#1295,.F.);
#1736 = ORIENTED_EDGE('',*,*,#1702,.F.);
#1737 = PLANE('',#1738);
#1738 = AXIS2_PLACEMENT_3D('',#1739,#1740,#1741);
#1739 = CARTESIAN_POINT('',(26.,-18.,5.35));
#1740 = DIRECTION('',(0.,1.,2.2E-16));
#1741 = DIRECTION('',(0.,-2.2E-16,1.));
#1742 = ADVANCED_FACE('',(#1743),#1762,.T.);
#1743 = FACE_BOUND('',#1744,.T.);
#1744 = EDGE_LOOP('',(#1745,#1746,#1755,#1761));
#1745 = ORIENTED_EDGE('',*,*,#647,.T.);
#1746 = ORIENTED_EDGE('',*,*,#1747,.T.);
#1747 = EDGE_CURVE('',#640,#1748,#1750,.T.);
#1748 = VERTEX_POINT('',#1749);
#1749 = CARTESIAN_POINT('',(28.,-7.5,8.35));
#1750 = CIRCLE('',#1751,0.5);
#1751 = AXIS2_PLACEMENT_3D('',#1752,#1753,#1754);
#1752 = CARTESIAN_POINT('',(28.,-7.,8.35));
#1753 = DIRECTION('',(0.,-0.,1.));
#1754 = DIRECTION('',(0.,1.,0.));
#1755 = ORIENTED_EDGE('',*,*,#1756,.F.);
#1756 = EDGE_CURVE('',#1346,#1748,#1757,.T.);
#1757 = LINE('',#1758,#1759);
#1758 = CARTESIAN_POINT('',(28.,-7.5,10.7));
#1759 = VECTOR('',#1760,1.);
#1760 = DIRECTION('',(0.,0.,-1.));
#1761 = ORIENTED_EDGE('',*,*,#1353,.F.);
#1762 = CYLINDRICAL_SURFACE('',#1763,0.5);
#1763 = AXIS2_PLACEMENT_3D('',#1764,#1765,#1766);
#1764 = CARTESIAN_POINT('',(28.,-7.,10.7));
#1765 = DIRECTION('',(0.,0.,-1.));
#1766 = DIRECTION('',(-1.,-0.,-0.));
#1767 = ADVANCED_FACE('',(#1768),#1821,.F.);
#1768 = FACE_BOUND('',#1769,.F.);
#1769 = EDGE_LOOP('',(#1770,#1780,#1787,#1788,#1789,#1797,#1806,#1814));
#1770 = ORIENTED_EDGE('',*,*,#1771,.F.);
#1771 = EDGE_CURVE('',#1772,#1774,#1776,.T.);
#1772 = VERTEX_POINT('',#1773);
#1773 = CARTESIAN_POINT('',(28.,-12.5,8.35));
#1774 = VERTEX_POINT('',#1775);
#1775 = CARTESIAN_POINT('',(28.2,-12.5,8.35));
#1776 = LINE('',#1777,#1778);
#1777 = CARTESIAN_POINT('',(23.,-12.5,8.35));
#1778 = VECTOR('',#1779,1.);
#1779 = DIRECTION('',(1.,0.,0.));
#1780 = ORIENTED_EDGE('',*,*,#1781,.F.);
#1781 = EDGE_CURVE('',#632,#1772,#1782,.T.);
#1782 = CIRCLE('',#1783,0.5);
#1783 = AXIS2_PLACEMENT_3D('',#1784,#1785,#1786);
#1784 = CARTESIAN_POINT('',(28.,-13.,8.35));
#1785 = DIRECTION('',(0.,0.,-1.));
#1786 = DIRECTION('',(0.,1.,0.));
#1787 = ORIENTED_EDGE('',*,*,#639,.F.);
#1788 = ORIENTED_EDGE('',*,*,#1747,.T.);
#1789 = ORIENTED_EDGE('',*,*,#1790,.F.);
#1790 = EDGE_CURVE('',#1791,#1748,#1793,.T.);
#1791 = VERTEX_POINT('',#1792);
#1792 = CARTESIAN_POINT('',(28.2,-7.5,8.35));
#1793 = LINE('',#1794,#1795);
#1794 = CARTESIAN_POINT('',(23.6,-7.5,8.35));
#1795 = VECTOR('',#1796,1.);
#1796 = DIRECTION('',(-1.,0.,0.));
#1797 = ORIENTED_EDGE('',*,*,#1798,.T.);
#1798 = EDGE_CURVE('',#1791,#1799,#1801,.T.);
#1799 = VERTEX_POINT('',#1800);
#1800 = CARTESIAN_POINT('',(28.7,-8.,8.35));
#1801 = CIRCLE('',#1802,0.5);
#1802 = AXIS2_PLACEMENT_3D('',#1803,#1804,#1805);
#1803 = CARTESIAN_POINT('',(28.2,-8.,8.35));
#1804 = DIRECTION('',(0.,0.,-1.));
#1805 = DIRECTION('',(0.,1.,0.));
#1806 = ORIENTED_EDGE('',*,*,#1807,.F.);
#1807 = EDGE_CURVE('',#1808,#1799,#1810,.T.);
#1808 = VERTEX_POINT('',#1809);
#1809 = CARTESIAN_POINT('',(28.7,-12.,8.35));
#1810 = LINE('',#1811,#1812);
#1811 = CARTESIAN_POINT('',(28.7,-7.75,8.35));
#1812 = VECTOR('',#1813,1.);
#1813 = DIRECTION('',(0.,1.,-2.2E-16));
#1814 = ORIENTED_EDGE('',*,*,#1815,.T.);
#1815 = EDGE_CURVE('',#1808,#1774,#1816,.T.);
#1816 = CIRCLE('',#1817,0.5);
#1817 = AXIS2_PLACEMENT_3D('',#1818,#1819,#1820);
#1818 = CARTESIAN_POINT('',(28.2,-12.,8.35));
#1819 = DIRECTION('',(0.,0.,-1.));
#1820 = DIRECTION('',(0.,1.,0.));
#1821 = PLANE('',#1822);
#1822 = AXIS2_PLACEMENT_3D('',#1823,#1824,#1825);
#1823 = CARTESIAN_POINT('',(18.5,-3.,8.35));
#1824 = DIRECTION('',(0.,-2.2E-16,-1.));
#1825 = DIRECTION('',(-1.,-0.,0.));
#1826 = ADVANCED_FACE('',(#1827),#1838,.T.);
#1827 = FACE_BOUND('',#1828,.T.);
#1828 = EDGE_LOOP('',(#1829,#1830,#1836,#1837));
#1829 = ORIENTED_EDGE('',*,*,#1302,.T.);
#1830 = ORIENTED_EDGE('',*,*,#1831,.T.);
#1831 = EDGE_CURVE('',#1303,#1772,#1832,.T.);
#1832 = LINE('',#1833,#1834);
#1833 = CARTESIAN_POINT('',(28.,-12.5,10.7));
#1834 = VECTOR('',#1835,1.);
#1835 = DIRECTION('',(0.,0.,-1.));
#1836 = ORIENTED_EDGE('',*,*,#1781,.F.);
#1837 = ORIENTED_EDGE('',*,*,#631,.F.);
#1838 = CYLINDRICAL_SURFACE('',#1839,0.5);
#1839 = AXIS2_PLACEMENT_3D('',#1840,#1841,#1842);
#1840 = CARTESIAN_POINT('',(28.,-13.,10.7));
#1841 = DIRECTION('',(0.,0.,-1.));
#1842 = DIRECTION('',(-1.,-0.,-0.));
#1843 = ADVANCED_FACE('',(#1844),#1855,.T.);
#1844 = FACE_BOUND('',#1845,.T.);
#1845 = EDGE_LOOP('',(#1846,#1847,#1853,#1854));
#1846 = ORIENTED_EDGE('',*,*,#1363,.T.);
#1847 = ORIENTED_EDGE('',*,*,#1848,.T.);
#1848 = EDGE_CURVE('',#1364,#1551,#1849,.T.);
#1849 = LINE('',#1850,#1851);
#1850 = CARTESIAN_POINT('',(23.,-2.5,10.7));
#1851 = VECTOR('',#1852,1.);
#1852 = DIRECTION('',(0.,0.,-1.));
#1853 = ORIENTED_EDGE('',*,*,#1685,.F.);
#1854 = ORIENTED_EDGE('',*,*,#743,.F.);
#1855 = CYLINDRICAL_SURFACE('',#1856,0.5);
#1856 = AXIS2_PLACEMENT_3D('',#1857,#1858,#1859);
#1857 = CARTESIAN_POINT('',(23.5,-2.5,10.7));
#1858 = DIRECTION('',(0.,0.,-1.));
#1859 = DIRECTION('',(0.,-1.,0.));
#1860 = ADVANCED_FACE('',(#1861),#1880,.F.);
#1861 = FACE_BOUND('',#1862,.F.);
#1862 = EDGE_LOOP('',(#1863,#1871,#1878,#1879));
#1863 = ORIENTED_EDGE('',*,*,#1864,.F.);
#1864 = EDGE_CURVE('',#1865,#769,#1867,.T.);
#1865 = VERTEX_POINT('',#1866);
#1866 = CARTESIAN_POINT('',(5.15,-9.5,10.45));
#1867 = LINE('',#1868,#1869);
#1868 = CARTESIAN_POINT('',(5.15,-9.5,10.7));
#1869 = VECTOR('',#1870,1.);
#1870 = DIRECTION('',(0.,0.,-1.));
#1871 = ORIENTED_EDGE('',*,*,#1872,.F.);
#1872 = EDGE_CURVE('',#1865,#1865,#1873,.T.);
#1873 = CIRCLE('',#1874,1.85);
#1874 = AXIS2_PLACEMENT_3D('',#1875,#1876,#1877);
#1875 = CARTESIAN_POINT('',(7.,-9.5,10.45));
#1876 = DIRECTION('',(0.,2.2E-16,1.));
#1877 = DIRECTION('',(-1.,0.,0.));
#1878 = ORIENTED_EDGE('',*,*,#1864,.T.);
#1879 = ORIENTED_EDGE('',*,*,#778,.T.);
#1880 = CYLINDRICAL_SURFACE('',#1881,1.85);
#1881 = AXIS2_PLACEMENT_3D('',#1882,#1883,#1884);
#1882 = CARTESIAN_POINT('',(7.,-9.5,10.7));
#1883 = DIRECTION('',(0.,0.,1.));
#1884 = DIRECTION('',(-1.,0.,0.));
#1885 = ADVANCED_FACE('',(#1886),#1897,.F.);
#1886 = FACE_BOUND('',#1887,.F.);
#1887 = EDGE_LOOP('',(#1888,#1889,#1895,#1896));
#1888 = ORIENTED_EDGE('',*,*,#801,.T.);
#1889 = ORIENTED_EDGE('',*,*,#1890,.F.);
#1890 = EDGE_CURVE('',#1509,#794,#1891,.T.);
#1891 = LINE('',#1892,#1893);
#1892 = CARTESIAN_POINT('',(32.15,-9.5,10.45));
#1893 = VECTOR('',#1894,1.);
#1894 = DIRECTION('',(0.707106781187,-1.6E-16,-0.707106781187));
#1895 = ORIENTED_EDGE('',*,*,#1508,.F.);
#1896 = ORIENTED_EDGE('',*,*,#1890,.T.);
#1897 = CONICAL_SURFACE('',#1898,1.85,0.785398163397);
#1898 = AXIS2_PLACEMENT_3D('',#1899,#1900,#1901);
#1899 = CARTESIAN_POINT('',(34.,-9.5,10.45));
#1900 = DIRECTION('',(-0.,2.2E-16,1.));
#1901 = DIRECTION('',(-1.,0.,-0.));
#1902 = ADVANCED_FACE('',(#1903),#1916,.T.);
#1903 = FACE_BOUND('',#1904,.T.);
#1904 = EDGE_LOOP('',(#1905,#1906,#1907,#1913,#1914,#1915));
#1905 = ORIENTED_EDGE('',*,*,#982,.F.);
#1906 = ORIENTED_EDGE('',*,*,#1025,.T.);
#1907 = ORIENTED_EDGE('',*,*,#1908,.T.);
#1908 = EDGE_CURVE('',#1026,#882,#1909,.T.);
#1909 = LINE('',#1910,#1911);
#1910 = CARTESIAN_POINT('',(9.,-18.,3.4));
#1911 = VECTOR('',#1912,1.);
#1912 = DIRECTION('',(0.,0.707106781187,0.707106781187));
#1913 = ORIENTED_EDGE('',*,*,#881,.F.);
#1914 = ORIENTED_EDGE('',*,*,#873,.F.);
#1915 = ORIENTED_EDGE('',*,*,#826,.F.);
#1916 = PLANE('',#1917);
#1917 = AXIS2_PLACEMENT_3D('',#1918,#1919,#1920);
#1918 = CARTESIAN_POINT('',(6.170540688701,-17.5225771711,3.877422828896
    ));
#1919 = DIRECTION('',(0.,-0.707106781187,0.707106781187));
#1920 = DIRECTION('',(0.,-0.707106781187,-0.707106781187));
#1921 = ADVANCED_FACE('',(#1922),#1941,.F.);
#1922 = FACE_BOUND('',#1923,.F.);
#1923 = EDGE_LOOP('',(#1924,#1933,#1939,#1940));
#1924 = ORIENTED_EDGE('',*,*,#1925,.T.);
#1925 = EDGE_CURVE('',#1926,#1926,#1928,.T.);
#1926 = VERTEX_POINT('',#1927);
#1927 = CARTESIAN_POINT('',(5.15,-9.5,4.15));
#1928 = CIRCLE('',#1929,1.85);
#1929 = AXIS2_PLACEMENT_3D('',#1930,#1931,#1932);
#1930 = CARTESIAN_POINT('',(7.,-9.5,4.15));
#1931 = DIRECTION('',(0.,9.4E-16,1.));
#1932 = DIRECTION('',(-1.,2.88E-15,-2.7072E-30));
#1933 = ORIENTED_EDGE('',*,*,#1934,.F.);
#1934 = EDGE_CURVE('',#844,#1926,#1935,.T.);
#1935 = LINE('',#1936,#1937);
#1936 = CARTESIAN_POINT('',(5.15,-9.5,4.15));
#1937 = VECTOR('',#1938,1.);
#1938 = DIRECTION('',(0.707106781187,-3.38E-15,-0.707106781187));
#1939 = ORIENTED_EDGE('',*,*,#843,.F.);
#1940 = ORIENTED_EDGE('',*,*,#1934,.T.);
#1941 = CONICAL_SURFACE('',#1942,1.85,0.785398163397);
#1942 = AXIS2_PLACEMENT_3D('',#1943,#1944,#1945);
#1943 = CARTESIAN_POINT('',(7.,-9.5,4.15));
#1944 = DIRECTION('',(-0.,9.4E-16,1.));
#1945 = DIRECTION('',(-1.,2.88E-15,-2.7072E-30));
#1946 = ADVANCED_FACE('',(#1947),#1958,.F.);
#1947 = FACE_BOUND('',#1948,.F.);
#1948 = EDGE_LOOP('',(#1949,#1950,#1951,#1952));
#1949 = ORIENTED_EDGE('',*,*,#854,.T.);
#1950 = ORIENTED_EDGE('',*,*,#1149,.T.);
#1951 = ORIENTED_EDGE('',*,*,#1165,.F.);
#1952 = ORIENTED_EDGE('',*,*,#1953,.F.);
#1953 = EDGE_CURVE('',#855,#1166,#1954,.T.);
#1954 = LINE('',#1955,#1956);
#1955 = CARTESIAN_POINT('',(50.241421356237,-17.,4.4));
#1956 = VECTOR('',#1957,1.);
#1957 = DIRECTION('',(0.,2.2E-16,1.));
#1958 = PLANE('',#1959);
#1959 = AXIS2_PLACEMENT_3D('',#1960,#1961,#1962);
#1960 = CARTESIAN_POINT('',(50.,-17.,4.4));
#1961 = DIRECTION('',(0.,-1.,2.2E-16));
#1962 = DIRECTION('',(0.,2.2E-16,1.));
#1963 = ADVANCED_FACE('',(#1964),#1999,.T.);
#1964 = FACE_BOUND('',#1965,.T.);
#1965 = EDGE_LOOP('',(#1966,#1976,#1983,#1984,#1985,#1993));
#1966 = ORIENTED_EDGE('',*,*,#1967,.F.);
#1967 = EDGE_CURVE('',#1968,#1970,#1972,.T.);
#1968 = VERTEX_POINT('',#1969);
#1969 = CARTESIAN_POINT('',(50.170710678119,-17.17071067811,
    4.229289321881));
#1970 = VERTEX_POINT('',#1971);
#1971 = CARTESIAN_POINT('',(51.,-18.,3.4));
#1972 = LINE('',#1973,#1974);
#1973 = CARTESIAN_POINT('',(50.333333333333,-17.33333333333,
    4.066666666667));
#1974 = VECTOR('',#1975,1.);
#1975 = DIRECTION('',(0.57735026919,-0.57735026919,-0.57735026919));
#1976 = ORIENTED_EDGE('',*,*,#1977,.F.);
#1977 = EDGE_CURVE('',#855,#1968,#1978,.T.);
#1978 = ELLIPSE('',#1979,0.141421356237,0.1);
#1979 = AXIS2_PLACEMENT_3D('',#1980,#1981,#1982);
#1980 = CARTESIAN_POINT('',(50.241421356237,-17.1,4.3));
#1981 = DIRECTION('',(0.,-0.707106781187,0.707106781187));
#1982 = DIRECTION('',(0.,0.707106781187,0.707106781187));
#1983 = ORIENTED_EDGE('',*,*,#957,.F.);
#1984 = ORIENTED_EDGE('',*,*,#949,.F.);
#1985 = ORIENTED_EDGE('',*,*,#1986,.T.);
#1986 = EDGE_CURVE('',#941,#1987,#1989,.T.);
#1987 = VERTEX_POINT('',#1988);
#1988 = CARTESIAN_POINT('',(32.,-18.,3.4));
#1989 = LINE('',#1990,#1991);
#1990 = CARTESIAN_POINT('',(32.,-17.,4.4));
#1991 = VECTOR('',#1992,1.);
#1992 = DIRECTION('',(0.,-0.707106781187,-0.707106781187));
#1993 = ORIENTED_EDGE('',*,*,#1994,.T.);
#1994 = EDGE_CURVE('',#1987,#1970,#1995,.T.);
#1995 = LINE('',#1996,#1997);
#1996 = CARTESIAN_POINT('',(50.,-18.,3.4));
#1997 = VECTOR('',#1998,1.);
#1998 = DIRECTION('',(1.,0.,0.));
#1999 = PLANE('',#2000);
#2000 = AXIS2_PLACEMENT_3D('',#2001,#2002,#2003);
#2001 = CARTESIAN_POINT('',(40.329459311182,-17.51132598663,
    3.888674013364));
#2002 = DIRECTION('',(0.,-0.707106781187,0.707106781187));
#2003 = DIRECTION('',(0.,-0.707106781187,-0.707106781187));
#2004 = ADVANCED_FACE('',(#2005),#2024,.T.);
#2005 = FACE_BOUND('',#2006,.T.);
#2006 = EDGE_LOOP('',(#2007,#2015,#2022,#2023));
#2007 = ORIENTED_EDGE('',*,*,#2008,.T.);
#2008 = EDGE_CURVE('',#933,#2009,#2011,.T.);
#2009 = VERTEX_POINT('',#2010);
#2010 = CARTESIAN_POINT('',(30.,-16.,2.571572875254));
#2011 = LINE('',#2012,#2013);
#2012 = CARTESIAN_POINT('',(30.,-15.58578643762,2.985786437627));
#2013 = VECTOR('',#2014,1.);
#2014 = DIRECTION('',(0.,-0.707106781187,-0.707106781187));
#2015 = ORIENTED_EDGE('',*,*,#2016,.T.);
#2016 = EDGE_CURVE('',#2009,#1987,#2017,.T.);
#2017 = ELLIPSE('',#2018,2.164784400585,2.);
#2018 = AXIS2_PLACEMENT_3D('',#2019,#2020,#2021);
#2019 = CARTESIAN_POINT('',(32.,-16.,2.571572875254));
#2020 = DIRECTION('',(-0.,0.382683432365,0.923879532511));
#2021 = DIRECTION('',(0.,-0.923879532511,0.382683432365));
#2022 = ORIENTED_EDGE('',*,*,#1986,.F.);
#2023 = ORIENTED_EDGE('',*,*,#940,.F.);
#2024 = CYLINDRICAL_SURFACE('',#2025,2.);
#2025 = AXIS2_PLACEMENT_3D('',#2026,#2027,#2028);
#2026 = CARTESIAN_POINT('',(32.,-15.58578643762,2.985786437627));
#2027 = DIRECTION('',(0.,-0.707106781187,-0.707106781187));
#2028 = DIRECTION('',(-1.,-0.,0.));
#2029 = ADVANCED_FACE('',(#2030),#2056,.F.);
#2030 = FACE_BOUND('',#2031,.F.);
#2031 = EDGE_LOOP('',(#2032,#2040,#2041,#2042,#2050));
#2032 = ORIENTED_EDGE('',*,*,#2033,.T.);
#2033 = EDGE_CURVE('',#2034,#924,#2036,.T.);
#2034 = VERTEX_POINT('',#2035);
#2035 = CARTESIAN_POINT('',(30.,-6.,1.));
#2036 = LINE('',#2037,#2038);
#2037 = CARTESIAN_POINT('',(30.,-6.,0.));
#2038 = VECTOR('',#2039,1.);
#2039 = DIRECTION('',(0.,0.,1.));
#2040 = ORIENTED_EDGE('',*,*,#932,.T.);
#2041 = ORIENTED_EDGE('',*,*,#2008,.T.);
#2042 = ORIENTED_EDGE('',*,*,#2043,.F.);
#2043 = EDGE_CURVE('',#2044,#2009,#2046,.T.);
#2044 = VERTEX_POINT('',#2045);
#2045 = CARTESIAN_POINT('',(30.,-16.,1.));
#2046 = LINE('',#2047,#2048);
#2047 = CARTESIAN_POINT('',(30.,-16.,-1.2E-15));
#2048 = VECTOR('',#2049,1.);
#2049 = DIRECTION('',(0.,0.,1.));
#2050 = ORIENTED_EDGE('',*,*,#2051,.F.);
#2051 = EDGE_CURVE('',#2034,#2044,#2052,.T.);
#2052 = LINE('',#2053,#2054);
#2053 = CARTESIAN_POINT('',(30.,-6.,1.));
#2054 = VECTOR('',#2055,1.);
#2055 = DIRECTION('',(0.,-1.,0.));
#2056 = PLANE('',#2057);
#2057 = AXIS2_PLACEMENT_3D('',#2058,#2059,#2060);
#2058 = CARTESIAN_POINT('',(30.,-4.,0.));
#2059 = DIRECTION('',(1.,0.,0.));
#2060 = DIRECTION('',(0.,-1.,0.));
#2061 = ADVANCED_FACE('',(#2062),#2081,.F.);
#2062 = FACE_BOUND('',#2063,.F.);
#2063 = EDGE_LOOP('',(#2064,#2065,#2074,#2080));
#2064 = ORIENTED_EDGE('',*,*,#2033,.F.);
#2065 = ORIENTED_EDGE('',*,*,#2066,.F.);
#2066 = EDGE_CURVE('',#2067,#2034,#2069,.T.);
#2067 = VERTEX_POINT('',#2068);
#2068 = CARTESIAN_POINT('',(28.,-4.,1.));
#2069 = CIRCLE('',#2070,2.);
#2070 = AXIS2_PLACEMENT_3D('',#2071,#2072,#2073);
#2071 = CARTESIAN_POINT('',(28.,-6.,1.));
#2072 = DIRECTION('',(0.,-2.2E-16,-1.));
#2073 = DIRECTION('',(3.55E-15,1.,-2.2E-16));
#2074 = ORIENTED_EDGE('',*,*,#2075,.T.);
#2075 = EDGE_CURVE('',#2067,#916,#2076,.T.);
#2076 = LINE('',#2077,#2078);
#2077 = CARTESIAN_POINT('',(28.,-4.,0.));
#2078 = VECTOR('',#2079,1.);
#2079 = DIRECTION('',(0.,0.,1.));
#2080 = ORIENTED_EDGE('',*,*,#923,.F.);
#2081 = CYLINDRICAL_SURFACE('',#2082,2.);
#2082 = AXIS2_PLACEMENT_3D('',#2083,#2084,#2085);
#2083 = CARTESIAN_POINT('',(28.,-6.,0.));
#2084 = DIRECTION('',(0.,0.,1.));
#2085 = DIRECTION('',(1.,0.,-0.));
#2086 = ADVANCED_FACE('',(#2087),#2105,.F.);
#2087 = FACE_BOUND('',#2088,.F.);
#2088 = EDGE_LOOP('',(#2089,#2097,#2098,#2099));
#2089 = ORIENTED_EDGE('',*,*,#2090,.T.);
#2090 = EDGE_CURVE('',#2091,#907,#2093,.T.);
#2091 = VERTEX_POINT('',#2092);
#2092 = CARTESIAN_POINT('',(13.,-4.,1.));
#2093 = LINE('',#2094,#2095);
#2094 = CARTESIAN_POINT('',(13.,-4.,0.));
#2095 = VECTOR('',#2096,1.);
#2096 = DIRECTION('',(0.,0.,1.));
#2097 = ORIENTED_EDGE('',*,*,#915,.T.);
#2098 = ORIENTED_EDGE('',*,*,#2075,.F.);
#2099 = ORIENTED_EDGE('',*,*,#2100,.F.);
#2100 = EDGE_CURVE('',#2091,#2067,#2101,.T.);
#2101 = LINE('',#2102,#2103);
#2102 = CARTESIAN_POINT('',(13.,-4.,1.));
#2103 = VECTOR('',#2104,1.);
#2104 = DIRECTION('',(1.,0.,0.));
#2105 = PLANE('',#2106);
#2106 = AXIS2_PLACEMENT_3D('',#2107,#2108,#2109);
#2107 = CARTESIAN_POINT('',(11.,-4.,0.));
#2108 = DIRECTION('',(0.,1.,0.));
#2109 = DIRECTION('',(1.,0.,0.));
#2110 = ADVANCED_FACE('',(#2111),#2130,.F.);
#2111 = FACE_BOUND('',#2112,.F.);
#2112 = EDGE_LOOP('',(#2113,#2114,#2115,#2124));
#2113 = ORIENTED_EDGE('',*,*,#906,.T.);
#2114 = ORIENTED_EDGE('',*,*,#2090,.F.);
#2115 = ORIENTED_EDGE('',*,*,#2116,.F.);
#2116 = EDGE_CURVE('',#2117,#2091,#2119,.T.);
#2117 = VERTEX_POINT('',#2118);
#2118 = CARTESIAN_POINT('',(11.,-6.,1.));
#2119 = CIRCLE('',#2120,2.);
#2120 = AXIS2_PLACEMENT_3D('',#2121,#2122,#2123);
#2121 = CARTESIAN_POINT('',(13.,-6.,1.));
#2122 = DIRECTION('',(0.,-2.2E-16,-1.));
#2123 = DIRECTION('',(-1.,1.55E-15,-3.41E-31));
#2124 = ORIENTED_EDGE('',*,*,#2125,.T.);
#2125 = EDGE_CURVE('',#2117,#899,#2126,.T.);
#2126 = LINE('',#2127,#2128);
#2127 = CARTESIAN_POINT('',(11.,-6.,0.));
#2128 = VECTOR('',#2129,1.);
#2129 = DIRECTION('',(0.,0.,1.));
#2130 = CYLINDRICAL_SURFACE('',#2131,2.);
#2131 = AXIS2_PLACEMENT_3D('',#2132,#2133,#2134);
#2132 = CARTESIAN_POINT('',(13.,-6.,0.));
#2133 = DIRECTION('',(0.,0.,1.));
#2134 = DIRECTION('',(-1.,0.,0.));
#2135 = ADVANCED_FACE('',(#2136),#2155,.T.);
#2136 = FACE_BOUND('',#2137,.T.);
#2137 = EDGE_LOOP('',(#2138,#2146,#2147,#2148));
#2138 = ORIENTED_EDGE('',*,*,#2139,.T.);
#2139 = EDGE_CURVE('',#2140,#890,#2142,.T.);
#2140 = VERTEX_POINT('',#2141);
#2141 = CARTESIAN_POINT('',(11.,-16.,2.571572875254));
#2142 = LINE('',#2143,#2144);
#2143 = CARTESIAN_POINT('',(11.,-16.58578643762,1.985786437627));
#2144 = VECTOR('',#2145,1.);
#2145 = DIRECTION('',(0.,0.707106781187,0.707106781187));
#2146 = ORIENTED_EDGE('',*,*,#889,.T.);
#2147 = ORIENTED_EDGE('',*,*,#1908,.F.);
#2148 = ORIENTED_EDGE('',*,*,#2149,.T.);
#2149 = EDGE_CURVE('',#1026,#2140,#2150,.T.);
#2150 = ELLIPSE('',#2151,2.164784400585,2.);
#2151 = AXIS2_PLACEMENT_3D('',#2152,#2153,#2154);
#2152 = CARTESIAN_POINT('',(9.,-16.,2.571572875254));
#2153 = DIRECTION('',(-0.,0.382683432365,0.923879532511));
#2154 = DIRECTION('',(0.,-0.923879532511,0.382683432365));
#2155 = CYLINDRICAL_SURFACE('',#2156,2.);
#2156 = AXIS2_PLACEMENT_3D('',#2157,#2158,#2159);
#2157 = CARTESIAN_POINT('',(9.,-16.58578643762,1.985786437627));
#2158 = DIRECTION('',(0.,0.707106781187,0.707106781187));
#2159 = DIRECTION('',(1.,0.,-0.));
#2160 = ADVANCED_FACE('',(#2161),#2180,.F.);
#2161 = FACE_BOUND('',#2162,.F.);
#2162 = EDGE_LOOP('',(#2163,#2171,#2172,#2173,#2174));
#2163 = ORIENTED_EDGE('',*,*,#2164,.T.);
#2164 = EDGE_CURVE('',#2165,#2140,#2167,.T.);
#2165 = VERTEX_POINT('',#2166);
#2166 = CARTESIAN_POINT('',(11.,-16.,1.));
#2167 = LINE('',#2168,#2169);
#2168 = CARTESIAN_POINT('',(11.,-16.,0.));
#2169 = VECTOR('',#2170,1.);
#2170 = DIRECTION('',(0.,0.,1.));
#2171 = ORIENTED_EDGE('',*,*,#2139,.T.);
#2172 = ORIENTED_EDGE('',*,*,#898,.T.);
#2173 = ORIENTED_EDGE('',*,*,#2125,.F.);
#2174 = ORIENTED_EDGE('',*,*,#2175,.F.);
#2175 = EDGE_CURVE('',#2165,#2117,#2176,.T.);
#2176 = LINE('',#2177,#2178);
#2177 = CARTESIAN_POINT('',(11.,-16.,1.));
#2178 = VECTOR('',#2179,1.);
#2179 = DIRECTION('',(0.,1.,0.));
#2180 = PLANE('',#2181);
#2181 = AXIS2_PLACEMENT_3D('',#2182,#2183,#2184);
#2182 = CARTESIAN_POINT('',(11.,-18.,0.));
#2183 = DIRECTION('',(-1.,0.,0.));
#2184 = DIRECTION('',(0.,1.,0.));
#2185 = ADVANCED_FACE('',(#2186),#2205,.F.);
#2186 = FACE_BOUND('',#2187,.F.);
#2187 = EDGE_LOOP('',(#2188,#2197,#2203,#2204));
#2188 = ORIENTED_EDGE('',*,*,#2189,.T.);
#2189 = EDGE_CURVE('',#2190,#2190,#2192,.T.);
#2190 = VERTEX_POINT('',#2191);
#2191 = CARTESIAN_POINT('',(32.15,-9.5,4.15));
#2192 = CIRCLE('',#2193,1.85);
#2193 = AXIS2_PLACEMENT_3D('',#2194,#2195,#2196);
#2194 = CARTESIAN_POINT('',(34.,-9.5,4.15));
#2195 = DIRECTION('',(0.,9.4E-16,1.));
#2196 = DIRECTION('',(-1.,2.88E-15,-2.7072E-30));
#2197 = ORIENTED_EDGE('',*,*,#2198,.F.);
#2198 = EDGE_CURVE('',#966,#2190,#2199,.T.);
#2199 = LINE('',#2200,#2201);
#2200 = CARTESIAN_POINT('',(32.15,-9.5,4.15));
#2201 = VECTOR('',#2202,1.);
#2202 = DIRECTION('',(0.707106781187,-3.38E-15,-0.707106781187));
#2203 = ORIENTED_EDGE('',*,*,#965,.F.);
#2204 = ORIENTED_EDGE('',*,*,#2198,.T.);
#2205 = CONICAL_SURFACE('',#2206,1.85,0.785398163397);
#2206 = AXIS2_PLACEMENT_3D('',#2207,#2208,#2209);
#2207 = CARTESIAN_POINT('',(34.,-9.5,4.15));
#2208 = DIRECTION('',(-0.,9.4E-16,1.));
#2209 = DIRECTION('',(-1.,2.88E-15,-2.7072E-30));
#2210 = ADVANCED_FACE('',(#2211),#2234,.T.);
#2211 = FACE_BOUND('',#2212,.T.);
#2212 = EDGE_LOOP('',(#2213,#2214,#2215,#2223));
#2213 = ORIENTED_EDGE('',*,*,#1006,.F.);
#2214 = ORIENTED_EDGE('',*,*,#1244,.T.);
#2215 = ORIENTED_EDGE('',*,*,#2216,.T.);
#2216 = EDGE_CURVE('',#1245,#2217,#2219,.T.);
#2217 = VERTEX_POINT('',#2218);
#2218 = CARTESIAN_POINT('',(-0.,-17.0001,1.));
#2219 = LINE('',#2220,#2221);
#2220 = CARTESIAN_POINT('',(-1.1E-16,-17.0001,10.7));
#2221 = VECTOR('',#2222,1.);
#2222 = DIRECTION('',(0.,-2.2E-16,-1.));
#2223 = ORIENTED_EDGE('',*,*,#2224,.T.);
#2224 = EDGE_CURVE('',#2217,#1009,#2225,.T.);
#2225 = B_SPLINE_CURVE_WITH_KNOTS('',7,(#2226,#2227,#2228,#2229,#2230,
    #2231,#2232,#2233),.UNSPECIFIED.,.F.,.F.,(8,8),(0.,1.),
  .PIECEWISE_BEZIER_KNOTS.);
#2226 = CARTESIAN_POINT('',(-3.3E-16,-17.0001,1.));
#2227 = CARTESIAN_POINT('',(-3.3E-16,-17.22447702733,1.));
#2228 = CARTESIAN_POINT('',(5.874301410999E-02,-17.44885300303,1.));
#2229 = CARTESIAN_POINT('',(0.176219645147,-17.6547814489,1.));
#2230 = CARTESIAN_POINT('',(0.345218551105,-17.82378035485,1.));
#2231 = CARTESIAN_POINT('',(0.551146996959,-17.94125698589,1.));
#2232 = CARTESIAN_POINT('',(0.775522972665,-18.,1.));
#2233 = CARTESIAN_POINT('',(0.9999,-18.,1.));
#2234 = CYLINDRICAL_SURFACE('',#2235,0.9999);
#2235 = AXIS2_PLACEMENT_3D('',#2236,#2237,#2238);
#2236 = CARTESIAN_POINT('',(0.9999,-17.0001,10.7));
#2237 = DIRECTION('',(0.,-2.2E-16,-1.));
#2238 = DIRECTION('',(0.,-1.,2.2E-16));
#2239 = ADVANCED_FACE('',(#2240),#2269,.T.);
#2240 = FACE_BOUND('',#2241,.T.);
#2241 = EDGE_LOOP('',(#2242,#2252,#2259,#2260));
#2242 = ORIENTED_EDGE('',*,*,#2243,.T.);
#2243 = EDGE_CURVE('',#2244,#2246,#2248,.T.);
#2244 = VERTEX_POINT('',#2245);
#2245 = CARTESIAN_POINT('',(1.,-17.,0.));
#2246 = VERTEX_POINT('',#2247);
#2247 = CARTESIAN_POINT('',(9.,-17.,0.));
#2248 = LINE('',#2249,#2250);
#2249 = CARTESIAN_POINT('',(0.9999,-17.,4.E-15));
#2250 = VECTOR('',#2251,1.);
#2251 = DIRECTION('',(1.,0.,0.));
#2252 = ORIENTED_EDGE('',*,*,#2253,.T.);
#2253 = EDGE_CURVE('',#2246,#1034,#2254,.T.);
#2254 = CIRCLE('',#2255,1.);
#2255 = AXIS2_PLACEMENT_3D('',#2256,#2257,#2258);
#2256 = CARTESIAN_POINT('',(9.,-17.,1.));
#2257 = DIRECTION('',(-1.,-0.,0.));
#2258 = DIRECTION('',(0.,-2.2E-16,-1.));
#2259 = ORIENTED_EDGE('',*,*,#1041,.F.);
#2260 = ORIENTED_EDGE('',*,*,#2261,.F.);
#2261 = EDGE_CURVE('',#2244,#1009,#2262,.T.);
#2262 = B_SPLINE_CURVE_WITH_KNOTS('',5,(#2263,#2264,#2265,#2266,#2267,
    #2268),.UNSPECIFIED.,.F.,.F.,(6,6),(0.,1.),
  .PIECEWISE_BEZIER_KNOTS.);
#2263 = CARTESIAN_POINT('',(1.,-17.,4.05E-15));
#2264 = CARTESIAN_POINT('',(0.99998,-17.31415926535,3.63E-15));
#2265 = CARTESIAN_POINT('',(0.99996,-17.62861164336,0.123015004046));
#2266 = CARTESIAN_POINT('',(0.99994,-17.87698499595,0.371388356637));
#2267 = CARTESIAN_POINT('',(0.99992,-18.,0.685840734641));
#2268 = CARTESIAN_POINT('',(0.9999,-18.,1.));
#2269 = CYLINDRICAL_SURFACE('',#2270,1.);
#2270 = AXIS2_PLACEMENT_3D('',#2271,#2272,#2273);
#2271 = CARTESIAN_POINT('',(0.9999,-17.,1.));
#2272 = DIRECTION('',(1.,0.,0.));
#2273 = DIRECTION('',(0.,-2.2E-16,-1.));
#2274 = ADVANCED_FACE('',(#2275),#2287,.T.);
#2275 = FACE_BOUND('',#2276,.T.);
#2276 = EDGE_LOOP('',(#2277,#2278,#2285,#2286));
#2277 = ORIENTED_EDGE('',*,*,#1033,.F.);
#2278 = ORIENTED_EDGE('',*,*,#2279,.T.);
#2279 = EDGE_CURVE('',#1034,#2165,#2280,.T.);
#2280 = CIRCLE('',#2281,2.);
#2281 = AXIS2_PLACEMENT_3D('',#2282,#2283,#2284);
#2282 = CARTESIAN_POINT('',(9.,-16.,1.));
#2283 = DIRECTION('',(0.,2.2E-16,1.));
#2284 = DIRECTION('',(2.66E-15,-1.,2.2E-16));
#2285 = ORIENTED_EDGE('',*,*,#2164,.T.);
#2286 = ORIENTED_EDGE('',*,*,#2149,.F.);
#2287 = CYLINDRICAL_SURFACE('',#2288,2.);
#2288 = AXIS2_PLACEMENT_3D('',#2289,#2290,#2291);
#2289 = CARTESIAN_POINT('',(9.,-16.,0.));
#2290 = DIRECTION('',(0.,0.,1.));
#2291 = DIRECTION('',(0.,-1.,0.));
#2292 = ADVANCED_FACE('',(#2293),#2341,.T.);
#2293 = FACE_BOUND('',#2294,.T.);
#2294 = EDGE_LOOP('',(#2295,#2303,#2304,#2312,#2320,#2326,#2327,#2335));
#2295 = ORIENTED_EDGE('',*,*,#2296,.T.);
#2296 = EDGE_CURVE('',#2297,#1056,#2299,.T.);
#2297 = VERTEX_POINT('',#2298);
#2298 = CARTESIAN_POINT('',(51.0001,-18.,1.));
#2299 = LINE('',#2300,#2301);
#2300 = CARTESIAN_POINT('',(51.0001,-18.,8.E-16));
#2301 = VECTOR('',#2302,1.);
#2302 = DIRECTION('',(0.,0.,1.));
#2303 = ORIENTED_EDGE('',*,*,#1055,.T.);
#2304 = ORIENTED_EDGE('',*,*,#2305,.F.);
#2305 = EDGE_CURVE('',#2306,#1058,#2308,.T.);
#2306 = VERTEX_POINT('',#2307);
#2307 = CARTESIAN_POINT('',(49.,-18.,7.));
#2308 = LINE('',#2309,#2310);
#2309 = CARTESIAN_POINT('',(49.,-18.,7.));
#2310 = VECTOR('',#2311,1.);
#2311 = DIRECTION('',(0.,0.,1.));
#2312 = ORIENTED_EDGE('',*,*,#2313,.F.);
#2313 = EDGE_CURVE('',#2314,#2306,#2316,.T.);
#2314 = VERTEX_POINT('',#2315);
#2315 = CARTESIAN_POINT('',(51.,-18.,7.));
#2316 = LINE('',#2317,#2318);
#2317 = CARTESIAN_POINT('',(50.,-18.,7.));
#2318 = VECTOR('',#2319,1.);
#2319 = DIRECTION('',(-1.,0.,0.));
#2320 = ORIENTED_EDGE('',*,*,#2321,.F.);
#2321 = EDGE_CURVE('',#1970,#2314,#2322,.T.);
#2322 = LINE('',#2323,#2324);
#2323 = CARTESIAN_POINT('',(51.,-18.,3.66));
#2324 = VECTOR('',#2325,1.);
#2325 = DIRECTION('',(-1.3E-16,6.E-16,1.));
#2326 = ORIENTED_EDGE('',*,*,#1994,.F.);
#2327 = ORIENTED_EDGE('',*,*,#2328,.F.);
#2328 = EDGE_CURVE('',#2329,#1987,#2331,.T.);
#2329 = VERTEX_POINT('',#2330);
#2330 = CARTESIAN_POINT('',(32.,-18.,1.));
#2331 = LINE('',#2332,#2333);
#2332 = CARTESIAN_POINT('',(32.,-18.,-1.2E-15));
#2333 = VECTOR('',#2334,1.);
#2334 = DIRECTION('',(0.,0.,1.));
#2335 = ORIENTED_EDGE('',*,*,#2336,.T.);
#2336 = EDGE_CURVE('',#2329,#2297,#2337,.T.);
#2337 = LINE('',#2338,#2339);
#2338 = CARTESIAN_POINT('',(32.,-18.,1.));
#2339 = VECTOR('',#2340,1.);
#2340 = DIRECTION('',(1.,0.,0.));
#2341 = PLANE('',#2342);
#2342 = AXIS2_PLACEMENT_3D('',#2343,#2344,#2345);
#2343 = CARTESIAN_POINT('',(42.08,-18.,2.92));
#2344 = DIRECTION('',(0.,-1.,6.E-16));
#2345 = DIRECTION('',(0.,6.E-16,1.));
#2346 = ADVANCED_FACE('',(#2347),#2364,.T.);
#2347 = FACE_BOUND('',#2348,.T.);
#2348 = EDGE_LOOP('',(#2349,#2350,#2351,#2357));
#2349 = ORIENTED_EDGE('',*,*,#2305,.T.);
#2350 = ORIENTED_EDGE('',*,*,#1126,.T.);
#2351 = ORIENTED_EDGE('',*,*,#2352,.F.);
#2352 = EDGE_CURVE('',#1182,#1119,#2353,.T.);
#2353 = LINE('',#2354,#2355);
#2354 = CARTESIAN_POINT('',(48.,-17.,7.));
#2355 = VECTOR('',#2356,1.);
#2356 = DIRECTION('',(0.,0.,1.));
#2357 = ORIENTED_EDGE('',*,*,#2358,.F.);
#2358 = EDGE_CURVE('',#2306,#1182,#2359,.T.);
#2359 = ELLIPSE('',#2360,1.414213562373,1.);
#2360 = AXIS2_PLACEMENT_3D('',#2361,#2362,#2363);
#2361 = CARTESIAN_POINT('',(49.,-17.,6.));
#2362 = DIRECTION('',(-0.,-0.707106781187,-0.707106781187));
#2363 = DIRECTION('',(0.,-0.707106781187,0.707106781187));
#2364 = CYLINDRICAL_SURFACE('',#2365,1.);
#2365 = AXIS2_PLACEMENT_3D('',#2366,#2367,#2368);
#2366 = CARTESIAN_POINT('',(49.,-17.,7.));
#2367 = DIRECTION('',(0.,0.,1.));
#2368 = DIRECTION('',(0.,-1.,0.));
#2369 = ADVANCED_FACE('',(#2370),#2393,.T.);
#2370 = FACE_BOUND('',#2371,.T.);
#2371 = EDGE_LOOP('',(#2372,#2373,#2386,#2392));
#2372 = ORIENTED_EDGE('',*,*,#2296,.F.);
#2373 = ORIENTED_EDGE('',*,*,#2374,.T.);
#2374 = EDGE_CURVE('',#2297,#2375,#2377,.T.);
#2375 = VERTEX_POINT('',#2376);
#2376 = CARTESIAN_POINT('',(52.,-17.0001,1.));
#2377 = B_SPLINE_CURVE_WITH_KNOTS('',7,(#2378,#2379,#2380,#2381,#2382,
    #2383,#2384,#2385),.UNSPECIFIED.,.F.,.F.,(8,8),(0.,1.),
  .PIECEWISE_BEZIER_KNOTS.);
#2378 = CARTESIAN_POINT('',(51.0001,-18.,1.));
#2379 = CARTESIAN_POINT('',(51.224477027337,-18.,1.));
#2380 = CARTESIAN_POINT('',(51.448853003037,-17.94125698589,1.));
#2381 = CARTESIAN_POINT('',(51.654781448901,-17.82378035485,1.));
#2382 = CARTESIAN_POINT('',(51.82378035485,-17.65478144889,1.));
#2383 = CARTESIAN_POINT('',(51.941256985892,-17.44885300304,1.));
#2384 = CARTESIAN_POINT('',(52.,-17.22447702733,1.));
#2385 = CARTESIAN_POINT('',(52.,-17.0001,1.));
#2386 = ORIENTED_EDGE('',*,*,#2387,.T.);
#2387 = EDGE_CURVE('',#2375,#1066,#2388,.T.);
#2388 = LINE('',#2389,#2390);
#2389 = CARTESIAN_POINT('',(52.,-17.0001,8.E-16));
#2390 = VECTOR('',#2391,1.);
#2391 = DIRECTION('',(0.,0.,1.));
#2392 = ORIENTED_EDGE('',*,*,#1065,.F.);
#2393 = CYLINDRICAL_SURFACE('',#2394,0.9999);
#2394 = AXIS2_PLACEMENT_3D('',#2395,#2396,#2397);
#2395 = CARTESIAN_POINT('',(51.0001,-17.0001,8.E-16));
#2396 = DIRECTION('',(0.,0.,1.));
#2397 = DIRECTION('',(0.,-1.,0.));
#2398 = ADVANCED_FACE('',(#2399),#2405,.T.);
#2399 = FACE_BOUND('',#2400,.T.);
#2400 = EDGE_LOOP('',(#2401,#2402,#2403,#2404));
#2401 = ORIENTED_EDGE('',*,*,#1189,.F.);
#2402 = ORIENTED_EDGE('',*,*,#2352,.T.);
#2403 = ORIENTED_EDGE('',*,*,#1118,.T.);
#2404 = ORIENTED_EDGE('',*,*,#1217,.F.);
#2405 = PLANE('',#2406);
#2406 = AXIS2_PLACEMENT_3D('',#2407,#2408,#2409);
#2407 = CARTESIAN_POINT('',(48.,-18.,4.4));
#2408 = DIRECTION('',(-1.,0.,0.));
#2409 = DIRECTION('',(0.,1.,0.));
#2410 = ADVANCED_FACE('',(#2411),#2429,.T.);
#2411 = FACE_BOUND('',#2412,.T.);
#2412 = EDGE_LOOP('',(#2413,#2421,#2422,#2423));
#2413 = ORIENTED_EDGE('',*,*,#2414,.T.);
#2414 = EDGE_CURVE('',#2415,#1075,#2417,.T.);
#2415 = VERTEX_POINT('',#2416);
#2416 = CARTESIAN_POINT('',(52.,-0.9999,1.));
#2417 = LINE('',#2418,#2419);
#2418 = CARTESIAN_POINT('',(52.,-0.9999,-2.59E-15));
#2419 = VECTOR('',#2420,1.);
#2420 = DIRECTION('',(0.,2.2E-16,1.));
#2421 = ORIENTED_EDGE('',*,*,#1074,.F.);
#2422 = ORIENTED_EDGE('',*,*,#2387,.F.);
#2423 = ORIENTED_EDGE('',*,*,#2424,.T.);
#2424 = EDGE_CURVE('',#2375,#2415,#2425,.T.);
#2425 = LINE('',#2426,#2427);
#2426 = CARTESIAN_POINT('',(52.,-17.0001,1.));
#2427 = VECTOR('',#2428,1.);
#2428 = DIRECTION('',(0.,1.,-2.2E-16));
#2429 = PLANE('',#2430);
#2430 = AXIS2_PLACEMENT_3D('',#2431,#2432,#2433);
#2431 = CARTESIAN_POINT('',(52.,-8.247386759582,4.597386759582));
#2432 = DIRECTION('',(1.,-7.7E-16,2.59E-15));
#2433 = DIRECTION('',(-2.59E-15,-2.2E-16,1.));
#2434 = ADVANCED_FACE('',(#2435),#2458,.T.);
#2435 = FACE_BOUND('',#2436,.T.);
#2436 = EDGE_LOOP('',(#2437,#2438,#2451,#2457));
#2437 = ORIENTED_EDGE('',*,*,#2414,.F.);
#2438 = ORIENTED_EDGE('',*,*,#2439,.T.);
#2439 = EDGE_CURVE('',#2415,#2440,#2442,.T.);
#2440 = VERTEX_POINT('',#2441);
#2441 = CARTESIAN_POINT('',(51.0001,1.E-15,1.));
#2442 = B_SPLINE_CURVE_WITH_KNOTS('',7,(#2443,#2444,#2445,#2446,#2447,
    #2448,#2449,#2450),.UNSPECIFIED.,.F.,.F.,(8,8),(0.,1.),
  .PIECEWISE_BEZIER_KNOTS.);
#2443 = CARTESIAN_POINT('',(52.,-0.9999,1.));
#2444 = CARTESIAN_POINT('',(52.,-0.775522972663,1.));
#2445 = CARTESIAN_POINT('',(51.941256985889,-0.551146996962,1.));
#2446 = CARTESIAN_POINT('',(51.823780354855,-0.3452185511,1.));
#2447 = CARTESIAN_POINT('',(51.654781448894,-0.17621964515,1.));
#2448 = CARTESIAN_POINT('',(51.448853003043,-5.874301410893E-02,1.));
#2449 = CARTESIAN_POINT('',(51.224477027335,1.5E-15,1.));
#2450 = CARTESIAN_POINT('',(51.0001,1.5E-15,1.));
#2451 = ORIENTED_EDGE('',*,*,#2452,.T.);
#2452 = EDGE_CURVE('',#2440,#1083,#2453,.T.);
#2453 = LINE('',#2454,#2455);
#2454 = CARTESIAN_POINT('',(51.0001,1.78E-15,-2.82E-15));
#2455 = VECTOR('',#2456,1.);
#2456 = DIRECTION('',(0.,2.2E-16,1.));
#2457 = ORIENTED_EDGE('',*,*,#1082,.F.);
#2458 = CYLINDRICAL_SURFACE('',#2459,0.9999);
#2459 = AXIS2_PLACEMENT_3D('',#2460,#2461,#2462);
#2460 = CARTESIAN_POINT('',(51.0001,-0.9999,-2.59E-15));
#2461 = DIRECTION('',(0.,2.2E-16,1.));
#2462 = DIRECTION('',(1.,-7.7E-16,1.694E-31));
#2463 = ADVANCED_FACE('',(#2464),#2484,.T.);
#2464 = FACE_BOUND('',#2465,.T.);
#2465 = EDGE_LOOP('',(#2466,#2474,#2475,#2476,#2477,#2478));
#2466 = ORIENTED_EDGE('',*,*,#2467,.F.);
#2467 = EDGE_CURVE('',#1262,#2468,#2470,.T.);
#2468 = VERTEX_POINT('',#2469);
#2469 = CARTESIAN_POINT('',(0.9999,1.E-15,1.));
#2470 = LINE('',#2471,#2472);
#2471 = CARTESIAN_POINT('',(0.9999,1.29E-15,10.7));
#2472 = VECTOR('',#2473,1.);
#2473 = DIRECTION('',(0.,-2.2E-16,-1.));
#2474 = ORIENTED_EDGE('',*,*,#1270,.F.);
#2475 = ORIENTED_EDGE('',*,*,#1720,.T.);
#2476 = ORIENTED_EDGE('',*,*,#1091,.F.);
#2477 = ORIENTED_EDGE('',*,*,#2452,.F.);
#2478 = ORIENTED_EDGE('',*,*,#2479,.T.);
#2479 = EDGE_CURVE('',#2440,#2468,#2480,.T.);
#2480 = LINE('',#2481,#2482);
#2481 = CARTESIAN_POINT('',(51.0001,1.33E-15,1.));
#2482 = VECTOR('',#2483,1.);
#2483 = DIRECTION('',(-1.,0.,0.));
#2484 = PLANE('',#2485);
#2485 = AXIS2_PLACEMENT_3D('',#2486,#2487,#2488);
#2486 = CARTESIAN_POINT('',(26.,0.,5.35));
#2487 = DIRECTION('',(0.,1.,2.2E-16));
#2488 = DIRECTION('',(0.,-2.2E-16,1.));
#2489 = ADVANCED_FACE('',(#2490),#2511,.T.);
#2490 = FACE_BOUND('',#2491,.T.);
#2491 = EDGE_LOOP('',(#2492,#2500,#2501,#2502,#2503,#2504));
#2492 = ORIENTED_EDGE('',*,*,#2493,.F.);
#2493 = EDGE_CURVE('',#2314,#2494,#2496,.T.);
#2494 = VERTEX_POINT('',#2495);
#2495 = CARTESIAN_POINT('',(50.170710678119,-17.17071067811,
    6.170710678119));
#2496 = LINE('',#2497,#2498);
#2497 = CARTESIAN_POINT('',(50.233333333333,-17.23333333333,
    6.233333333333));
#2498 = VECTOR('',#2499,1.);
#2499 = DIRECTION('',(-0.57735026919,0.57735026919,-0.57735026919));
#2500 = ORIENTED_EDGE('',*,*,#2313,.T.);
#2501 = ORIENTED_EDGE('',*,*,#2358,.T.);
#2502 = ORIENTED_EDGE('',*,*,#1181,.F.);
#2503 = ORIENTED_EDGE('',*,*,#1173,.F.);
#2504 = ORIENTED_EDGE('',*,*,#2505,.T.);
#2505 = EDGE_CURVE('',#1166,#2494,#2506,.T.);
#2506 = ELLIPSE('',#2507,0.141421356237,0.1);
#2507 = AXIS2_PLACEMENT_3D('',#2508,#2509,#2510);
#2508 = CARTESIAN_POINT('',(50.241421356237,-17.1,6.1));
#2509 = DIRECTION('',(-0.,0.707106781187,0.707106781187));
#2510 = DIRECTION('',(0.,-0.707106781187,0.707106781187));
#2511 = PLANE('',#2512);
#2512 = AXIS2_PLACEMENT_3D('',#2513,#2514,#2515);
#2513 = CARTESIAN_POINT('',(49.329459311299,-17.56137782636,
    6.561377826362));
#2514 = DIRECTION('',(0.,-0.707106781187,-0.707106781187));
#2515 = DIRECTION('',(0.,-0.707106781187,0.707106781187));
#2516 = ADVANCED_FACE('',(#2517),#2528,.F.);
#2517 = FACE_BOUND('',#2518,.F.);
#2518 = EDGE_LOOP('',(#2519,#2520,#2526,#2527));
#2519 = ORIENTED_EDGE('',*,*,#1872,.T.);
#2520 = ORIENTED_EDGE('',*,*,#2521,.F.);
#2521 = EDGE_CURVE('',#1232,#1865,#2522,.T.);
#2522 = LINE('',#2523,#2524);
#2523 = CARTESIAN_POINT('',(5.15,-9.5,10.45));
#2524 = VECTOR('',#2525,1.);
#2525 = DIRECTION('',(0.707106781187,-1.6E-16,-0.707106781187));
#2526 = ORIENTED_EDGE('',*,*,#1231,.F.);
#2527 = ORIENTED_EDGE('',*,*,#2521,.T.);
#2528 = CONICAL_SURFACE('',#2529,1.85,0.785398163397);
#2529 = AXIS2_PLACEMENT_3D('',#2530,#2531,#2532);
#2530 = CARTESIAN_POINT('',(7.,-9.5,10.45));
#2531 = DIRECTION('',(-0.,2.2E-16,1.));
#2532 = DIRECTION('',(-1.,0.,-0.));
#2533 = ADVANCED_FACE('',(#2534),#2545,.T.);
#2534 = FACE_BOUND('',#2535,.T.);
#2535 = EDGE_LOOP('',(#2536,#2537,#2538,#2539));
#2536 = ORIENTED_EDGE('',*,*,#1491,.F.);
#2537 = ORIENTED_EDGE('',*,*,#1535,.T.);
#2538 = ORIENTED_EDGE('',*,*,#1671,.T.);
#2539 = ORIENTED_EDGE('',*,*,#2540,.F.);
#2540 = EDGE_CURVE('',#1483,#1663,#2541,.T.);
#2541 = LINE('',#2542,#2543);
#2542 = CARTESIAN_POINT('',(12.8,-12.5,10.7));
#2543 = VECTOR('',#2544,1.);
#2544 = DIRECTION('',(0.,0.,-1.));
#2545 = PLANE('',#2546);
#2546 = AXIS2_PLACEMENT_3D('',#2547,#2548,#2549);
#2547 = CARTESIAN_POINT('',(13.5,-12.5,10.7));
#2548 = DIRECTION('',(0.,1.,0.));
#2549 = DIRECTION('',(-1.,0.,0.));
#2550 = ADVANCED_FACE('',(#2551),#2562,.F.);
#2551 = FACE_BOUND('',#2552,.F.);
#2552 = EDGE_LOOP('',(#2553,#2554,#2560,#2561));
#2553 = ORIENTED_EDGE('',*,*,#1482,.T.);
#2554 = ORIENTED_EDGE('',*,*,#2555,.T.);
#2555 = EDGE_CURVE('',#1475,#1655,#2556,.T.);
#2556 = LINE('',#2557,#2558);
#2557 = CARTESIAN_POINT('',(12.3,-12.,10.7));
#2558 = VECTOR('',#2559,1.);
#2559 = DIRECTION('',(0.,0.,-1.));
#2560 = ORIENTED_EDGE('',*,*,#1662,.F.);
#2561 = ORIENTED_EDGE('',*,*,#2540,.F.);
#2562 = CYLINDRICAL_SURFACE('',#2563,0.5);
#2563 = AXIS2_PLACEMENT_3D('',#2564,#2565,#2566);
#2564 = CARTESIAN_POINT('',(12.8,-12.,10.7));
#2565 = DIRECTION('',(0.,0.,-1.));
#2566 = DIRECTION('',(0.,-1.,0.));
#2567 = ADVANCED_FACE('',(#2568),#2586,.F.);
#2568 = FACE_BOUND('',#2569,.F.);
#2569 = EDGE_LOOP('',(#2570,#2578,#2579,#2580));
#2570 = ORIENTED_EDGE('',*,*,#2571,.F.);
#2571 = EDGE_CURVE('',#1254,#2572,#2574,.T.);
#2572 = VERTEX_POINT('',#2573);
#2573 = CARTESIAN_POINT('',(-0.,-0.9999,1.));
#2574 = LINE('',#2575,#2576);
#2575 = CARTESIAN_POINT('',(-1.1E-16,-0.9999,10.7));
#2576 = VECTOR('',#2577,1.);
#2577 = DIRECTION('',(0.,-2.2E-16,-1.));
#2578 = ORIENTED_EDGE('',*,*,#1253,.T.);
#2579 = ORIENTED_EDGE('',*,*,#2216,.T.);
#2580 = ORIENTED_EDGE('',*,*,#2581,.F.);
#2581 = EDGE_CURVE('',#2572,#2217,#2582,.T.);
#2582 = LINE('',#2583,#2584);
#2583 = CARTESIAN_POINT('',(-2.2E-16,-0.9999,1.));
#2584 = VECTOR('',#2585,1.);
#2585 = DIRECTION('',(0.,-1.,2.2E-16));
#2586 = PLANE('',#2587);
#2587 = AXIS2_PLACEMENT_3D('',#2588,#2589,#2590);
#2588 = CARTESIAN_POINT('',(0.,2.38E-15,10.7));
#2589 = DIRECTION('',(1.,0.,0.));
#2590 = DIRECTION('',(0.,-2.2E-16,-1.));
#2591 = ADVANCED_FACE('',(#2592),#2603,.T.);
#2592 = FACE_BOUND('',#2593,.T.);
#2593 = EDGE_LOOP('',(#2594,#2595,#2596,#2597));
#2594 = ORIENTED_EDGE('',*,*,#1474,.F.);
#2595 = ORIENTED_EDGE('',*,*,#2555,.T.);
#2596 = ORIENTED_EDGE('',*,*,#1654,.T.);
#2597 = ORIENTED_EDGE('',*,*,#2598,.F.);
#2598 = EDGE_CURVE('',#1466,#1646,#2599,.T.);
#2599 = LINE('',#2600,#2601);
#2600 = CARTESIAN_POINT('',(12.3,-8.,10.7));
#2601 = VECTOR('',#2602,1.);
#2602 = DIRECTION('',(0.,0.,-1.));
#2603 = PLANE('',#2604);
#2604 = AXIS2_PLACEMENT_3D('',#2605,#2606,#2607);
#2605 = CARTESIAN_POINT('',(12.3,-12.5,10.7));
#2606 = DIRECTION('',(1.,0.,0.));
#2607 = DIRECTION('',(-0.,1.,0.));
#2608 = ADVANCED_FACE('',(#2609),#2625,.T.);
#2609 = FACE_BOUND('',#2610,.T.);
#2610 = EDGE_LOOP('',(#2611,#2612,#2613,#2614));
#2611 = ORIENTED_EDGE('',*,*,#2571,.F.);
#2612 = ORIENTED_EDGE('',*,*,#1261,.T.);
#2613 = ORIENTED_EDGE('',*,*,#2467,.T.);
#2614 = ORIENTED_EDGE('',*,*,#2615,.T.);
#2615 = EDGE_CURVE('',#2468,#2572,#2616,.T.);
#2616 = B_SPLINE_CURVE_WITH_KNOTS('',7,(#2617,#2618,#2619,#2620,#2621,
    #2622,#2623,#2624),.UNSPECIFIED.,.F.,.F.,(8,8),(0.,1.),
  .PIECEWISE_BEZIER_KNOTS.);
#2617 = CARTESIAN_POINT('',(0.9999,0.,1.));
#2618 = CARTESIAN_POINT('',(0.775522972663,-1.E-17,1.));
#2619 = CARTESIAN_POINT('',(0.551146996962,-5.874301411017E-02,1.));
#2620 = CARTESIAN_POINT('',(0.345218551101,-0.176219645146,1.));
#2621 = CARTESIAN_POINT('',(0.176219645149,-0.345218551106,1.));
#2622 = CARTESIAN_POINT('',(5.874301410901E-02,-0.551146996958,1.));
#2623 = CARTESIAN_POINT('',(-3.3E-16,-0.775522972665,1.));
#2624 = CARTESIAN_POINT('',(-3.3E-16,-0.9999,1.));
#2625 = CYLINDRICAL_SURFACE('',#2626,0.9999);
#2626 = AXIS2_PLACEMENT_3D('',#2627,#2628,#2629);
#2627 = CARTESIAN_POINT('',(0.9999,-0.9999,10.7));
#2628 = DIRECTION('',(0.,-2.2E-16,-1.));
#2629 = DIRECTION('',(-1.,-0.,0.));
#2630 = ADVANCED_FACE('',(#2631),#2642,.F.);
#2631 = FACE_BOUND('',#2632,.F.);
#2632 = EDGE_LOOP('',(#2633,#2634,#2640,#2641));
#2633 = ORIENTED_EDGE('',*,*,#1465,.T.);
#2634 = ORIENTED_EDGE('',*,*,#2635,.T.);
#2635 = EDGE_CURVE('',#1458,#1638,#2636,.T.);
#2636 = LINE('',#2637,#2638);
#2637 = CARTESIAN_POINT('',(12.8,-7.5,10.7));
#2638 = VECTOR('',#2639,1.);
#2639 = DIRECTION('',(0.,0.,-1.));
#2640 = ORIENTED_EDGE('',*,*,#1645,.F.);
#2641 = ORIENTED_EDGE('',*,*,#2598,.F.);
#2642 = CYLINDRICAL_SURFACE('',#2643,0.5);
#2643 = AXIS2_PLACEMENT_3D('',#2644,#2645,#2646);
#2644 = CARTESIAN_POINT('',(12.8,-8.,10.7));
#2645 = DIRECTION('',(0.,0.,-1.));
#2646 = DIRECTION('',(-1.,0.,0.));
#2647 = ADVANCED_FACE('',(#2648),#2659,.T.);
#2648 = FACE_BOUND('',#2649,.T.);
#2649 = EDGE_LOOP('',(#2650,#2651,#2652,#2653));
#2650 = ORIENTED_EDGE('',*,*,#1457,.F.);
#2651 = ORIENTED_EDGE('',*,*,#2635,.T.);
#2652 = ORIENTED_EDGE('',*,*,#1637,.T.);
#2653 = ORIENTED_EDGE('',*,*,#2654,.F.);
#2654 = EDGE_CURVE('',#1449,#1629,#2655,.T.);
#2655 = LINE('',#2656,#2657);
#2656 = CARTESIAN_POINT('',(13.,-7.5,10.7));
#2657 = VECTOR('',#2658,1.);
#2658 = DIRECTION('',(0.,0.,-1.));
#2659 = PLANE('',#2660);
#2660 = AXIS2_PLACEMENT_3D('',#2661,#2662,#2663);
#2661 = CARTESIAN_POINT('',(12.3,-7.5,10.7));
#2662 = DIRECTION('',(0.,-1.,0.));
#2663 = DIRECTION('',(1.,0.,0.));
#2664 = ADVANCED_FACE('',(#2665),#2676,.T.);
#2665 = FACE_BOUND('',#2666,.T.);
#2666 = EDGE_LOOP('',(#2667,#2668,#2669,#2675));
#2667 = ORIENTED_EDGE('',*,*,#2654,.T.);
#2668 = ORIENTED_EDGE('',*,*,#1628,.T.);
#2669 = ORIENTED_EDGE('',*,*,#2670,.F.);
#2670 = EDGE_CURVE('',#1441,#1621,#2671,.T.);
#2671 = LINE('',#2672,#2673);
#2672 = CARTESIAN_POINT('',(13.5,-7.,10.7));
#2673 = VECTOR('',#2674,1.);
#2674 = DIRECTION('',(0.,0.,-1.));
#2675 = ORIENTED_EDGE('',*,*,#1448,.F.);
#2676 = CYLINDRICAL_SURFACE('',#2677,0.5);
#2677 = AXIS2_PLACEMENT_3D('',#2678,#2679,#2680);
#2678 = CARTESIAN_POINT('',(13.,-7.,10.7));
#2679 = DIRECTION('',(0.,0.,-1.));
#2680 = DIRECTION('',(0.,-1.,0.));
#2681 = ADVANCED_FACE('',(#2682),#2693,.T.);
#2682 = FACE_BOUND('',#2683,.T.);
#2683 = EDGE_LOOP('',(#2684,#2685,#2686,#2687));
#2684 = ORIENTED_EDGE('',*,*,#1440,.F.);
#2685 = ORIENTED_EDGE('',*,*,#2670,.T.);
#2686 = ORIENTED_EDGE('',*,*,#1620,.F.);
#2687 = ORIENTED_EDGE('',*,*,#2688,.F.);
#2688 = EDGE_CURVE('',#1432,#1612,#2689,.T.);
#2689 = LINE('',#2690,#2691);
#2690 = CARTESIAN_POINT('',(13.5,-4.,10.7));
#2691 = VECTOR('',#2692,1.);
#2692 = DIRECTION('',(0.,0.,-1.));
#2693 = PLANE('',#2694);
#2694 = AXIS2_PLACEMENT_3D('',#2695,#2696,#2697);
#2695 = CARTESIAN_POINT('',(13.5,-18.,10.7));
#2696 = DIRECTION('',(1.,0.,0.));
#2697 = DIRECTION('',(-0.,1.,0.));
#2698 = ADVANCED_FACE('',(#2699),#2710,.F.);
#2699 = FACE_BOUND('',#2700,.F.);
#2700 = EDGE_LOOP('',(#2701,#2702,#2708,#2709));
#2701 = ORIENTED_EDGE('',*,*,#1431,.T.);
#2702 = ORIENTED_EDGE('',*,*,#2703,.T.);
#2703 = EDGE_CURVE('',#1424,#1604,#2704,.T.);
#2704 = LINE('',#2705,#2706);
#2705 = CARTESIAN_POINT('',(14.5,-3.,10.7));
#2706 = VECTOR('',#2707,1.);
#2707 = DIRECTION('',(0.,0.,-1.));
#2708 = ORIENTED_EDGE('',*,*,#1611,.F.);
#2709 = ORIENTED_EDGE('',*,*,#2688,.F.);
#2710 = CYLINDRICAL_SURFACE('',#2711,1.);
#2711 = AXIS2_PLACEMENT_3D('',#2712,#2713,#2714);
#2712 = CARTESIAN_POINT('',(14.5,-4.,10.7));
#2713 = DIRECTION('',(0.,0.,-1.));
#2714 = DIRECTION('',(-1.,0.,0.));
#2715 = ADVANCED_FACE('',(#2716),#2727,.T.);
#2716 = FACE_BOUND('',#2717,.T.);
#2717 = EDGE_LOOP('',(#2718,#2719,#2720,#2721));
#2718 = ORIENTED_EDGE('',*,*,#1423,.F.);
#2719 = ORIENTED_EDGE('',*,*,#2703,.T.);
#2720 = ORIENTED_EDGE('',*,*,#1603,.T.);
#2721 = ORIENTED_EDGE('',*,*,#2722,.F.);
#2722 = EDGE_CURVE('',#1415,#1595,#2723,.T.);
#2723 = LINE('',#2724,#2725);
#2724 = CARTESIAN_POINT('',(17.5,-3.,10.7));
#2725 = VECTOR('',#2726,1.);
#2726 = DIRECTION('',(0.,0.,-1.));
#2727 = PLANE('',#2728);
#2728 = AXIS2_PLACEMENT_3D('',#2729,#2730,#2731);
#2729 = CARTESIAN_POINT('',(13.5,-3.,10.7));
#2730 = DIRECTION('',(0.,-1.,0.));
#2731 = DIRECTION('',(1.,0.,0.));
#2732 = ADVANCED_FACE('',(#2733),#2744,.T.);
#2733 = FACE_BOUND('',#2734,.T.);
#2734 = EDGE_LOOP('',(#2735,#2736,#2737,#2743));
#2735 = ORIENTED_EDGE('',*,*,#2722,.T.);
#2736 = ORIENTED_EDGE('',*,*,#1594,.T.);
#2737 = ORIENTED_EDGE('',*,*,#2738,.F.);
#2738 = EDGE_CURVE('',#1407,#1587,#2739,.T.);
#2739 = LINE('',#2740,#2741);
#2740 = CARTESIAN_POINT('',(18.,-2.5,10.7));
#2741 = VECTOR('',#2742,1.);
#2742 = DIRECTION('',(0.,0.,-1.));
#2743 = ORIENTED_EDGE('',*,*,#1414,.F.);
#2744 = CYLINDRICAL_SURFACE('',#2745,0.5);
#2745 = AXIS2_PLACEMENT_3D('',#2746,#2747,#2748);
#2746 = CARTESIAN_POINT('',(17.5,-2.5,10.7));
#2747 = DIRECTION('',(0.,0.,-1.));
#2748 = DIRECTION('',(0.,-1.,0.));
#2749 = ADVANCED_FACE('',(#2750),#2761,.F.);
#2750 = FACE_BOUND('',#2751,.F.);
#2751 = EDGE_LOOP('',(#2752,#2753,#2759,#2760));
#2752 = ORIENTED_EDGE('',*,*,#1406,.F.);
#2753 = ORIENTED_EDGE('',*,*,#2754,.T.);
#2754 = EDGE_CURVE('',#1398,#1578,#2755,.T.);
#2755 = LINE('',#2756,#2757);
#2756 = CARTESIAN_POINT('',(18.,-2.3,10.7));
#2757 = VECTOR('',#2758,1.);
#2758 = DIRECTION('',(0.,0.,-1.));
#2759 = ORIENTED_EDGE('',*,*,#1586,.T.);
#2760 = ORIENTED_EDGE('',*,*,#2738,.F.);
#2761 = PLANE('',#2762);
#2762 = AXIS2_PLACEMENT_3D('',#2763,#2764,#2765);
#2763 = CARTESIAN_POINT('',(18.,-1.8,10.7));
#2764 = DIRECTION('',(-1.,0.,0.));
#2765 = DIRECTION('',(0.,-1.,0.));
#2766 = ADVANCED_FACE('',(#2767),#2778,.F.);
#2767 = FACE_BOUND('',#2768,.F.);
#2768 = EDGE_LOOP('',(#2769,#2770,#2771,#2772));
#2769 = ORIENTED_EDGE('',*,*,#1311,.F.);
#2770 = ORIENTED_EDGE('',*,*,#1831,.T.);
#2771 = ORIENTED_EDGE('',*,*,#1771,.T.);
#2772 = ORIENTED_EDGE('',*,*,#2773,.F.);
#2773 = EDGE_CURVE('',#1312,#1774,#2774,.T.);
#2774 = LINE('',#2775,#2776);
#2775 = CARTESIAN_POINT('',(28.2,-12.5,10.7));
#2776 = VECTOR('',#2777,1.);
#2777 = DIRECTION('',(0.,0.,-1.));
#2778 = PLANE('',#2779);
#2779 = AXIS2_PLACEMENT_3D('',#2780,#2781,#2782);
#2780 = CARTESIAN_POINT('',(27.5,-12.5,10.7));
#2781 = DIRECTION('',(0.,-1.,0.));
#2782 = DIRECTION('',(1.,0.,0.));
#2783 = ADVANCED_FACE('',(#2784),#2795,.F.);
#2784 = FACE_BOUND('',#2785,.F.);
#2785 = EDGE_LOOP('',(#2786,#2787,#2793,#2794));
#2786 = ORIENTED_EDGE('',*,*,#1397,.T.);
#2787 = ORIENTED_EDGE('',*,*,#2788,.T.);
#2788 = EDGE_CURVE('',#1390,#1570,#2789,.T.);
#2789 = LINE('',#2790,#2791);
#2790 = CARTESIAN_POINT('',(18.5,-1.8,10.7));
#2791 = VECTOR('',#2792,1.);
#2792 = DIRECTION('',(0.,0.,-1.));
#2793 = ORIENTED_EDGE('',*,*,#1577,.F.);
#2794 = ORIENTED_EDGE('',*,*,#2754,.F.);
#2795 = CYLINDRICAL_SURFACE('',#2796,0.5);
#2796 = AXIS2_PLACEMENT_3D('',#2797,#2798,#2799);
#2797 = CARTESIAN_POINT('',(18.5,-2.3,10.7));
#2798 = DIRECTION('',(0.,0.,-1.));
#2799 = DIRECTION('',(-1.,-0.,-0.));
#2800 = ADVANCED_FACE('',(#2801),#2812,.F.);
#2801 = FACE_BOUND('',#2802,.F.);
#2802 = EDGE_LOOP('',(#2803,#2804,#2805,#2806));
#2803 = ORIENTED_EDGE('',*,*,#1319,.T.);
#2804 = ORIENTED_EDGE('',*,*,#2773,.T.);
#2805 = ORIENTED_EDGE('',*,*,#1815,.F.);
#2806 = ORIENTED_EDGE('',*,*,#2807,.F.);
#2807 = EDGE_CURVE('',#1320,#1808,#2808,.T.);
#2808 = LINE('',#2809,#2810);
#2809 = CARTESIAN_POINT('',(28.7,-12.,10.7));
#2810 = VECTOR('',#2811,1.);
#2811 = DIRECTION('',(0.,0.,-1.));
#2812 = CYLINDRICAL_SURFACE('',#2813,0.5);
#2813 = AXIS2_PLACEMENT_3D('',#2814,#2815,#2816);
#2814 = CARTESIAN_POINT('',(28.2,-12.,10.7));
#2815 = DIRECTION('',(0.,0.,-1.));
#2816 = DIRECTION('',(1.,0.,0.));
#2817 = ADVANCED_FACE('',(#2818),#2829,.F.);
#2818 = FACE_BOUND('',#2819,.F.);
#2819 = EDGE_LOOP('',(#2820,#2821,#2827,#2828));
#2820 = ORIENTED_EDGE('',*,*,#1389,.F.);
#2821 = ORIENTED_EDGE('',*,*,#2822,.T.);
#2822 = EDGE_CURVE('',#1381,#1561,#2823,.T.);
#2823 = LINE('',#2824,#2825);
#2824 = CARTESIAN_POINT('',(22.5,-1.8,10.7));
#2825 = VECTOR('',#2826,1.);
#2826 = DIRECTION('',(0.,0.,-1.));
#2827 = ORIENTED_EDGE('',*,*,#1569,.T.);
#2828 = ORIENTED_EDGE('',*,*,#2788,.F.);
#2829 = PLANE('',#2830);
#2830 = AXIS2_PLACEMENT_3D('',#2831,#2832,#2833);
#2831 = CARTESIAN_POINT('',(23.,-1.8,10.7));
#2832 = DIRECTION('',(0.,1.,0.));
#2833 = DIRECTION('',(-1.,0.,0.));
#2834 = ADVANCED_FACE('',(#2835),#2846,.F.);
#2835 = FACE_BOUND('',#2836,.F.);
#2836 = EDGE_LOOP('',(#2837,#2838,#2839,#2840));
#2837 = ORIENTED_EDGE('',*,*,#1328,.F.);
#2838 = ORIENTED_EDGE('',*,*,#2807,.T.);
#2839 = ORIENTED_EDGE('',*,*,#1807,.T.);
#2840 = ORIENTED_EDGE('',*,*,#2841,.F.);
#2841 = EDGE_CURVE('',#1329,#1799,#2842,.T.);
#2842 = LINE('',#2843,#2844);
#2843 = CARTESIAN_POINT('',(28.7,-8.,10.7));
#2844 = VECTOR('',#2845,1.);
#2845 = DIRECTION('',(0.,0.,-1.));
#2846 = PLANE('',#2847);
#2847 = AXIS2_PLACEMENT_3D('',#2848,#2849,#2850);
#2848 = CARTESIAN_POINT('',(28.7,-12.5,10.7));
#2849 = DIRECTION('',(1.,0.,0.));
#2850 = DIRECTION('',(-0.,1.,0.));
#2851 = ADVANCED_FACE('',(#2852),#2863,.F.);
#2852 = FACE_BOUND('',#2853,.F.);
#2853 = EDGE_LOOP('',(#2854,#2855,#2861,#2862));
#2854 = ORIENTED_EDGE('',*,*,#1380,.T.);
#2855 = ORIENTED_EDGE('',*,*,#2856,.T.);
#2856 = EDGE_CURVE('',#1373,#1553,#2857,.T.);
#2857 = LINE('',#2858,#2859);
#2858 = CARTESIAN_POINT('',(23.,-2.3,10.7));
#2859 = VECTOR('',#2860,1.);
#2860 = DIRECTION('',(0.,0.,-1.));
#2861 = ORIENTED_EDGE('',*,*,#1560,.F.);
#2862 = ORIENTED_EDGE('',*,*,#2822,.F.);
#2863 = CYLINDRICAL_SURFACE('',#2864,0.5);
#2864 = AXIS2_PLACEMENT_3D('',#2865,#2866,#2867);
#2865 = CARTESIAN_POINT('',(22.5,-2.3,10.7));
#2866 = DIRECTION('',(0.,0.,-1.));
#2867 = DIRECTION('',(0.,1.,0.));
#2868 = ADVANCED_FACE('',(#2869),#2880,.F.);
#2869 = FACE_BOUND('',#2870,.F.);
#2870 = EDGE_LOOP('',(#2871,#2872,#2873,#2874));
#2871 = ORIENTED_EDGE('',*,*,#1336,.T.);
#2872 = ORIENTED_EDGE('',*,*,#2841,.T.);
#2873 = ORIENTED_EDGE('',*,*,#1798,.F.);
#2874 = ORIENTED_EDGE('',*,*,#2875,.F.);
#2875 = EDGE_CURVE('',#1337,#1791,#2876,.T.);
#2876 = LINE('',#2877,#2878);
#2877 = CARTESIAN_POINT('',(28.2,-7.5,10.7));
#2878 = VECTOR('',#2879,1.);
#2879 = DIRECTION('',(0.,0.,-1.));
#2880 = CYLINDRICAL_SURFACE('',#2881,0.5);
#2881 = AXIS2_PLACEMENT_3D('',#2882,#2883,#2884);
#2882 = CARTESIAN_POINT('',(28.2,-8.,10.7));
#2883 = DIRECTION('',(0.,0.,-1.));
#2884 = DIRECTION('',(0.,1.,0.));
#2885 = ADVANCED_FACE('',(#2886),#2892,.F.);
#2886 = FACE_BOUND('',#2887,.F.);
#2887 = EDGE_LOOP('',(#2888,#2889,#2890,#2891));
#2888 = ORIENTED_EDGE('',*,*,#1372,.F.);
#2889 = ORIENTED_EDGE('',*,*,#1848,.T.);
#2890 = ORIENTED_EDGE('',*,*,#1550,.T.);
#2891 = ORIENTED_EDGE('',*,*,#2856,.F.);
#2892 = PLANE('',#2893);
#2893 = AXIS2_PLACEMENT_3D('',#2894,#2895,#2896);
#2894 = CARTESIAN_POINT('',(23.,-3.,10.7));
#2895 = DIRECTION('',(1.,0.,0.));
#2896 = DIRECTION('',(-0.,1.,0.));
#2897 = ADVANCED_FACE('',(#2898),#2904,.F.);
#2898 = FACE_BOUND('',#2899,.F.);
#2899 = EDGE_LOOP('',(#2900,#2901,#2902,#2903));
#2900 = ORIENTED_EDGE('',*,*,#1345,.F.);
#2901 = ORIENTED_EDGE('',*,*,#2875,.T.);
#2902 = ORIENTED_EDGE('',*,*,#1790,.T.);
#2903 = ORIENTED_EDGE('',*,*,#1756,.F.);
#2904 = PLANE('',#2905);
#2905 = AXIS2_PLACEMENT_3D('',#2906,#2907,#2908);
#2906 = CARTESIAN_POINT('',(28.7,-7.5,10.7));
#2907 = DIRECTION('',(0.,1.,0.));
#2908 = DIRECTION('',(-1.,0.,0.));
#2909 = ADVANCED_FACE('',(#2910),#2929,.F.);
#2910 = FACE_BOUND('',#2911,.F.);
#2911 = EDGE_LOOP('',(#2912,#2920,#2921,#2922));
#2912 = ORIENTED_EDGE('',*,*,#2913,.F.);
#2913 = EDGE_CURVE('',#1926,#2914,#2916,.T.);
#2914 = VERTEX_POINT('',#2915);
#2915 = CARTESIAN_POINT('',(5.15,-9.5,2.));
#2916 = LINE('',#2917,#2918);
#2917 = CARTESIAN_POINT('',(5.15,-9.5,10.7));
#2918 = VECTOR('',#2919,1.);
#2919 = DIRECTION('',(0.,0.,-1.));
#2920 = ORIENTED_EDGE('',*,*,#1925,.F.);
#2921 = ORIENTED_EDGE('',*,*,#2913,.T.);
#2922 = ORIENTED_EDGE('',*,*,#2923,.T.);
#2923 = EDGE_CURVE('',#2914,#2914,#2924,.T.);
#2924 = CIRCLE('',#2925,1.85);
#2925 = AXIS2_PLACEMENT_3D('',#2926,#2927,#2928);
#2926 = CARTESIAN_POINT('',(7.,-9.5,2.));
#2927 = DIRECTION('',(0.,0.,1.));
#2928 = DIRECTION('',(-1.,0.,0.));
#2929 = CYLINDRICAL_SURFACE('',#2930,1.85);
#2930 = AXIS2_PLACEMENT_3D('',#2931,#2932,#2933);
#2931 = CARTESIAN_POINT('',(7.,-9.5,10.7));
#2932 = DIRECTION('',(0.,0.,1.));
#2933 = DIRECTION('',(-1.,0.,0.));
#2934 = ADVANCED_FACE('',(#2935),#2946,.T.);
#2935 = FACE_BOUND('',#2936,.T.);
#2936 = EDGE_LOOP('',(#2937,#2938,#2944,#2945));
#2937 = ORIENTED_EDGE('',*,*,#1977,.T.);
#2938 = ORIENTED_EDGE('',*,*,#2939,.T.);
#2939 = EDGE_CURVE('',#1968,#2494,#2940,.T.);
#2940 = LINE('',#2941,#2942);
#2941 = CARTESIAN_POINT('',(50.170710678119,-17.17071067811,4.4));
#2942 = VECTOR('',#2943,1.);
#2943 = DIRECTION('',(0.,2.2E-16,1.));
#2944 = ORIENTED_EDGE('',*,*,#2505,.F.);
#2945 = ORIENTED_EDGE('',*,*,#1953,.F.);
#2946 = CYLINDRICAL_SURFACE('',#2947,0.1);
#2947 = AXIS2_PLACEMENT_3D('',#2948,#2949,#2950);
#2948 = CARTESIAN_POINT('',(50.241421356237,-17.1,4.4));
#2949 = DIRECTION('',(0.,2.2E-16,1.));
#2950 = DIRECTION('',(0.,1.,-2.2E-16));
#2951 = ADVANCED_FACE('',(#2952),#2958,.F.);
#2952 = FACE_BOUND('',#2953,.T.);
#2953 = EDGE_LOOP('',(#2954,#2955,#2956,#2957));
#2954 = ORIENTED_EDGE('',*,*,#1967,.T.);
#2955 = ORIENTED_EDGE('',*,*,#2321,.T.);
#2956 = ORIENTED_EDGE('',*,*,#2493,.T.);
#2957 = ORIENTED_EDGE('',*,*,#2939,.F.);
#2958 = PLANE('',#2959);
#2959 = AXIS2_PLACEMENT_3D('',#2960,#2961,#2962);
#2960 = CARTESIAN_POINT('',(50.5,-17.5,4.4));
#2961 = DIRECTION('',(0.707106781187,0.707106781187,-3.3E-16));
#2962 = DIRECTION('',(-1.183452377916E-16,-3.483452377916E-16,-1.));
#2963 = ADVANCED_FACE('',(#2964),#2976,.T.);
#2964 = FACE_BOUND('',#2965,.T.);
#2965 = EDGE_LOOP('',(#2966,#2967,#2968,#2975));
#2966 = ORIENTED_EDGE('',*,*,#2016,.F.);
#2967 = ORIENTED_EDGE('',*,*,#2043,.F.);
#2968 = ORIENTED_EDGE('',*,*,#2969,.T.);
#2969 = EDGE_CURVE('',#2044,#2329,#2970,.T.);
#2970 = CIRCLE('',#2971,2.);
#2971 = AXIS2_PLACEMENT_3D('',#2972,#2973,#2974);
#2972 = CARTESIAN_POINT('',(32.,-16.,1.));
#2973 = DIRECTION('',(0.,2.2E-16,1.));
#2974 = DIRECTION('',(-1.,-3.33E-15,7.326E-31));
#2975 = ORIENTED_EDGE('',*,*,#2328,.T.);
#2976 = CYLINDRICAL_SURFACE('',#2977,2.);
#2977 = AXIS2_PLACEMENT_3D('',#2978,#2979,#2980);
#2978 = CARTESIAN_POINT('',(32.,-16.,-1.2E-15));
#2979 = DIRECTION('',(0.,0.,1.));
#2980 = DIRECTION('',(0.,-1.,0.));
#2981 = ADVANCED_FACE('',(#2982),#3009,.T.);
#2982 = FACE_BOUND('',#2983,.T.);
#2983 = EDGE_LOOP('',(#2984,#2994,#3001,#3002));
#2984 = ORIENTED_EDGE('',*,*,#2985,.T.);
#2985 = EDGE_CURVE('',#2986,#2988,#2990,.T.);
#2986 = VERTEX_POINT('',#2987);
#2987 = CARTESIAN_POINT('',(31.,-6.,0.));
#2988 = VERTEX_POINT('',#2989);
#2989 = CARTESIAN_POINT('',(31.,-16.,-2.E-15));
#2990 = LINE('',#2991,#2992);
#2991 = CARTESIAN_POINT('',(31.,-6.,1.11E-15));
#2992 = VECTOR('',#2993,1.);
#2993 = DIRECTION('',(0.,-1.,0.));
#2994 = ORIENTED_EDGE('',*,*,#2995,.T.);
#2995 = EDGE_CURVE('',#2988,#2044,#2996,.T.);
#2996 = CIRCLE('',#2997,1.);
#2997 = AXIS2_PLACEMENT_3D('',#2998,#2999,#3000);
#2998 = CARTESIAN_POINT('',(31.,-16.,1.));
#2999 = DIRECTION('',(0.,1.,0.));
#3000 = DIRECTION('',(0.,0.,-1.));
#3001 = ORIENTED_EDGE('',*,*,#2051,.F.);
#3002 = ORIENTED_EDGE('',*,*,#3003,.F.);
#3003 = EDGE_CURVE('',#2986,#2034,#3004,.T.);
#3004 = CIRCLE('',#3005,1.);
#3005 = AXIS2_PLACEMENT_3D('',#3006,#3007,#3008);
#3006 = CARTESIAN_POINT('',(31.,-6.,1.));
#3007 = DIRECTION('',(-6.E-17,1.,-2.2E-16));
#3008 = DIRECTION('',(1.,6.E-17,0.));
#3009 = CYLINDRICAL_SURFACE('',#3010,1.);
#3010 = AXIS2_PLACEMENT_3D('',#3011,#3012,#3013);
#3011 = CARTESIAN_POINT('',(31.,-6.,1.));
#3012 = DIRECTION('',(0.,-1.,0.));
#3013 = DIRECTION('',(0.,0.,-1.));
#3014 = ADVANCED_FACE('',(#3015),#3035,.T.);
#3015 = FACE_BOUND('',#3016,.T.);
#3016 = EDGE_LOOP('',(#3017,#3026,#3033,#3034));
#3017 = ORIENTED_EDGE('',*,*,#3018,.F.);
#3018 = EDGE_CURVE('',#3019,#2067,#3021,.T.);
#3019 = VERTEX_POINT('',#3020);
#3020 = CARTESIAN_POINT('',(28.,-3.,0.));
#3021 = CIRCLE('',#3022,1.);
#3022 = AXIS2_PLACEMENT_3D('',#3023,#3024,#3025);
#3023 = CARTESIAN_POINT('',(28.,-3.,1.));
#3024 = DIRECTION('',(-1.,-0.,0.));
#3025 = DIRECTION('',(0.,-2.2E-16,-1.));
#3026 = ORIENTED_EDGE('',*,*,#3027,.T.);
#3027 = EDGE_CURVE('',#3019,#2986,#3028,.T.);
#3028 = CIRCLE('',#3029,3.);
#3029 = AXIS2_PLACEMENT_3D('',#3030,#3031,#3032);
#3030 = CARTESIAN_POINT('',(28.,-6.,1.33E-15));
#3031 = DIRECTION('',(0.,-2.2E-16,-1.));
#3032 = DIRECTION('',(3.55E-15,1.,-2.2E-16));
#3033 = ORIENTED_EDGE('',*,*,#3003,.T.);
#3034 = ORIENTED_EDGE('',*,*,#2066,.F.);
#3035 = TOROIDAL_SURFACE('',#3036,3.,1.);
#3036 = AXIS2_PLACEMENT_3D('',#3037,#3038,#3039);
#3037 = CARTESIAN_POINT('',(28.,-6.,1.));
#3038 = DIRECTION('',(0.,-2.2E-16,-1.));
#3039 = DIRECTION('',(3.55E-15,1.,-2.2E-16));
#3040 = ADVANCED_FACE('',(#3041),#3060,.T.);
#3041 = FACE_BOUND('',#3042,.T.);
#3042 = EDGE_LOOP('',(#3043,#3051,#3052,#3053));
#3043 = ORIENTED_EDGE('',*,*,#3044,.T.);
#3044 = EDGE_CURVE('',#3045,#3019,#3047,.T.);
#3045 = VERTEX_POINT('',#3046);
#3046 = CARTESIAN_POINT('',(13.,-3.,0.));
#3047 = LINE('',#3048,#3049);
#3048 = CARTESIAN_POINT('',(13.,-3.,8.9E-16));
#3049 = VECTOR('',#3050,1.);
#3050 = DIRECTION('',(1.,0.,0.));
#3051 = ORIENTED_EDGE('',*,*,#3018,.T.);
#3052 = ORIENTED_EDGE('',*,*,#2100,.F.);
#3053 = ORIENTED_EDGE('',*,*,#3054,.F.);
#3054 = EDGE_CURVE('',#3045,#2091,#3055,.T.);
#3055 = CIRCLE('',#3056,1.);
#3056 = AXIS2_PLACEMENT_3D('',#3057,#3058,#3059);
#3057 = CARTESIAN_POINT('',(13.,-3.,1.));
#3058 = DIRECTION('',(-1.,-7.3E-16,0.));
#3059 = DIRECTION('',(-7.3E-16,1.,-2.2E-16));
#3060 = CYLINDRICAL_SURFACE('',#3061,1.);
#3061 = AXIS2_PLACEMENT_3D('',#3062,#3063,#3064);
#3062 = CARTESIAN_POINT('',(13.,-3.,1.));
#3063 = DIRECTION('',(1.,0.,0.));
#3064 = DIRECTION('',(0.,-2.2E-16,-1.));
#3065 = ADVANCED_FACE('',(#3066),#3086,.T.);
#3066 = FACE_BOUND('',#3067,.T.);
#3067 = EDGE_LOOP('',(#3068,#3077,#3084,#3085));
#3068 = ORIENTED_EDGE('',*,*,#3069,.F.);
#3069 = EDGE_CURVE('',#3070,#2117,#3072,.T.);
#3070 = VERTEX_POINT('',#3071);
#3071 = CARTESIAN_POINT('',(10.,-6.,2.E-15));
#3072 = CIRCLE('',#3073,1.);
#3073 = AXIS2_PLACEMENT_3D('',#3074,#3075,#3076);
#3074 = CARTESIAN_POINT('',(10.,-6.,1.));
#3075 = DIRECTION('',(0.,-1.,0.));
#3076 = DIRECTION('',(0.,0.,-1.));
#3077 = ORIENTED_EDGE('',*,*,#3078,.T.);
#3078 = EDGE_CURVE('',#3070,#3045,#3079,.T.);
#3079 = CIRCLE('',#3080,3.);
#3080 = AXIS2_PLACEMENT_3D('',#3081,#3082,#3083);
#3081 = CARTESIAN_POINT('',(13.,-6.,1.33E-15));
#3082 = DIRECTION('',(0.,-2.2E-16,-1.));
#3083 = DIRECTION('',(-1.,1.55E-15,-3.41E-31));
#3084 = ORIENTED_EDGE('',*,*,#3054,.T.);
#3085 = ORIENTED_EDGE('',*,*,#2116,.F.);
#3086 = TOROIDAL_SURFACE('',#3087,3.,1.);
#3087 = AXIS2_PLACEMENT_3D('',#3088,#3089,#3090);
#3088 = CARTESIAN_POINT('',(13.,-6.,1.));
#3089 = DIRECTION('',(0.,-2.2E-16,-1.));
#3090 = DIRECTION('',(-1.,1.55E-15,-3.41E-31));
#3091 = ADVANCED_FACE('',(#3092),#3111,.T.);
#3092 = FACE_BOUND('',#3093,.T.);
#3093 = EDGE_LOOP('',(#3094,#3102,#3103,#3104));
#3094 = ORIENTED_EDGE('',*,*,#3095,.T.);
#3095 = EDGE_CURVE('',#3096,#3070,#3098,.T.);
#3096 = VERTEX_POINT('',#3097);
#3097 = CARTESIAN_POINT('',(10.,-16.,0.));
#3098 = LINE('',#3099,#3100);
#3099 = CARTESIAN_POINT('',(10.,-16.,3.33E-15));
#3100 = VECTOR('',#3101,1.);
#3101 = DIRECTION('',(0.,1.,0.));
#3102 = ORIENTED_EDGE('',*,*,#3069,.T.);
#3103 = ORIENTED_EDGE('',*,*,#2175,.F.);
#3104 = ORIENTED_EDGE('',*,*,#3105,.F.);
#3105 = EDGE_CURVE('',#3096,#2165,#3106,.T.);
#3106 = CIRCLE('',#3107,1.);
#3107 = AXIS2_PLACEMENT_3D('',#3108,#3109,#3110);
#3108 = CARTESIAN_POINT('',(10.,-16.,1.));
#3109 = DIRECTION('',(-6.E-17,-1.,2.2E-16));
#3110 = DIRECTION('',(1.,-6.E-17,0.));
#3111 = CYLINDRICAL_SURFACE('',#3112,1.);
#3112 = AXIS2_PLACEMENT_3D('',#3113,#3114,#3115);
#3113 = CARTESIAN_POINT('',(10.,-16.,1.));
#3114 = DIRECTION('',(0.,1.,0.));
#3115 = DIRECTION('',(0.,0.,-1.));
#3116 = ADVANCED_FACE('',(#3117),#3136,.F.);
#3117 = FACE_BOUND('',#3118,.F.);
#3118 = EDGE_LOOP('',(#3119,#3127,#3128,#3129));
#3119 = ORIENTED_EDGE('',*,*,#3120,.F.);
#3120 = EDGE_CURVE('',#2190,#3121,#3123,.T.);
#3121 = VERTEX_POINT('',#3122);
#3122 = CARTESIAN_POINT('',(32.15,-9.5,2.));
#3123 = LINE('',#3124,#3125);
#3124 = CARTESIAN_POINT('',(32.15,-9.5,10.7));
#3125 = VECTOR('',#3126,1.);
#3126 = DIRECTION('',(0.,0.,-1.));
#3127 = ORIENTED_EDGE('',*,*,#2189,.F.);
#3128 = ORIENTED_EDGE('',*,*,#3120,.T.);
#3129 = ORIENTED_EDGE('',*,*,#3130,.T.);
#3130 = EDGE_CURVE('',#3121,#3121,#3131,.T.);
#3131 = CIRCLE('',#3132,1.85);
#3132 = AXIS2_PLACEMENT_3D('',#3133,#3134,#3135);
#3133 = CARTESIAN_POINT('',(34.,-9.5,2.));
#3134 = DIRECTION('',(0.,0.,1.));
#3135 = DIRECTION('',(-1.,0.,0.));
#3136 = CYLINDRICAL_SURFACE('',#3137,1.85);
#3137 = AXIS2_PLACEMENT_3D('',#3138,#3139,#3140);
#3138 = CARTESIAN_POINT('',(34.,-9.5,10.7));
#3139 = DIRECTION('',(0.,0.,1.));
#3140 = DIRECTION('',(-1.,0.,0.));
#3141 = ADVANCED_FACE('',(#3142),#3155,.T.);
#3142 = FACE_BOUND('',#3143,.T.);
#3143 = EDGE_LOOP('',(#3144,#3153,#3154));
#3144 = ORIENTED_EDGE('',*,*,#3145,.F.);
#3145 = EDGE_CURVE('',#2244,#2217,#3146,.T.);
#3146 = B_SPLINE_CURVE_WITH_KNOTS('',5,(#3147,#3148,#3149,#3150,#3151,
    #3152),.UNSPECIFIED.,.F.,.F.,(6,6),(0.,1.),
  .PIECEWISE_BEZIER_KNOTS.);
#3147 = CARTESIAN_POINT('',(1.,-17.,3.55E-15));
#3148 = CARTESIAN_POINT('',(0.685840734641,-17.00002,3.4E-15));
#3149 = CARTESIAN_POINT('',(0.371388356637,-17.00004,0.123015004046));
#3150 = CARTESIAN_POINT('',(0.123015004046,-17.00006,0.371388356637));
#3151 = CARTESIAN_POINT('',(1.5E-16,-17.00008,0.685840734641));
#3152 = CARTESIAN_POINT('',(-2.2E-16,-17.0001,1.));
#3153 = ORIENTED_EDGE('',*,*,#2261,.T.);
#3154 = ORIENTED_EDGE('',*,*,#2224,.F.);
#3155 = B_SPLINE_SURFACE_WITH_KNOTS('',7,8,(
    (#3156,#3157,#3158,#3159,#3160,#3161,#3162,#3163,#3164)
    ,(#3165,#3166,#3167,#3168,#3169,#3170,#3171,#3172,#3173)
    ,(#3174,#3175,#3176,#3177,#3178,#3179,#3180,#3181,#3182)
    ,(#3183,#3184,#3185,#3186,#3187,#3188,#3189,#3190,#3191)
    ,(#3192,#3193,#3194,#3195,#3196,#3197,#3198,#3199,#3200)
    ,(#3201,#3202,#3203,#3204,#3205,#3206,#3207,#3208,#3209)
    ,(#3210,#3211,#3212,#3213,#3214,#3215,#3216,#3217,#3218)
    ,(#3219,#3220,#3221,#3222,#3223,#3224,#3225,#3226,#3227
  )),.UNSPECIFIED.,.F.,.F.,.F.,(8,8),(9,9),(0.,1.),(0.,1.),
  .PIECEWISE_BEZIER_KNOTS.);
#3156 = CARTESIAN_POINT('',(1.,-17.,3.66E-15));
#3157 = CARTESIAN_POINT('',(0.803650459151,-17.0000125,5.86E-15));
#3158 = CARTESIAN_POINT('',(0.607300856496,-17.000025,4.40607889612E-02)
  );
#3159 = CARTESIAN_POINT('',(0.422486765665,-17.0000375,0.132181934129));
#3160 = CARTESIAN_POINT('',(0.26074124422,-17.00004999999,0.26074124422)
  );
#3161 = CARTESIAN_POINT('',(0.132181934129,-17.0000625,0.422486765665));
#3162 = CARTESIAN_POINT('',(4.40607889612E-02,-17.000075,0.607300856496)
  );
#3163 = CARTESIAN_POINT('',(-3.4E-16,-17.0000875,0.803650459151));
#3164 = CARTESIAN_POINT('',(-3.3E-16,-17.0001,1.));
#3165 = CARTESIAN_POINT('',(1.,-17.,3.66E-15));
#3166 = CARTESIAN_POINT('',(0.813843250701,-17.03825241996,5.93E-15));
#3167 = CARTESIAN_POINT('',(0.627657638611,-17.07650484876,
    3.945324580768E-02));
#3168 = CARTESIAN_POINT('',(0.447951763486,-17.1131093473,0.118631543024
    ));
#3169 = CARTESIAN_POINT('',(0.280268780269,-17.14641833592,
    0.237872017273));
#3170 = CARTESIAN_POINT('',(0.138274756296,-17.17498643721,
    0.403297868994));
#3171 = CARTESIAN_POINT('',(4.409752297792E-02,-17.19777765779,
    0.599307525589));
#3172 = CARTESIAN_POINT('',(-1.40249666969E-06,-17.21427454177,
    0.803650459151));
#3173 = CARTESIAN_POINT('',(-3.3E-16,-17.22447702733,1.));
#3174 = CARTESIAN_POINT('',(1.,-17.,3.72E-15));
#3175 = CARTESIAN_POINT('',(0.86059050528,-17.10369776015,5.62E-15));
#3176 = CARTESIAN_POINT('',(0.680624665205,-17.17409748396,
    3.638155037201E-02));
#3177 = CARTESIAN_POINT('',(0.520485394331,-17.25806105239,
    0.109597948954));
#3178 = CARTESIAN_POINT('',(0.363194606349,-17.33472148026,
    0.222625865975));
#3179 = CARTESIAN_POINT('',(0.222432368443,-17.39771910732,
    0.390505271213));
#3180 = CARTESIAN_POINT('',(0.124798636117,-17.4382830693,0.593978638318
    ));
#3181 = CARTESIAN_POINT('',(5.346030107521E-02,-17.43777038406,
    0.803650459151));
#3182 = CARTESIAN_POINT('',(5.874301410999E-02,-17.44885300303,1.));
#3183 = CARTESIAN_POINT('',(1.,-17.,3.75E-15));
#3184 = CARTESIAN_POINT('',(0.869434319115,-17.12189061679,5.43E-15));
#3185 = CARTESIAN_POINT('',(0.716169938364,-17.23596705847,
    3.484570265418E-02));
#3186 = CARTESIAN_POINT('',(0.571618470983,-17.35402307527,
    0.105081151919));
#3187 = CARTESIAN_POINT('',(0.429630638206,-17.46707449242,
    0.215002790325));
#3188 = CARTESIAN_POINT('',(0.303633497213,-17.56474316653,
    0.384108972323));
#3189 = CARTESIAN_POINT('',(0.218682004675,-17.62930840527,
    0.591314194683));
#3190 = CARTESIAN_POINT('',(0.168757362037,-17.65282917079,
    0.803650459151));
#3191 = CARTESIAN_POINT('',(0.176219645147,-17.6547814489,1.));
#3192 = CARTESIAN_POINT('',(1.,-17.,3.78E-15));
#3193 = CARTESIAN_POINT('',(0.878109383201,-17.13056568088,5.23E-15));
#3194 = CARTESIAN_POINT('',(0.764032941529,-17.28383006163,
    3.484570265417E-02));
#3195 = CARTESIAN_POINT('',(0.645976924727,-17.42838152901,
    0.105081151919));
#3196 = CARTESIAN_POINT('',(0.532925507574,-17.57036936179,
    0.215002790325));
#3197 = CARTESIAN_POINT('',(0.435256833465,-17.69636650278,
    0.384108972323));
#3198 = CARTESIAN_POINT('',(0.370691594732,-17.78131799532,
    0.591314194683));
#3199 = CARTESIAN_POINT('',(0.347170829206,-17.83124263796,
    0.803650459151));
#3200 = CARTESIAN_POINT('',(0.345218551105,-17.82378035485,1.));
#3201 = CARTESIAN_POINT('',(1.,-17.,3.82E-15));
#3202 = CARTESIAN_POINT('',(0.896302239842,-17.13940949472,5.03E-15));
#3203 = CARTESIAN_POINT('',(0.825902516035,-17.31937533479,
    3.638155037201E-02));
#3204 = CARTESIAN_POINT('',(0.741938947608,-17.47951460567,
    0.109597948954));
#3205 = CARTESIAN_POINT('',(0.66527851973,-17.63680539365,0.222625865975
    ));
#3206 = CARTESIAN_POINT('',(0.602280892675,-17.77756763155,
    0.390505271213));
#3207 = CARTESIAN_POINT('',(0.561716930689,-17.87520136388,
    0.593978638318));
#3208 = CARTESIAN_POINT('',(0.562229615932,-17.94653969892,
    0.803650459151));
#3209 = CARTESIAN_POINT('',(0.551146996959,-17.94125698589,1.));
#3210 = CARTESIAN_POINT('',(1.,-17.,3.88E-15));
#3211 = CARTESIAN_POINT('',(0.961747580033,-17.1861567493,4.69E-15));
#3212 = CARTESIAN_POINT('',(0.923495151237,-17.37234236138,
    3.945324580769E-02));
#3213 = CARTESIAN_POINT('',(0.886890652701,-17.55204823651,
    0.118631543024));
#3214 = CARTESIAN_POINT('',(0.853581664078,-17.71973121973,
    0.237872017273));
#3215 = CARTESIAN_POINT('',(0.825013562791,-17.8617252437,0.403297868994
    ));
#3216 = CARTESIAN_POINT('',(0.802222342207,-17.95590247702,
    0.599307525589));
#3217 = CARTESIAN_POINT('',(0.785725458225,-18.00000140249,
    0.803650459151));
#3218 = CARTESIAN_POINT('',(0.775522972665,-18.,1.));
#3219 = CARTESIAN_POINT('',(1.,-17.,3.89E-15));
#3220 = CARTESIAN_POINT('',(0.9999875,-17.19634954084,4.72E-15));
#3221 = CARTESIAN_POINT('',(0.999975,-17.3926991435,4.406078896121E-02)
  );
#3222 = CARTESIAN_POINT('',(0.9999625,-17.57751323433,0.132181934129));
#3223 = CARTESIAN_POINT('',(0.99995,-17.73925875577,0.26074124422));
#3224 = CARTESIAN_POINT('',(0.9999375,-17.86781806587,0.422486765665));
#3225 = CARTESIAN_POINT('',(0.999925,-17.95593921103,0.607300856496));
#3226 = CARTESIAN_POINT('',(0.9999125,-18.,0.803650459151));
#3227 = CARTESIAN_POINT('',(0.9999,-18.,1.));
#3228 = ADVANCED_FACE('',(#3229),#3283,.F.);
#3229 = FACE_BOUND('',#3230,.F.);
#3230 = EDGE_LOOP('',(#3231,#3232,#3239,#3240,#3241,#3242,#3243,#3244,
    #3253,#3261,#3269,#3277));
#3231 = ORIENTED_EDGE('',*,*,#2243,.T.);
#3232 = ORIENTED_EDGE('',*,*,#3233,.T.);
#3233 = EDGE_CURVE('',#2246,#3096,#3234,.T.);
#3234 = CIRCLE('',#3235,1.);
#3235 = AXIS2_PLACEMENT_3D('',#3236,#3237,#3238);
#3236 = CARTESIAN_POINT('',(9.,-16.,3.55E-15));
#3237 = DIRECTION('',(0.,2.2E-16,1.));
#3238 = DIRECTION('',(2.66E-15,-1.,2.2E-16));
#3239 = ORIENTED_EDGE('',*,*,#3095,.T.);
#3240 = ORIENTED_EDGE('',*,*,#3078,.T.);
#3241 = ORIENTED_EDGE('',*,*,#3044,.T.);
#3242 = ORIENTED_EDGE('',*,*,#3027,.T.);
#3243 = ORIENTED_EDGE('',*,*,#2985,.T.);
#3244 = ORIENTED_EDGE('',*,*,#3245,.T.);
#3245 = EDGE_CURVE('',#2988,#3246,#3248,.T.);
#3246 = VERTEX_POINT('',#3247);
#3247 = CARTESIAN_POINT('',(32.,-17.,0.));
#3248 = CIRCLE('',#3249,1.);
#3249 = AXIS2_PLACEMENT_3D('',#3250,#3251,#3252);
#3250 = CARTESIAN_POINT('',(32.,-16.,3.55E-15));
#3251 = DIRECTION('',(0.,2.2E-16,1.));
#3252 = DIRECTION('',(-1.,-3.33E-15,7.326E-31));
#3253 = ORIENTED_EDGE('',*,*,#3254,.T.);
#3254 = EDGE_CURVE('',#3246,#3255,#3257,.T.);
#3255 = VERTEX_POINT('',#3256);
#3256 = CARTESIAN_POINT('',(51.,-17.,0.));
#3257 = LINE('',#3258,#3259);
#3258 = CARTESIAN_POINT('',(32.,-17.,3.77E-15));
#3259 = VECTOR('',#3260,1.);
#3260 = DIRECTION('',(1.,0.,0.));
#3261 = ORIENTED_EDGE('',*,*,#3262,.T.);
#3262 = EDGE_CURVE('',#3255,#3263,#3265,.T.);
#3263 = VERTEX_POINT('',#3264);
#3264 = CARTESIAN_POINT('',(51.,-1.,0.));
#3265 = LINE('',#3266,#3267);
#3266 = CARTESIAN_POINT('',(51.,-17.0001,4.E-15));
#3267 = VECTOR('',#3268,1.);
#3268 = DIRECTION('',(0.,1.,-2.2E-16));
#3269 = ORIENTED_EDGE('',*,*,#3270,.T.);
#3270 = EDGE_CURVE('',#3263,#3271,#3273,.T.);
#3271 = VERTEX_POINT('',#3272);
#3272 = CARTESIAN_POINT('',(1.,-1.,0.));
#3273 = LINE('',#3274,#3275);
#3274 = CARTESIAN_POINT('',(51.0001,-1.,2.2E-16));
#3275 = VECTOR('',#3276,1.);
#3276 = DIRECTION('',(-1.,0.,0.));
#3277 = ORIENTED_EDGE('',*,*,#3278,.T.);
#3278 = EDGE_CURVE('',#3271,#2244,#3279,.T.);
#3279 = LINE('',#3280,#3281);
#3280 = CARTESIAN_POINT('',(1.,-0.9999,0.));
#3281 = VECTOR('',#3282,1.);
#3282 = DIRECTION('',(0.,-1.,2.2E-16));
#3283 = PLANE('',#3284);
#3284 = AXIS2_PLACEMENT_3D('',#3285,#3286,#3287);
#3285 = CARTESIAN_POINT('',(0.,0.,0.));
#3286 = DIRECTION('',(0.,2.2E-16,1.));
#3287 = DIRECTION('',(1.,0.,-0.));
#3288 = ADVANCED_FACE('',(#3289),#3295,.T.);
#3289 = FACE_BOUND('',#3290,.T.);
#3290 = EDGE_LOOP('',(#3291,#3292,#3293,#3294));
#3291 = ORIENTED_EDGE('',*,*,#2253,.F.);
#3292 = ORIENTED_EDGE('',*,*,#3233,.T.);
#3293 = ORIENTED_EDGE('',*,*,#3105,.T.);
#3294 = ORIENTED_EDGE('',*,*,#2279,.F.);
#3295 = TOROIDAL_SURFACE('',#3296,1.,1.);
#3296 = AXIS2_PLACEMENT_3D('',#3297,#3298,#3299);
#3297 = CARTESIAN_POINT('',(9.,-16.,1.));
#3298 = DIRECTION('',(0.,2.2E-16,1.));
#3299 = DIRECTION('',(2.66E-15,-1.,2.2E-16));
#3300 = ADVANCED_FACE('',(#3301),#3321,.T.);
#3301 = FACE_BOUND('',#3302,.T.);
#3302 = EDGE_LOOP('',(#3303,#3304,#3313,#3314));
#3303 = ORIENTED_EDGE('',*,*,#3254,.T.);
#3304 = ORIENTED_EDGE('',*,*,#3305,.T.);
#3305 = EDGE_CURVE('',#3255,#2297,#3306,.T.);
#3306 = B_SPLINE_CURVE_WITH_KNOTS('',5,(#3307,#3308,#3309,#3310,#3311,
    #3312),.UNSPECIFIED.,.F.,.F.,(6,6),(0.,1.),
  .PIECEWISE_BEZIER_KNOTS.);
#3307 = CARTESIAN_POINT('',(51.,-17.,3.72E-15));
#3308 = CARTESIAN_POINT('',(51.00002,-17.31415926535,3.77E-15));
#3309 = CARTESIAN_POINT('',(51.00004,-17.62861164336,0.123015004046));
#3310 = CARTESIAN_POINT('',(51.00006,-17.87698499595,0.371388356637));
#3311 = CARTESIAN_POINT('',(51.00008,-18.,0.685840734641));
#3312 = CARTESIAN_POINT('',(51.0001,-18.,1.));
#3313 = ORIENTED_EDGE('',*,*,#2336,.F.);
#3314 = ORIENTED_EDGE('',*,*,#3315,.F.);
#3315 = EDGE_CURVE('',#3246,#2329,#3316,.T.);
#3316 = CIRCLE('',#3317,1.);
#3317 = AXIS2_PLACEMENT_3D('',#3318,#3319,#3320);
#3318 = CARTESIAN_POINT('',(32.,-17.,1.));
#3319 = DIRECTION('',(-1.,2.8E-16,0.));
#3320 = DIRECTION('',(-2.8E-16,-1.,2.2E-16));
#3321 = CYLINDRICAL_SURFACE('',#3322,1.);
#3322 = AXIS2_PLACEMENT_3D('',#3323,#3324,#3325);
#3323 = CARTESIAN_POINT('',(32.,-17.,1.));
#3324 = DIRECTION('',(1.,0.,0.));
#3325 = DIRECTION('',(0.,-2.2E-16,-1.));
#3326 = ADVANCED_FACE('',(#3327),#3343,.T.);
#3327 = FACE_BOUND('',#3328,.T.);
#3328 = EDGE_LOOP('',(#3329,#3330,#3342));
#3329 = ORIENTED_EDGE('',*,*,#3305,.F.);
#3330 = ORIENTED_EDGE('',*,*,#3331,.T.);
#3331 = EDGE_CURVE('',#3255,#2375,#3332,.T.);
#3332 = B_SPLINE_CURVE_WITH_KNOTS('',8,(#3333,#3334,#3335,#3336,#3337,
    #3338,#3339,#3340,#3341),.UNSPECIFIED.,.F.,.F.,(9,9),(0.,1.),
  .PIECEWISE_BEZIER_KNOTS.);
#3333 = CARTESIAN_POINT('',(51.,-17.,3.83E-15));
#3334 = CARTESIAN_POINT('',(51.196349540849,-17.0000125,3.73E-15));
#3335 = CARTESIAN_POINT('',(51.392699143505,-17.000025,4.40607889612E-02
    ));
#3336 = CARTESIAN_POINT('',(51.577513234335,-17.0000375,0.132181934129)
  );
#3337 = CARTESIAN_POINT('',(51.739258755781,-17.00004999999,
    0.26074124422));
#3338 = CARTESIAN_POINT('',(51.867818065871,-17.0000625,0.422486765665)
  );
#3339 = CARTESIAN_POINT('',(51.955939211039,-17.000075,0.607300856496));
#3340 = CARTESIAN_POINT('',(52.,-17.0000875,0.803650459151));
#3341 = CARTESIAN_POINT('',(52.,-17.0001,1.));
#3342 = ORIENTED_EDGE('',*,*,#2374,.F.);
#3343 = B_SPLINE_SURFACE_WITH_KNOTS('',7,8,(
    (#3344,#3345,#3346,#3347,#3348,#3349,#3350,#3351,#3352)
    ,(#3353,#3354,#3355,#3356,#3357,#3358,#3359,#3360,#3361)
    ,(#3362,#3363,#3364,#3365,#3366,#3367,#3368,#3369,#3370)
    ,(#3371,#3372,#3373,#3374,#3375,#3376,#3377,#3378,#3379)
    ,(#3380,#3381,#3382,#3383,#3384,#3385,#3386,#3387,#3388)
    ,(#3389,#3390,#3391,#3392,#3393,#3394,#3395,#3396,#3397)
    ,(#3398,#3399,#3400,#3401,#3402,#3403,#3404,#3405,#3406)
    ,(#3407,#3408,#3409,#3410,#3411,#3412,#3413,#3414,#3415
  )),.UNSPECIFIED.,.F.,.F.,.F.,(8,8),(9,9),(0.,1.),(0.,1.),
  .PIECEWISE_BEZIER_KNOTS.);
#3344 = CARTESIAN_POINT('',(51.,-17.,3.94E-15));
#3345 = CARTESIAN_POINT('',(51.0000125,-17.19634954084,4.62E-15));
#3346 = CARTESIAN_POINT('',(51.000025000001,-17.3926991435,
    4.406078896121E-02));
#3347 = CARTESIAN_POINT('',(51.000037499999,-17.57751323433,
    0.132181934129));
#3348 = CARTESIAN_POINT('',(51.000050000002,-17.73925875578,
    0.26074124422));
#3349 = CARTESIAN_POINT('',(51.000062499999,-17.86781806587,
    0.422486765665));
#3350 = CARTESIAN_POINT('',(51.000075000001,-17.95593921103,
    0.607300856496));
#3351 = CARTESIAN_POINT('',(51.0000875,-18.,0.803650459151));
#3352 = CARTESIAN_POINT('',(51.0001,-18.,1.));
#3353 = CARTESIAN_POINT('',(51.,-17.,3.94E-15));
#3354 = CARTESIAN_POINT('',(51.038252419967,-17.18615674929,4.65E-15));
#3355 = CARTESIAN_POINT('',(51.076504848764,-17.37234236138,
    3.945324580769E-02));
#3356 = CARTESIAN_POINT('',(51.113109347298,-17.55204823651,
    0.118631543024));
#3357 = CARTESIAN_POINT('',(51.146418335925,-17.71973121973,
    0.237872017273));
#3358 = CARTESIAN_POINT('',(51.174986437209,-17.8617252437,
    0.403297868994));
#3359 = CARTESIAN_POINT('',(51.197777657795,-17.95590247702,
    0.599307525589));
#3360 = CARTESIAN_POINT('',(51.214274541777,-18.00000140249,
    0.803650459151));
#3361 = CARTESIAN_POINT('',(51.224477027337,-18.,1.));
#3362 = CARTESIAN_POINT('',(51.,-17.,3.91E-15));
#3363 = CARTESIAN_POINT('',(51.103697760158,-17.13940949472,4.43E-15));
#3364 = CARTESIAN_POINT('',(51.174097483965,-17.31937533479,
    3.638155037201E-02));
#3365 = CARTESIAN_POINT('',(51.25806105239,-17.47951460567,
    0.109597948954));
#3366 = CARTESIAN_POINT('',(51.334721480271,-17.63680539365,
    0.222625865975));
#3367 = CARTESIAN_POINT('',(51.397719107323,-17.77756763155,
    0.390505271213));
#3368 = CARTESIAN_POINT('',(51.43828306931,-17.87520136388,
    0.593978638318));
#3369 = CARTESIAN_POINT('',(51.437770384064,-17.94653969892,
    0.803650459151));
#3370 = CARTESIAN_POINT('',(51.448853003037,-17.94125698589,1.));
#3371 = CARTESIAN_POINT('',(51.,-17.,3.89E-15));
#3372 = CARTESIAN_POINT('',(51.121890616799,-17.13056568088,4.32E-15));
#3373 = CARTESIAN_POINT('',(51.235967058473,-17.28383006163,
    3.484570265418E-02));
#3374 = CARTESIAN_POINT('',(51.354023075274,-17.42838152901,
    0.105081151919));
#3375 = CARTESIAN_POINT('',(51.46707449243,-17.57036936179,
    0.215002790325));
#3376 = CARTESIAN_POINT('',(51.564743166537,-17.69636650278,
    0.384108972323));
#3377 = CARTESIAN_POINT('',(51.629308405272,-17.78131799532,
    0.591314194683));
#3378 = CARTESIAN_POINT('',(51.652829170799,-17.83124263796,
    0.803650459151));
#3379 = CARTESIAN_POINT('',(51.654781448901,-17.82378035485,1.));
#3380 = CARTESIAN_POINT('',(51.,-17.,3.88E-15));
#3381 = CARTESIAN_POINT('',(51.130565680885,-17.12189061679,4.19E-15));
#3382 = CARTESIAN_POINT('',(51.283830061636,-17.23596705847,
    3.484570265417E-02));
#3383 = CARTESIAN_POINT('',(51.428381529016,-17.35402307527,
    0.105081151919));
#3384 = CARTESIAN_POINT('',(51.570369361795,-17.46707449242,
    0.215002790325));
#3385 = CARTESIAN_POINT('',(51.696366502785,-17.56474316653,
    0.384108972323));
#3386 = CARTESIAN_POINT('',(51.781317995324,-17.62930840526,
    0.591314194683));
#3387 = CARTESIAN_POINT('',(51.83124263796,-17.65282917079,
    0.803650459151));
#3388 = CARTESIAN_POINT('',(51.82378035485,-17.65478144889,1.));
#3389 = CARTESIAN_POINT('',(51.,-17.,3.86E-15));
#3390 = CARTESIAN_POINT('',(51.13940949472,-17.10369776015,4.06E-15));
#3391 = CARTESIAN_POINT('',(51.319375334796,-17.17409748396,
    3.638155037201E-02));
#3392 = CARTESIAN_POINT('',(51.479514605669,-17.25806105239,
    0.109597948954));
#3393 = CARTESIAN_POINT('',(51.636805393653,-17.33472148027,
    0.222625865975));
#3394 = CARTESIAN_POINT('',(51.777567631557,-17.39771910732,
    0.390505271213));
#3395 = CARTESIAN_POINT('',(51.875201363885,-17.43828306931,
    0.593978638318));
#3396 = CARTESIAN_POINT('',(51.946539698926,-17.43777038406,
    0.803650459151));
#3397 = CARTESIAN_POINT('',(51.941256985892,-17.44885300304,1.));
#3398 = CARTESIAN_POINT('',(51.,-17.,3.83E-15));
#3399 = CARTESIAN_POINT('',(51.186156749299,-17.03825241996,3.78E-15));
#3400 = CARTESIAN_POINT('',(51.372342361389,-17.07650484876,
    3.945324580769E-02));
#3401 = CARTESIAN_POINT('',(51.552048236513,-17.11310934729,
    0.118631543024));
#3402 = CARTESIAN_POINT('',(51.719731219732,-17.14641833592,
    0.237872017273));
#3403 = CARTESIAN_POINT('',(51.861725243704,-17.17498643721,
    0.403297868994));
#3404 = CARTESIAN_POINT('',(51.955902477023,-17.19777765779,
    0.599307525589));
#3405 = CARTESIAN_POINT('',(52.000001402497,-17.21427454177,
    0.803650459151));
#3406 = CARTESIAN_POINT('',(52.,-17.22447702733,1.));
#3407 = CARTESIAN_POINT('',(51.,-17.,3.83E-15));
#3408 = CARTESIAN_POINT('',(51.196349540849,-17.0000125,3.73E-15));
#3409 = CARTESIAN_POINT('',(51.392699143505,-17.000025,4.40607889612E-02
    ));
#3410 = CARTESIAN_POINT('',(51.577513234335,-17.0000375,0.132181934129)
  );
#3411 = CARTESIAN_POINT('',(51.739258755781,-17.00004999999,
    0.26074124422));
#3412 = CARTESIAN_POINT('',(51.867818065871,-17.0000625,0.422486765665)
  );
#3413 = CARTESIAN_POINT('',(51.955939211039,-17.000075,0.607300856496));
#3414 = CARTESIAN_POINT('',(52.,-17.0000875,0.803650459151));
#3415 = CARTESIAN_POINT('',(52.,-17.0001,1.));
#3416 = ADVANCED_FACE('',(#3417),#3431,.T.);
#3417 = FACE_BOUND('',#3418,.T.);
#3418 = EDGE_LOOP('',(#3419,#3420,#3429,#3430));
#3419 = ORIENTED_EDGE('',*,*,#3262,.T.);
#3420 = ORIENTED_EDGE('',*,*,#3421,.T.);
#3421 = EDGE_CURVE('',#3263,#2415,#3422,.T.);
#3422 = B_SPLINE_CURVE_WITH_KNOTS('',5,(#3423,#3424,#3425,#3426,#3427,
    #3428),.UNSPECIFIED.,.F.,.F.,(6,6),(0.,1.),
  .PIECEWISE_BEZIER_KNOTS.);
#3423 = CARTESIAN_POINT('',(51.,-1.,4.4E-16));
#3424 = CARTESIAN_POINT('',(51.314159265359,-0.99998,1.4E-16));
#3425 = CARTESIAN_POINT('',(51.628611643363,-0.99996,0.123015004046));
#3426 = CARTESIAN_POINT('',(51.876984995954,-0.99994,0.371388356637));
#3427 = CARTESIAN_POINT('',(52.,-0.99992,0.685840734641));
#3428 = CARTESIAN_POINT('',(52.,-0.9999,1.));
#3429 = ORIENTED_EDGE('',*,*,#2424,.F.);
#3430 = ORIENTED_EDGE('',*,*,#3331,.F.);
#3431 = CYLINDRICAL_SURFACE('',#3432,1.);
#3432 = AXIS2_PLACEMENT_3D('',#3433,#3434,#3435);
#3433 = CARTESIAN_POINT('',(51.,-17.0001,1.));
#3434 = DIRECTION('',(0.,1.,-2.2E-16));
#3435 = DIRECTION('',(0.,-2.2E-16,-1.));
#3436 = ADVANCED_FACE('',(#3437),#3453,.T.);
#3437 = FACE_BOUND('',#3438,.T.);
#3438 = EDGE_LOOP('',(#3439,#3440,#3452));
#3439 = ORIENTED_EDGE('',*,*,#3421,.F.);
#3440 = ORIENTED_EDGE('',*,*,#3441,.T.);
#3441 = EDGE_CURVE('',#3263,#2440,#3442,.T.);
#3442 = B_SPLINE_CURVE_WITH_KNOTS('',8,(#3443,#3444,#3445,#3446,#3447,
    #3448,#3449,#3450,#3451),.UNSPECIFIED.,.F.,.F.,(9,9),(0.,1.),
  .PIECEWISE_BEZIER_KNOTS.);
#3443 = CARTESIAN_POINT('',(51.,-1.,3.3E-16));
#3444 = CARTESIAN_POINT('',(51.0000125,-0.803650459151,3.1E-16));
#3445 = CARTESIAN_POINT('',(51.000025,-0.607300856496,4.40607889612E-02)
  );
#3446 = CARTESIAN_POINT('',(51.000037499999,-0.422486765665,
    0.132181934129));
#3447 = CARTESIAN_POINT('',(51.000050000001,-0.26074124422,0.26074124422
    ));
#3448 = CARTESIAN_POINT('',(51.000062499999,-0.132181934129,
    0.422486765665));
#3449 = CARTESIAN_POINT('',(51.000075,-4.406078896119E-02,0.607300856496
    ));
#3450 = CARTESIAN_POINT('',(51.0000875,1.46E-15,0.803650459151));
#3451 = CARTESIAN_POINT('',(51.0001,1.5E-15,1.));
#3452 = ORIENTED_EDGE('',*,*,#2439,.F.);
#3453 = B_SPLINE_SURFACE_WITH_KNOTS('',7,8,(
    (#3454,#3455,#3456,#3457,#3458,#3459,#3460,#3461,#3462)
    ,(#3463,#3464,#3465,#3466,#3467,#3468,#3469,#3470,#3471)
    ,(#3472,#3473,#3474,#3475,#3476,#3477,#3478,#3479,#3480)
    ,(#3481,#3482,#3483,#3484,#3485,#3486,#3487,#3488,#3489)
    ,(#3490,#3491,#3492,#3493,#3494,#3495,#3496,#3497,#3498)
    ,(#3499,#3500,#3501,#3502,#3503,#3504,#3505,#3506,#3507)
    ,(#3508,#3509,#3510,#3511,#3512,#3513,#3514,#3515,#3516)
    ,(#3517,#3518,#3519,#3520,#3521,#3522,#3523,#3524,#3525
  )),.UNSPECIFIED.,.F.,.F.,.F.,(8,8),(9,9),(0.,1.),(0.,1.),
  .PIECEWISE_BEZIER_KNOTS.);
#3454 = CARTESIAN_POINT('',(51.,-1.,2.8E-16));
#3455 = CARTESIAN_POINT('',(51.196349540849,-0.9999875,-1.12E-15));
#3456 = CARTESIAN_POINT('',(51.392699143505,-0.999975,4.40607889612E-02)
  );
#3457 = CARTESIAN_POINT('',(51.577513234335,-0.9999625,0.132181934129));
#3458 = CARTESIAN_POINT('',(51.739258755781,-0.99995,0.26074124422));
#3459 = CARTESIAN_POINT('',(51.867818065871,-0.9999375,0.422486765665));
#3460 = CARTESIAN_POINT('',(51.955939211039,-0.999925,0.607300856496));
#3461 = CARTESIAN_POINT('',(52.,-0.9999125,0.803650459151));
#3462 = CARTESIAN_POINT('',(52.,-0.9999,1.));
#3463 = CARTESIAN_POINT('',(51.,-1.,2.8E-16));
#3464 = CARTESIAN_POINT('',(51.186156749299,-0.961747580033,-1.12E-15));
#3465 = CARTESIAN_POINT('',(51.372342361389,-0.923495151237,
    3.945324580769E-02));
#3466 = CARTESIAN_POINT('',(51.552048236513,-0.886890652701,
    0.118631543024));
#3467 = CARTESIAN_POINT('',(51.719731219732,-0.853581664077,
    0.237872017273));
#3468 = CARTESIAN_POINT('',(51.861725243704,-0.82501356279,
    0.403297868994));
#3469 = CARTESIAN_POINT('',(51.955902477023,-0.802222342206,
    0.599307525589));
#3470 = CARTESIAN_POINT('',(52.000001402497,-0.785725458223,
    0.803650459151));
#3471 = CARTESIAN_POINT('',(52.,-0.775522972663,1.));
#3472 = CARTESIAN_POINT('',(51.,-1.,3.E-16));
#3473 = CARTESIAN_POINT('',(51.13940949472,-0.896302239842,-7.2E-16));
#3474 = CARTESIAN_POINT('',(51.319375334795,-0.825902516035,
    3.638155037201E-02));
#3475 = CARTESIAN_POINT('',(51.479514605669,-0.741938947609,
    0.109597948954));
#3476 = CARTESIAN_POINT('',(51.636805393652,-0.66527851973,
    0.222625865975));
#3477 = CARTESIAN_POINT('',(51.777567631556,-0.602280892676,
    0.390505271213));
#3478 = CARTESIAN_POINT('',(51.875201363883,-0.56171693069,
    0.593978638318));
#3479 = CARTESIAN_POINT('',(51.946539698924,-0.562229615935,
    0.803650459151));
#3480 = CARTESIAN_POINT('',(51.941256985889,-0.551146996962,1.));
#3481 = CARTESIAN_POINT('',(51.,-1.,3.E-16));
#3482 = CARTESIAN_POINT('',(51.130565680885,-0.878109383201,-5.1E-16));
#3483 = CARTESIAN_POINT('',(51.283830061637,-0.764032941528,
    3.484570265418E-02));
#3484 = CARTESIAN_POINT('',(51.428381529017,-0.645976924726,
    0.105081151919));
#3485 = CARTESIAN_POINT('',(51.570369361796,-0.532925507572,
    0.215002790325));
#3486 = CARTESIAN_POINT('',(51.696366502787,-0.435256833463,
    0.384108972323));
#3487 = CARTESIAN_POINT('',(51.781317995326,-0.370691594729,
    0.591314194683));
#3488 = CARTESIAN_POINT('',(51.831242637965,-0.347170829202,
    0.803650459151));
#3489 = CARTESIAN_POINT('',(51.823780354855,-0.3452185511,1.));
#3490 = CARTESIAN_POINT('',(51.,-1.,3.1E-16));
#3491 = CARTESIAN_POINT('',(51.121890616798,-0.869434319115,-3.E-16));
#3492 = CARTESIAN_POINT('',(51.235967058472,-0.716169938364,
    3.484570265417E-02));
#3493 = CARTESIAN_POINT('',(51.354023075271,-0.571618470983,
    0.105081151919));
#3494 = CARTESIAN_POINT('',(51.467074492426,-0.429630638206,
    0.215002790325));
#3495 = CARTESIAN_POINT('',(51.564743166534,-0.303633497214,
    0.384108972323));
#3496 = CARTESIAN_POINT('',(51.629308405267,-0.218682004676,
    0.591314194683));
#3497 = CARTESIAN_POINT('',(51.652829170793,-0.168757362039,
    0.803650459151));
#3498 = CARTESIAN_POINT('',(51.654781448894,-0.17621964515,1.));
#3499 = CARTESIAN_POINT('',(51.,-1.,3.2E-16));
#3500 = CARTESIAN_POINT('',(51.103697760158,-0.86059050528,-1.E-16));
#3501 = CARTESIAN_POINT('',(51.174097483966,-0.680624665205,
    3.638155037201E-02));
#3502 = CARTESIAN_POINT('',(51.258061052392,-0.52048539433,
    0.109597948954));
#3503 = CARTESIAN_POINT('',(51.334721480272,-0.363194606349,
    0.222625865975));
#3504 = CARTESIAN_POINT('',(51.397719107325,-0.222432368442,
    0.390505271213));
#3505 = CARTESIAN_POINT('',(51.438283069312,-0.124798636116,
    0.593978638318));
#3506 = CARTESIAN_POINT('',(51.437770384069,-5.34603010743E-02,
    0.803650459151));
#3507 = CARTESIAN_POINT('',(51.448853003043,-5.874301410893E-02,1.));
#3508 = CARTESIAN_POINT('',(51.,-1.,3.3E-16));
#3509 = CARTESIAN_POINT('',(51.038252419967,-0.813843250701,3.1E-16));
#3510 = CARTESIAN_POINT('',(51.076504848763,-0.627657638611,
    3.945324580769E-02));
#3511 = CARTESIAN_POINT('',(51.113109347298,-0.447951763486,
    0.118631543024));
#3512 = CARTESIAN_POINT('',(51.146418335923,-0.280268780269,
    0.237872017273));
#3513 = CARTESIAN_POINT('',(51.174986437208,-0.138274756296,
    0.403297868994));
#3514 = CARTESIAN_POINT('',(51.197777657793,-4.409752297791E-02,
    0.599307525589));
#3515 = CARTESIAN_POINT('',(51.214274541775,1.40249667206E-06,
    0.803650459151));
#3516 = CARTESIAN_POINT('',(51.224477027335,1.5E-15,1.));
#3517 = CARTESIAN_POINT('',(51.,-1.,3.3E-16));
#3518 = CARTESIAN_POINT('',(51.0000125,-0.803650459151,3.1E-16));
#3519 = CARTESIAN_POINT('',(51.000025,-0.607300856496,4.40607889612E-02)
  );
#3520 = CARTESIAN_POINT('',(51.000037499999,-0.422486765665,
    0.132181934129));
#3521 = CARTESIAN_POINT('',(51.000050000001,-0.26074124422,0.26074124422
    ));
#3522 = CARTESIAN_POINT('',(51.000062499999,-0.132181934129,
    0.422486765665));
#3523 = CARTESIAN_POINT('',(51.000075,-4.406078896119E-02,0.607300856496
    ));
#3524 = CARTESIAN_POINT('',(51.0000875,1.46E-15,0.803650459151));
#3525 = CARTESIAN_POINT('',(51.0001,1.5E-15,1.));
#3526 = ADVANCED_FACE('',(#3527),#3541,.T.);
#3527 = FACE_BOUND('',#3528,.T.);
#3528 = EDGE_LOOP('',(#3529,#3530,#3539,#3540));
#3529 = ORIENTED_EDGE('',*,*,#3270,.T.);
#3530 = ORIENTED_EDGE('',*,*,#3531,.T.);
#3531 = EDGE_CURVE('',#3271,#2468,#3532,.T.);
#3532 = B_SPLINE_CURVE_WITH_KNOTS('',5,(#3533,#3534,#3535,#3536,#3537,
    #3538),.UNSPECIFIED.,.F.,.F.,(6,6),(0.,1.),
  .PIECEWISE_BEZIER_KNOTS.);
#3533 = CARTESIAN_POINT('',(1.,-1.,2.2E-16));
#3534 = CARTESIAN_POINT('',(0.99998,-0.685840734641,3.E-17));
#3535 = CARTESIAN_POINT('',(0.99996,-0.371388356637,0.123015004046));
#3536 = CARTESIAN_POINT('',(0.99994,-0.123015004046,0.371388356637));
#3537 = CARTESIAN_POINT('',(0.99992,6.1E-16,0.685840734641));
#3538 = CARTESIAN_POINT('',(0.9999,1.33E-15,1.));
#3539 = ORIENTED_EDGE('',*,*,#2479,.F.);
#3540 = ORIENTED_EDGE('',*,*,#3441,.F.);
#3541 = CYLINDRICAL_SURFACE('',#3542,1.);
#3542 = AXIS2_PLACEMENT_3D('',#3543,#3544,#3545);
#3543 = CARTESIAN_POINT('',(51.0001,-1.,1.));
#3544 = DIRECTION('',(-1.,0.,0.));
#3545 = DIRECTION('',(-0.,-2.2E-16,-1.));
#3546 = ADVANCED_FACE('',(#3547),#3564,.T.);
#3547 = FACE_BOUND('',#3548,.T.);
#3548 = EDGE_LOOP('',(#3549,#3550,#3551,#3552));
#3549 = ORIENTED_EDGE('',*,*,#3278,.T.);
#3550 = ORIENTED_EDGE('',*,*,#3145,.T.);
#3551 = ORIENTED_EDGE('',*,*,#2581,.F.);
#3552 = ORIENTED_EDGE('',*,*,#3553,.F.);
#3553 = EDGE_CURVE('',#3271,#2572,#3554,.T.);
#3554 = B_SPLINE_CURVE_WITH_KNOTS('',8,(#3555,#3556,#3557,#3558,#3559,
    #3560,#3561,#3562,#3563),.UNSPECIFIED.,.F.,.F.,(9,9),(0.,1.),
  .PIECEWISE_BEZIER_KNOTS.);
#3555 = CARTESIAN_POINT('',(1.,-1.,6.E-17));
#3556 = CARTESIAN_POINT('',(0.803650459151,-0.9999875,4.E-17));
#3557 = CARTESIAN_POINT('',(0.607300856496,-0.999975,4.40607889612E-02)
  );
#3558 = CARTESIAN_POINT('',(0.422486765665,-0.9999625,0.132181934129));
#3559 = CARTESIAN_POINT('',(0.26074124422,-0.99995,0.26074124422));
#3560 = CARTESIAN_POINT('',(0.132181934129,-0.9999375,0.422486765665));
#3561 = CARTESIAN_POINT('',(4.40607889612E-02,-0.999925,0.607300856496)
  );
#3562 = CARTESIAN_POINT('',(-3.3E-16,-0.9999125,0.803650459151));
#3563 = CARTESIAN_POINT('',(-3.3E-16,-0.9999,1.));
#3564 = CYLINDRICAL_SURFACE('',#3565,1.);
#3565 = AXIS2_PLACEMENT_3D('',#3566,#3567,#3568);
#3566 = CARTESIAN_POINT('',(1.,-0.9999,1.));
#3567 = DIRECTION('',(0.,-1.,2.2E-16));
#3568 = DIRECTION('',(0.,-2.2E-16,-1.));
#3569 = ADVANCED_FACE('',(#3570),#3575,.T.);
#3570 = FACE_BOUND('',#3571,.T.);
#3571 = EDGE_LOOP('',(#3572,#3573,#3574));
#3572 = ORIENTED_EDGE('',*,*,#3531,.F.);
#3573 = ORIENTED_EDGE('',*,*,#3553,.T.);
#3574 = ORIENTED_EDGE('',*,*,#2615,.F.);
#3575 = B_SPLINE_SURFACE_WITH_KNOTS('',7,8,(
    (#3576,#3577,#3578,#3579,#3580,#3581,#3582,#3583,#3584)
    ,(#3585,#3586,#3587,#3588,#3589,#3590,#3591,#3592,#3593)
    ,(#3594,#3595,#3596,#3597,#3598,#3599,#3600,#3601,#3602)
    ,(#3603,#3604,#3605,#3606,#3607,#3608,#3609,#3610,#3611)
    ,(#3612,#3613,#3614,#3615,#3616,#3617,#3618,#3619,#3620)
    ,(#3621,#3622,#3623,#3624,#3625,#3626,#3627,#3628,#3629)
    ,(#3630,#3631,#3632,#3633,#3634,#3635,#3636,#3637,#3638)
    ,(#3639,#3640,#3641,#3642,#3643,#3644,#3645,#3646,#3647
  )),.UNSPECIFIED.,.F.,.F.,.F.,(8,8),(9,9),(0.,1.),(0.,1.),
  .PIECEWISE_BEZIER_KNOTS.);
#3576 = CARTESIAN_POINT('',(1.,-1.,2.2E-16));
#3577 = CARTESIAN_POINT('',(0.9999875,-0.803650459151,2.E-16));
#3578 = CARTESIAN_POINT('',(0.999975,-0.607300856496,4.40607889612E-02)
  );
#3579 = CARTESIAN_POINT('',(0.9999625,-0.422486765665,0.132181934129));
#3580 = CARTESIAN_POINT('',(0.99995,-0.26074124422,0.26074124422));
#3581 = CARTESIAN_POINT('',(0.9999375,-0.132181934129,0.422486765665));
#3582 = CARTESIAN_POINT('',(0.999925,-4.40607889612E-02,0.607300856496)
  );
#3583 = CARTESIAN_POINT('',(0.9999125,-4.E-17,0.803650459151));
#3584 = CARTESIAN_POINT('',(0.9999,0.,1.));
#3585 = CARTESIAN_POINT('',(1.,-1.,2.2E-16));
#3586 = CARTESIAN_POINT('',(0.961747580033,-0.813843250701,2.7E-16));
#3587 = CARTESIAN_POINT('',(0.923495151237,-0.627657638611,
    3.945324580769E-02));
#3588 = CARTESIAN_POINT('',(0.886890652701,-0.447951763486,
    0.118631543024));
#3589 = CARTESIAN_POINT('',(0.853581664077,-0.280268780269,
    0.237872017273));
#3590 = CARTESIAN_POINT('',(0.82501356279,-0.138274756296,0.403297868994
    ));
#3591 = CARTESIAN_POINT('',(0.802222342206,-4.409752297791E-02,
    0.599307525589));
#3592 = CARTESIAN_POINT('',(0.785725458223,1.40249666988E-06,
    0.803650459151));
#3593 = CARTESIAN_POINT('',(0.775522972663,-1.E-17,1.));
#3594 = CARTESIAN_POINT('',(1.,-1.,1.8E-16));
#3595 = CARTESIAN_POINT('',(0.896302239842,-0.86059050528,2.5E-16));
#3596 = CARTESIAN_POINT('',(0.825902516035,-0.680624665205,
    3.638155037202E-02));
#3597 = CARTESIAN_POINT('',(0.741938947609,-0.520485394331,
    0.109597948954));
#3598 = CARTESIAN_POINT('',(0.66527851973,-0.363194606349,0.222625865975
    ));
#3599 = CARTESIAN_POINT('',(0.602280892676,-0.222432368443,
    0.390505271213));
#3600 = CARTESIAN_POINT('',(0.56171693069,-0.124798636117,0.593978638318
    ));
#3601 = CARTESIAN_POINT('',(0.562229615935,-5.346030107536E-02,
    0.803650459151));
#3602 = CARTESIAN_POINT('',(0.551146996962,-5.874301411017E-02,1.));
#3603 = CARTESIAN_POINT('',(1.,-1.,1.5E-16));
#3604 = CARTESIAN_POINT('',(0.878109383201,-0.869434319115,2.4E-16));
#3605 = CARTESIAN_POINT('',(0.764032941528,-0.716169938363,
    3.484570265417E-02));
#3606 = CARTESIAN_POINT('',(0.645976924726,-0.571618470983,
    0.105081151919));
#3607 = CARTESIAN_POINT('',(0.532925507573,-0.429630638205,
    0.215002790325));
#3608 = CARTESIAN_POINT('',(0.435256833463,-0.303633497213,
    0.384108972323));
#3609 = CARTESIAN_POINT('',(0.37069159473,-0.218682004675,0.591314194683
    ));
#3610 = CARTESIAN_POINT('',(0.347170829202,-0.168757362036,
    0.803650459151));
#3611 = CARTESIAN_POINT('',(0.345218551101,-0.176219645146,1.));
#3612 = CARTESIAN_POINT('',(1.,-1.,1.3E-16));
#3613 = CARTESIAN_POINT('',(0.869434319115,-0.878109383202,2.E-16));
#3614 = CARTESIAN_POINT('',(0.716169938364,-0.764032941529,
    3.484570265418E-02));
#3615 = CARTESIAN_POINT('',(0.571618470983,-0.645976924728,
    0.105081151919));
#3616 = CARTESIAN_POINT('',(0.429630638206,-0.532925507575,
    0.215002790325));
#3617 = CARTESIAN_POINT('',(0.303633497214,-0.435256833466,
    0.384108972323));
#3618 = CARTESIAN_POINT('',(0.218682004676,-0.370691594733,
    0.591314194683));
#3619 = CARTESIAN_POINT('',(0.168757362039,-0.347170829207,
    0.803650459151));
#3620 = CARTESIAN_POINT('',(0.176219645149,-0.345218551106,1.));
#3621 = CARTESIAN_POINT('',(1.,-1.,1.E-16));
#3622 = CARTESIAN_POINT('',(0.86059050528,-0.896302239842,1.5E-16));
#3623 = CARTESIAN_POINT('',(0.680624665205,-0.825902516034,
    3.638155037201E-02));
#3624 = CARTESIAN_POINT('',(0.52048539433,-0.741938947608,0.109597948954
    ));
#3625 = CARTESIAN_POINT('',(0.363194606349,-0.665278519729,
    0.222625865975));
#3626 = CARTESIAN_POINT('',(0.222432368442,-0.602280892675,
    0.390505271213));
#3627 = CARTESIAN_POINT('',(0.124798636116,-0.561716930689,
    0.593978638318));
#3628 = CARTESIAN_POINT('',(5.346030107437E-02,-0.562229615932,
    0.803650459151));
#3629 = CARTESIAN_POINT('',(5.874301410901E-02,-0.551146996958,1.));
#3630 = CARTESIAN_POINT('',(1.,-1.,5.E-17));
#3631 = CARTESIAN_POINT('',(0.813843250701,-0.961747580033,8.E-17));
#3632 = CARTESIAN_POINT('',(0.627657638611,-0.923495151237,
    3.945324580769E-02));
#3633 = CARTESIAN_POINT('',(0.447951763486,-0.886890652702,
    0.118631543024));
#3634 = CARTESIAN_POINT('',(0.280268780269,-0.853581664078,
    0.237872017273));
#3635 = CARTESIAN_POINT('',(0.138274756296,-0.825013562791,
    0.403297868994));
#3636 = CARTESIAN_POINT('',(4.409752297792E-02,-0.802222342208,
    0.599307525589));
#3637 = CARTESIAN_POINT('',(-1.40249667093E-06,-0.785725458225,
    0.803650459151));
#3638 = CARTESIAN_POINT('',(-3.3E-16,-0.775522972665,1.));
#3639 = CARTESIAN_POINT('',(1.,-1.,6.E-17));
#3640 = CARTESIAN_POINT('',(0.803650459151,-0.9999875,4.E-17));
#3641 = CARTESIAN_POINT('',(0.607300856496,-0.999975,4.40607889612E-02)
  );
#3642 = CARTESIAN_POINT('',(0.422486765665,-0.9999625,0.132181934129));
#3643 = CARTESIAN_POINT('',(0.26074124422,-0.99995,0.26074124422));
#3644 = CARTESIAN_POINT('',(0.132181934129,-0.9999375,0.422486765665));
#3645 = CARTESIAN_POINT('',(4.40607889612E-02,-0.999925,0.607300856496)
  );
#3646 = CARTESIAN_POINT('',(-3.3E-16,-0.9999125,0.803650459151));
#3647 = CARTESIAN_POINT('',(-3.3E-16,-0.9999,1.));
#3648 = ADVANCED_FACE('',(#3649),#3652,.T.);
#3649 = FACE_BOUND('',#3650,.T.);
#3650 = EDGE_LOOP('',(#3651));
#3651 = ORIENTED_EDGE('',*,*,#2923,.T.);
#3652 = PLANE('',#3653);
#3653 = AXIS2_PLACEMENT_3D('',#3654,#3655,#3656);
#3654 = CARTESIAN_POINT('',(0.,0.,2.));
#3655 = DIRECTION('',(0.,2.2E-16,1.));
#3656 = DIRECTION('',(1.,0.,-0.));
#3657 = ADVANCED_FACE('',(#3658),#3664,.T.);
#3658 = FACE_BOUND('',#3659,.T.);
#3659 = EDGE_LOOP('',(#3660,#3661,#3662,#3663));
#3660 = ORIENTED_EDGE('',*,*,#2995,.F.);
#3661 = ORIENTED_EDGE('',*,*,#3245,.T.);
#3662 = ORIENTED_EDGE('',*,*,#3315,.T.);
#3663 = ORIENTED_EDGE('',*,*,#2969,.F.);
#3664 = TOROIDAL_SURFACE('',#3665,1.,1.);
#3665 = AXIS2_PLACEMENT_3D('',#3666,#3667,#3668);
#3666 = CARTESIAN_POINT('',(32.,-16.,1.));
#3667 = DIRECTION('',(0.,2.2E-16,1.));
#3668 = DIRECTION('',(-1.,-3.33E-15,7.326E-31));
#3669 = ADVANCED_FACE('',(#3670),#3673,.T.);
#3670 = FACE_BOUND('',#3671,.T.);
#3671 = EDGE_LOOP('',(#3672));
#3672 = ORIENTED_EDGE('',*,*,#3130,.T.);
#3673 = PLANE('',#3674);
#3674 = AXIS2_PLACEMENT_3D('',#3675,#3676,#3677);
#3675 = CARTESIAN_POINT('',(0.,0.,2.));
#3676 = DIRECTION('',(0.,2.2E-16,1.));
#3677 = DIRECTION('',(1.,0.,-0.));
#3678 = ( GEOMETRIC_REPRESENTATION_CONTEXT(3) 
GLOBAL_UNCERTAINTY_ASSIGNED_CONTEXT((#3682)) 
GLOBAL_UNIT_ASSIGNED_CONTEXT((#3679,#3680,#3681)) REPRESENTATION_CONTEXT
('Context #1','3D Context with UNIT and UNCERTAINTY') );
#3679 = ( LENGTH_UNIT() NAMED_UNIT(*) SI_UNIT(.MILLI.,.METRE.) );
#3680 = ( NAMED_UNIT(*) PLANE_ANGLE_UNIT() SI_UNIT($,.RADIAN.) );
#3681 = ( NAMED_UNIT(*) SI_UNIT($,.STERADIAN.) SOLID_ANGLE_UNIT() );
#3682 = UNCERTAINTY_MEASURE_WITH_UNIT(LENGTH_MEASURE(5.E-06),#3679,
  'distance_accuracy_value','confusion accuracy');
#3683 = PRODUCT_RELATED_PRODUCT_CATEGORY('part',$,(#7));
#3684 = MECHANICAL_DESIGN_GEOMETRIC_PRESENTATION_REPRESENTATION('',(
    #3685),#3678);
#3685 = STYLED_ITEM('color',(#3686),#15);
#3686 = PRESENTATION_STYLE_ASSIGNMENT((#3687,#3693));
#3687 = SURFACE_STYLE_USAGE(.BOTH.,#3688);
#3688 = SURFACE_SIDE_STYLE('',(#3689));
#3689 = SURFACE_STYLE_FILL_AREA(#3690);
#3690 = FILL_AREA_STYLE('',(#3691));
#3691 = FILL_AREA_STYLE_COLOUR('',#3692);
#3692 = COLOUR_RGB('',0.447058818107,0.474509808674,0.501960817233);
#3693 = CURVE_STYLE('',#3694,POSITIVE_LENGTH_MEASURE(0.1),#3695);
#3694 = DRAUGHTING_PRE_DEFINED_CURVE_FONT('continuous');
#3695 = COLOUR_RGB('',9.803921802644E-02,9.803921802644E-02,
  9.803921802644E-02);
ENDSEC;
END-ISO-10303-21;
