ISO-10303-21;
HEADER;
FILE_DESCRIPTION(('FreeCAD Model'),'2;1');
FILE_NAME('Open CASCADE Shape Model','2025-05-13T23:37:25',(''),(''),
  'Open CASCADE STEP processor 7.8','FreeCAD','Unknown');
FILE_SCHEMA(('AUTOMOTIVE_DESIGN { 1 0 10303 214 1 1 1 1 }'));
ENDSEC;
DATA;
#1 = APPLICATION_PROTOCOL_DEFINITION('international standard',
  'automotive_design',2000,#2);
#2 = APPLICATION_CONTEXT(
  'core data for automotive mechanical design processes');
#3 = SHAPE_DEFINITION_REPRESENTATION(#4,#10);
#4 = PRODUCT_DEFINITION_SHAPE('','',#5);
#5 = PRODUCT_DEFINITION('design','',#6,#9);
#6 = PRODUCT_DEFINITION_FORMATION('','',#7);
#7 = PRODUCT('lid','lid','',(#8));
#8 = PRODUCT_CONTEXT('',#2,'mechanical');
#9 = PRODUCT_DEFINITION_CONTEXT('part definition',#2,'design');
#10 = ADVANCED_BREP_SHAPE_REPRESENTATION('',(#11,#15),#4804);
#11 = AXIS2_PLACEMENT_3D('',#12,#13,#14);
#12 = CARTESIAN_POINT('',(0.,0.,0.));
#13 = DIRECTION('',(0.,0.,1.));
#14 = DIRECTION('',(1.,0.,-0.));
#15 = MANIFOLD_SOLID_BREP('',#16);
#16 = CLOSED_SHELL('',(#17,#161,#192,#222,#299,#351,#714,#738,#762,#793,
    #844,#868,#892,#928,#965,#997,#1021,#1045,#1082,#1114,#1138,#1174,
    #1225,#1249,#1266,#1325,#1348,#1389,#1412,#1471,#1529,#1552,#1576,
    #1617,#1657,#1674,#1705,#1745,#1785,#1802,#1849,#1873,#1897,#1930,
    #2034,#2148,#2222,#2238,#2267,#2279,#2296,#2341,#2413,#2429,#2474,
    #2492,#2504,#2529,#2595,#2632,#2715,#2748,#2772,#2798,#2815,#2848,
    #2872,#2898,#2915,#2979,#3148,#3177,#3205,#3299,#3320,#3342,#3374,
    #3407,#3476,#3505,#3537,#3601,#3723,#3735,#3747,#3793,#3817,#3850,
    #3883,#3916,#3940,#3964,#3989,#4014,#4031,#4069,#4107,#4138,#4176,
    #4207,#4238,#4263,#4287,#4304,#4329,#4354,#4379,#4404,#4421,#4438,
    #4455,#4473,#4491,#4513,#4525,#4542,#4554,#4576,#4598,#4620,#4642,
    #4664,#4686,#4708,#4720,#4732,#4744,#4756,#4768,#4780,#4792));
#17 = ADVANCED_FACE('',(#18),#156,.T.);
#18 = FACE_BOUND('',#19,.T.);
#19 = EDGE_LOOP('',(#20,#30,#39,#47,#56,#64,#73,#81,#90,#98,#107,#115,
    #124,#132,#141,#149));
#20 = ORIENTED_EDGE('',*,*,#21,.F.);
#21 = EDGE_CURVE('',#22,#24,#26,.T.);
#22 = VERTEX_POINT('',#23);
#23 = CARTESIAN_POINT('',(37.388082724909,19.1,17.4));
#24 = VERTEX_POINT('',#25);
#25 = CARTESIAN_POINT('',(8.603075604643,19.1,17.4));
#26 = LINE('',#27,#28);
#27 = CARTESIAN_POINT('',(28.494041362454,19.1,17.4));
#28 = VECTOR('',#29,1.);
#29 = DIRECTION('',(-1.,0.,0.));
#30 = ORIENTED_EDGE('',*,*,#31,.T.);
#31 = EDGE_CURVE('',#22,#32,#34,.T.);
#32 = VERTEX_POINT('',#33);
#33 = CARTESIAN_POINT('',(38.388082724909,18.1,17.4));
#34 = CIRCLE('',#35,1.);
#35 = AXIS2_PLACEMENT_3D('',#36,#37,#38);
#36 = CARTESIAN_POINT('',(37.388082724909,18.1,17.4));
#37 = DIRECTION('',(-0.,-0.,-1.));
#38 = DIRECTION('',(0.,-1.,0.));
#39 = ORIENTED_EDGE('',*,*,#40,.F.);
#40 = EDGE_CURVE('',#41,#32,#43,.T.);
#41 = VERTEX_POINT('',#42);
#42 = CARTESIAN_POINT('',(38.388082724909,2.7,17.4));
#43 = LINE('',#44,#45);
#44 = CARTESIAN_POINT('',(38.388082724909,6.05,17.4));
#45 = VECTOR('',#46,1.);
#46 = DIRECTION('',(0.,1.,0.));
#47 = ORIENTED_EDGE('',*,*,#48,.T.);
#48 = EDGE_CURVE('',#41,#49,#51,.T.);
#49 = VERTEX_POINT('',#50);
#50 = CARTESIAN_POINT('',(37.388082724909,1.7,17.4));
#51 = CIRCLE('',#52,1.);
#52 = AXIS2_PLACEMENT_3D('',#53,#54,#55);
#53 = CARTESIAN_POINT('',(37.388082724909,2.7,17.4));
#54 = DIRECTION('',(-0.,-0.,-1.));
#55 = DIRECTION('',(0.,-1.,0.));
#56 = ORIENTED_EDGE('',*,*,#57,.F.);
#57 = EDGE_CURVE('',#58,#49,#60,.T.);
#58 = VERTEX_POINT('',#59);
#59 = CARTESIAN_POINT('',(8.603075604643,1.7,17.4));
#60 = LINE('',#61,#62);
#61 = CARTESIAN_POINT('',(13.101537802321,1.7,17.4));
#62 = VECTOR('',#63,1.);
#63 = DIRECTION('',(1.,0.,0.));
#64 = ORIENTED_EDGE('',*,*,#65,.T.);
#65 = EDGE_CURVE('',#58,#66,#68,.T.);
#66 = VERTEX_POINT('',#67);
#67 = CARTESIAN_POINT('',(7.603075604643,2.7,17.4));
#68 = CIRCLE('',#69,1.);
#69 = AXIS2_PLACEMENT_3D('',#70,#71,#72);
#70 = CARTESIAN_POINT('',(8.603075604643,2.7,17.4));
#71 = DIRECTION('',(-0.,-0.,-1.));
#72 = DIRECTION('',(0.,-1.,0.));
#73 = ORIENTED_EDGE('',*,*,#74,.F.);
#74 = EDGE_CURVE('',#75,#66,#77,.T.);
#75 = VERTEX_POINT('',#76);
#76 = CARTESIAN_POINT('',(7.603075604643,3.500000000039,17.4));
#77 = LINE('',#78,#79);
#78 = CARTESIAN_POINT('',(7.603075604643,7.450000000019,17.4));
#79 = VECTOR('',#80,1.);
#80 = DIRECTION('',(0.,-1.,0.));
#81 = ORIENTED_EDGE('',*,*,#82,.T.);
#82 = EDGE_CURVE('',#75,#83,#85,.T.);
#83 = VERTEX_POINT('',#84);
#84 = CARTESIAN_POINT('',(6.603075604643,4.500000000039,17.4));
#85 = CIRCLE('',#86,1.);
#86 = AXIS2_PLACEMENT_3D('',#87,#88,#89);
#87 = CARTESIAN_POINT('',(6.603075604643,3.500000000039,17.4));
#88 = DIRECTION('',(-0.,0.,1.));
#89 = DIRECTION('',(0.,-1.,0.));
#90 = ORIENTED_EDGE('',*,*,#91,.F.);
#91 = EDGE_CURVE('',#92,#83,#94,.T.);
#92 = VERTEX_POINT('',#93);
#93 = CARTESIAN_POINT('',(2.184894899425,4.500000000039,17.4));
#94 = LINE('',#95,#96);
#95 = CARTESIAN_POINT('',(9.892447449712,4.500000000039,17.4));
#96 = VECTOR('',#97,1.);
#97 = DIRECTION('',(1.,0.,0.));
#98 = ORIENTED_EDGE('',*,*,#99,.T.);
#99 = EDGE_CURVE('',#92,#100,#102,.T.);
#100 = VERTEX_POINT('',#101);
#101 = CARTESIAN_POINT('',(1.184894899425,5.500000000039,17.4));
#102 = CIRCLE('',#103,1.);
#103 = AXIS2_PLACEMENT_3D('',#104,#105,#106);
#104 = CARTESIAN_POINT('',(2.184894899425,5.500000000039,17.4));
#105 = DIRECTION('',(-0.,-0.,-1.));
#106 = DIRECTION('',(0.,-1.,0.));
#107 = ORIENTED_EDGE('',*,*,#108,.F.);
#108 = EDGE_CURVE('',#109,#100,#111,.T.);
#109 = VERTEX_POINT('',#110);
#110 = CARTESIAN_POINT('',(1.184894899425,15.299999999946,17.4));
#111 = LINE('',#112,#113);
#112 = CARTESIAN_POINT('',(1.184894899425,13.349999999973,17.4));
#113 = VECTOR('',#114,1.);
#114 = DIRECTION('',(0.,-1.,0.));
#115 = ORIENTED_EDGE('',*,*,#116,.T.);
#116 = EDGE_CURVE('',#109,#117,#119,.T.);
#117 = VERTEX_POINT('',#118);
#118 = CARTESIAN_POINT('',(2.184894899425,16.299999999946,17.4));
#119 = CIRCLE('',#120,1.);
#120 = AXIS2_PLACEMENT_3D('',#121,#122,#123);
#121 = CARTESIAN_POINT('',(2.184894899425,15.299999999946,17.4));
#122 = DIRECTION('',(-0.,-0.,-1.));
#123 = DIRECTION('',(0.,-1.,0.));
#124 = ORIENTED_EDGE('',*,*,#125,.F.);
#125 = EDGE_CURVE('',#126,#117,#128,.T.);
#126 = VERTEX_POINT('',#127);
#127 = CARTESIAN_POINT('',(6.603075604643,16.299999999946,17.4));
#128 = LINE('',#129,#130);
#129 = CARTESIAN_POINT('',(13.101537802321,16.299999999946,17.4));
#130 = VECTOR('',#131,1.);
#131 = DIRECTION('',(-1.,0.,0.));
#132 = ORIENTED_EDGE('',*,*,#133,.T.);
#133 = EDGE_CURVE('',#126,#134,#136,.T.);
#134 = VERTEX_POINT('',#135);
#135 = CARTESIAN_POINT('',(7.603075604643,17.299999999946,17.4));
#136 = CIRCLE('',#137,1.);
#137 = AXIS2_PLACEMENT_3D('',#138,#139,#140);
#138 = CARTESIAN_POINT('',(6.603075604643,17.299999999946,17.4));
#139 = DIRECTION('',(-0.,0.,1.));
#140 = DIRECTION('',(0.,-1.,0.));
#141 = ORIENTED_EDGE('',*,*,#142,.F.);
#142 = EDGE_CURVE('',#143,#134,#145,.T.);
#143 = VERTEX_POINT('',#144);
#144 = CARTESIAN_POINT('',(7.603075604643,18.1,17.4));
#145 = LINE('',#146,#147);
#146 = CARTESIAN_POINT('',(7.603075604643,14.75,17.4));
#147 = VECTOR('',#148,1.);
#148 = DIRECTION('',(0.,-1.,0.));
#149 = ORIENTED_EDGE('',*,*,#150,.F.);
#150 = EDGE_CURVE('',#24,#143,#151,.T.);
#151 = CIRCLE('',#152,1.);
#152 = AXIS2_PLACEMENT_3D('',#153,#154,#155);
#153 = CARTESIAN_POINT('',(8.603075604643,18.1,17.4));
#154 = DIRECTION('',(-0.,0.,1.));
#155 = DIRECTION('',(0.,-1.,0.));
#156 = PLANE('',#157);
#157 = AXIS2_PLACEMENT_3D('',#158,#159,#160);
#158 = CARTESIAN_POINT('',(20.115607068638,10.399999999999,17.4));
#159 = DIRECTION('',(-0.,-0.,-1.));
#160 = DIRECTION('',(-1.,0.,0.));
#161 = ADVANCED_FACE('',(#162),#187,.T.);
#162 = FACE_BOUND('',#163,.T.);
#163 = EDGE_LOOP('',(#164,#172,#173,#181));
#164 = ORIENTED_EDGE('',*,*,#165,.T.);
#165 = EDGE_CURVE('',#166,#22,#168,.T.);
#166 = VERTEX_POINT('',#167);
#167 = CARTESIAN_POINT('',(37.388082724909,19.1,1.264249276488));
#168 = LINE('',#169,#170);
#169 = CARTESIAN_POINT('',(37.388082724909,19.1,0.850879197383));
#170 = VECTOR('',#171,1.);
#171 = DIRECTION('',(0.,0.,1.));
#172 = ORIENTED_EDGE('',*,*,#21,.T.);
#173 = ORIENTED_EDGE('',*,*,#174,.F.);
#174 = EDGE_CURVE('',#175,#24,#177,.T.);
#175 = VERTEX_POINT('',#176);
#176 = CARTESIAN_POINT('',(8.603075604643,19.1,5.875119982251));
#177 = LINE('',#178,#179);
#178 = CARTESIAN_POINT('',(8.603075604643,19.1,16.9));
#179 = VECTOR('',#180,1.);
#180 = DIRECTION('',(0.,0.,1.));
#181 = ORIENTED_EDGE('',*,*,#182,.F.);
#182 = EDGE_CURVE('',#166,#175,#183,.T.);
#183 = LINE('',#184,#185);
#184 = CARTESIAN_POINT('',(37.427624412056,19.1,1.257915367791));
#185 = VECTOR('',#186,1.);
#186 = DIRECTION('',(-0.987412416187,0.,0.158166748588));
#187 = PLANE('',#188);
#188 = AXIS2_PLACEMENT_3D('',#189,#190,#191);
#189 = CARTESIAN_POINT('',(23.770857616693,19.1,10.39310413018));
#190 = DIRECTION('',(-0.,-1.,-0.));
#191 = DIRECTION('',(0.,0.,-1.));
#192 = ADVANCED_FACE('',(#193),#217,.T.);
#193 = FACE_BOUND('',#194,.F.);
#194 = EDGE_LOOP('',(#195,#202,#210,#216));
#195 = ORIENTED_EDGE('',*,*,#196,.F.);
#196 = EDGE_CURVE('',#197,#166,#199,.T.);
#197 = VERTEX_POINT('',#198);
#198 = CARTESIAN_POINT('',(37.348541037762,19.35,1.017396172441));
#199 = B_SPLINE_CURVE_WITH_KNOTS('',1,(#200,#201),.UNSPECIFIED.,.F.,.F.,
  (2,2),(0.,1.620870242852),.PIECEWISE_BEZIER_KNOTS.);
#200 = CARTESIAN_POINT('',(37.348541037762,19.35,1.017396172441));
#201 = CARTESIAN_POINT('',(37.388082724909,19.1,1.264249276488));
#202 = ORIENTED_EDGE('',*,*,#203,.T.);
#203 = EDGE_CURVE('',#197,#204,#206,.T.);
#204 = VERTEX_POINT('',#205);
#205 = CARTESIAN_POINT('',(8.563533917496,19.35,5.628266878204));
#206 = LINE('',#207,#208);
#207 = CARTESIAN_POINT('',(37.388082724909,19.35,1.011062263745));
#208 = VECTOR('',#209,1.);
#209 = DIRECTION('',(-0.987412416187,0.,0.158166748588));
#210 = ORIENTED_EDGE('',*,*,#211,.T.);
#211 = EDGE_CURVE('',#204,#175,#212,.T.);
#212 = LINE('',#213,#214);
#213 = CARTESIAN_POINT('',(8.583304761069,19.225,5.751693430228));
#214 = VECTOR('',#215,1.);
#215 = DIRECTION('',(0.111840780485,-0.707106781187,0.698206015314));
#216 = ORIENTED_EDGE('',*,*,#182,.F.);
#217 = PLANE('',#218);
#218 = AXIS2_PLACEMENT_3D('',#219,#220,#221);
#219 = CARTESIAN_POINT('',(37.407853568482,19.225,1.134488815768));
#220 = DIRECTION('',(-0.111840780485,-0.707106781187,-0.698206015314));
#221 = DIRECTION('',(0.987412416187,-2.775557561563E-17,-0.158166748588)
  );
#222 = ADVANCED_FACE('',(#223),#270,.T.);
#223 = FACE_BOUND('',#224,.T.);
#224 = EDGE_LOOP('',(#225,#235,#252,#253));
#225 = ORIENTED_EDGE('',*,*,#226,.T.);
#226 = EDGE_CURVE('',#227,#229,#231,.T.);
#227 = VERTEX_POINT('',#228);
#228 = CARTESIAN_POINT('',(38.634935828956,18.1,0.811337510236));
#229 = VERTEX_POINT('',#230);
#230 = CARTESIAN_POINT('',(38.388082724909,18.1,1.100879197383));
#231 = LINE('',#232,#233);
#232 = CARTESIAN_POINT('',(38.511509276932,18.1,0.956108353809));
#233 = VECTOR('',#234,1.);
#234 = DIRECTION('',(-0.648780876495,0.,0.760975278373));
#235 = ORIENTED_EDGE('',*,*,#236,.T.);
#236 = EDGE_CURVE('',#229,#166,#237,.T.);
#237 = B_SPLINE_CURVE_WITH_KNOTS('',7,(#238,#239,#240,#241,#242,#243,
    #244,#245,#246,#247,#248,#249,#250,#251),.UNSPECIFIED.,.F.,.F.,(8,6,
    8),(15.4,16.981069760161,17.020870242852),.UNSPECIFIED.);
#238 = CARTESIAN_POINT('',(38.388082724909,18.1,1.100879197383));
#239 = CARTESIAN_POINT('',(38.388082724909,18.315412240115,
    1.100879197383));
#240 = CARTESIAN_POINT('',(38.333898228337,18.530826064731,
    1.109914653663));
#241 = CARTESIAN_POINT('',(38.225854335584,18.73069622654,1.127971963622
    ));
#242 = CARTESIAN_POINT('',(38.06789925294,18.899609520694,1.154131262493
    ));
#243 = CARTESIAN_POINT('',(37.87176364917,19.022806933373,1.186376444277
    ));
#244 = CARTESIAN_POINT('',(37.651830271836,19.090345961306,1.22197375369
    ));
#245 = CARTESIAN_POINT('',(37.421978365092,19.099441339133,
    1.258819194667));
#246 = CARTESIAN_POINT('',(37.416325212311,19.099627764635,1.25972516387
    ));
#247 = CARTESIAN_POINT('',(37.410677742401,19.099776634651,
    1.260629903473));
#248 = CARTESIAN_POINT('',(37.405030178428,19.099888266451,
    1.261534561257));
#249 = CARTESIAN_POINT('',(37.399379837195,19.099962799927,
    1.262439681231));
#250 = CARTESIAN_POINT('',(37.393731537358,19.1,1.263344432388));
#251 = CARTESIAN_POINT('',(37.388082724909,19.1,1.264249276488));
#252 = ORIENTED_EDGE('',*,*,#196,.F.);
#253 = ORIENTED_EDGE('',*,*,#254,.F.);
#254 = EDGE_CURVE('',#227,#197,#255,.T.);
#255 = B_SPLINE_CURVE_WITH_KNOTS('',7,(#256,#257,#258,#259,#260,#261,
    #262,#263,#264,#265,#266,#267,#268,#269),.UNSPECIFIED.,.F.,.F.,(8,6,
    8),(15.4,16.981069760161,17.020870242852),.UNSPECIFIED.);
#256 = CARTESIAN_POINT('',(38.634935828956,18.1,0.811337510236));
#257 = CARTESIAN_POINT('',(38.634935828956,18.381213220695,
    0.811337510236));
#258 = CARTESIAN_POINT('',(38.561331452983,18.66236289898,0.823127684877
    ));
#259 = CARTESIAN_POINT('',(38.414023442672,18.920437047306,
    0.846723933668));
#260 = CARTESIAN_POINT('',(38.202717018703,19.13029004907,0.880571644601
    ));
#261 = CARTESIAN_POINT('',(37.946524217227,19.277659722807,
    0.921609393122));
#262 = CARTESIAN_POINT('',(37.666421445212,19.349329725183,
    0.966477114039));
#263 = CARTESIAN_POINT('',(37.381678447457,19.350016146849,
    1.012088120545));
#264 = CARTESIAN_POINT('',(37.376951895451,19.349991197896,
    1.012845234138));
#265 = CARTESIAN_POINT('',(37.371218035104,19.349999043307,
    1.013763701471));
#266 = CARTESIAN_POINT('',(37.365340649324,19.350005762217,
    1.014705159147));
#267 = CARTESIAN_POINT('',(37.35990430466,19.349996980072,1.015575969505
    ));
#268 = CARTESIAN_POINT('',(37.354189850211,19.35,1.016491328341));
#269 = CARTESIAN_POINT('',(37.348541037762,19.35,1.017396172441));
#270 = B_SPLINE_SURFACE_WITH_KNOTS('',1,7,(
    (#271,#272,#273,#274,#275,#276,#277,#278,#279,#280,#281,#282,#283
      ,#284)
    ,(#285,#286,#287,#288,#289,#290,#291,#292,#293,#294,#295,#296,#297
      ,#298
    )),.UNSPECIFIED.,.F.,.F.,.F.,(2,2),(8,6,8),(0.,1.620870242852),(15.4
    ,16.981069760161,17.020870242852),.UNSPECIFIED.);
#271 = CARTESIAN_POINT('',(38.634935828956,18.1,0.811337510236));
#272 = CARTESIAN_POINT('',(38.634935828956,18.381213220695,
    0.811337510236));
#273 = CARTESIAN_POINT('',(38.561331452983,18.66236289898,0.823127684877
    ));
#274 = CARTESIAN_POINT('',(38.414023442672,18.920437047306,
    0.846723933668));
#275 = CARTESIAN_POINT('',(38.202717018703,19.13029004907,0.880571644601
    ));
#276 = CARTESIAN_POINT('',(37.946524217227,19.277659722807,
    0.921609393122));
#277 = CARTESIAN_POINT('',(37.666421445212,19.349329725183,
    0.966477114039));
#278 = CARTESIAN_POINT('',(37.381678447457,19.350016146849,
    1.012088120545));
#279 = CARTESIAN_POINT('',(37.376951895451,19.349991197896,
    1.012845234138));
#280 = CARTESIAN_POINT('',(37.371218035104,19.349999043307,
    1.013763701471));
#281 = CARTESIAN_POINT('',(37.365340649324,19.350005762217,
    1.014705159147));
#282 = CARTESIAN_POINT('',(37.35990430466,19.349996980072,1.015575969505
    ));
#283 = CARTESIAN_POINT('',(37.354189850211,19.35,1.016491328341));
#284 = CARTESIAN_POINT('',(37.348541037762,19.35,1.017396172441));
#285 = CARTESIAN_POINT('',(38.388082724909,18.1,1.100879197383));
#286 = CARTESIAN_POINT('',(38.388082724909,18.315412240115,
    1.100879197383));
#287 = CARTESIAN_POINT('',(38.333898228337,18.530826064731,
    1.109914653663));
#288 = CARTESIAN_POINT('',(38.225854335584,18.73069622654,1.127971963622
    ));
#289 = CARTESIAN_POINT('',(38.06789925294,18.899609520694,1.154131262493
    ));
#290 = CARTESIAN_POINT('',(37.87176364917,19.022806933373,1.186376444277
    ));
#291 = CARTESIAN_POINT('',(37.651830271836,19.090345961306,1.22197375369
    ));
#292 = CARTESIAN_POINT('',(37.421978365092,19.099441339133,
    1.258819194667));
#293 = CARTESIAN_POINT('',(37.416325212311,19.099627764635,1.25972516387
    ));
#294 = CARTESIAN_POINT('',(37.410677742401,19.099776634651,
    1.260629903473));
#295 = CARTESIAN_POINT('',(37.405030178428,19.099888266451,
    1.261534561257));
#296 = CARTESIAN_POINT('',(37.399379837195,19.099962799927,
    1.262439681231));
#297 = CARTESIAN_POINT('',(37.393731537358,19.1,1.263344432388));
#298 = CARTESIAN_POINT('',(37.388082724909,19.1,1.264249276488));
#299 = ADVANCED_FACE('',(#300),#334,.T.);
#300 = FACE_BOUND('',#301,.T.);
#301 = EDGE_LOOP('',(#302,#303,#316,#323));
#302 = ORIENTED_EDGE('',*,*,#211,.T.);
#303 = ORIENTED_EDGE('',*,*,#304,.T.);
#304 = EDGE_CURVE('',#175,#305,#307,.T.);
#305 = VERTEX_POINT('',#306);
#306 = CARTESIAN_POINT('',(7.603075604643,18.1,6.03211603587));
#307 = B_SPLINE_CURVE_WITH_KNOTS('',7,(#308,#309,#310,#311,#312,#313,
    #314,#315),.UNSPECIFIED.,.F.,.F.,(8,8),(46.172840282858,
    47.713608810807),.PIECEWISE_BEZIER_KNOTS.);
#308 = CARTESIAN_POINT('',(8.603075604643,19.1,5.875119982251));
#309 = CARTESIAN_POINT('',(8.384498224037,19.1,5.910132377314));
#310 = CARTESIAN_POINT('',(8.167999505542,19.04409541774,5.944751983539)
  );
#311 = CARTESIAN_POINT('',(7.965496515376,18.935439111771,5.977507661039
    ));
#312 = CARTESIAN_POINT('',(7.786536080158,18.769807374759,6.004369032839
    ));
#313 = CARTESIAN_POINT('',(7.663508740437,18.557548393424,6.022779842111
    ));
#314 = CARTESIAN_POINT('',(7.603075604643,18.327508274236,6.03211603587)
  );
#315 = CARTESIAN_POINT('',(7.603075604643,18.1,6.03211603587));
#316 = ORIENTED_EDGE('',*,*,#317,.F.);
#317 = EDGE_CURVE('',#318,#305,#320,.T.);
#318 = VERTEX_POINT('',#319);
#319 = CARTESIAN_POINT('',(7.356222500596,18.1,5.821657723017));
#320 = B_SPLINE_CURVE_WITH_KNOTS('',1,(#321,#322),.UNSPECIFIED.,.F.,.F.,
  (2,2),(0.,1.540768527949),.PIECEWISE_BEZIER_KNOTS.);
#321 = CARTESIAN_POINT('',(7.356222500596,18.1,5.821657723017));
#322 = CARTESIAN_POINT('',(7.603075604643,18.1,6.03211603587));
#323 = ORIENTED_EDGE('',*,*,#324,.F.);
#324 = EDGE_CURVE('',#204,#318,#325,.T.);
#325 = B_SPLINE_CURVE_WITH_KNOTS('',7,(#326,#327,#328,#329,#330,#331,
    #332,#333),.UNSPECIFIED.,.F.,.F.,(8,8),(46.172840282858,
    47.713608810807),.PIECEWISE_BEZIER_KNOTS.);
#326 = CARTESIAN_POINT('',(8.563344091953,19.349999926083,5.628297285042
    ));
#327 = CARTESIAN_POINT('',(8.286165900748,19.349784063854,5.672696537638
    ));
#328 = CARTESIAN_POINT('',(8.011577967782,19.271863295965,5.716680874726
    ));
#329 = CARTESIAN_POINT('',(7.763728340359,19.1182939995,5.756382188043)
  );
#330 = CARTESIAN_POINT('',(7.564857208241,18.90457326154,5.788237975797)
  );
#331 = CARTESIAN_POINT('',(7.426158758169,18.649719912763,5.810455118829
    ));
#332 = CARTESIAN_POINT('',(7.356222500596,18.374132565819,5.821657723017
    ));
#333 = CARTESIAN_POINT('',(7.356222500596,18.1,5.821657723017));
#334 = B_SPLINE_SURFACE_WITH_KNOTS('',1,7,(
    (#335,#336,#337,#338,#339,#340,#341,#342)
    ,(#343,#344,#345,#346,#347,#348,#349,#350
  )),.UNSPECIFIED.,.F.,.F.,.F.,(2,2),(8,8),(0.,1.540768527949),(
    46.172840282858,47.713608810807),.PIECEWISE_BEZIER_KNOTS.);
#335 = CARTESIAN_POINT('',(8.563344091953,19.349999926083,5.628297285042
    ));
#336 = CARTESIAN_POINT('',(8.286165900748,19.349784063854,5.672696537638
    ));
#337 = CARTESIAN_POINT('',(8.011577967782,19.271863295965,5.716680874726
    ));
#338 = CARTESIAN_POINT('',(7.763728340359,19.1182939995,5.756382188043)
  );
#339 = CARTESIAN_POINT('',(7.564857208241,18.90457326154,5.788237975797)
  );
#340 = CARTESIAN_POINT('',(7.426158758169,18.649719912763,5.810455118829
    ));
#341 = CARTESIAN_POINT('',(7.356222500596,18.374132565819,5.821657723017
    ));
#342 = CARTESIAN_POINT('',(7.356222500596,18.1,5.821657723017));
#343 = CARTESIAN_POINT('',(8.603075604643,19.1,5.875119982251));
#344 = CARTESIAN_POINT('',(8.384498224037,19.1,5.910132377314));
#345 = CARTESIAN_POINT('',(8.167999505542,19.04409541774,5.944751983539)
  );
#346 = CARTESIAN_POINT('',(7.965496515376,18.935439111771,5.977507661039
    ));
#347 = CARTESIAN_POINT('',(7.786536080158,18.769807374759,6.004369032839
    ));
#348 = CARTESIAN_POINT('',(7.663508740437,18.557548393424,6.022779842111
    ));
#349 = CARTESIAN_POINT('',(7.603075604643,18.327508274236,6.03211603587)
  );
#350 = CARTESIAN_POINT('',(7.603075604643,18.1,6.03211603587));
#351 = ADVANCED_FACE('',(#352,#486,#641,#675),#709,.T.);
#352 = FACE_BOUND('',#353,.T.);
#353 = EDGE_LOOP('',(#354,#364,#372,#380,#388,#396,#404,#412,#420,#428,
    #437,#445,#454,#462,#471,#479));
#354 = ORIENTED_EDGE('',*,*,#355,.F.);
#355 = EDGE_CURVE('',#356,#358,#360,.T.);
#356 = VERTEX_POINT('',#357);
#357 = CARTESIAN_POINT('',(6.911886913312,3.4,5.892832759881));
#358 = VERTEX_POINT('',#359);
#359 = CARTESIAN_POINT('',(6.911886913312,2.,5.892832759881));
#360 = LINE('',#361,#362);
#361 = CARTESIAN_POINT('',(6.911886913312,3.9,5.892832759881));
#362 = VECTOR('',#363,1.);
#363 = DIRECTION('',(0.,-1.,0.));
#364 = ORIENTED_EDGE('',*,*,#365,.T.);
#365 = EDGE_CURVE('',#356,#366,#368,.T.);
#366 = VERTEX_POINT('',#367);
#367 = CARTESIAN_POINT('',(6.411886913312,3.9,5.972924293062));
#368 = LINE('',#369,#370);
#369 = CARTESIAN_POINT('',(5.975981206602,4.335905706709,6.042749005807)
  );
#370 = VECTOR('',#371,1.);
#371 = DIRECTION('',(-0.702614118457,0.702614118457,0.112546883963));
#372 = ORIENTED_EDGE('',*,*,#373,.F.);
#373 = EDGE_CURVE('',#374,#366,#376,.T.);
#374 = VERTEX_POINT('',#375);
#375 = CARTESIAN_POINT('',(0.5,3.9,6.919908466819));
#376 = LINE('',#377,#378);
#377 = CARTESIAN_POINT('',(2.22044604925E-16,3.9,7.));
#378 = VECTOR('',#379,1.);
#379 = DIRECTION('',(0.987412416187,0.,-0.158166748588));
#380 = ORIENTED_EDGE('',*,*,#381,.F.);
#381 = EDGE_CURVE('',#382,#374,#384,.T.);
#382 = VERTEX_POINT('',#383);
#383 = CARTESIAN_POINT('',(9.874124161874E-02,3.498741241619,
    6.984183325141));
#384 = LINE('',#385,#386);
#385 = CARTESIAN_POINT('',(-0.71581656921,2.68418343079,7.114661693008)
  );
#386 = VECTOR('',#387,1.);
#387 = DIRECTION('',(0.702614118457,0.702614118457,-0.112546883963));
#388 = ORIENTED_EDGE('',*,*,#389,.T.);
#389 = EDGE_CURVE('',#382,#390,#392,.T.);
#390 = VERTEX_POINT('',#391);
#391 = CARTESIAN_POINT('',(9.874124161874E-02,17.301258758381,
    6.984183325141));
#392 = LINE('',#393,#394);
#393 = CARTESIAN_POINT('',(9.874124161874E-02,3.4,6.984183325141));
#394 = VECTOR('',#395,1.);
#395 = DIRECTION('',(0.,1.,-2.2E-16));
#396 = ORIENTED_EDGE('',*,*,#397,.F.);
#397 = EDGE_CURVE('',#398,#390,#400,.T.);
#398 = VERTEX_POINT('',#399);
#399 = CARTESIAN_POINT('',(0.5,16.9,6.919908466819));
#400 = LINE('',#401,#402);
#401 = CARTESIAN_POINT('',(4.418316065123,12.981683934877,6.292260584534
    ));
#402 = VECTOR('',#403,1.);
#403 = DIRECTION('',(-0.702614118457,0.702614118457,0.112546883963));
#404 = ORIENTED_EDGE('',*,*,#405,.F.);
#405 = EDGE_CURVE('',#406,#398,#408,.T.);
#406 = VERTEX_POINT('',#407);
#407 = CARTESIAN_POINT('',(6.411886913312,16.9,5.972924293062));
#408 = LINE('',#409,#410);
#409 = CARTESIAN_POINT('',(6.911886913312,16.9,5.892832759881));
#410 = VECTOR('',#411,1.);
#411 = DIRECTION('',(-0.987412416187,0.,0.158166748588));
#412 = ORIENTED_EDGE('',*,*,#413,.T.);
#413 = EDGE_CURVE('',#406,#414,#416,.T.);
#414 = VERTEX_POINT('',#415);
#415 = CARTESIAN_POINT('',(6.911886913312,17.4,5.892832759881));
#416 = LINE('',#417,#418);
#417 = CARTESIAN_POINT('',(0.84184857227,11.329961658958,6.865150114282)
  );
#418 = VECTOR('',#419,1.);
#419 = DIRECTION('',(0.702614118457,0.702614118457,-0.112546883963));
#420 = ORIENTED_EDGE('',*,*,#421,.F.);
#421 = EDGE_CURVE('',#422,#414,#424,.T.);
#422 = VERTEX_POINT('',#423);
#423 = CARTESIAN_POINT('',(6.911886913312,18.8,5.892832759881));
#424 = LINE('',#425,#426);
#425 = CARTESIAN_POINT('',(6.911886913312,20.8,5.892832759881));
#426 = VECTOR('',#427,1.);
#427 = DIRECTION('',(0.,-1.,0.));
#428 = ORIENTED_EDGE('',*,*,#429,.F.);
#429 = EDGE_CURVE('',#430,#422,#432,.T.);
#430 = VERTEX_POINT('',#431);
#431 = CARTESIAN_POINT('',(6.643937720881,19.8,5.935753683154));
#432 = ELLIPSE('',#433,2.025496101945,2.);
#433 = AXIS2_PLACEMENT_3D('',#434,#435,#436);
#434 = CARTESIAN_POINT('',(4.911886913312,18.8,6.213198892604));
#435 = DIRECTION('',(-0.158166748588,-2.2E-16,-0.987412416187));
#436 = DIRECTION('',(-0.987412416187,-1.37E-15,0.158166748588));
#437 = ORIENTED_EDGE('',*,*,#438,.T.);
#438 = EDGE_CURVE('',#430,#439,#441,.T.);
#439 = VERTEX_POINT('',#440);
#440 = CARTESIAN_POINT('',(41.712587583813,19.8,0.31834981495));
#441 = LINE('',#442,#443);
#442 = CARTESIAN_POINT('',(6.911886913312,19.8,5.892832759881));
#443 = VECTOR('',#444,1.);
#444 = DIRECTION('',(0.987412416187,0.,-0.158166748588));
#445 = ORIENTED_EDGE('',*,*,#446,.F.);
#446 = EDGE_CURVE('',#447,#439,#449,.T.);
#447 = VERTEX_POINT('',#448);
#448 = CARTESIAN_POINT('',(42.712587583813,18.8,0.158166748588));
#449 = ELLIPSE('',#450,1.012748050973,1.);
#450 = AXIS2_PLACEMENT_3D('',#451,#452,#453);
#451 = CARTESIAN_POINT('',(41.712587583813,18.8,0.31834981495));
#452 = DIRECTION('',(0.158166748588,2.2E-16,0.987412416187));
#453 = DIRECTION('',(0.987412416187,1.37E-15,-0.158166748588));
#454 = ORIENTED_EDGE('',*,*,#455,.T.);
#455 = EDGE_CURVE('',#447,#456,#458,.T.);
#456 = VERTEX_POINT('',#457);
#457 = CARTESIAN_POINT('',(42.712587583813,2.,0.158166748588));
#458 = LINE('',#459,#460);
#459 = CARTESIAN_POINT('',(42.712587583813,19.8,0.158166748588));
#460 = VECTOR('',#461,1.);
#461 = DIRECTION('',(0.,-1.,0.));
#462 = ORIENTED_EDGE('',*,*,#463,.F.);
#463 = EDGE_CURVE('',#464,#456,#466,.T.);
#464 = VERTEX_POINT('',#465);
#465 = CARTESIAN_POINT('',(41.712587583813,1.,0.31834981495));
#466 = ELLIPSE('',#467,1.012748050973,1.);
#467 = AXIS2_PLACEMENT_3D('',#468,#469,#470);
#468 = CARTESIAN_POINT('',(41.712587583813,2.,0.31834981495));
#469 = DIRECTION('',(0.158166748588,2.2E-16,0.987412416187));
#470 = DIRECTION('',(0.987412416187,1.37E-15,-0.158166748588));
#471 = ORIENTED_EDGE('',*,*,#472,.T.);
#472 = EDGE_CURVE('',#464,#473,#475,.T.);
#473 = VERTEX_POINT('',#474);
#474 = CARTESIAN_POINT('',(6.64393772088,1.,5.935753683154));
#475 = LINE('',#476,#477);
#476 = CARTESIAN_POINT('',(42.712587583813,1.,0.158166748588));
#477 = VECTOR('',#478,1.);
#478 = DIRECTION('',(-0.987412416187,0.,0.158166748588));
#479 = ORIENTED_EDGE('',*,*,#480,.T.);
#480 = EDGE_CURVE('',#473,#358,#481,.T.);
#481 = ELLIPSE('',#482,2.025496101945,2.);
#482 = AXIS2_PLACEMENT_3D('',#483,#484,#485);
#483 = CARTESIAN_POINT('',(4.911886913312,2.,6.213198892605));
#484 = DIRECTION('',(0.158166748588,2.2E-16,0.987412416187));
#485 = DIRECTION('',(-0.987412416187,-1.37E-15,0.158166748588));
#486 = FACE_BOUND('',#487,.T.);
#487 = EDGE_LOOP('',(#488,#496,#497,#498,#499,#507,#526,#534,#547,#555,
    #568,#576,#595,#603,#616,#624));
#488 = ORIENTED_EDGE('',*,*,#489,.T.);
#489 = EDGE_CURVE('',#490,#227,#492,.T.);
#490 = VERTEX_POINT('',#491);
#491 = CARTESIAN_POINT('',(38.634935828956,2.7,0.811337510236));
#492 = LINE('',#493,#494);
#493 = CARTESIAN_POINT('',(38.634935828956,2.7,0.811337510236));
#494 = VECTOR('',#495,1.);
#495 = DIRECTION('',(0.,1.,0.));
#496 = ORIENTED_EDGE('',*,*,#254,.T.);
#497 = ORIENTED_EDGE('',*,*,#203,.T.);
#498 = ORIENTED_EDGE('',*,*,#324,.T.);
#499 = ORIENTED_EDGE('',*,*,#500,.T.);
#500 = EDGE_CURVE('',#318,#501,#503,.T.);
#501 = VERTEX_POINT('',#502);
#502 = CARTESIAN_POINT('',(7.356222500596,17.299999999946,5.821657723017
    ));
#503 = LINE('',#504,#505);
#504 = CARTESIAN_POINT('',(7.356222500596,18.1,5.821657723017));
#505 = VECTOR('',#506,1.);
#506 = DIRECTION('',(0.,-1.,0.));
#507 = ORIENTED_EDGE('',*,*,#508,.T.);
#508 = EDGE_CURVE('',#501,#509,#511,.T.);
#509 = VERTEX_POINT('',#510);
#510 = CARTESIAN_POINT('',(6.563533917496,16.549999999946,5.948633010927
    ));
#511 = B_SPLINE_CURVE_WITH_KNOTS('',7,(#512,#513,#514,#515,#516,#517,
    #518,#519,#520,#521,#522,#523,#524,#525),.UNSPECIFIED.,.F.,.F.,(8,6,
    8),(48.513608810861,50.094678571022,50.134479053713),.UNSPECIFIED.);
#512 = CARTESIAN_POINT('',(7.356222500596,17.299999999946,5.821657723017
    ));
#513 = CARTESIAN_POINT('',(7.356222500596,17.13241632467,5.821657723017)
  );
#514 = CARTESIAN_POINT('',(7.312328960966,16.964807517654,5.828688724788
    ));
#515 = CARTESIAN_POINT('',(7.224661997233,16.810764734965,5.842731487857
    ));
#516 = CARTESIAN_POINT('',(7.097931209586,16.683162469157,5.863031614025
    ));
#517 = CARTESIAN_POINT('',(6.942234544939,16.594490277959,5.887971583191
    ));
#518 = CARTESIAN_POINT('',(6.77353384907,16.550411626923,5.914994577952)
  );
#519 = CARTESIAN_POINT('',(6.598182255464,16.549988911935,5.943082933907
    ));
#520 = CARTESIAN_POINT('',(6.591611185804,16.550003069448,5.944135507995
    ));
#521 = CARTESIAN_POINT('',(6.586047419795,16.55000143154,5.945026729095)
  );
#522 = CARTESIAN_POINT('',(6.580627179723,16.549997885004,5.94589495977)
  );
#523 = CARTESIAN_POINT('',(6.574765900885,16.550000820832,5.946833837387
    ));
#524 = CARTESIAN_POINT('',(6.569182729945,16.549999999946,5.947728166828
    ));
#525 = CARTESIAN_POINT('',(6.563533917496,16.549999999946,5.948633010927
    ));
#526 = ORIENTED_EDGE('',*,*,#527,.T.);
#527 = EDGE_CURVE('',#509,#528,#530,.T.);
#528 = VERTEX_POINT('',#529);
#529 = CARTESIAN_POINT('',(2.145353212278,16.549999999946,6.656350744029
    ));
#530 = LINE('',#531,#532);
#531 = CARTESIAN_POINT('',(6.603075604643,16.549999999946,5.942299102231
    ));
#532 = VECTOR('',#533,1.);
#533 = DIRECTION('',(-0.987412416187,0.,0.158166748588));
#534 = ORIENTED_EDGE('',*,*,#535,.T.);
#535 = EDGE_CURVE('',#528,#536,#538,.T.);
#536 = VERTEX_POINT('',#537);
#537 = CARTESIAN_POINT('',(0.938041795378,15.299999999946,6.849741588841
    ));
#538 = B_SPLINE_CURVE_WITH_KNOTS('',7,(#539,#540,#541,#542,#543,#544,
    #545,#546),.UNSPECIFIED.,.F.,.F.,(8,8),(54.608993133489,
    56.149761661438),.PIECEWISE_BEZIER_KNOTS.);
#539 = CARTESIAN_POINT('',(2.145163386735,16.54999992603,6.656381150866)
  );
#540 = CARTESIAN_POINT('',(1.86798519553,16.5497840638,6.700780403462));
#541 = CARTESIAN_POINT('',(1.593397262564,16.471863295912,6.74476474055)
  );
#542 = CARTESIAN_POINT('',(1.345547635141,16.318293999446,6.784466053867
    ));
#543 = CARTESIAN_POINT('',(1.146676503023,16.104573261487,6.816321841621
    ));
#544 = CARTESIAN_POINT('',(1.007978052951,15.849719912709,6.838538984653
    ));
#545 = CARTESIAN_POINT('',(0.938041795378,15.574132565765,6.849741588841
    ));
#546 = CARTESIAN_POINT('',(0.938041795378,15.299999999946,6.849741588841
    ));
#547 = ORIENTED_EDGE('',*,*,#548,.T.);
#548 = EDGE_CURVE('',#536,#549,#551,.T.);
#549 = VERTEX_POINT('',#550);
#550 = CARTESIAN_POINT('',(0.938041795378,5.500000000039,6.849741588841)
  );
#551 = LINE('',#552,#553);
#552 = CARTESIAN_POINT('',(0.938041795378,15.299999999946,6.849741588841
    ));
#553 = VECTOR('',#554,1.);
#554 = DIRECTION('',(0.,-1.,0.));
#555 = ORIENTED_EDGE('',*,*,#556,.T.);
#556 = EDGE_CURVE('',#549,#557,#559,.T.);
#557 = VERTEX_POINT('',#558);
#558 = CARTESIAN_POINT('',(2.145163386735,4.250000073955,6.656381150866)
  );
#559 = B_SPLINE_CURVE_WITH_KNOTS('',7,(#560,#561,#562,#563,#564,#565,
    #566,#567),.UNSPECIFIED.,.F.,.F.,(8,8),(65.949761661346,
    67.490530189295),.PIECEWISE_BEZIER_KNOTS.);
#560 = CARTESIAN_POINT('',(0.938041795378,5.500000000039,6.849741588841)
  );
#561 = CARTESIAN_POINT('',(0.938041795378,5.22586743422,6.849741588841)
  );
#562 = CARTESIAN_POINT('',(1.007978052951,4.950280087276,6.838538984653)
  );
#563 = CARTESIAN_POINT('',(1.146676503023,4.695426738498,6.816321841621)
  );
#564 = CARTESIAN_POINT('',(1.345547635141,4.481706000539,6.784466053867)
  );
#565 = CARTESIAN_POINT('',(1.593397262564,4.328136704073,6.74476474055)
  );
#566 = CARTESIAN_POINT('',(1.86798519553,4.250215936185,6.700780403462)
  );
#567 = CARTESIAN_POINT('',(2.145163386735,4.250000073955,6.656381150866)
  );
#568 = ORIENTED_EDGE('',*,*,#569,.T.);
#569 = EDGE_CURVE('',#557,#570,#572,.T.);
#570 = VERTEX_POINT('',#571);
#571 = CARTESIAN_POINT('',(6.563533917496,4.250000000039,5.948633010927)
  );
#572 = LINE('',#573,#574);
#573 = CARTESIAN_POINT('',(2.184894899425,4.250000000039,6.650016835332)
  );
#574 = VECTOR('',#575,1.);
#575 = DIRECTION('',(0.987412416187,0.,-0.158166748588));
#576 = ORIENTED_EDGE('',*,*,#577,.T.);
#577 = EDGE_CURVE('',#570,#578,#580,.T.);
#578 = VERTEX_POINT('',#579);
#579 = CARTESIAN_POINT('',(7.356222500596,3.500000000039,5.821657723017)
  );
#580 = B_SPLINE_CURVE_WITH_KNOTS('',7,(#581,#582,#583,#584,#585,#586,
    #587,#588,#589,#590,#591,#592,#593,#594),.UNSPECIFIED.,.F.,.F.,(8,6,
    8),(71.965044269071,72.004844751762,73.585914511923),.UNSPECIFIED.);
#581 = CARTESIAN_POINT('',(6.563533917495,4.250000000039,5.948633010928)
  );
#582 = CARTESIAN_POINT('',(6.569182729945,4.250000000039,5.947728166828)
  );
#583 = CARTESIAN_POINT('',(6.574765900885,4.249999179153,5.946833837387)
  );
#584 = CARTESIAN_POINT('',(6.580627179723,4.250002114981,5.94589495977)
  );
#585 = CARTESIAN_POINT('',(6.586047419795,4.249998568444,5.945026729095)
  );
#586 = CARTESIAN_POINT('',(6.591611185804,4.249996930537,5.944135507995)
  );
#587 = CARTESIAN_POINT('',(6.598182255464,4.25001108805,5.943082933907)
  );
#588 = CARTESIAN_POINT('',(6.77353384907,4.249588373062,5.914994577952)
  );
#589 = CARTESIAN_POINT('',(6.94223454494,4.205509722025,5.88797158319));
#590 = CARTESIAN_POINT('',(7.097931209584,4.116837530828,5.863031614025)
  );
#591 = CARTESIAN_POINT('',(7.224661997233,3.98923526502,5.842731487857)
  );
#592 = CARTESIAN_POINT('',(7.312328960966,3.835192482331,5.828688724788)
  );
#593 = CARTESIAN_POINT('',(7.356222500596,3.667583675314,5.821657723017)
  );
#594 = CARTESIAN_POINT('',(7.356222500596,3.500000000039,5.821657723017)
  );
#595 = ORIENTED_EDGE('',*,*,#596,.T.);
#596 = EDGE_CURVE('',#578,#597,#599,.T.);
#597 = VERTEX_POINT('',#598);
#598 = CARTESIAN_POINT('',(7.356222500596,2.7,5.821657723017));
#599 = LINE('',#600,#601);
#600 = CARTESIAN_POINT('',(7.356222500596,3.500000000039,5.821657723017)
  );
#601 = VECTOR('',#602,1.);
#602 = DIRECTION('',(0.,-1.,0.));
#603 = ORIENTED_EDGE('',*,*,#604,.T.);
#604 = EDGE_CURVE('',#597,#605,#607,.T.);
#605 = VERTEX_POINT('',#606);
#606 = CARTESIAN_POINT('',(8.563344091953,1.450000073917,5.628297285042)
  );
#607 = B_SPLINE_CURVE_WITH_KNOTS('',7,(#608,#609,#610,#611,#612,#613,
    #614,#615),.UNSPECIFIED.,.F.,.F.,(8,8),(74.385914511962,
    75.926683039912),.PIECEWISE_BEZIER_KNOTS.);
#608 = CARTESIAN_POINT('',(7.356222500596,2.7,5.821657723017));
#609 = CARTESIAN_POINT('',(7.356222500596,2.425867434181,5.821657723017)
  );
#610 = CARTESIAN_POINT('',(7.426158758169,2.150280087237,5.810455118829)
  );
#611 = CARTESIAN_POINT('',(7.564857208241,1.895426738459,5.788237975797)
  );
#612 = CARTESIAN_POINT('',(7.763728340359,1.6817060005,5.756382188043));
#613 = CARTESIAN_POINT('',(8.011577967782,1.528136704035,5.716680874726)
  );
#614 = CARTESIAN_POINT('',(8.286165900748,1.450215936147,5.672696537638)
  );
#615 = CARTESIAN_POINT('',(8.563344091953,1.450000073917,5.628297285042)
  );
#616 = ORIENTED_EDGE('',*,*,#617,.T.);
#617 = EDGE_CURVE('',#605,#618,#620,.T.);
#618 = VERTEX_POINT('',#619);
#619 = CARTESIAN_POINT('',(37.348541037762,1.45,1.017396172441));
#620 = LINE('',#621,#622);
#621 = CARTESIAN_POINT('',(8.603075604643,1.45,5.621932969508));
#622 = VECTOR('',#623,1.);
#623 = DIRECTION('',(0.987412416187,0.,-0.158166748588));
#624 = ORIENTED_EDGE('',*,*,#625,.T.);
#625 = EDGE_CURVE('',#618,#490,#626,.T.);
#626 = B_SPLINE_CURVE_WITH_KNOTS('',7,(#627,#628,#629,#630,#631,#632,
    #633,#634,#635,#636,#637,#638,#639,#640),.UNSPECIFIED.,.F.,.F.,(8,6,
    8),(105.07865307991,105.1184535626,106.69952332277),.UNSPECIFIED.);
#627 = CARTESIAN_POINT('',(37.348541037762,1.45,1.017396172441));
#628 = CARTESIAN_POINT('',(37.354189850211,1.45,1.016491328341));
#629 = CARTESIAN_POINT('',(37.35990430466,1.450003019928,1.015575969505)
  );
#630 = CARTESIAN_POINT('',(37.365340649324,1.449994237782,1.014705159147
    ));
#631 = CARTESIAN_POINT('',(37.371218035105,1.450000956693,1.013763701471
    ));
#632 = CARTESIAN_POINT('',(37.376951895451,1.450008802104,1.012845234138
    ));
#633 = CARTESIAN_POINT('',(37.381678447457,1.449983853151,1.012088120545
    ));
#634 = CARTESIAN_POINT('',(37.666421445213,1.450670274817,0.966477114039
    ));
#635 = CARTESIAN_POINT('',(37.946524217224,1.522340277193,0.921609393122
    ));
#636 = CARTESIAN_POINT('',(38.202717018708,1.66970995093,0.880571644601)
  );
#637 = CARTESIAN_POINT('',(38.414023442669,1.879562952693,0.846723933668
    ));
#638 = CARTESIAN_POINT('',(38.561331452984,2.137637101021,0.823127684877
    ));
#639 = CARTESIAN_POINT('',(38.634935828955,2.418786779305,0.811337510236
    ));
#640 = CARTESIAN_POINT('',(38.634935828956,2.7,0.811337510236));
#641 = FACE_BOUND('',#642,.T.);
#642 = EDGE_LOOP('',(#643,#653,#661,#669));
#643 = ORIENTED_EDGE('',*,*,#644,.F.);
#644 = EDGE_CURVE('',#645,#647,#649,.T.);
#645 = VERTEX_POINT('',#646);
#646 = CARTESIAN_POINT('',(41.893396802374,18.649999999982,
    0.289387239894));
#647 = VERTEX_POINT('',#648);
#648 = CARTESIAN_POINT('',(41.893396802374,11.649999999976,
    0.289387239894));
#649 = LINE('',#650,#651);
#650 = CARTESIAN_POINT('',(41.893396802374,18.399999999982,
    0.289387239894));
#651 = VECTOR('',#652,1.);
#652 = DIRECTION('',(0.,-1.,0.));
#653 = ORIENTED_EDGE('',*,*,#654,.F.);
#654 = EDGE_CURVE('',#655,#645,#657,.T.);
#655 = VERTEX_POINT('',#656);
#656 = CARTESIAN_POINT('',(38.931159553805,18.649999999982,0.76388748566
    ));
#657 = LINE('',#658,#659);
#658 = CARTESIAN_POINT('',(39.178012657852,18.649999999982,
    0.724345798513));
#659 = VECTOR('',#660,1.);
#660 = DIRECTION('',(0.987412416187,0.,-0.158166748588));
#661 = ORIENTED_EDGE('',*,*,#662,.F.);
#662 = EDGE_CURVE('',#663,#655,#665,.T.);
#663 = VERTEX_POINT('',#664);
#664 = CARTESIAN_POINT('',(38.931159553805,11.649999999976,0.76388748566
    ));
#665 = LINE('',#666,#667);
#666 = CARTESIAN_POINT('',(38.931159553805,11.899999999976,0.76388748566
    ));
#667 = VECTOR('',#668,1.);
#668 = DIRECTION('',(0.,1.,0.));
#669 = ORIENTED_EDGE('',*,*,#670,.F.);
#670 = EDGE_CURVE('',#647,#663,#671,.T.);
#671 = LINE('',#672,#673);
#672 = CARTESIAN_POINT('',(41.646543698327,11.649999999976,
    0.328928927041));
#673 = VECTOR('',#674,1.);
#674 = DIRECTION('',(-0.987412416187,0.,0.158166748588));
#675 = FACE_BOUND('',#676,.T.);
#676 = EDGE_LOOP('',(#677,#687,#695,#703));
#677 = ORIENTED_EDGE('',*,*,#678,.F.);
#678 = EDGE_CURVE('',#679,#681,#683,.T.);
#679 = VERTEX_POINT('',#680);
#680 = CARTESIAN_POINT('',(38.931159553812,9.15,0.763887485659));
#681 = VERTEX_POINT('',#682);
#682 = CARTESIAN_POINT('',(41.893396802374,9.15,0.289387239894));
#683 = LINE('',#684,#685);
#684 = CARTESIAN_POINT('',(39.178012657859,9.15,0.724345798512));
#685 = VECTOR('',#686,1.);
#686 = DIRECTION('',(0.987412416187,0.,-0.158166748588));
#687 = ORIENTED_EDGE('',*,*,#688,.F.);
#688 = EDGE_CURVE('',#689,#679,#691,.T.);
#689 = VERTEX_POINT('',#690);
#690 = CARTESIAN_POINT('',(38.931159553812,2.15,0.763887485659));
#691 = LINE('',#692,#693);
#692 = CARTESIAN_POINT('',(38.931159553812,2.4,0.763887485659));
#693 = VECTOR('',#694,1.);
#694 = DIRECTION('',(0.,1.,0.));
#695 = ORIENTED_EDGE('',*,*,#696,.F.);
#696 = EDGE_CURVE('',#697,#689,#699,.T.);
#697 = VERTEX_POINT('',#698);
#698 = CARTESIAN_POINT('',(41.893396802374,2.15,0.289387239894));
#699 = LINE('',#700,#701);
#700 = CARTESIAN_POINT('',(41.646543698327,2.15,0.328928927041));
#701 = VECTOR('',#702,1.);
#702 = DIRECTION('',(-0.987412416187,0.,0.158166748588));
#703 = ORIENTED_EDGE('',*,*,#704,.F.);
#704 = EDGE_CURVE('',#681,#697,#705,.T.);
#705 = LINE('',#706,#707);
#706 = CARTESIAN_POINT('',(41.893396802374,8.9,0.289387239894));
#707 = VECTOR('',#708,1.);
#708 = DIRECTION('',(0.,-1.,0.));
#709 = PLANE('',#710);
#710 = AXIS2_PLACEMENT_3D('',#711,#712,#713);
#711 = CARTESIAN_POINT('',(0.,1.55E-15,7.));
#712 = DIRECTION('',(-0.158166748588,-2.2E-16,-0.987412416187));
#713 = DIRECTION('',(0.987412416187,-4.E-17,-0.158166748588));
#714 = ADVANCED_FACE('',(#715),#733,.T.);
#715 = FACE_BOUND('',#716,.F.);
#716 = EDGE_LOOP('',(#717,#725,#726,#727));
#717 = ORIENTED_EDGE('',*,*,#718,.F.);
#718 = EDGE_CURVE('',#490,#719,#721,.T.);
#719 = VERTEX_POINT('',#720);
#720 = CARTESIAN_POINT('',(38.388082724909,2.7,1.100879197383));
#721 = LINE('',#722,#723);
#722 = CARTESIAN_POINT('',(38.511509276932,2.7,0.956108353809));
#723 = VECTOR('',#724,1.);
#724 = DIRECTION('',(-0.648780876495,0.,0.760975278373));
#725 = ORIENTED_EDGE('',*,*,#489,.T.);
#726 = ORIENTED_EDGE('',*,*,#226,.T.);
#727 = ORIENTED_EDGE('',*,*,#728,.F.);
#728 = EDGE_CURVE('',#719,#229,#729,.T.);
#729 = LINE('',#730,#731);
#730 = CARTESIAN_POINT('',(38.388082724909,2.7,1.100879197383));
#731 = VECTOR('',#732,1.);
#732 = DIRECTION('',(0.,1.,0.));
#733 = PLANE('',#734);
#734 = AXIS2_PLACEMENT_3D('',#735,#736,#737);
#735 = CARTESIAN_POINT('',(38.511509276932,2.7,0.956108353809));
#736 = DIRECTION('',(-0.760975278373,-1.5E-16,-0.648780876495));
#737 = DIRECTION('',(1.152856660312E-16,-1.,9.598072393245E-17));
#738 = ADVANCED_FACE('',(#739),#757,.T.);
#739 = FACE_BOUND('',#740,.F.);
#740 = EDGE_LOOP('',(#741,#742,#743,#751));
#741 = ORIENTED_EDGE('',*,*,#317,.F.);
#742 = ORIENTED_EDGE('',*,*,#500,.T.);
#743 = ORIENTED_EDGE('',*,*,#744,.T.);
#744 = EDGE_CURVE('',#501,#745,#747,.T.);
#745 = VERTEX_POINT('',#746);
#746 = CARTESIAN_POINT('',(7.603075604643,17.299999999946,6.03211603587)
  );
#747 = LINE('',#748,#749);
#748 = CARTESIAN_POINT('',(7.479649052619,17.299999999946,5.926886879443
    ));
#749 = VECTOR('',#750,1.);
#750 = DIRECTION('',(0.760975278373,0.,0.648780876495));
#751 = ORIENTED_EDGE('',*,*,#752,.F.);
#752 = EDGE_CURVE('',#305,#745,#753,.T.);
#753 = LINE('',#754,#755);
#754 = CARTESIAN_POINT('',(7.603075604643,18.1,6.03211603587));
#755 = VECTOR('',#756,1.);
#756 = DIRECTION('',(0.,-1.,0.));
#757 = PLANE('',#758);
#758 = AXIS2_PLACEMENT_3D('',#759,#760,#761);
#759 = CARTESIAN_POINT('',(7.479649052619,18.1,5.926886879443));
#760 = DIRECTION('',(0.648780876495,-1.4E-16,-0.760975278373));
#761 = DIRECTION('',(9.357620558643E-17,1.,-1.041946428143E-16));
#762 = ADVANCED_FACE('',(#763),#788,.F.);
#763 = FACE_BOUND('',#764,.F.);
#764 = EDGE_LOOP('',(#765,#766,#774,#782));
#765 = ORIENTED_EDGE('',*,*,#355,.F.);
#766 = ORIENTED_EDGE('',*,*,#767,.F.);
#767 = EDGE_CURVE('',#768,#356,#770,.T.);
#768 = VERTEX_POINT('',#769);
#769 = CARTESIAN_POINT('',(6.911886913312,3.4,3.410763643191));
#770 = LINE('',#771,#772);
#771 = CARTESIAN_POINT('',(6.911886913312,3.4,3.410763643191));
#772 = VECTOR('',#773,1.);
#773 = DIRECTION('',(0.,0.,1.));
#774 = ORIENTED_EDGE('',*,*,#775,.F.);
#775 = EDGE_CURVE('',#776,#768,#778,.T.);
#776 = VERTEX_POINT('',#777);
#777 = CARTESIAN_POINT('',(6.911886913312,2.,3.410763643191));
#778 = LINE('',#779,#780);
#779 = CARTESIAN_POINT('',(6.911886913312,1.01E-15,3.410763643191));
#780 = VECTOR('',#781,1.);
#781 = DIRECTION('',(0.,1.,-2.2E-16));
#782 = ORIENTED_EDGE('',*,*,#783,.T.);
#783 = EDGE_CURVE('',#776,#358,#784,.T.);
#784 = LINE('',#785,#786);
#785 = CARTESIAN_POINT('',(6.911886913312,2.,3.410763643191));
#786 = VECTOR('',#787,1.);
#787 = DIRECTION('',(0.,0.,1.));
#788 = PLANE('',#789);
#789 = AXIS2_PLACEMENT_3D('',#790,#791,#792);
#790 = CARTESIAN_POINT('',(6.911886913312,3.9,5.892832759881));
#791 = DIRECTION('',(-1.,0.,0.));
#792 = DIRECTION('',(0.,-1.,0.));
#793 = ADVANCED_FACE('',(#794),#839,.T.);
#794 = FACE_BOUND('',#795,.T.);
#795 = EDGE_LOOP('',(#796,#807,#815,#822,#823,#824,#832));
#796 = ORIENTED_EDGE('',*,*,#797,.F.);
#797 = EDGE_CURVE('',#798,#800,#802,.T.);
#798 = VERTEX_POINT('',#799);
#799 = CARTESIAN_POINT('',(4.911886913312,0.,4.187702790659));
#800 = VERTEX_POINT('',#801);
#801 = CARTESIAN_POINT('',(6.234762568844,0.5,3.975800511741));
#802 = ELLIPSE('',#803,2.025496101945,2.);
#803 = AXIS2_PLACEMENT_3D('',#804,#805,#806);
#804 = CARTESIAN_POINT('',(4.911886913312,2.,4.187702790659));
#805 = DIRECTION('',(0.158166748588,0.,0.987412416187));
#806 = DIRECTION('',(-0.987412416187,0.,0.158166748588));
#807 = ORIENTED_EDGE('',*,*,#808,.F.);
#808 = EDGE_CURVE('',#809,#798,#811,.T.);
#809 = VERTEX_POINT('',#810);
#810 = CARTESIAN_POINT('',(4.911886913312,0.,3.410763643191));
#811 = LINE('',#812,#813);
#812 = CARTESIAN_POINT('',(4.911886913312,0.,3.410763643191));
#813 = VECTOR('',#814,1.);
#814 = DIRECTION('',(0.,0.,1.));
#815 = ORIENTED_EDGE('',*,*,#816,.T.);
#816 = EDGE_CURVE('',#809,#776,#817,.T.);
#817 = CIRCLE('',#818,2.);
#818 = AXIS2_PLACEMENT_3D('',#819,#820,#821);
#819 = CARTESIAN_POINT('',(4.911886913312,2.,3.410763643191));
#820 = DIRECTION('',(-7.8E-16,0.,1.));
#821 = DIRECTION('',(1.,0.,7.8E-16));
#822 = ORIENTED_EDGE('',*,*,#783,.T.);
#823 = ORIENTED_EDGE('',*,*,#480,.F.);
#824 = ORIENTED_EDGE('',*,*,#825,.F.);
#825 = EDGE_CURVE('',#826,#473,#828,.T.);
#826 = VERTEX_POINT('',#827);
#827 = CARTESIAN_POINT('',(6.64393772088,1.,4.416631606695));
#828 = LINE('',#829,#830);
#829 = CARTESIAN_POINT('',(6.64393772088,1.,3.410763643191));
#830 = VECTOR('',#831,1.);
#831 = DIRECTION('',(0.,0.,1.));
#832 = ORIENTED_EDGE('',*,*,#833,.F.);
#833 = EDGE_CURVE('',#800,#826,#834,.T.);
#834 = ELLIPSE('',#835,2.864484057905,2.);
#835 = AXIS2_PLACEMENT_3D('',#836,#837,#838);
#836 = CARTESIAN_POINT('',(4.911886913312,2.,5.706824867118));
#837 = DIRECTION('',(0.111840780485,-0.707106781187,0.698206015314));
#838 = DIRECTION('',(-0.109077028479,0.689633121071,0.715896892143));
#839 = CYLINDRICAL_SURFACE('',#840,2.);
#840 = AXIS2_PLACEMENT_3D('',#841,#842,#843);
#841 = CARTESIAN_POINT('',(4.911886913312,2.,3.410763643191));
#842 = DIRECTION('',(0.,0.,1.));
#843 = DIRECTION('',(0.,-1.,0.));
#844 = ADVANCED_FACE('',(#845),#863,.T.);
#845 = FACE_BOUND('',#846,.F.);
#846 = EDGE_LOOP('',(#847,#855,#856,#857));
#847 = ORIENTED_EDGE('',*,*,#848,.F.);
#848 = EDGE_CURVE('',#768,#849,#851,.T.);
#849 = VERTEX_POINT('',#850);
#850 = CARTESIAN_POINT('',(6.411886913312,3.9,3.410763643191));
#851 = LINE('',#852,#853);
#852 = CARTESIAN_POINT('',(6.911886913312,3.4,3.410763643191));
#853 = VECTOR('',#854,1.);
#854 = DIRECTION('',(-0.707106781187,0.707106781187,-7.E-17));
#855 = ORIENTED_EDGE('',*,*,#767,.T.);
#856 = ORIENTED_EDGE('',*,*,#365,.T.);
#857 = ORIENTED_EDGE('',*,*,#858,.F.);
#858 = EDGE_CURVE('',#849,#366,#859,.T.);
#859 = LINE('',#860,#861);
#860 = CARTESIAN_POINT('',(6.411886913312,3.9,3.410763643191));
#861 = VECTOR('',#862,1.);
#862 = DIRECTION('',(0.,0.,1.));
#863 = PLANE('',#864);
#864 = AXIS2_PLACEMENT_3D('',#865,#866,#867);
#865 = CARTESIAN_POINT('',(6.661886913312,3.65,3.410763643191));
#866 = DIRECTION('',(0.707106781187,0.707106781187,0.));
#867 = DIRECTION('',(0.,0.,-1.));
#868 = ADVANCED_FACE('',(#869),#887,.T.);
#869 = FACE_BOUND('',#870,.T.);
#870 = EDGE_LOOP('',(#871,#879,#880,#881));
#871 = ORIENTED_EDGE('',*,*,#872,.T.);
#872 = EDGE_CURVE('',#873,#826,#875,.T.);
#873 = VERTEX_POINT('',#874);
#874 = CARTESIAN_POINT('',(41.712587583813,1.,-1.200772261509));
#875 = LINE('',#876,#877);
#876 = CARTESIAN_POINT('',(41.791670958107,1.,-1.213440078902));
#877 = VECTOR('',#878,1.);
#878 = DIRECTION('',(-0.987412416187,0.,0.158166748588));
#879 = ORIENTED_EDGE('',*,*,#825,.T.);
#880 = ORIENTED_EDGE('',*,*,#472,.F.);
#881 = ORIENTED_EDGE('',*,*,#882,.T.);
#882 = EDGE_CURVE('',#464,#873,#883,.T.);
#883 = LINE('',#884,#885);
#884 = CARTESIAN_POINT('',(41.712587583813,1.,0.158166748588));
#885 = VECTOR('',#886,1.);
#886 = DIRECTION('',(-0.,-0.,-1.));
#887 = PLANE('',#888);
#888 = AXIS2_PLACEMENT_3D('',#889,#890,#891);
#889 = CARTESIAN_POINT('',(42.712587583813,1.,0.158166748588));
#890 = DIRECTION('',(0.,1.,0.));
#891 = DIRECTION('',(-0.987412416187,0.,0.158166748588));
#892 = ADVANCED_FACE('',(#893,#912),#923,.F.);
#893 = FACE_BOUND('',#894,.F.);
#894 = EDGE_LOOP('',(#895,#896,#904,#911));
#895 = ORIENTED_EDGE('',*,*,#373,.F.);
#896 = ORIENTED_EDGE('',*,*,#897,.T.);
#897 = EDGE_CURVE('',#374,#898,#900,.T.);
#898 = VERTEX_POINT('',#899);
#899 = CARTESIAN_POINT('',(0.5,3.9,3.410763221325));
#900 = LINE('',#901,#902);
#901 = CARTESIAN_POINT('',(0.5,3.9,7.));
#902 = VECTOR('',#903,1.);
#903 = DIRECTION('',(-0.,-0.,-1.));
#904 = ORIENTED_EDGE('',*,*,#905,.T.);
#905 = EDGE_CURVE('',#898,#849,#906,.T.);
#906 = CIRCLE('',#907,2.955943456656);
#907 = AXIS2_PLACEMENT_3D('',#908,#909,#910);
#908 = CARTESIAN_POINT('',(3.455943456656,3.9,3.410763643191));
#909 = DIRECTION('',(0.,-1.,0.));
#910 = DIRECTION('',(-1.,-0.,-1.2206978207E-07));
#911 = ORIENTED_EDGE('',*,*,#858,.T.);
#912 = FACE_BOUND('',#913,.F.);
#913 = EDGE_LOOP('',(#914));
#914 = ORIENTED_EDGE('',*,*,#915,.F.);
#915 = EDGE_CURVE('',#916,#916,#918,.T.);
#916 = VERTEX_POINT('',#917);
#917 = CARTESIAN_POINT('',(4.555943456656,3.9,3.410763643191));
#918 = CIRCLE('',#919,1.1);
#919 = AXIS2_PLACEMENT_3D('',#920,#921,#922);
#920 = CARTESIAN_POINT('',(3.455943456656,3.9,3.410763643191));
#921 = DIRECTION('',(0.,-1.,2.2E-16));
#922 = DIRECTION('',(1.,0.,0.));
#923 = PLANE('',#924);
#924 = AXIS2_PLACEMENT_3D('',#925,#926,#927);
#925 = CARTESIAN_POINT('',(0.,3.9,7.));
#926 = DIRECTION('',(0.,-1.,0.));
#927 = DIRECTION('',(0.987412416187,0.,-0.158166748588));
#928 = ADVANCED_FACE('',(#929),#960,.F.);
#929 = FACE_BOUND('',#930,.T.);
#930 = EDGE_LOOP('',(#931,#932,#933,#941));
#931 = ORIENTED_EDGE('',*,*,#882,.F.);
#932 = ORIENTED_EDGE('',*,*,#463,.T.);
#933 = ORIENTED_EDGE('',*,*,#934,.T.);
#934 = EDGE_CURVE('',#456,#935,#937,.T.);
#935 = VERTEX_POINT('',#936);
#936 = CARTESIAN_POINT('',(42.712587583813,2.,-1.367329353357));
#937 = LINE('',#938,#939);
#938 = CARTESIAN_POINT('',(42.712587583813,2.,0.158166748588));
#939 = VECTOR('',#940,1.);
#940 = DIRECTION('',(-0.,-0.,-1.));
#941 = ORIENTED_EDGE('',*,*,#942,.T.);
#942 = EDGE_CURVE('',#935,#873,#943,.T.);
#943 = B_SPLINE_CURVE_WITH_KNOTS('',8,(#944,#945,#946,#947,#948,#949,
    #950,#951,#952,#953,#954,#955,#956,#957,#958,#959),.UNSPECIFIED.,.F.
  ,.F.,(9,7,9),(53.625166252795,55.206469539658,55.286082262238),
  .UNSPECIFIED.);
#944 = CARTESIAN_POINT('',(42.712587583813,2.,-1.367329353357));
#945 = CARTESIAN_POINT('',(42.712587583812,1.819377221787,
    -1.367329353357));
#946 = CARTESIAN_POINT('',(42.675325669705,1.638725874546,
    -1.360837230966));
#947 = CARTESIAN_POINT('',(42.600613064143,1.466228859887,
    -1.347849082441));
#948 = CARTESIAN_POINT('',(42.490631678754,1.309261149205,
    -1.328769204512));
#949 = CARTESIAN_POINT('',(42.346449528418,1.17725936401,-1.304301010024
    ));
#950 = CARTESIAN_POINT('',(42.176837559259,1.077914873538,
    -1.275839909227));
#951 = CARTESIAN_POINT('',(41.987351699701,1.018652564565,
    -1.244887336891));
#952 = CARTESIAN_POINT('',(41.781802447059,1.002349265997,
    -1.211864575726));
#953 = CARTESIAN_POINT('',(41.771892239989,1.001675337713,-1.2102737806)
  );
#954 = CARTESIAN_POINT('',(41.762015398629,1.00111735798,-1.208690517632
    ));
#955 = CARTESIAN_POINT('',(41.752132334516,1.000670512002,
    -1.207106877573));
#956 = CARTESIAN_POINT('',(41.742240851415,1.000334657983,
    -1.205522126101));
#957 = CARTESIAN_POINT('',(41.732359459287,1.000111821197,
    -1.203939412837));
#958 = CARTESIAN_POINT('',(41.7224730056,1.,-1.202355738683));
#959 = CARTESIAN_POINT('',(41.712587583813,1.,-1.200772261509));
#960 = CYLINDRICAL_SURFACE('',#961,1.);
#961 = AXIS2_PLACEMENT_3D('',#962,#963,#964);
#962 = CARTESIAN_POINT('',(41.712587583813,2.,0.158166748588));
#963 = DIRECTION('',(-0.,-0.,-1.));
#964 = DIRECTION('',(0.,-1.,0.));
#965 = ADVANCED_FACE('',(#966),#992,.F.);
#966 = FACE_BOUND('',#967,.F.);
#967 = EDGE_LOOP('',(#968,#969,#977,#985,#991));
#968 = ORIENTED_EDGE('',*,*,#381,.F.);
#969 = ORIENTED_EDGE('',*,*,#970,.T.);
#970 = EDGE_CURVE('',#382,#971,#973,.T.);
#971 = VERTEX_POINT('',#972);
#972 = CARTESIAN_POINT('',(0.,3.4,7.1));
#973 = LINE('',#974,#975);
#974 = CARTESIAN_POINT('',(0.108802849118,3.508802849118,6.972381752615)
  );
#975 = VECTOR('',#976,1.);
#976 = DIRECTION('',(-0.544269179626,-0.544269179626,0.638390256989));
#977 = ORIENTED_EDGE('',*,*,#978,.T.);
#978 = EDGE_CURVE('',#971,#979,#981,.T.);
#979 = VERTEX_POINT('',#980);
#980 = CARTESIAN_POINT('',(0.,3.4,3.410763221325));
#981 = LINE('',#982,#983);
#982 = CARTESIAN_POINT('',(1.3E-16,3.4,7.));
#983 = VECTOR('',#984,1.);
#984 = DIRECTION('',(-0.,-0.,-1.));
#985 = ORIENTED_EDGE('',*,*,#986,.T.);
#986 = EDGE_CURVE('',#979,#898,#987,.T.);
#987 = LINE('',#988,#989);
#988 = CARTESIAN_POINT('',(0.25,3.65,3.410763221325));
#989 = VECTOR('',#990,1.);
#990 = DIRECTION('',(0.707106781187,0.707106781187,0.));
#991 = ORIENTED_EDGE('',*,*,#897,.F.);
#992 = PLANE('',#993);
#993 = AXIS2_PLACEMENT_3D('',#994,#995,#996);
#994 = CARTESIAN_POINT('',(0.25,3.65,7.));
#995 = DIRECTION('',(0.707106781187,-0.707106781187,0.));
#996 = DIRECTION('',(0.,0.,-1.));
#997 = ADVANCED_FACE('',(#998),#1016,.T.);
#998 = FACE_BOUND('',#999,.T.);
#999 = EDGE_LOOP('',(#1000,#1008,#1014,#1015));
#1000 = ORIENTED_EDGE('',*,*,#1001,.T.);
#1001 = EDGE_CURVE('',#447,#1002,#1004,.T.);
#1002 = VERTEX_POINT('',#1003);
#1003 = CARTESIAN_POINT('',(42.712587583813,18.8,-1.367329353357));
#1004 = LINE('',#1005,#1006);
#1005 = CARTESIAN_POINT('',(42.712587583813,18.8,0.158166748588));
#1006 = VECTOR('',#1007,1.);
#1007 = DIRECTION('',(-0.,-0.,-1.));
#1008 = ORIENTED_EDGE('',*,*,#1009,.T.);
#1009 = EDGE_CURVE('',#1002,#935,#1010,.T.);
#1010 = LINE('',#1011,#1012);
#1011 = CARTESIAN_POINT('',(42.712587583813,18.8,-1.367329353357));
#1012 = VECTOR('',#1013,1.);
#1013 = DIRECTION('',(0.,-1.,0.));
#1014 = ORIENTED_EDGE('',*,*,#934,.F.);
#1015 = ORIENTED_EDGE('',*,*,#455,.F.);
#1016 = PLANE('',#1017);
#1017 = AXIS2_PLACEMENT_3D('',#1018,#1019,#1020);
#1018 = CARTESIAN_POINT('',(42.712587583813,19.8,0.158166748588));
#1019 = DIRECTION('',(-1.,0.,0.));
#1020 = DIRECTION('',(0.,-1.,0.));
#1021 = ADVANCED_FACE('',(#1022),#1040,.T.);
#1022 = FACE_BOUND('',#1023,.T.);
#1023 = EDGE_LOOP('',(#1024,#1025,#1033,#1039));
#1024 = ORIENTED_EDGE('',*,*,#970,.T.);
#1025 = ORIENTED_EDGE('',*,*,#1026,.T.);
#1026 = EDGE_CURVE('',#971,#1027,#1029,.T.);
#1027 = VERTEX_POINT('',#1028);
#1028 = CARTESIAN_POINT('',(0.,17.4,7.1));
#1029 = LINE('',#1030,#1031);
#1030 = CARTESIAN_POINT('',(1.3E-16,16.9,7.1));
#1031 = VECTOR('',#1032,1.);
#1032 = DIRECTION('',(0.,1.,-2.2E-16));
#1033 = ORIENTED_EDGE('',*,*,#1034,.F.);
#1034 = EDGE_CURVE('',#390,#1027,#1035,.T.);
#1035 = LINE('',#1036,#1037);
#1036 = CARTESIAN_POINT('',(0.182860084091,17.217139915909,
    6.885517717252));
#1037 = VECTOR('',#1038,1.);
#1038 = DIRECTION('',(-0.544269179626,0.544269179626,0.638390256989));
#1039 = ORIENTED_EDGE('',*,*,#389,.F.);
#1040 = PLANE('',#1041);
#1041 = AXIS2_PLACEMENT_3D('',#1042,#1043,#1044);
#1042 = CARTESIAN_POINT('',(4.902445680689E-02,10.4,7.042497689101));
#1043 = DIRECTION('',(-0.760975278373,-1.3E-16,-0.648780876495));
#1044 = DIRECTION('',(0.648780876495,0.,-0.760975278373));
#1045 = ADVANCED_FACE('',(#1046),#1077,.F.);
#1046 = FACE_BOUND('',#1047,.T.);
#1047 = EDGE_LOOP('',(#1048,#1049,#1050,#1058));
#1048 = ORIENTED_EDGE('',*,*,#1001,.F.);
#1049 = ORIENTED_EDGE('',*,*,#446,.T.);
#1050 = ORIENTED_EDGE('',*,*,#1051,.T.);
#1051 = EDGE_CURVE('',#439,#1052,#1054,.T.);
#1052 = VERTEX_POINT('',#1053);
#1053 = CARTESIAN_POINT('',(41.712587583813,19.8,-1.200772261509));
#1054 = LINE('',#1055,#1056);
#1055 = CARTESIAN_POINT('',(41.712587583813,19.8,0.158166748588));
#1056 = VECTOR('',#1057,1.);
#1057 = DIRECTION('',(-0.,-0.,-1.));
#1058 = ORIENTED_EDGE('',*,*,#1059,.T.);
#1059 = EDGE_CURVE('',#1052,#1002,#1060,.T.);
#1060 = B_SPLINE_CURVE_WITH_KNOTS('',8,(#1061,#1062,#1063,#1064,#1065,
    #1066,#1067,#1068,#1069,#1070,#1071,#1072,#1073,#1074,#1075,#1076),
  .UNSPECIFIED.,.F.,.F.,(9,7,9),(35.164250243353,35.243862965933,
    36.825166252796),.UNSPECIFIED.);
#1061 = CARTESIAN_POINT('',(41.712587583813,19.8,-1.200772261509));
#1062 = CARTESIAN_POINT('',(41.7224730056,19.8,-1.202355738683));
#1063 = CARTESIAN_POINT('',(41.732359459287,19.799888178802,
    -1.203939412837));
#1064 = CARTESIAN_POINT('',(41.742240851415,19.799665342018,
    -1.205522126101));
#1065 = CARTESIAN_POINT('',(41.752132334517,19.799329487997,
    -1.207106877573));
#1066 = CARTESIAN_POINT('',(41.762015398628,19.79888264202,
    -1.208690517632));
#1067 = CARTESIAN_POINT('',(41.771892239989,19.798324662287,
    -1.2102737806));
#1068 = CARTESIAN_POINT('',(41.781802447059,19.797650734003,
    -1.211864575726));
#1069 = CARTESIAN_POINT('',(41.987351699702,19.781347435435,
    -1.244887336891));
#1070 = CARTESIAN_POINT('',(42.176837559255,19.722085126463,
    -1.275839909227));
#1071 = CARTESIAN_POINT('',(42.346449528426,19.622740635989,
    -1.304301010025));
#1072 = CARTESIAN_POINT('',(42.490631678745,19.490738850797,
    -1.328769204511));
#1073 = CARTESIAN_POINT('',(42.60061306415,19.333771140111,
    -1.347849082441));
#1074 = CARTESIAN_POINT('',(42.675325669702,19.161274125455,
    -1.360837230966));
#1075 = CARTESIAN_POINT('',(42.712587583813,18.980622778213,
    -1.367329353357));
#1076 = CARTESIAN_POINT('',(42.712587583813,18.8,-1.367329353357));
#1077 = CYLINDRICAL_SURFACE('',#1078,1.);
#1078 = AXIS2_PLACEMENT_3D('',#1079,#1080,#1081);
#1079 = CARTESIAN_POINT('',(41.712587583813,18.8,0.158166748588));
#1080 = DIRECTION('',(-0.,-0.,-1.));
#1081 = DIRECTION('',(1.,0.,0.));
#1082 = ADVANCED_FACE('',(#1083),#1109,.F.);
#1083 = FACE_BOUND('',#1084,.F.);
#1084 = EDGE_LOOP('',(#1085,#1086,#1094,#1102,#1108));
#1085 = ORIENTED_EDGE('',*,*,#397,.F.);
#1086 = ORIENTED_EDGE('',*,*,#1087,.T.);
#1087 = EDGE_CURVE('',#398,#1088,#1090,.T.);
#1088 = VERTEX_POINT('',#1089);
#1089 = CARTESIAN_POINT('',(0.5,16.9,3.410763221325));
#1090 = LINE('',#1091,#1092);
#1091 = CARTESIAN_POINT('',(0.5,16.9,7.));
#1092 = VECTOR('',#1093,1.);
#1093 = DIRECTION('',(-0.,-0.,-1.));
#1094 = ORIENTED_EDGE('',*,*,#1095,.T.);
#1095 = EDGE_CURVE('',#1088,#1096,#1098,.T.);
#1096 = VERTEX_POINT('',#1097);
#1097 = CARTESIAN_POINT('',(1.E-15,17.4,3.410763221325));
#1098 = LINE('',#1099,#1100);
#1099 = CARTESIAN_POINT('',(0.25,17.15,3.410763221325));
#1100 = VECTOR('',#1101,1.);
#1101 = DIRECTION('',(-0.707106781187,0.707106781187,0.));
#1102 = ORIENTED_EDGE('',*,*,#1103,.T.);
#1103 = EDGE_CURVE('',#1096,#1027,#1104,.T.);
#1104 = LINE('',#1105,#1106);
#1105 = CARTESIAN_POINT('',(6.E-17,17.4,8.350135396502));
#1106 = VECTOR('',#1107,1.);
#1107 = DIRECTION('',(0.,0.,1.));
#1108 = ORIENTED_EDGE('',*,*,#1034,.F.);
#1109 = PLANE('',#1110);
#1110 = AXIS2_PLACEMENT_3D('',#1111,#1112,#1113);
#1111 = CARTESIAN_POINT('',(0.25,17.15,7.));
#1112 = DIRECTION('',(0.707106781187,0.707106781187,0.));
#1113 = DIRECTION('',(0.,0.,-1.));
#1114 = ADVANCED_FACE('',(#1115),#1133,.T.);
#1115 = FACE_BOUND('',#1116,.T.);
#1116 = EDGE_LOOP('',(#1117,#1125,#1126,#1127));
#1117 = ORIENTED_EDGE('',*,*,#1118,.T.);
#1118 = EDGE_CURVE('',#1119,#1052,#1121,.T.);
#1119 = VERTEX_POINT('',#1120);
#1120 = CARTESIAN_POINT('',(6.643937720881,19.8,4.416631606695));
#1121 = LINE('',#1122,#1123);
#1122 = CARTESIAN_POINT('',(6.990970287606,19.8,4.36104286603));
#1123 = VECTOR('',#1124,1.);
#1124 = DIRECTION('',(0.987412416187,0.,-0.158166748588));
#1125 = ORIENTED_EDGE('',*,*,#1051,.F.);
#1126 = ORIENTED_EDGE('',*,*,#438,.F.);
#1127 = ORIENTED_EDGE('',*,*,#1128,.F.);
#1128 = EDGE_CURVE('',#1119,#430,#1129,.T.);
#1129 = LINE('',#1130,#1131);
#1130 = CARTESIAN_POINT('',(6.643937720881,19.8,3.410763643191));
#1131 = VECTOR('',#1132,1.);
#1132 = DIRECTION('',(0.,0.,1.));
#1133 = PLANE('',#1134);
#1134 = AXIS2_PLACEMENT_3D('',#1135,#1136,#1137);
#1135 = CARTESIAN_POINT('',(6.911886913312,19.8,5.892832759881));
#1136 = DIRECTION('',(0.,-1.,0.));
#1137 = DIRECTION('',(0.987412416187,0.,-0.158166748588));
#1138 = ADVANCED_FACE('',(#1139,#1158),#1169,.F.);
#1139 = FACE_BOUND('',#1140,.F.);
#1140 = EDGE_LOOP('',(#1141,#1142,#1150,#1157));
#1141 = ORIENTED_EDGE('',*,*,#405,.F.);
#1142 = ORIENTED_EDGE('',*,*,#1143,.F.);
#1143 = EDGE_CURVE('',#1144,#406,#1146,.T.);
#1144 = VERTEX_POINT('',#1145);
#1145 = CARTESIAN_POINT('',(6.411886913312,16.9,3.410763643191));
#1146 = LINE('',#1147,#1148);
#1147 = CARTESIAN_POINT('',(6.411886913312,16.9,3.410763643191));
#1148 = VECTOR('',#1149,1.);
#1149 = DIRECTION('',(0.,0.,1.));
#1150 = ORIENTED_EDGE('',*,*,#1151,.F.);
#1151 = EDGE_CURVE('',#1088,#1144,#1152,.T.);
#1152 = CIRCLE('',#1153,2.955943456656);
#1153 = AXIS2_PLACEMENT_3D('',#1154,#1155,#1156);
#1154 = CARTESIAN_POINT('',(3.455943456656,16.9,3.410763643191));
#1155 = DIRECTION('',(0.,-1.,-0.));
#1156 = DIRECTION('',(-1.,0.,-1.2206978271E-07));
#1157 = ORIENTED_EDGE('',*,*,#1087,.F.);
#1158 = FACE_BOUND('',#1159,.F.);
#1159 = EDGE_LOOP('',(#1160));
#1160 = ORIENTED_EDGE('',*,*,#1161,.T.);
#1161 = EDGE_CURVE('',#1162,#1162,#1164,.T.);
#1162 = VERTEX_POINT('',#1163);
#1163 = CARTESIAN_POINT('',(4.555943456656,16.9,3.410763643191));
#1164 = CIRCLE('',#1165,1.1);
#1165 = AXIS2_PLACEMENT_3D('',#1166,#1167,#1168);
#1166 = CARTESIAN_POINT('',(3.455943456656,16.9,3.410763643191));
#1167 = DIRECTION('',(0.,-1.,2.2E-16));
#1168 = DIRECTION('',(1.,0.,0.));
#1169 = PLANE('',#1170);
#1170 = AXIS2_PLACEMENT_3D('',#1171,#1172,#1173);
#1171 = CARTESIAN_POINT('',(6.911886913312,16.9,5.892832759881));
#1172 = DIRECTION('',(0.,1.,0.));
#1173 = DIRECTION('',(-0.987412416187,0.,0.158166748588));
#1174 = ADVANCED_FACE('',(#1175),#1220,.T.);
#1175 = FACE_BOUND('',#1176,.F.);
#1176 = EDGE_LOOP('',(#1177,#1188,#1196,#1205,#1211,#1212,#1213));
#1177 = ORIENTED_EDGE('',*,*,#1178,.F.);
#1178 = EDGE_CURVE('',#1179,#1181,#1183,.T.);
#1179 = VERTEX_POINT('',#1180);
#1180 = CARTESIAN_POINT('',(4.911886913312,20.8,4.187702790659));
#1181 = VERTEX_POINT('',#1182);
#1182 = CARTESIAN_POINT('',(6.234762568845,20.3,3.975800511741));
#1183 = ELLIPSE('',#1184,2.025496101945,2.);
#1184 = AXIS2_PLACEMENT_3D('',#1185,#1186,#1187);
#1185 = CARTESIAN_POINT('',(4.911886913312,18.8,4.187702790659));
#1186 = DIRECTION('',(-0.158166748588,0.,-0.987412416187));
#1187 = DIRECTION('',(-0.987412416187,0.,0.158166748588));
#1188 = ORIENTED_EDGE('',*,*,#1189,.F.);
#1189 = EDGE_CURVE('',#1190,#1179,#1192,.T.);
#1190 = VERTEX_POINT('',#1191);
#1191 = CARTESIAN_POINT('',(4.911886913312,20.8,3.410763643191));
#1192 = LINE('',#1193,#1194);
#1193 = CARTESIAN_POINT('',(4.911886913312,20.8,3.410763643191));
#1194 = VECTOR('',#1195,1.);
#1195 = DIRECTION('',(0.,0.,1.));
#1196 = ORIENTED_EDGE('',*,*,#1197,.T.);
#1197 = EDGE_CURVE('',#1190,#1198,#1200,.T.);
#1198 = VERTEX_POINT('',#1199);
#1199 = CARTESIAN_POINT('',(6.911886913312,18.8,3.410763643191));
#1200 = CIRCLE('',#1201,2.);
#1201 = AXIS2_PLACEMENT_3D('',#1202,#1203,#1204);
#1202 = CARTESIAN_POINT('',(4.911886913312,18.8,3.410763643191));
#1203 = DIRECTION('',(3.9E-16,0.,-1.));
#1204 = DIRECTION('',(1.,0.,3.9E-16));
#1205 = ORIENTED_EDGE('',*,*,#1206,.T.);
#1206 = EDGE_CURVE('',#1198,#422,#1207,.T.);
#1207 = LINE('',#1208,#1209);
#1208 = CARTESIAN_POINT('',(6.911886913312,18.8,3.410763643191));
#1209 = VECTOR('',#1210,1.);
#1210 = DIRECTION('',(0.,0.,1.));
#1211 = ORIENTED_EDGE('',*,*,#429,.F.);
#1212 = ORIENTED_EDGE('',*,*,#1128,.F.);
#1213 = ORIENTED_EDGE('',*,*,#1214,.F.);
#1214 = EDGE_CURVE('',#1181,#1119,#1215,.T.);
#1215 = ELLIPSE('',#1216,2.864484057905,2.);
#1216 = AXIS2_PLACEMENT_3D('',#1217,#1218,#1219);
#1217 = CARTESIAN_POINT('',(4.911886913312,18.8,5.706824867118));
#1218 = DIRECTION('',(-0.111840780485,-0.707106781187,-0.698206015314));
#1219 = DIRECTION('',(-0.109077028479,-0.689633121071,0.715896892143));
#1220 = CYLINDRICAL_SURFACE('',#1221,2.);
#1221 = AXIS2_PLACEMENT_3D('',#1222,#1223,#1224);
#1222 = CARTESIAN_POINT('',(4.911886913312,18.8,3.410763643191));
#1223 = DIRECTION('',(0.,0.,1.));
#1224 = DIRECTION('',(0.,1.,0.));
#1225 = ADVANCED_FACE('',(#1226),#1244,.T.);
#1226 = FACE_BOUND('',#1227,.F.);
#1227 = EDGE_LOOP('',(#1228,#1236,#1237,#1238));
#1228 = ORIENTED_EDGE('',*,*,#1229,.F.);
#1229 = EDGE_CURVE('',#1144,#1230,#1232,.T.);
#1230 = VERTEX_POINT('',#1231);
#1231 = CARTESIAN_POINT('',(6.911886913312,17.4,3.410763643191));
#1232 = LINE('',#1233,#1234);
#1233 = CARTESIAN_POINT('',(6.911886913312,17.4,3.410763643191));
#1234 = VECTOR('',#1235,1.);
#1235 = DIRECTION('',(0.707106781187,0.707106781187,5.3E-16));
#1236 = ORIENTED_EDGE('',*,*,#1143,.T.);
#1237 = ORIENTED_EDGE('',*,*,#413,.T.);
#1238 = ORIENTED_EDGE('',*,*,#1239,.F.);
#1239 = EDGE_CURVE('',#1230,#414,#1240,.T.);
#1240 = LINE('',#1241,#1242);
#1241 = CARTESIAN_POINT('',(6.911886913312,17.4,3.410763643191));
#1242 = VECTOR('',#1243,1.);
#1243 = DIRECTION('',(0.,0.,1.));
#1244 = PLANE('',#1245);
#1245 = AXIS2_PLACEMENT_3D('',#1246,#1247,#1248);
#1246 = CARTESIAN_POINT('',(6.661886913312,17.15,3.410763643191));
#1247 = DIRECTION('',(0.707106781187,-0.707106781187,0.));
#1248 = DIRECTION('',(-0.,-0.,-1.));
#1249 = ADVANCED_FACE('',(#1250),#1261,.F.);
#1250 = FACE_BOUND('',#1251,.F.);
#1251 = EDGE_LOOP('',(#1252,#1253,#1254,#1260));
#1252 = ORIENTED_EDGE('',*,*,#421,.F.);
#1253 = ORIENTED_EDGE('',*,*,#1206,.F.);
#1254 = ORIENTED_EDGE('',*,*,#1255,.F.);
#1255 = EDGE_CURVE('',#1230,#1198,#1256,.T.);
#1256 = LINE('',#1257,#1258);
#1257 = CARTESIAN_POINT('',(6.911886913312,1.01E-15,3.410763643191));
#1258 = VECTOR('',#1259,1.);
#1259 = DIRECTION('',(0.,1.,-2.2E-16));
#1260 = ORIENTED_EDGE('',*,*,#1239,.T.);
#1261 = PLANE('',#1262);
#1262 = AXIS2_PLACEMENT_3D('',#1263,#1264,#1265);
#1263 = CARTESIAN_POINT('',(6.911886913312,20.8,5.892832759881));
#1264 = DIRECTION('',(-1.,0.,0.));
#1265 = DIRECTION('',(0.,-1.,0.));
#1266 = ADVANCED_FACE('',(#1267),#1296,.T.);
#1267 = FACE_BOUND('',#1268,.T.);
#1268 = EDGE_LOOP('',(#1269,#1277,#1294,#1295));
#1269 = ORIENTED_EDGE('',*,*,#1270,.T.);
#1270 = EDGE_CURVE('',#618,#1271,#1273,.T.);
#1271 = VERTEX_POINT('',#1272);
#1272 = CARTESIAN_POINT('',(37.388082724909,1.7,1.264249276488));
#1273 = LINE('',#1274,#1275);
#1274 = CARTESIAN_POINT('',(37.368311881335,1.575,1.140822724464));
#1275 = VECTOR('',#1276,1.);
#1276 = DIRECTION('',(0.111840780485,0.707106781187,0.698206015314));
#1277 = ORIENTED_EDGE('',*,*,#1278,.T.);
#1278 = EDGE_CURVE('',#1271,#719,#1279,.T.);
#1279 = B_SPLINE_CURVE_WITH_KNOTS('',7,(#1280,#1281,#1282,#1283,#1284,
    #1285,#1286,#1287,#1288,#1289,#1290,#1291,#1292,#1293),
  .UNSPECIFIED.,.F.,.F.,(8,6,8),(105.07865307991,105.1184535626,
    106.69952332277),.UNSPECIFIED.);
#1280 = CARTESIAN_POINT('',(37.388082724909,1.7,1.264249276488));
#1281 = CARTESIAN_POINT('',(37.393731537358,1.7,1.263344432388));
#1282 = CARTESIAN_POINT('',(37.399379837194,1.700037200073,
    1.262439681231));
#1283 = CARTESIAN_POINT('',(37.405030178429,1.700111733549,
    1.261534561257));
#1284 = CARTESIAN_POINT('',(37.4106777424,1.700223365349,1.260629903473)
  );
#1285 = CARTESIAN_POINT('',(37.416325212311,1.700372235365,1.25972516387
    ));
#1286 = CARTESIAN_POINT('',(37.421978365092,1.700558660867,
    1.258819194667));
#1287 = CARTESIAN_POINT('',(37.651830271837,1.709654038694,1.22197375369
    ));
#1288 = CARTESIAN_POINT('',(37.871763649168,1.777193066627,
    1.186376444277));
#1289 = CARTESIAN_POINT('',(38.067899252944,1.900390479305,
    1.154131262493));
#1290 = CARTESIAN_POINT('',(38.225854335581,2.069303773461,
    1.127971963622));
#1291 = CARTESIAN_POINT('',(38.333898228339,2.269173935268,
    1.109914653663));
#1292 = CARTESIAN_POINT('',(38.388082724908,2.484587759886,
    1.100879197383));
#1293 = CARTESIAN_POINT('',(38.388082724909,2.7,1.100879197383));
#1294 = ORIENTED_EDGE('',*,*,#718,.F.);
#1295 = ORIENTED_EDGE('',*,*,#625,.F.);
#1296 = B_SPLINE_SURFACE_WITH_KNOTS('',1,7,(
    (#1297,#1298,#1299,#1300,#1301,#1302,#1303,#1304,#1305,#1306,#1307
      ,#1308,#1309,#1310)
    ,(#1311,#1312,#1313,#1314,#1315,#1316,#1317,#1318,#1319,#1320,#1321
      ,#1322,#1323,#1324
    )),.UNSPECIFIED.,.F.,.F.,.F.,(2,2),(8,6,8),(0.,1.620870242855),(
    105.07865307991,105.1184535626,106.69952332277),.UNSPECIFIED.);
#1297 = CARTESIAN_POINT('',(37.348541037762,1.45,1.017396172441));
#1298 = CARTESIAN_POINT('',(37.354189850211,1.45,1.016491328341));
#1299 = CARTESIAN_POINT('',(37.35990430466,1.450003019928,1.015575969505
    ));
#1300 = CARTESIAN_POINT('',(37.365340649324,1.449994237782,
    1.014705159147));
#1301 = CARTESIAN_POINT('',(37.371218035105,1.450000956693,
    1.013763701471));
#1302 = CARTESIAN_POINT('',(37.376951895451,1.450008802104,
    1.012845234138));
#1303 = CARTESIAN_POINT('',(37.381678447457,1.449983853151,
    1.012088120545));
#1304 = CARTESIAN_POINT('',(37.666421445213,1.450670274817,
    0.966477114039));
#1305 = CARTESIAN_POINT('',(37.946524217224,1.522340277193,
    0.921609393122));
#1306 = CARTESIAN_POINT('',(38.202717018708,1.66970995093,0.880571644601
    ));
#1307 = CARTESIAN_POINT('',(38.414023442669,1.879562952693,
    0.846723933668));
#1308 = CARTESIAN_POINT('',(38.561331452984,2.137637101021,
    0.823127684877));
#1309 = CARTESIAN_POINT('',(38.634935828955,2.418786779305,
    0.811337510236));
#1310 = CARTESIAN_POINT('',(38.634935828956,2.7,0.811337510236));
#1311 = CARTESIAN_POINT('',(37.388082724909,1.7,1.264249276488));
#1312 = CARTESIAN_POINT('',(37.393731537358,1.7,1.263344432388));
#1313 = CARTESIAN_POINT('',(37.399379837194,1.700037200073,
    1.262439681231));
#1314 = CARTESIAN_POINT('',(37.405030178429,1.700111733549,
    1.261534561257));
#1315 = CARTESIAN_POINT('',(37.4106777424,1.700223365349,1.260629903473)
  );
#1316 = CARTESIAN_POINT('',(37.416325212311,1.700372235365,1.25972516387
    ));
#1317 = CARTESIAN_POINT('',(37.421978365092,1.700558660867,
    1.258819194667));
#1318 = CARTESIAN_POINT('',(37.651830271837,1.709654038694,1.22197375369
    ));
#1319 = CARTESIAN_POINT('',(37.871763649168,1.777193066627,
    1.186376444277));
#1320 = CARTESIAN_POINT('',(38.067899252944,1.900390479305,
    1.154131262493));
#1321 = CARTESIAN_POINT('',(38.225854335581,2.069303773461,
    1.127971963622));
#1322 = CARTESIAN_POINT('',(38.333898228339,2.269173935268,
    1.109914653663));
#1323 = CARTESIAN_POINT('',(38.388082724908,2.484587759886,
    1.100879197383));
#1324 = CARTESIAN_POINT('',(38.388082724909,2.7,1.100879197383));
#1325 = ADVANCED_FACE('',(#1326),#1343,.T.);
#1326 = FACE_BOUND('',#1327,.F.);
#1327 = EDGE_LOOP('',(#1328,#1335,#1336,#1337));
#1328 = ORIENTED_EDGE('',*,*,#1329,.F.);
#1329 = EDGE_CURVE('',#605,#1330,#1332,.T.);
#1330 = VERTEX_POINT('',#1331);
#1331 = CARTESIAN_POINT('',(8.603075604643,1.7,5.875119982251));
#1332 = B_SPLINE_CURVE_WITH_KNOTS('',1,(#1333,#1334),.UNSPECIFIED.,.F.,
  .F.,(2,2),(0.,1.540768527949),.PIECEWISE_BEZIER_KNOTS.);
#1333 = CARTESIAN_POINT('',(8.563344091953,1.450000073917,5.628297285042
    ));
#1334 = CARTESIAN_POINT('',(8.603075604643,1.7,5.875119982251));
#1335 = ORIENTED_EDGE('',*,*,#617,.T.);
#1336 = ORIENTED_EDGE('',*,*,#1270,.T.);
#1337 = ORIENTED_EDGE('',*,*,#1338,.F.);
#1338 = EDGE_CURVE('',#1330,#1271,#1339,.T.);
#1339 = LINE('',#1340,#1341);
#1340 = CARTESIAN_POINT('',(8.64261729179,1.7,5.868786073555));
#1341 = VECTOR('',#1342,1.);
#1342 = DIRECTION('',(0.987412416187,0.,-0.158166748588));
#1343 = PLANE('',#1344);
#1344 = AXIS2_PLACEMENT_3D('',#1345,#1346,#1347);
#1345 = CARTESIAN_POINT('',(8.622846448216,1.575,5.745359521531));
#1346 = DIRECTION('',(-0.111840780485,0.707106781187,-0.698206015314));
#1347 = DIRECTION('',(-0.987412416187,0.,0.158166748588));
#1348 = ADVANCED_FACE('',(#1349),#1372,.T.);
#1349 = FACE_BOUND('',#1350,.T.);
#1350 = EDGE_LOOP('',(#1351,#1359,#1370,#1371));
#1351 = ORIENTED_EDGE('',*,*,#1352,.T.);
#1352 = EDGE_CURVE('',#597,#1353,#1355,.T.);
#1353 = VERTEX_POINT('',#1354);
#1354 = CARTESIAN_POINT('',(7.603075604643,2.7,6.03211603587));
#1355 = LINE('',#1356,#1357);
#1356 = CARTESIAN_POINT('',(7.479649052619,2.7,5.926886879443));
#1357 = VECTOR('',#1358,1.);
#1358 = DIRECTION('',(0.760975278373,0.,0.648780876495));
#1359 = ORIENTED_EDGE('',*,*,#1360,.T.);
#1360 = EDGE_CURVE('',#1353,#1330,#1361,.T.);
#1361 = B_SPLINE_CURVE_WITH_KNOTS('',7,(#1362,#1363,#1364,#1365,#1366,
    #1367,#1368,#1369),.UNSPECIFIED.,.F.,.F.,(8,8),(74.385914511962,
    75.926683039912),.PIECEWISE_BEZIER_KNOTS.);
#1362 = CARTESIAN_POINT('',(7.603075604643,2.7,6.03211603587));
#1363 = CARTESIAN_POINT('',(7.603075604643,2.472491725764,6.03211603587)
  );
#1364 = CARTESIAN_POINT('',(7.663508740437,2.242451606576,6.022779842111
    ));
#1365 = CARTESIAN_POINT('',(7.786536080158,2.03019262524,6.004369032839)
  );
#1366 = CARTESIAN_POINT('',(7.965496515376,1.86456088823,5.977507661039)
  );
#1367 = CARTESIAN_POINT('',(8.167999505542,1.755904582259,5.944751983539
    ));
#1368 = CARTESIAN_POINT('',(8.384498224037,1.7,5.910132377314));
#1369 = CARTESIAN_POINT('',(8.603075604643,1.7,5.875119982251));
#1370 = ORIENTED_EDGE('',*,*,#1329,.F.);
#1371 = ORIENTED_EDGE('',*,*,#604,.F.);
#1372 = B_SPLINE_SURFACE_WITH_KNOTS('',1,7,(
    (#1373,#1374,#1375,#1376,#1377,#1378,#1379,#1380)
    ,(#1381,#1382,#1383,#1384,#1385,#1386,#1387,#1388
  )),.UNSPECIFIED.,.F.,.F.,.F.,(2,2),(8,8),(0.,1.540768527949),(
    74.385914511962,75.926683039912),.PIECEWISE_BEZIER_KNOTS.);
#1373 = CARTESIAN_POINT('',(7.356222500596,2.7,5.821657723017));
#1374 = CARTESIAN_POINT('',(7.356222500596,2.425867434181,5.821657723017
    ));
#1375 = CARTESIAN_POINT('',(7.426158758169,2.150280087237,5.810455118829
    ));
#1376 = CARTESIAN_POINT('',(7.564857208241,1.895426738459,5.788237975797
    ));
#1377 = CARTESIAN_POINT('',(7.763728340359,1.6817060005,5.756382188043)
  );
#1378 = CARTESIAN_POINT('',(8.011577967782,1.528136704035,5.716680874726
    ));
#1379 = CARTESIAN_POINT('',(8.286165900748,1.450215936147,5.672696537638
    ));
#1380 = CARTESIAN_POINT('',(8.563344091953,1.450000073917,5.628297285042
    ));
#1381 = CARTESIAN_POINT('',(7.603075604643,2.7,6.03211603587));
#1382 = CARTESIAN_POINT('',(7.603075604643,2.472491725764,6.03211603587)
  );
#1383 = CARTESIAN_POINT('',(7.663508740437,2.242451606576,6.022779842111
    ));
#1384 = CARTESIAN_POINT('',(7.786536080158,2.03019262524,6.004369032839)
  );
#1385 = CARTESIAN_POINT('',(7.965496515376,1.86456088823,5.977507661039)
  );
#1386 = CARTESIAN_POINT('',(8.167999505542,1.755904582259,5.944751983539
    ));
#1387 = CARTESIAN_POINT('',(8.384498224037,1.7,5.910132377314));
#1388 = CARTESIAN_POINT('',(8.603075604643,1.7,5.875119982251));
#1389 = ADVANCED_FACE('',(#1390),#1407,.T.);
#1390 = FACE_BOUND('',#1391,.F.);
#1391 = EDGE_LOOP('',(#1392,#1399,#1400,#1401));
#1392 = ORIENTED_EDGE('',*,*,#1393,.F.);
#1393 = EDGE_CURVE('',#578,#1394,#1396,.T.);
#1394 = VERTEX_POINT('',#1395);
#1395 = CARTESIAN_POINT('',(7.603075604643,3.500000000039,6.03211603587)
  );
#1396 = B_SPLINE_CURVE_WITH_KNOTS('',1,(#1397,#1398),.UNSPECIFIED.,.F.,
  .F.,(2,2),(0.,1.620870242852),.PIECEWISE_BEZIER_KNOTS.);
#1397 = CARTESIAN_POINT('',(7.356222500596,3.500000000039,5.821657723017
    ));
#1398 = CARTESIAN_POINT('',(7.603075604643,3.500000000039,6.03211603587)
  );
#1399 = ORIENTED_EDGE('',*,*,#596,.T.);
#1400 = ORIENTED_EDGE('',*,*,#1352,.T.);
#1401 = ORIENTED_EDGE('',*,*,#1402,.F.);
#1402 = EDGE_CURVE('',#1394,#1353,#1403,.T.);
#1403 = LINE('',#1404,#1405);
#1404 = CARTESIAN_POINT('',(7.603075604643,3.500000000039,6.03211603587)
  );
#1405 = VECTOR('',#1406,1.);
#1406 = DIRECTION('',(0.,-1.,0.));
#1407 = PLANE('',#1408);
#1408 = AXIS2_PLACEMENT_3D('',#1409,#1410,#1411);
#1409 = CARTESIAN_POINT('',(7.479649052619,3.500000000039,5.926886879443
    ));
#1410 = DIRECTION('',(0.648780876495,-1.4E-16,-0.760975278373));
#1411 = DIRECTION('',(9.357620558643E-17,1.,-1.041946428143E-16));
#1412 = ADVANCED_FACE('',(#1413),#1442,.T.);
#1413 = FACE_BOUND('',#1414,.T.);
#1414 = EDGE_LOOP('',(#1415,#1423,#1440,#1441));
#1415 = ORIENTED_EDGE('',*,*,#1416,.T.);
#1416 = EDGE_CURVE('',#570,#1417,#1419,.T.);
#1417 = VERTEX_POINT('',#1418);
#1418 = CARTESIAN_POINT('',(6.603075604643,4.500000000039,6.195486114974
    ));
#1419 = LINE('',#1420,#1421);
#1420 = CARTESIAN_POINT('',(6.583304761069,4.375000000039,6.072059562951
    ));
#1421 = VECTOR('',#1422,1.);
#1422 = DIRECTION('',(0.111840780485,0.707106781187,0.698206015314));
#1423 = ORIENTED_EDGE('',*,*,#1424,.T.);
#1424 = EDGE_CURVE('',#1417,#1394,#1425,.T.);
#1425 = B_SPLINE_CURVE_WITH_KNOTS('',7,(#1426,#1427,#1428,#1429,#1430,
    #1431,#1432,#1433,#1434,#1435,#1436,#1437,#1438,#1439),
  .UNSPECIFIED.,.F.,.F.,(8,6,8),(71.965044269071,72.004844751762,
    73.585914511923),.UNSPECIFIED.);
#1426 = CARTESIAN_POINT('',(6.603075604643,4.500000000039,6.195486114974
    ));
#1427 = CARTESIAN_POINT('',(6.608724417092,4.500000000039,6.194581270875
    ));
#1428 = CARTESIAN_POINT('',(6.614372716929,4.499962799966,6.193676519717
    ));
#1429 = CARTESIAN_POINT('',(6.620023058163,4.49988826649,6.192771399744)
  );
#1430 = CARTESIAN_POINT('',(6.625670622135,4.499776634689,6.191866741959
    ));
#1431 = CARTESIAN_POINT('',(6.631318092045,4.499627764674,6.190962002357
    ));
#1432 = CARTESIAN_POINT('',(6.636971244826,4.499441339171,6.190056033154
    ));
#1433 = CARTESIAN_POINT('',(6.86682315157,4.490345961345,6.153210592177)
  );
#1434 = CARTESIAN_POINT('',(7.086756528904,4.422806933412,6.117613282763
    ));
#1435 = CARTESIAN_POINT('',(7.282892132675,4.299609520734,6.08536810098)
  );
#1436 = CARTESIAN_POINT('',(7.440847215317,4.130696226578,6.059208802108
    ));
#1437 = CARTESIAN_POINT('',(7.548891108072,3.930826064771,6.041151492149
    ));
#1438 = CARTESIAN_POINT('',(7.603075604643,3.715412240153,6.03211603587)
  );
#1439 = CARTESIAN_POINT('',(7.603075604643,3.500000000039,6.03211603587)
  );
#1440 = ORIENTED_EDGE('',*,*,#1393,.F.);
#1441 = ORIENTED_EDGE('',*,*,#577,.F.);
#1442 = B_SPLINE_SURFACE_WITH_KNOTS('',1,7,(
    (#1443,#1444,#1445,#1446,#1447,#1448,#1449,#1450,#1451,#1452,#1453
      ,#1454,#1455,#1456)
    ,(#1457,#1458,#1459,#1460,#1461,#1462,#1463,#1464,#1465,#1466,#1467
      ,#1468,#1469,#1470
    )),.UNSPECIFIED.,.F.,.F.,.F.,(2,2),(8,6,8),(0.,1.620870242852),(
    71.965044269071,72.004844751762,73.585914511923),.UNSPECIFIED.);
#1443 = CARTESIAN_POINT('',(6.563533917495,4.250000000039,5.948633010928
    ));
#1444 = CARTESIAN_POINT('',(6.569182729945,4.250000000039,5.947728166828
    ));
#1445 = CARTESIAN_POINT('',(6.574765900885,4.249999179153,5.946833837387
    ));
#1446 = CARTESIAN_POINT('',(6.580627179723,4.250002114981,5.94589495977)
  );
#1447 = CARTESIAN_POINT('',(6.586047419795,4.249998568444,5.945026729095
    ));
#1448 = CARTESIAN_POINT('',(6.591611185804,4.249996930537,5.944135507995
    ));
#1449 = CARTESIAN_POINT('',(6.598182255464,4.25001108805,5.943082933907)
  );
#1450 = CARTESIAN_POINT('',(6.77353384907,4.249588373062,5.914994577952)
  );
#1451 = CARTESIAN_POINT('',(6.94223454494,4.205509722025,5.88797158319)
  );
#1452 = CARTESIAN_POINT('',(7.097931209584,4.116837530828,5.863031614025
    ));
#1453 = CARTESIAN_POINT('',(7.224661997233,3.98923526502,5.842731487857)
  );
#1454 = CARTESIAN_POINT('',(7.312328960966,3.835192482331,5.828688724788
    ));
#1455 = CARTESIAN_POINT('',(7.356222500596,3.667583675314,5.821657723017
    ));
#1456 = CARTESIAN_POINT('',(7.356222500596,3.500000000039,5.821657723017
    ));
#1457 = CARTESIAN_POINT('',(6.603075604643,4.500000000039,6.195486114974
    ));
#1458 = CARTESIAN_POINT('',(6.608724417092,4.500000000039,6.194581270875
    ));
#1459 = CARTESIAN_POINT('',(6.614372716929,4.499962799966,6.193676519717
    ));
#1460 = CARTESIAN_POINT('',(6.620023058163,4.49988826649,6.192771399744)
  );
#1461 = CARTESIAN_POINT('',(6.625670622135,4.499776634689,6.191866741959
    ));
#1462 = CARTESIAN_POINT('',(6.631318092045,4.499627764674,6.190962002357
    ));
#1463 = CARTESIAN_POINT('',(6.636971244826,4.499441339171,6.190056033154
    ));
#1464 = CARTESIAN_POINT('',(6.86682315157,4.490345961345,6.153210592177)
  );
#1465 = CARTESIAN_POINT('',(7.086756528904,4.422806933412,6.117613282763
    ));
#1466 = CARTESIAN_POINT('',(7.282892132675,4.299609520734,6.08536810098)
  );
#1467 = CARTESIAN_POINT('',(7.440847215317,4.130696226578,6.059208802108
    ));
#1468 = CARTESIAN_POINT('',(7.548891108072,3.930826064771,6.041151492149
    ));
#1469 = CARTESIAN_POINT('',(7.603075604643,3.715412240153,6.03211603587)
  );
#1470 = CARTESIAN_POINT('',(7.603075604643,3.500000000039,6.03211603587)
  );
#1471 = ADVANCED_FACE('',(#1472),#1500,.T.);
#1472 = FACE_BOUND('',#1473,.T.);
#1473 = EDGE_LOOP('',(#1474,#1475,#1494,#1499));
#1474 = ORIENTED_EDGE('',*,*,#744,.T.);
#1475 = ORIENTED_EDGE('',*,*,#1476,.T.);
#1476 = EDGE_CURVE('',#745,#1477,#1479,.T.);
#1477 = VERTEX_POINT('',#1478);
#1478 = CARTESIAN_POINT('',(6.603075604643,16.299999999946,
    6.195486114974));
#1479 = B_SPLINE_CURVE_WITH_KNOTS('',7,(#1480,#1481,#1482,#1483,#1484,
    #1485,#1486,#1487,#1488,#1489,#1490,#1491,#1492,#1493),
  .UNSPECIFIED.,.F.,.F.,(8,6,8),(48.513608810861,50.094678571022,
    50.134479053713),.UNSPECIFIED.);
#1480 = CARTESIAN_POINT('',(7.603075604643,17.299999999946,6.03211603587
    ));
#1481 = CARTESIAN_POINT('',(7.603075604643,17.084587759832,6.03211603587
    ));
#1482 = CARTESIAN_POINT('',(7.548891108072,16.869173935213,6.04115149215
    ));
#1483 = CARTESIAN_POINT('',(7.440847215317,16.669303773408,
    6.059208802108));
#1484 = CARTESIAN_POINT('',(7.282892132676,16.50039047925,6.08536810098)
  );
#1485 = CARTESIAN_POINT('',(7.086756528903,16.377193066573,
    6.117613282763));
#1486 = CARTESIAN_POINT('',(6.86682315157,16.30965403864,6.153210592177)
  );
#1487 = CARTESIAN_POINT('',(6.636971244826,16.300558660813,
    6.190056033154));
#1488 = CARTESIAN_POINT('',(6.631318092045,16.300372235311,
    6.190962002357));
#1489 = CARTESIAN_POINT('',(6.625670622135,16.300223365295,
    6.191866741959));
#1490 = CARTESIAN_POINT('',(6.620023058163,16.300111733495,
    6.192771399744));
#1491 = CARTESIAN_POINT('',(6.614372716929,16.300037200019,
    6.193676519717));
#1492 = CARTESIAN_POINT('',(6.608724417092,16.299999999946,
    6.194581270875));
#1493 = CARTESIAN_POINT('',(6.603075604643,16.299999999946,
    6.195486114974));
#1494 = ORIENTED_EDGE('',*,*,#1495,.F.);
#1495 = EDGE_CURVE('',#509,#1477,#1496,.T.);
#1496 = B_SPLINE_CURVE_WITH_KNOTS('',1,(#1497,#1498),.UNSPECIFIED.,.F.,
  .F.,(2,2),(0.,1.620870242852),.PIECEWISE_BEZIER_KNOTS.);
#1497 = CARTESIAN_POINT('',(6.563533917496,16.549999999946,
    5.948633010927));
#1498 = CARTESIAN_POINT('',(6.603075604643,16.299999999946,
    6.195486114974));
#1499 = ORIENTED_EDGE('',*,*,#508,.F.);
#1500 = B_SPLINE_SURFACE_WITH_KNOTS('',1,7,(
    (#1501,#1502,#1503,#1504,#1505,#1506,#1507,#1508,#1509,#1510,#1511
      ,#1512,#1513,#1514)
    ,(#1515,#1516,#1517,#1518,#1519,#1520,#1521,#1522,#1523,#1524,#1525
      ,#1526,#1527,#1528
    )),.UNSPECIFIED.,.F.,.F.,.F.,(2,2),(8,6,8),(0.,1.620870242852),(
    48.513608810861,50.094678571022,50.134479053713),.UNSPECIFIED.);
#1501 = CARTESIAN_POINT('',(7.356222500596,17.299999999946,
    5.821657723017));
#1502 = CARTESIAN_POINT('',(7.356222500596,17.13241632467,5.821657723017
    ));
#1503 = CARTESIAN_POINT('',(7.312328960966,16.964807517654,
    5.828688724788));
#1504 = CARTESIAN_POINT('',(7.224661997233,16.810764734965,
    5.842731487857));
#1505 = CARTESIAN_POINT('',(7.097931209586,16.683162469157,
    5.863031614025));
#1506 = CARTESIAN_POINT('',(6.942234544939,16.594490277959,
    5.887971583191));
#1507 = CARTESIAN_POINT('',(6.77353384907,16.550411626923,5.914994577952
    ));
#1508 = CARTESIAN_POINT('',(6.598182255464,16.549988911935,
    5.943082933907));
#1509 = CARTESIAN_POINT('',(6.591611185804,16.550003069448,
    5.944135507995));
#1510 = CARTESIAN_POINT('',(6.586047419795,16.55000143154,5.945026729095
    ));
#1511 = CARTESIAN_POINT('',(6.580627179723,16.549997885004,5.94589495977
    ));
#1512 = CARTESIAN_POINT('',(6.574765900885,16.550000820832,
    5.946833837387));
#1513 = CARTESIAN_POINT('',(6.569182729945,16.549999999946,
    5.947728166828));
#1514 = CARTESIAN_POINT('',(6.563533917496,16.549999999946,
    5.948633010927));
#1515 = CARTESIAN_POINT('',(7.603075604643,17.299999999946,6.03211603587
    ));
#1516 = CARTESIAN_POINT('',(7.603075604643,17.084587759832,6.03211603587
    ));
#1517 = CARTESIAN_POINT('',(7.548891108072,16.869173935213,6.04115149215
    ));
#1518 = CARTESIAN_POINT('',(7.440847215317,16.669303773408,
    6.059208802108));
#1519 = CARTESIAN_POINT('',(7.282892132676,16.50039047925,6.08536810098)
  );
#1520 = CARTESIAN_POINT('',(7.086756528903,16.377193066573,
    6.117613282763));
#1521 = CARTESIAN_POINT('',(6.86682315157,16.30965403864,6.153210592177)
  );
#1522 = CARTESIAN_POINT('',(6.636971244826,16.300558660813,
    6.190056033154));
#1523 = CARTESIAN_POINT('',(6.631318092045,16.300372235311,
    6.190962002357));
#1524 = CARTESIAN_POINT('',(6.625670622135,16.300223365295,
    6.191866741959));
#1525 = CARTESIAN_POINT('',(6.620023058163,16.300111733495,
    6.192771399744));
#1526 = CARTESIAN_POINT('',(6.614372716929,16.300037200019,
    6.193676519717));
#1527 = CARTESIAN_POINT('',(6.608724417092,16.299999999946,
    6.194581270875));
#1528 = CARTESIAN_POINT('',(6.603075604643,16.299999999946,
    6.195486114974));
#1529 = ADVANCED_FACE('',(#1530),#1547,.T.);
#1530 = FACE_BOUND('',#1531,.F.);
#1531 = EDGE_LOOP('',(#1532,#1539,#1540,#1541));
#1532 = ORIENTED_EDGE('',*,*,#1533,.F.);
#1533 = EDGE_CURVE('',#557,#1534,#1536,.T.);
#1534 = VERTEX_POINT('',#1535);
#1535 = CARTESIAN_POINT('',(2.184894899425,4.500000000039,6.903203848076
    ));
#1536 = B_SPLINE_CURVE_WITH_KNOTS('',1,(#1537,#1538),.UNSPECIFIED.,.F.,
  .F.,(2,2),(0.,1.540768527949),.PIECEWISE_BEZIER_KNOTS.);
#1537 = CARTESIAN_POINT('',(2.145163386735,4.250000073955,6.656381150866
    ));
#1538 = CARTESIAN_POINT('',(2.184894899425,4.500000000039,6.903203848076
    ));
#1539 = ORIENTED_EDGE('',*,*,#569,.T.);
#1540 = ORIENTED_EDGE('',*,*,#1416,.T.);
#1541 = ORIENTED_EDGE('',*,*,#1542,.F.);
#1542 = EDGE_CURVE('',#1534,#1417,#1543,.T.);
#1543 = LINE('',#1544,#1545);
#1544 = CARTESIAN_POINT('',(2.224436586572,4.500000000039,6.896869939379
    ));
#1545 = VECTOR('',#1546,1.);
#1546 = DIRECTION('',(0.987412416187,0.,-0.158166748588));
#1547 = PLANE('',#1548);
#1548 = AXIS2_PLACEMENT_3D('',#1549,#1550,#1551);
#1549 = CARTESIAN_POINT('',(2.204665742998,4.375000000039,6.773443387356
    ));
#1550 = DIRECTION('',(-0.111840780485,0.707106781187,-0.698206015314));
#1551 = DIRECTION('',(-0.987412416187,-1.387778780781E-17,0.158166748588
    ));
#1552 = ADVANCED_FACE('',(#1553),#1571,.T.);
#1553 = FACE_BOUND('',#1554,.F.);
#1554 = EDGE_LOOP('',(#1555,#1556,#1557,#1565));
#1555 = ORIENTED_EDGE('',*,*,#1495,.F.);
#1556 = ORIENTED_EDGE('',*,*,#527,.T.);
#1557 = ORIENTED_EDGE('',*,*,#1558,.T.);
#1558 = EDGE_CURVE('',#528,#1559,#1561,.T.);
#1559 = VERTEX_POINT('',#1560);
#1560 = CARTESIAN_POINT('',(2.184894899425,16.299999999946,
    6.903203848076));
#1561 = LINE('',#1562,#1563);
#1562 = CARTESIAN_POINT('',(2.165124055851,16.424999999946,
    6.779777296052));
#1563 = VECTOR('',#1564,1.);
#1564 = DIRECTION('',(0.111840780485,-0.707106781187,0.698206015314));
#1565 = ORIENTED_EDGE('',*,*,#1566,.F.);
#1566 = EDGE_CURVE('',#1477,#1559,#1567,.T.);
#1567 = LINE('',#1568,#1569);
#1568 = CARTESIAN_POINT('',(6.64261729179,16.299999999946,6.189152206278
    ));
#1569 = VECTOR('',#1570,1.);
#1570 = DIRECTION('',(-0.987412416187,0.,0.158166748588));
#1571 = PLANE('',#1572);
#1572 = AXIS2_PLACEMENT_3D('',#1573,#1574,#1575);
#1573 = CARTESIAN_POINT('',(6.622846448216,16.424999999946,
    6.065725654255));
#1574 = DIRECTION('',(-0.111840780485,-0.707106781187,-0.698206015314));
#1575 = DIRECTION('',(0.987412416187,-4.163336342344E-17,-0.158166748588
    ));
#1576 = ADVANCED_FACE('',(#1577),#1600,.T.);
#1577 = FACE_BOUND('',#1578,.T.);
#1578 = EDGE_LOOP('',(#1579,#1587,#1598,#1599));
#1579 = ORIENTED_EDGE('',*,*,#1580,.T.);
#1580 = EDGE_CURVE('',#549,#1581,#1583,.T.);
#1581 = VERTEX_POINT('',#1582);
#1582 = CARTESIAN_POINT('',(1.184894899425,5.500000000039,7.060199901694
    ));
#1583 = LINE('',#1584,#1585);
#1584 = CARTESIAN_POINT('',(1.061468347401,5.500000000039,6.954970745268
    ));
#1585 = VECTOR('',#1586,1.);
#1586 = DIRECTION('',(0.760975278373,0.,0.648780876495));
#1587 = ORIENTED_EDGE('',*,*,#1588,.T.);
#1588 = EDGE_CURVE('',#1581,#1534,#1589,.T.);
#1589 = B_SPLINE_CURVE_WITH_KNOTS('',7,(#1590,#1591,#1592,#1593,#1594,
    #1595,#1596,#1597),.UNSPECIFIED.,.F.,.F.,(8,8),(65.949761661346,
    67.490530189295),.PIECEWISE_BEZIER_KNOTS.);
#1590 = CARTESIAN_POINT('',(1.184894899425,5.500000000039,7.060199901694
    ));
#1591 = CARTESIAN_POINT('',(1.184894899425,5.272491725803,7.060199901694
    ));
#1592 = CARTESIAN_POINT('',(1.245328035219,5.042451606614,7.050863707936
    ));
#1593 = CARTESIAN_POINT('',(1.368355374941,4.830192625279,7.032452898664
    ));
#1594 = CARTESIAN_POINT('',(1.547315810157,4.664560888268,7.005591526863
    ));
#1595 = CARTESIAN_POINT('',(1.749818800324,4.555904582298,6.972835849364
    ));
#1596 = CARTESIAN_POINT('',(1.966317518819,4.500000000039,6.938216243138
    ));
#1597 = CARTESIAN_POINT('',(2.184894899425,4.500000000039,6.903203848076
    ));
#1598 = ORIENTED_EDGE('',*,*,#1533,.F.);
#1599 = ORIENTED_EDGE('',*,*,#556,.F.);
#1600 = B_SPLINE_SURFACE_WITH_KNOTS('',1,7,(
    (#1601,#1602,#1603,#1604,#1605,#1606,#1607,#1608)
    ,(#1609,#1610,#1611,#1612,#1613,#1614,#1615,#1616
  )),.UNSPECIFIED.,.F.,.F.,.F.,(2,2),(8,8),(0.,1.540768527949),(
    65.949761661346,67.490530189295),.PIECEWISE_BEZIER_KNOTS.);
#1601 = CARTESIAN_POINT('',(0.938041795378,5.500000000039,6.849741588841
    ));
#1602 = CARTESIAN_POINT('',(0.938041795378,5.22586743422,6.849741588841)
  );
#1603 = CARTESIAN_POINT('',(1.007978052951,4.950280087276,6.838538984653
    ));
#1604 = CARTESIAN_POINT('',(1.146676503023,4.695426738498,6.816321841621
    ));
#1605 = CARTESIAN_POINT('',(1.345547635141,4.481706000539,6.784466053867
    ));
#1606 = CARTESIAN_POINT('',(1.593397262564,4.328136704073,6.74476474055)
  );
#1607 = CARTESIAN_POINT('',(1.86798519553,4.250215936185,6.700780403462)
  );
#1608 = CARTESIAN_POINT('',(2.145163386735,4.250000073955,6.656381150866
    ));
#1609 = CARTESIAN_POINT('',(1.184894899425,5.500000000039,7.060199901694
    ));
#1610 = CARTESIAN_POINT('',(1.184894899425,5.272491725803,7.060199901694
    ));
#1611 = CARTESIAN_POINT('',(1.245328035219,5.042451606614,7.050863707936
    ));
#1612 = CARTESIAN_POINT('',(1.368355374941,4.830192625279,7.032452898664
    ));
#1613 = CARTESIAN_POINT('',(1.547315810157,4.664560888268,7.005591526863
    ));
#1614 = CARTESIAN_POINT('',(1.749818800324,4.555904582298,6.972835849364
    ));
#1615 = CARTESIAN_POINT('',(1.966317518819,4.500000000039,6.938216243138
    ));
#1616 = CARTESIAN_POINT('',(2.184894899425,4.500000000039,6.903203848076
    ));
#1617 = ADVANCED_FACE('',(#1618),#1640,.T.);
#1618 = FACE_BOUND('',#1619,.T.);
#1619 = EDGE_LOOP('',(#1620,#1621,#1634,#1639));
#1620 = ORIENTED_EDGE('',*,*,#1558,.T.);
#1621 = ORIENTED_EDGE('',*,*,#1622,.T.);
#1622 = EDGE_CURVE('',#1559,#1623,#1625,.T.);
#1623 = VERTEX_POINT('',#1624);
#1624 = CARTESIAN_POINT('',(1.184894899425,15.299999999946,
    7.060199901694));
#1625 = B_SPLINE_CURVE_WITH_KNOTS('',7,(#1626,#1627,#1628,#1629,#1630,
    #1631,#1632,#1633),.UNSPECIFIED.,.F.,.F.,(8,8),(54.608993133489,
    56.149761661438),.PIECEWISE_BEZIER_KNOTS.);
#1626 = CARTESIAN_POINT('',(2.184894899425,16.299999999946,
    6.903203848076));
#1627 = CARTESIAN_POINT('',(1.966317518819,16.299999999946,
    6.938216243138));
#1628 = CARTESIAN_POINT('',(1.749818800324,16.244095417687,
    6.972835849364));
#1629 = CARTESIAN_POINT('',(1.547315810158,16.135439111716,
    7.005591526863));
#1630 = CARTESIAN_POINT('',(1.368355374941,15.969807374706,
    7.032452898664));
#1631 = CARTESIAN_POINT('',(1.245328035219,15.75754839337,7.050863707936
    ));
#1632 = CARTESIAN_POINT('',(1.184894899425,15.527508274182,
    7.060199901694));
#1633 = CARTESIAN_POINT('',(1.184894899425,15.299999999946,
    7.060199901694));
#1634 = ORIENTED_EDGE('',*,*,#1635,.F.);
#1635 = EDGE_CURVE('',#536,#1623,#1636,.T.);
#1636 = B_SPLINE_CURVE_WITH_KNOTS('',1,(#1637,#1638),.UNSPECIFIED.,.F.,
  .F.,(2,2),(0.,1.540768527949),.PIECEWISE_BEZIER_KNOTS.);
#1637 = CARTESIAN_POINT('',(0.938041795378,15.299999999946,
    6.849741588841));
#1638 = CARTESIAN_POINT('',(1.184894899425,15.299999999946,
    7.060199901694));
#1639 = ORIENTED_EDGE('',*,*,#535,.F.);
#1640 = B_SPLINE_SURFACE_WITH_KNOTS('',1,7,(
    (#1641,#1642,#1643,#1644,#1645,#1646,#1647,#1648)
    ,(#1649,#1650,#1651,#1652,#1653,#1654,#1655,#1656
  )),.UNSPECIFIED.,.F.,.F.,.F.,(2,2),(8,8),(0.,1.540768527949),(
    54.608993133489,56.149761661438),.PIECEWISE_BEZIER_KNOTS.);
#1641 = CARTESIAN_POINT('',(2.145163386735,16.54999992603,6.656381150866
    ));
#1642 = CARTESIAN_POINT('',(1.86798519553,16.5497840638,6.700780403462)
  );
#1643 = CARTESIAN_POINT('',(1.593397262564,16.471863295912,6.74476474055
    ));
#1644 = CARTESIAN_POINT('',(1.345547635141,16.318293999446,
    6.784466053867));
#1645 = CARTESIAN_POINT('',(1.146676503023,16.104573261487,
    6.816321841621));
#1646 = CARTESIAN_POINT('',(1.007978052951,15.849719912709,
    6.838538984653));
#1647 = CARTESIAN_POINT('',(0.938041795378,15.574132565765,
    6.849741588841));
#1648 = CARTESIAN_POINT('',(0.938041795378,15.299999999946,
    6.849741588841));
#1649 = CARTESIAN_POINT('',(2.184894899425,16.299999999946,
    6.903203848076));
#1650 = CARTESIAN_POINT('',(1.966317518819,16.299999999946,
    6.938216243138));
#1651 = CARTESIAN_POINT('',(1.749818800324,16.244095417687,
    6.972835849364));
#1652 = CARTESIAN_POINT('',(1.547315810158,16.135439111716,
    7.005591526863));
#1653 = CARTESIAN_POINT('',(1.368355374941,15.969807374706,
    7.032452898664));
#1654 = CARTESIAN_POINT('',(1.245328035219,15.75754839337,7.050863707936
    ));
#1655 = CARTESIAN_POINT('',(1.184894899425,15.527508274182,
    7.060199901694));
#1656 = CARTESIAN_POINT('',(1.184894899425,15.299999999946,
    7.060199901694));
#1657 = ADVANCED_FACE('',(#1658),#1669,.T.);
#1658 = FACE_BOUND('',#1659,.F.);
#1659 = EDGE_LOOP('',(#1660,#1661,#1662,#1663));
#1660 = ORIENTED_EDGE('',*,*,#1635,.F.);
#1661 = ORIENTED_EDGE('',*,*,#548,.T.);
#1662 = ORIENTED_EDGE('',*,*,#1580,.T.);
#1663 = ORIENTED_EDGE('',*,*,#1664,.F.);
#1664 = EDGE_CURVE('',#1623,#1581,#1665,.T.);
#1665 = LINE('',#1666,#1667);
#1666 = CARTESIAN_POINT('',(1.184894899425,15.299999999946,
    7.060199901694));
#1667 = VECTOR('',#1668,1.);
#1668 = DIRECTION('',(0.,-1.,0.));
#1669 = PLANE('',#1670);
#1670 = AXIS2_PLACEMENT_3D('',#1671,#1672,#1673);
#1671 = CARTESIAN_POINT('',(1.061468347401,15.299999999946,
    6.954970745268));
#1672 = DIRECTION('',(0.648780876495,-2.E-16,-0.760975278373));
#1673 = DIRECTION('',(1.309810827432E-16,1.,-1.511507424782E-16));
#1674 = ADVANCED_FACE('',(#1675),#1700,.F.);
#1675 = FACE_BOUND('',#1676,.T.);
#1676 = EDGE_LOOP('',(#1677,#1685,#1686,#1694));
#1677 = ORIENTED_EDGE('',*,*,#1678,.F.);
#1678 = EDGE_CURVE('',#645,#1679,#1681,.T.);
#1679 = VERTEX_POINT('',#1680);
#1680 = CARTESIAN_POINT('',(41.646543698327,18.403146895935,
    0.578928927041));
#1681 = LINE('',#1682,#1683);
#1682 = CARTESIAN_POINT('',(41.298155355221,18.054758552829,
    0.987564455587));
#1683 = VECTOR('',#1684,1.);
#1684 = DIRECTION('',(-0.544269179626,-0.544269179626,0.638390256989));
#1685 = ORIENTED_EDGE('',*,*,#644,.T.);
#1686 = ORIENTED_EDGE('',*,*,#1687,.T.);
#1687 = EDGE_CURVE('',#647,#1688,#1690,.T.);
#1688 = VERTEX_POINT('',#1689);
#1689 = CARTESIAN_POINT('',(41.646543698327,11.896853104022,
    0.578928927041));
#1690 = LINE('',#1691,#1692);
#1691 = CARTESIAN_POINT('',(40.769731477393,12.773665324957,
    1.607369265035));
#1692 = VECTOR('',#1693,1.);
#1693 = DIRECTION('',(-0.544269179626,0.544269179626,0.638390256989));
#1694 = ORIENTED_EDGE('',*,*,#1695,.F.);
#1695 = EDGE_CURVE('',#1679,#1688,#1696,.T.);
#1696 = LINE('',#1697,#1698);
#1697 = CARTESIAN_POINT('',(41.646543698327,18.399999999982,
    0.578928927041));
#1698 = VECTOR('',#1699,1.);
#1699 = DIRECTION('',(0.,-1.,0.));
#1700 = PLANE('',#1701);
#1701 = AXIS2_PLACEMENT_3D('',#1702,#1703,#1704);
#1702 = CARTESIAN_POINT('',(41.76997025035,18.399999999982,
    0.434158083468));
#1703 = DIRECTION('',(0.760975278373,1.4E-16,0.648780876495));
#1704 = DIRECTION('',(-1.084038090714E-16,1.,-8.863914350549E-17));
#1705 = ADVANCED_FACE('',(#1706),#1740,.F.);
#1706 = FACE_BOUND('',#1707,.T.);
#1707 = EDGE_LOOP('',(#1708,#1709,#1717,#1725,#1733,#1739));
#1708 = ORIENTED_EDGE('',*,*,#1678,.T.);
#1709 = ORIENTED_EDGE('',*,*,#1710,.T.);
#1710 = EDGE_CURVE('',#1679,#1711,#1713,.T.);
#1711 = VERTEX_POINT('',#1712);
#1712 = CARTESIAN_POINT('',(41.646543698327,18.399999999982,
    0.582115939785));
#1713 = LINE('',#1714,#1715);
#1714 = CARTESIAN_POINT('',(41.646543698327,18.427737063042,
    0.554025283231));
#1715 = VECTOR('',#1716,1.);
#1716 = DIRECTION('',(0.,-0.702614118457,0.711571079053));
#1717 = ORIENTED_EDGE('',*,*,#1718,.F.);
#1718 = EDGE_CURVE('',#1719,#1711,#1721,.T.);
#1719 = VERTEX_POINT('',#1720);
#1720 = CARTESIAN_POINT('',(39.178012657852,18.399999999982,
    0.977532811257));
#1721 = LINE('',#1722,#1723);
#1722 = CARTESIAN_POINT('',(39.217554344999,18.399999999982,
    0.97119890256));
#1723 = VECTOR('',#1724,1.);
#1724 = DIRECTION('',(0.987412416187,0.,-0.158166748588));
#1725 = ORIENTED_EDGE('',*,*,#1726,.F.);
#1726 = EDGE_CURVE('',#1727,#1719,#1729,.T.);
#1727 = VERTEX_POINT('',#1728);
#1728 = CARTESIAN_POINT('',(39.178012657852,18.403146895935,
    0.974345798513));
#1729 = LINE('',#1730,#1731);
#1730 = CARTESIAN_POINT('',(39.178012657852,16.922166901888,
    2.474205401015));
#1731 = VECTOR('',#1732,1.);
#1732 = DIRECTION('',(0.,-0.702614118457,0.711571079053));
#1733 = ORIENTED_EDGE('',*,*,#1734,.F.);
#1734 = EDGE_CURVE('',#655,#1727,#1735,.T.);
#1735 = LINE('',#1736,#1737);
#1736 = CARTESIAN_POINT('',(40.292847224677,17.28831232911,
    1.924814713822));
#1737 = VECTOR('',#1738,1.);
#1738 = DIRECTION('',(0.605575111307,-0.605575111307,0.516292135453));
#1739 = ORIENTED_EDGE('',*,*,#654,.T.);
#1740 = PLANE('',#1741);
#1741 = AXIS2_PLACEMENT_3D('',#1742,#1743,#1744);
#1742 = CARTESIAN_POINT('',(39.197783501426,18.524999999982,
    0.847772350537));
#1743 = DIRECTION('',(0.111840780485,0.707106781187,0.698206015314));
#1744 = DIRECTION('',(-0.987412416187,4.163336342344E-17,0.158166748588)
  );
#1745 = ADVANCED_FACE('',(#1746),#1780,.F.);
#1746 = FACE_BOUND('',#1747,.T.);
#1747 = EDGE_LOOP('',(#1748,#1749,#1750,#1758,#1766,#1774));
#1748 = ORIENTED_EDGE('',*,*,#1687,.F.);
#1749 = ORIENTED_EDGE('',*,*,#670,.T.);
#1750 = ORIENTED_EDGE('',*,*,#1751,.T.);
#1751 = EDGE_CURVE('',#663,#1752,#1754,.T.);
#1752 = VERTEX_POINT('',#1753);
#1753 = CARTESIAN_POINT('',(39.178012657852,11.896853104022,
    0.974345798513));
#1754 = LINE('',#1755,#1756);
#1755 = CARTESIAN_POINT('',(39.491820358756,12.210660804926,
    1.241887256205));
#1756 = VECTOR('',#1757,1.);
#1757 = DIRECTION('',(0.605575111307,0.605575111307,0.516292135453));
#1758 = ORIENTED_EDGE('',*,*,#1759,.T.);
#1759 = EDGE_CURVE('',#1752,#1760,#1762,.T.);
#1760 = VERTEX_POINT('',#1761);
#1761 = CARTESIAN_POINT('',(39.178012657852,11.899999999976,
    0.977532811257));
#1762 = LINE('',#1763,#1764);
#1763 = CARTESIAN_POINT('',(39.178012657852,11.674570362763,
    0.749229385538));
#1764 = VECTOR('',#1765,1.);
#1765 = DIRECTION('',(0.,0.702614118457,0.711571079053));
#1766 = ORIENTED_EDGE('',*,*,#1767,.F.);
#1767 = EDGE_CURVE('',#1768,#1760,#1770,.T.);
#1768 = VERTEX_POINT('',#1769);
#1769 = CARTESIAN_POINT('',(41.646543698327,11.899999999976,
    0.582115939785));
#1770 = LINE('',#1771,#1772);
#1771 = CARTESIAN_POINT('',(41.686085385474,11.899999999976,
    0.575782031088));
#1772 = VECTOR('',#1773,1.);
#1773 = DIRECTION('',(-0.987412416187,0.,0.158166748588));
#1774 = ORIENTED_EDGE('',*,*,#1775,.F.);
#1775 = EDGE_CURVE('',#1688,#1768,#1776,.T.);
#1776 = LINE('',#1777,#1778);
#1777 = CARTESIAN_POINT('',(41.646543698327,13.37783309807,
    2.078788529543));
#1778 = VECTOR('',#1779,1.);
#1779 = DIRECTION('',(0.,0.702614118457,0.711571079053));
#1780 = PLANE('',#1781);
#1781 = AXIS2_PLACEMENT_3D('',#1782,#1783,#1784);
#1782 = CARTESIAN_POINT('',(41.666314541901,11.774999999976,
    0.452355479065));
#1783 = DIRECTION('',(0.111840780485,-0.707106781187,0.698206015314));
#1784 = DIRECTION('',(0.987412416187,0.,-0.158166748588));
#1785 = ADVANCED_FACE('',(#1786),#1797,.F.);
#1786 = FACE_BOUND('',#1787,.T.);
#1787 = EDGE_LOOP('',(#1788,#1789,#1790,#1791));
#1788 = ORIENTED_EDGE('',*,*,#1751,.F.);
#1789 = ORIENTED_EDGE('',*,*,#662,.T.);
#1790 = ORIENTED_EDGE('',*,*,#1734,.T.);
#1791 = ORIENTED_EDGE('',*,*,#1792,.F.);
#1792 = EDGE_CURVE('',#1752,#1727,#1793,.T.);
#1793 = LINE('',#1794,#1795);
#1794 = CARTESIAN_POINT('',(39.178012657852,11.899999999976,
    0.974345798513));
#1795 = VECTOR('',#1796,1.);
#1796 = DIRECTION('',(0.,1.,0.));
#1797 = PLANE('',#1798);
#1798 = AXIS2_PLACEMENT_3D('',#1799,#1800,#1801);
#1799 = CARTESIAN_POINT('',(39.054586105829,11.899999999976,
    0.869116642087));
#1800 = DIRECTION('',(-0.648780876495,1.7E-16,0.760975278373));
#1801 = DIRECTION('',(-1.098101131244E-16,-1.,1.297772757748E-16));
#1802 = ADVANCED_FACE('',(#1803),#1844,.F.);
#1803 = FACE_BOUND('',#1804,.T.);
#1804 = EDGE_LOOP('',(#1805,#1813,#1814,#1822,#1830,#1838));
#1805 = ORIENTED_EDGE('',*,*,#1806,.F.);
#1806 = EDGE_CURVE('',#679,#1807,#1809,.T.);
#1807 = VERTEX_POINT('',#1808);
#1808 = CARTESIAN_POINT('',(39.178012657859,8.903146895953,
    0.974345798512));
#1809 = LINE('',#1810,#1811);
#1810 = CARTESIAN_POINT('',(40.292847224682,7.788312329129,1.92481471382
    ));
#1811 = VECTOR('',#1812,1.);
#1812 = DIRECTION('',(0.605575111307,-0.605575111307,0.516292135453));
#1813 = ORIENTED_EDGE('',*,*,#678,.T.);
#1814 = ORIENTED_EDGE('',*,*,#1815,.T.);
#1815 = EDGE_CURVE('',#681,#1816,#1818,.T.);
#1816 = VERTEX_POINT('',#1817);
#1817 = CARTESIAN_POINT('',(41.646543698327,8.903146895953,
    0.578928927041));
#1818 = LINE('',#1819,#1820);
#1819 = CARTESIAN_POINT('',(41.298155355222,8.554758552848,
    0.987564455586));
#1820 = VECTOR('',#1821,1.);
#1821 = DIRECTION('',(-0.544269179626,-0.544269179626,0.638390256989));
#1822 = ORIENTED_EDGE('',*,*,#1823,.T.);
#1823 = EDGE_CURVE('',#1816,#1824,#1826,.T.);
#1824 = VERTEX_POINT('',#1825);
#1825 = CARTESIAN_POINT('',(41.646543698327,8.9,0.582115939785));
#1826 = LINE('',#1827,#1828);
#1827 = CARTESIAN_POINT('',(41.646543698327,8.92773706306,0.554025283231
    ));
#1828 = VECTOR('',#1829,1.);
#1829 = DIRECTION('',(0.,-0.702614118457,0.711571079053));
#1830 = ORIENTED_EDGE('',*,*,#1831,.F.);
#1831 = EDGE_CURVE('',#1832,#1824,#1834,.T.);
#1832 = VERTEX_POINT('',#1833);
#1833 = CARTESIAN_POINT('',(39.178012657859,8.9,0.977532811256));
#1834 = LINE('',#1835,#1836);
#1835 = CARTESIAN_POINT('',(39.217554345006,8.9,0.971198902559));
#1836 = VECTOR('',#1837,1.);
#1837 = DIRECTION('',(0.987412416187,0.,-0.158166748588));
#1838 = ORIENTED_EDGE('',*,*,#1839,.F.);
#1839 = EDGE_CURVE('',#1807,#1832,#1840,.T.);
#1840 = LINE('',#1841,#1842);
#1841 = CARTESIAN_POINT('',(39.178012657859,7.422166901907,
    2.474205401012));
#1842 = VECTOR('',#1843,1.);
#1843 = DIRECTION('',(0.,-0.702614118457,0.711571079053));
#1844 = PLANE('',#1845);
#1845 = AXIS2_PLACEMENT_3D('',#1846,#1847,#1848);
#1846 = CARTESIAN_POINT('',(39.197783501432,9.025,0.847772350536));
#1847 = DIRECTION('',(0.111840780485,0.707106781187,0.698206015314));
#1848 = DIRECTION('',(-0.987412416187,-4.163336342344E-17,0.158166748588
    ));
#1849 = ADVANCED_FACE('',(#1850),#1868,.F.);
#1850 = FACE_BOUND('',#1851,.T.);
#1851 = EDGE_LOOP('',(#1852,#1860,#1861,#1862));
#1852 = ORIENTED_EDGE('',*,*,#1853,.F.);
#1853 = EDGE_CURVE('',#689,#1854,#1856,.T.);
#1854 = VERTEX_POINT('',#1855);
#1855 = CARTESIAN_POINT('',(39.178012657859,2.396853104047,
    0.974345798512));
#1856 = LINE('',#1857,#1858);
#1857 = CARTESIAN_POINT('',(39.491820358761,2.710660804949,
    1.241887256203));
#1858 = VECTOR('',#1859,1.);
#1859 = DIRECTION('',(0.605575111307,0.605575111307,0.516292135453));
#1860 = ORIENTED_EDGE('',*,*,#688,.T.);
#1861 = ORIENTED_EDGE('',*,*,#1806,.T.);
#1862 = ORIENTED_EDGE('',*,*,#1863,.F.);
#1863 = EDGE_CURVE('',#1854,#1807,#1864,.T.);
#1864 = LINE('',#1865,#1866);
#1865 = CARTESIAN_POINT('',(39.178012657859,2.4,0.974345798512));
#1866 = VECTOR('',#1867,1.);
#1867 = DIRECTION('',(0.,1.,0.));
#1868 = PLANE('',#1869);
#1869 = AXIS2_PLACEMENT_3D('',#1870,#1871,#1872);
#1870 = CARTESIAN_POINT('',(39.054586105835,2.4,0.869116642086));
#1871 = DIRECTION('',(-0.648780876495,1.7E-16,0.760975278373));
#1872 = DIRECTION('',(-1.098101131244E-16,-1.,1.297772757748E-16));
#1873 = ADVANCED_FACE('',(#1874),#1892,.F.);
#1874 = FACE_BOUND('',#1875,.T.);
#1875 = EDGE_LOOP('',(#1876,#1877,#1878,#1886));
#1876 = ORIENTED_EDGE('',*,*,#1815,.F.);
#1877 = ORIENTED_EDGE('',*,*,#704,.T.);
#1878 = ORIENTED_EDGE('',*,*,#1879,.T.);
#1879 = EDGE_CURVE('',#697,#1880,#1882,.T.);
#1880 = VERTEX_POINT('',#1881);
#1881 = CARTESIAN_POINT('',(41.646543698327,2.396853104047,
    0.578928927041));
#1882 = LINE('',#1883,#1884);
#1883 = CARTESIAN_POINT('',(40.769731477393,3.27366532498,1.607369265033
    ));
#1884 = VECTOR('',#1885,1.);
#1885 = DIRECTION('',(-0.544269179626,0.544269179626,0.638390256989));
#1886 = ORIENTED_EDGE('',*,*,#1887,.F.);
#1887 = EDGE_CURVE('',#1816,#1880,#1888,.T.);
#1888 = LINE('',#1889,#1890);
#1889 = CARTESIAN_POINT('',(41.646543698327,8.9,0.578928927041));
#1890 = VECTOR('',#1891,1.);
#1891 = DIRECTION('',(0.,-1.,0.));
#1892 = PLANE('',#1893);
#1893 = AXIS2_PLACEMENT_3D('',#1894,#1895,#1896);
#1894 = CARTESIAN_POINT('',(41.76997025035,8.9,0.434158083468));
#1895 = DIRECTION('',(0.760975278373,1.4E-16,0.648780876495));
#1896 = DIRECTION('',(-1.084038090714E-16,1.,-8.863914350549E-17));
#1897 = ADVANCED_FACE('',(#1898),#1925,.F.);
#1898 = FACE_BOUND('',#1899,.T.);
#1899 = EDGE_LOOP('',(#1900,#1901,#1902,#1903,#1911,#1919));
#1900 = ORIENTED_EDGE('',*,*,#1879,.F.);
#1901 = ORIENTED_EDGE('',*,*,#696,.T.);
#1902 = ORIENTED_EDGE('',*,*,#1853,.T.);
#1903 = ORIENTED_EDGE('',*,*,#1904,.T.);
#1904 = EDGE_CURVE('',#1854,#1905,#1907,.T.);
#1905 = VERTEX_POINT('',#1906);
#1906 = CARTESIAN_POINT('',(39.178012657859,2.4,0.977532811256));
#1907 = LINE('',#1908,#1909);
#1908 = CARTESIAN_POINT('',(39.178012657859,2.174570362788,
    0.749229385537));
#1909 = VECTOR('',#1910,1.);
#1910 = DIRECTION('',(0.,0.702614118457,0.711571079053));
#1911 = ORIENTED_EDGE('',*,*,#1912,.F.);
#1912 = EDGE_CURVE('',#1913,#1905,#1915,.T.);
#1913 = VERTEX_POINT('',#1914);
#1914 = CARTESIAN_POINT('',(41.646543698327,2.4,0.582115939785));
#1915 = LINE('',#1916,#1917);
#1916 = CARTESIAN_POINT('',(41.686085385474,2.4,0.575782031088));
#1917 = VECTOR('',#1918,1.);
#1918 = DIRECTION('',(-0.987412416187,0.,0.158166748588));
#1919 = ORIENTED_EDGE('',*,*,#1920,.F.);
#1920 = EDGE_CURVE('',#1880,#1913,#1921,.T.);
#1921 = LINE('',#1922,#1923);
#1922 = CARTESIAN_POINT('',(41.646543698327,3.877833098093,
    2.078788529541));
#1923 = VECTOR('',#1924,1.);
#1924 = DIRECTION('',(0.,0.702614118457,0.711571079053));
#1925 = PLANE('',#1926);
#1926 = AXIS2_PLACEMENT_3D('',#1927,#1928,#1929);
#1927 = CARTESIAN_POINT('',(41.666314541901,2.275,0.452355479065));
#1928 = DIRECTION('',(0.111840780485,-0.707106781187,0.698206015314));
#1929 = DIRECTION('',(0.987412416187,0.,-0.158166748588));
#1930 = ADVANCED_FACE('',(#1931),#2029,.T.);
#1931 = FACE_BOUND('',#1932,.T.);
#1932 = EDGE_LOOP('',(#1933,#1934,#1943,#1965,#2008,#2016,#2022));
#1933 = ORIENTED_EDGE('',*,*,#775,.F.);
#1934 = ORIENTED_EDGE('',*,*,#1935,.F.);
#1935 = EDGE_CURVE('',#1936,#776,#1938,.T.);
#1936 = VERTEX_POINT('',#1937);
#1937 = CARTESIAN_POINT('',(2.,2.,0.276473639598));
#1938 = CIRCLE('',#1939,3.455943456656);
#1939 = AXIS2_PLACEMENT_3D('',#1940,#1941,#1942);
#1940 = CARTESIAN_POINT('',(3.455943456656,2.,3.410763643191));
#1941 = DIRECTION('',(0.,-1.,0.));
#1942 = DIRECTION('',(-0.421286828016,-0.,-0.906927454949));
#1943 = ORIENTED_EDGE('',*,*,#1944,.F.);
#1944 = EDGE_CURVE('',#1945,#1936,#1947,.T.);
#1945 = VERTEX_POINT('',#1946);
#1946 = CARTESIAN_POINT('',(0.80716947356,1.882249663999,1.190956993486)
  );
#1947 = ( BOUNDED_CURVE() B_SPLINE_CURVE(6,(#1948,#1949,#1950,#1951,
    #1952,#1953,#1954,#1955,#1956,#1957,#1958,#1959,#1960,#1961,#1962,
#1963,#1964),.UNSPECIFIED.,.F.,.F.) B_SPLINE_CURVE_WITH_KNOTS((7,5,5,7),
  (2.213633043949,2.903110355866,3.579182420102,4.479839548733),
.UNSPECIFIED.) CURVE() GEOMETRIC_REPRESENTATION_ITEM() 
RATIONAL_B_SPLINE_CURVE((1.,1.,1.,1.,1.,1.,1.,1.,1.,1.,1.,1.,1.,1.,1.,1.
,1.)) REPRESENTATION_ITEM('') );
#1948 = CARTESIAN_POINT('',(0.807169473561,1.882249664,1.190956993484));
#1949 = CARTESIAN_POINT('',(0.888189657844,1.900404228913,1.094280034587
    ));
#1950 = CARTESIAN_POINT('',(0.970530615521,1.917410994315,1.004663292421
    ));
#1951 = CARTESIAN_POINT('',(1.052980764387,1.933022759641,0.922279683009
    ));
#1952 = CARTESIAN_POINT('',(1.134445079021,1.94704766911,0.847102918921)
  );
#1953 = CARTESIAN_POINT('',(1.213945090788,1.959349211726,0.778907509272
    ));
#1954 = CARTESIAN_POINT('',(1.365801945128,1.980139141431,0.656828429166
    ));
#1955 = CARTESIAN_POINT('',(1.437992135987,1.988538170547,0.60291110702)
  );
#1956 = CARTESIAN_POINT('',(1.507297503116,1.995287714966,0.5545374652)
  );
#1957 = CARTESIAN_POINT('',(1.572622888547,2.000219621037,0.511596601786
    ));
#1958 = CARTESIAN_POINT('',(1.633043038892,2.003276849347,0.47395500502)
  );
#1959 = CARTESIAN_POINT('',(1.763955151392,2.007382204213,0.396084341807
    ));
#1960 = CARTESIAN_POINT('',(1.830038291018,2.006982554784,0.359825055397
    ));
#1961 = CARTESIAN_POINT('',(1.887631303108,2.004958658199,0.33019730959)
  );
#1962 = CARTESIAN_POINT('',(1.934805578672,2.001862827105,0.307120300339
    ));
#1963 = CARTESIAN_POINT('',(1.972402040509,2.,0.289293470722));
#1964 = CARTESIAN_POINT('',(2.,2.,0.276473639598));
#1965 = ORIENTED_EDGE('',*,*,#1966,.F.);
#1966 = EDGE_CURVE('',#1967,#1945,#1969,.T.);
#1967 = VERTEX_POINT('',#1968);
#1968 = CARTESIAN_POINT('',(4.084247E-09,1.999974837849,3.410595625751)
  );
#1969 = ( BOUNDED_CURVE() B_SPLINE_CURVE(13,(#1970,#1971,#1972,#1973,
    #1974,#1975,#1976,#1977,#1978,#1979,#1980,#1981,#1982,#1983,#1984,
    #1985,#1986,#1987,#1988,#1989,#1990,#1991,#1992,#1993,#1994,#1995,
    #1996,#1997,#1998,#1999,#2000,#2001,#2002,#2003,#2004,#2005,#2006,
#2007),.UNSPECIFIED.,.F.,.F.) B_SPLINE_CURVE_WITH_KNOTS((14,12,12,14),(
    0.,1.106816521974,1.660224782961,2.213633043948),.UNSPECIFIED.) 
CURVE() GEOMETRIC_REPRESENTATION_ITEM() RATIONAL_B_SPLINE_CURVE((1.,1.,
    1.000000000001,0.999999999997,1.000000000005,0.999999999992,
    1.000000000009,0.999999999991,1.000000000007,0.999999999996,
    1.000000000002,0.999999999999,1.,1.,1.000000000001,0.999999999998,
    1.000000000005,0.999999999992,1.00000000001,0.99999999999,
    1.000000000008,0.999999999995,1.000000000002,0.999999999999,1.,1.,1.
    ,0.999999999999,1.000000000001,0.999999999999,1.,1.,0.999999999999,
1.000000000001,1.,1.,1.,1.)) REPRESENTATION_ITEM('') );
#1970 = CARTESIAN_POINT('',(4.08424672E-09,1.999974837849,3.410595625751
    ));
#1971 = CARTESIAN_POINT('',(4.56501855783E-06,1.987950967956,
    3.31805043039));
#1972 = CARTESIAN_POINT('',(2.694440976711E-03,1.975946684861,
    3.225680483672));
#1973 = CARTESIAN_POINT('',(8.052020271441E-03,1.964036808083,
    3.133527490145));
#1974 = CARTESIAN_POINT('',(1.606348176496E-02,1.952292431815,
    3.041636127075));
#1975 = CARTESIAN_POINT('',(2.671801816656E-02,1.940784672503,
    2.95005237845));
#1976 = CARTESIAN_POINT('',(4.000705924573E-02,1.929585389057,
    2.85882417185));
#1977 = CARTESIAN_POINT('',(5.592349499938E-02,1.918767903203,
    2.768002015434));
#1978 = CARTESIAN_POINT('',(7.446089888042E-02,1.908407719635,
    2.677639634791));
#1979 = CARTESIAN_POINT('',(9.561275095809E-02,1.898583246405,
    2.587794609924));
#1980 = CARTESIAN_POINT('',(0.119371661142,1.889376515077,2.498529012126
    ));
#1981 = CARTESIAN_POINT('',(0.145728592356,1.880873901078,2.409910040927
    ));
#1982 = CARTESIAN_POINT('',(0.174672083745,1.873166843909,2.322010661002
    ));
#1983 = CARTESIAN_POINT('',(0.221945168924,1.862945429205,2.19136002815)
  );
#1984 = CARTESIAN_POINT('',(0.238345642553,1.85976142138,2.148009518983)
  );
#1985 = CARTESIAN_POINT('',(0.255386906257,1.856812813774,2.104868488969
    ));
#1986 = CARTESIAN_POINT('',(0.273066692068,1.854112160624,2.061947134866
    ));
#1987 = CARTESIAN_POINT('',(0.291382406677,1.851672361074,2.019256057548
    ));
#1988 = CARTESIAN_POINT('',(0.310331085583,1.84950671964,1.976806246726)
  );
#1989 = CARTESIAN_POINT('',(0.329909347218,1.847629006701,1.934609065687
    ));
#1990 = CARTESIAN_POINT('',(0.350113347097,1.846053518958,1.892676236012
    ));
#1991 = CARTESIAN_POINT('',(0.370938731944,1.844795139918,1.851019822304
    ));
#1992 = CARTESIAN_POINT('',(0.392380593839,1.84386940037,1.809652216924)
  );
#1993 = CARTESIAN_POINT('',(0.414433424352,1.843292538854,1.768586124706
    ));
#1994 = CARTESIAN_POINT('',(0.437091068678,1.843081562142,1.727834547695
    ));
#1995 = CARTESIAN_POINT('',(0.483602290886,1.843427049272,1.646986992043
    ));
#1996 = CARTESIAN_POINT('',(0.507455718501,1.84398319425,1.606891149403)
  );
#1997 = CARTESIAN_POINT('',(0.531901952766,1.844945160773,1.567134393254
    ));
#1998 = CARTESIAN_POINT('',(0.556924508404,1.846309867457,1.527740279563
    ));
#1999 = CARTESIAN_POINT('',(0.582545080353,1.848170537638,1.488688624519
    ));
#2000 = CARTESIAN_POINT('',(0.608684603069,1.850376695129,1.450072226874
    ));
#2001 = CARTESIAN_POINT('',(0.635460870775,1.85326314685,1.411760925635)
  );
#2002 = CARTESIAN_POINT('',(0.662685051327,1.856417433221,1.373969515218
    ));
#2003 = CARTESIAN_POINT('',(0.690552282556,1.860370859555,1.336478885057
    ));
#2004 = CARTESIAN_POINT('',(0.718863898234,1.864694678649,1.299512595364
    ));
#2005 = CARTESIAN_POINT('',(0.747767688995,1.86981217482,1.262903476925)
  );
#2006 = CARTESIAN_POINT('',(0.777155272826,1.87552424415,1.226771299221)
  );
#2007 = CARTESIAN_POINT('',(0.80716947356,1.882249663999,1.190956993486)
  );
#2008 = ORIENTED_EDGE('',*,*,#2009,.T.);
#2009 = EDGE_CURVE('',#1967,#2010,#2012,.T.);
#2010 = VERTEX_POINT('',#2011);
#2011 = CARTESIAN_POINT('',(2.4E-14,2.000199964699,3.410763221325));
#2012 = B_SPLINE_CURVE_WITH_KNOTS('',2,(#2013,#2014,#2015),
  .UNSPECIFIED.,.F.,.F.,(3,3),(0.,2.274753778865E-04),
  .PIECEWISE_BEZIER_KNOTS.);
#2013 = CARTESIAN_POINT('',(4.19697602E-09,1.99997786513,3.410593322801)
  );
#2014 = CARTESIAN_POINT('',(1.039401E-11,2.000088914914,3.410678272063)
  );
#2015 = CARTESIAN_POINT('',(2.45E-14,2.000199964699,3.410763221325));
#2016 = ORIENTED_EDGE('',*,*,#2017,.T.);
#2017 = EDGE_CURVE('',#2010,#979,#2018,.T.);
#2018 = LINE('',#2019,#2020);
#2019 = CARTESIAN_POINT('',(2.442E-14,1.01E-15,3.410763221325));
#2020 = VECTOR('',#2021,1.);
#2021 = DIRECTION('',(0.,1.,-2.2E-16));
#2022 = ORIENTED_EDGE('',*,*,#2023,.T.);
#2023 = EDGE_CURVE('',#979,#768,#2024,.T.);
#2024 = CIRCLE('',#2025,3.455943456656);
#2025 = AXIS2_PLACEMENT_3D('',#2026,#2027,#2028);
#2026 = CARTESIAN_POINT('',(3.455943456656,3.4,3.410763643191));
#2027 = DIRECTION('',(0.,-1.,0.));
#2028 = DIRECTION('',(-1.,-0.,-1.2206978207E-07));
#2029 = CYLINDRICAL_SURFACE('',#2030,3.455943456656);
#2030 = AXIS2_PLACEMENT_3D('',#2031,#2032,#2033);
#2031 = CARTESIAN_POINT('',(3.455943456656,1.01E-15,3.410763643191));
#2032 = DIRECTION('',(0.,-1.,2.2E-16));
#2033 = DIRECTION('',(1.,0.,0.));
#2034 = ADVANCED_FACE('',(#2035),#2143,.F.);
#2035 = FACE_BOUND('',#2036,.F.);
#2036 = EDGE_LOOP('',(#2037,#2045,#2066,#2074,#2095,#2101,#2102,#2110,
    #2119,#2127,#2136,#2142));
#2037 = ORIENTED_EDGE('',*,*,#2038,.T.);
#2038 = EDGE_CURVE('',#1181,#2039,#2041,.T.);
#2039 = VERTEX_POINT('',#2040);
#2040 = CARTESIAN_POINT('',(41.633504209518,20.3,-1.694478469603));
#2041 = LINE('',#2042,#2043);
#2042 = CARTESIAN_POINT('',(6.911886913312,20.3,3.867336657936));
#2043 = VECTOR('',#2044,1.);
#2044 = DIRECTION('',(0.987412416187,0.,-0.158166748588));
#2045 = ORIENTED_EDGE('',*,*,#2046,.T.);
#2046 = EDGE_CURVE('',#2039,#2047,#2049,.T.);
#2047 = VERTEX_POINT('',#2048);
#2048 = CARTESIAN_POINT('',(43.206293791906,18.8,-1.946412727651));
#2049 = B_SPLINE_CURVE_WITH_KNOTS('',8,(#2050,#2051,#2052,#2053,#2054,
    #2055,#2056,#2057,#2058,#2059,#2060,#2061,#2062,#2063,#2064,#2065),
  .UNSPECIFIED.,.F.,.F.,(9,7,9),(35.164250243353,35.243862965933,
    36.825166252796),.UNSPECIFIED.);
#2050 = CARTESIAN_POINT('',(41.633504209519,20.3,-1.694478469603));
#2051 = CARTESIAN_POINT('',(41.643389631306,20.3,-1.696061946777));
#2052 = CARTESIAN_POINT('',(41.653246744931,20.300006925281,
    -1.697640889463));
#2053 = CARTESIAN_POINT('',(41.663251104735,20.299982210075,
    -1.699243418493));
#2054 = CARTESIAN_POINT('',(41.672918908585,20.30001321097,
    -1.700792036959));
#2055 = CARTESIAN_POINT('',(41.683022185095,20.300011468096,
    -1.702410410771));
#2056 = CARTESIAN_POINT('',(41.692788179488,20.29996551382,
    -1.703974757699));
#2057 = CARTESIAN_POINT('',(41.700408250773,20.30006271098,
    -1.705195364083));
#2058 = CARTESIAN_POINT('',(42.002357540613,20.298641800905,
    -1.753562527215));
#2059 = CARTESIAN_POINT('',(42.296612566528,20.235869913699,
    -1.800697199559));
#2060 = CARTESIAN_POINT('',(42.572659713544,20.102661557454,
    -1.844915278028));
#2061 = CARTESIAN_POINT('',(42.813435812023,19.912060006744,
    -1.883483531789));
#2062 = CARTESIAN_POINT('',(43.007405519031,19.669430664059,
    -1.914554194239));
#2063 = CARTESIAN_POINT('',(43.139872130512,19.391563358859,
    -1.935773102256));
#2064 = CARTESIAN_POINT('',(43.206293791907,19.09577449423,
    -1.946412727651));
#2065 = CARTESIAN_POINT('',(43.206293791906,18.8,-1.946412727651));
#2066 = ORIENTED_EDGE('',*,*,#2067,.T.);
#2067 = EDGE_CURVE('',#2047,#2068,#2070,.T.);
#2068 = VERTEX_POINT('',#2069);
#2069 = CARTESIAN_POINT('',(43.206293791906,2.,-1.946412727651));
#2070 = LINE('',#2071,#2072);
#2071 = CARTESIAN_POINT('',(43.206293791906,18.8,-1.946412727651));
#2072 = VECTOR('',#2073,1.);
#2073 = DIRECTION('',(0.,-1.,0.));
#2074 = ORIENTED_EDGE('',*,*,#2075,.T.);
#2075 = EDGE_CURVE('',#2068,#2076,#2078,.T.);
#2076 = VERTEX_POINT('',#2077);
#2077 = CARTESIAN_POINT('',(41.633504209519,0.5,-1.694478469603));
#2078 = B_SPLINE_CURVE_WITH_KNOTS('',8,(#2079,#2080,#2081,#2082,#2083,
    #2084,#2085,#2086,#2087,#2088,#2089,#2090,#2091,#2092,#2093,#2094),
  .UNSPECIFIED.,.F.,.F.,(9,7,9),(53.625166252795,55.206469539658,
    55.286082262238),.UNSPECIFIED.);
#2079 = CARTESIAN_POINT('',(43.206293791906,2.,-1.946412727651));
#2080 = CARTESIAN_POINT('',(43.206293791906,1.704225505769,
    -1.946412727651));
#2081 = CARTESIAN_POINT('',(43.139872130517,1.408436641144,
    -1.935773102257));
#2082 = CARTESIAN_POINT('',(43.00740551902,1.130569335937,
    -1.914554194238));
#2083 = CARTESIAN_POINT('',(42.813435812039,0.887939993259,
    -1.883483531791));
#2084 = CARTESIAN_POINT('',(42.572659713528,0.697338442546,
    -1.844915278026));
#2085 = CARTESIAN_POINT('',(42.296612566539,0.5641300863,-1.80069719956)
  );
#2086 = CARTESIAN_POINT('',(42.002357540609,0.501358199095,
    -1.753562527215));
#2087 = CARTESIAN_POINT('',(41.700408250773,0.49993728902,
    -1.705195364083));
#2088 = CARTESIAN_POINT('',(41.692788179489,0.50003448618,
    -1.703974757699));
#2089 = CARTESIAN_POINT('',(41.683022185092,0.499988531905,
    -1.70241041077));
#2090 = CARTESIAN_POINT('',(41.672918908589,0.499986789029,
    -1.700792036959));
#2091 = CARTESIAN_POINT('',(41.663251104732,0.500017789926,
    -1.699243418493));
#2092 = CARTESIAN_POINT('',(41.653246744933,0.499993074718,
    -1.697640889463));
#2093 = CARTESIAN_POINT('',(41.643389631305,0.5,-1.696061946777));
#2094 = CARTESIAN_POINT('',(41.633504209519,0.5,-1.694478469603));
#2095 = ORIENTED_EDGE('',*,*,#2096,.T.);
#2096 = EDGE_CURVE('',#2076,#800,#2097,.T.);
#2097 = LINE('',#2098,#2099);
#2098 = CARTESIAN_POINT('',(41.712587583813,0.5,-1.707146286995));
#2099 = VECTOR('',#2100,1.);
#2100 = DIRECTION('',(-0.987412416187,0.,0.158166748588));
#2101 = ORIENTED_EDGE('',*,*,#797,.F.);
#2102 = ORIENTED_EDGE('',*,*,#2103,.T.);
#2103 = EDGE_CURVE('',#798,#2104,#2106,.T.);
#2104 = VERTEX_POINT('',#2105);
#2105 = CARTESIAN_POINT('',(41.7,0.,-1.705129969222));
#2106 = LINE('',#2107,#2108);
#2107 = CARTESIAN_POINT('',(6.911886913312,1.78E-15,3.867336657936));
#2108 = VECTOR('',#2109,1.);
#2109 = DIRECTION('',(0.987412416187,-3.E-17,-0.158166748588));
#2110 = ORIENTED_EDGE('',*,*,#2111,.T.);
#2111 = EDGE_CURVE('',#2104,#2112,#2114,.T.);
#2112 = VERTEX_POINT('',#2113);
#2113 = CARTESIAN_POINT('',(43.7,2.,-2.025496101945));
#2114 = ELLIPSE('',#2115,2.025496101945,2.);
#2115 = AXIS2_PLACEMENT_3D('',#2116,#2117,#2118);
#2116 = CARTESIAN_POINT('',(41.7,2.,-1.705129969222));
#2117 = DIRECTION('',(0.158166748588,-0.,0.987412416187));
#2118 = DIRECTION('',(0.987412416187,0.,-0.158166748588));
#2119 = ORIENTED_EDGE('',*,*,#2120,.T.);
#2120 = EDGE_CURVE('',#2112,#2121,#2123,.T.);
#2121 = VERTEX_POINT('',#2122);
#2122 = CARTESIAN_POINT('',(43.7,18.8,-2.025496101945));
#2123 = LINE('',#2124,#2125);
#2124 = CARTESIAN_POINT('',(43.7,5.E-16,-2.025496101945));
#2125 = VECTOR('',#2126,1.);
#2126 = DIRECTION('',(0.,1.,-0.));
#2127 = ORIENTED_EDGE('',*,*,#2128,.F.);
#2128 = EDGE_CURVE('',#2129,#2121,#2131,.T.);
#2129 = VERTEX_POINT('',#2130);
#2130 = CARTESIAN_POINT('',(41.7,20.8,-1.705129969222));
#2131 = ELLIPSE('',#2132,2.025496101945,2.);
#2132 = AXIS2_PLACEMENT_3D('',#2133,#2134,#2135);
#2133 = CARTESIAN_POINT('',(41.7,18.8,-1.705129969222));
#2134 = DIRECTION('',(-0.158166748588,0.,-0.987412416187));
#2135 = DIRECTION('',(-0.987412416187,0.,0.158166748588));
#2136 = ORIENTED_EDGE('',*,*,#2137,.T.);
#2137 = EDGE_CURVE('',#2129,#1179,#2138,.T.);
#2138 = LINE('',#2139,#2140);
#2139 = CARTESIAN_POINT('',(43.7,20.8,-2.025496101945));
#2140 = VECTOR('',#2141,1.);
#2141 = DIRECTION('',(-0.987412416187,0.,0.158166748588));
#2142 = ORIENTED_EDGE('',*,*,#1178,.T.);
#2143 = PLANE('',#2144);
#2144 = AXIS2_PLACEMENT_3D('',#2145,#2146,#2147);
#2145 = CARTESIAN_POINT('',(28.684292684025,10.4,0.379765939515));
#2146 = DIRECTION('',(0.158166748588,0.,0.987412416187));
#2147 = DIRECTION('',(0.987412416187,0.,-0.158166748588));
#2148 = ADVANCED_FACE('',(#2149,#2206),#2217,.T.);
#2149 = FACE_BOUND('',#2150,.T.);
#2150 = EDGE_LOOP('',(#2151,#2161,#2183,#2190,#2191,#2192,#2200));
#2151 = ORIENTED_EDGE('',*,*,#2152,.F.);
#2152 = EDGE_CURVE('',#2153,#2155,#2157,.T.);
#2153 = VERTEX_POINT('',#2154);
#2154 = CARTESIAN_POINT('',(2.,0.,3.159361069605));
#2155 = VERTEX_POINT('',#2156);
#2156 = CARTESIAN_POINT('',(2.,0.,17.571572875254));
#2157 = LINE('',#2158,#2159);
#2158 = CARTESIAN_POINT('',(2.,-2.2E-16,-8.923635680886E-02));
#2159 = VECTOR('',#2160,1.);
#2160 = DIRECTION('',(0.,0.,1.));
#2161 = ORIENTED_EDGE('',*,*,#2162,.T.);
#2162 = EDGE_CURVE('',#2153,#2163,#2165,.T.);
#2163 = VERTEX_POINT('',#2164);
#2164 = CARTESIAN_POINT('',(2.842573656031,0.,2.090328549496));
#2165 = ( BOUNDED_CURVE() B_SPLINE_CURVE(6,(#2166,#2167,#2168,#2169,
    #2170,#2171,#2172,#2173,#2174,#2175,#2176,#2177,#2178,#2179,#2180,
#2181,#2182),.UNSPECIFIED.,.F.,.F.) B_SPLINE_CURVE_WITH_KNOTS((7,5,5,7),
  (2.213633043949,2.903110355866,3.579182420102,4.479839548733),
.UNSPECIFIED.) CURVE() GEOMETRIC_REPRESENTATION_ITEM() 
RATIONAL_B_SPLINE_CURVE((1.,1.,1.,1.,1.,1.,1.,1.,1.,1.,1.,1.,1.,1.,1.,1.
,1.)) REPRESENTATION_ITEM('') );
#2166 = CARTESIAN_POINT('',(2.,2.5E-16,3.159361069603));
#2167 = CARTESIAN_POINT('',(2.035023358492,-8.9E-16,3.078706563993));
#2168 = CARTESIAN_POINT('',(2.072724189177,3.11E-15,3.001083302378));
#2169 = CARTESIAN_POINT('',(2.112462651652,-4.E-15,2.926674722831));
#2170 = CARTESIAN_POINT('',(2.153671550484,4.44E-15,2.855576917917));
#2171 = CARTESIAN_POINT('',(2.195856335217,-1.55E-15,2.787798634695));
#2172 = CARTESIAN_POINT('',(2.2805029118,1.33E-15,2.659978690319));
#2173 = CARTESIAN_POINT('',(2.32253375486,-2.E-15,2.599917955417));
#2174 = CARTESIAN_POINT('',(2.365235753558,4.22E-15,2.542563367118));
#2175 = CARTESIAN_POINT('',(2.407837401469,-3.77E-15,2.488047298206));
#2176 = CARTESIAN_POINT('',(2.449738407007,2.E-15,2.436573643838));
#2177 = CARTESIAN_POINT('',(2.548301770818,-8.9E-16,2.322920435389));
#2178 = CARTESIAN_POINT('',(2.604009088029,8.9E-16,2.263158703775));
#2179 = CARTESIAN_POINT('',(2.660707292606,4.4E-16,2.208643072919));
#2180 = CARTESIAN_POINT('',(2.717457615619,-1.11E-15,2.160796158551));
#2181 = CARTESIAN_POINT('',(2.777071709034,8.9E-16,2.120755577952));
#2182 = CARTESIAN_POINT('',(2.842573656031,2.5E-16,2.090328549496));
#2183 = ORIENTED_EDGE('',*,*,#2184,.T.);
#2184 = EDGE_CURVE('',#2163,#809,#2185,.T.);
#2185 = CIRCLE('',#2186,1.455943456656);
#2186 = AXIS2_PLACEMENT_3D('',#2187,#2188,#2189);
#2187 = CARTESIAN_POINT('',(3.455943456656,2.5E-16,3.410763643191));
#2188 = DIRECTION('',(0.,-1.,0.));
#2189 = DIRECTION('',(-0.421286828016,-0.,-0.906927454949));
#2190 = ORIENTED_EDGE('',*,*,#808,.T.);
#2191 = ORIENTED_EDGE('',*,*,#2103,.T.);
#2192 = ORIENTED_EDGE('',*,*,#2193,.F.);
#2193 = EDGE_CURVE('',#2194,#2104,#2196,.T.);
#2194 = VERTEX_POINT('',#2195);
#2195 = CARTESIAN_POINT('',(41.7,0.,17.571572875254));
#2196 = LINE('',#2197,#2198);
#2197 = CARTESIAN_POINT('',(41.7,-2.2E-16,19.4));
#2198 = VECTOR('',#2199,1.);
#2199 = DIRECTION('',(-0.,-0.,-1.));
#2200 = ORIENTED_EDGE('',*,*,#2201,.F.);
#2201 = EDGE_CURVE('',#2155,#2194,#2202,.T.);
#2202 = LINE('',#2203,#2204);
#2203 = CARTESIAN_POINT('',(2.,0.,17.571572875254));
#2204 = VECTOR('',#2205,1.);
#2205 = DIRECTION('',(1.,0.,0.));
#2206 = FACE_BOUND('',#2207,.T.);
#2207 = EDGE_LOOP('',(#2208));
#2208 = ORIENTED_EDGE('',*,*,#2209,.F.);
#2209 = EDGE_CURVE('',#2210,#2210,#2212,.T.);
#2210 = VERTEX_POINT('',#2211);
#2211 = CARTESIAN_POINT('',(4.555943456656,1.E-15,3.410763643191));
#2212 = CIRCLE('',#2213,1.1);
#2213 = AXIS2_PLACEMENT_3D('',#2214,#2215,#2216);
#2214 = CARTESIAN_POINT('',(3.455943456656,0.,3.410763643191));
#2215 = DIRECTION('',(0.,-1.,0.));
#2216 = DIRECTION('',(1.,0.,0.));
#2217 = PLANE('',#2218);
#2218 = AXIS2_PLACEMENT_3D('',#2219,#2220,#2221);
#2219 = CARTESIAN_POINT('',(21.73567372054,2.5E-16,9.516725916936));
#2220 = DIRECTION('',(-0.,-1.,-0.));
#2221 = DIRECTION('',(0.,0.,-1.));
#2222 = ADVANCED_FACE('',(#2223),#2233,.F.);
#2223 = FACE_BOUND('',#2224,.F.);
#2224 = EDGE_LOOP('',(#2225,#2226,#2227,#2228));
#2225 = ORIENTED_EDGE('',*,*,#872,.T.);
#2226 = ORIENTED_EDGE('',*,*,#833,.F.);
#2227 = ORIENTED_EDGE('',*,*,#2096,.F.);
#2228 = ORIENTED_EDGE('',*,*,#2229,.F.);
#2229 = EDGE_CURVE('',#873,#2076,#2230,.T.);
#2230 = B_SPLINE_CURVE_WITH_KNOTS('',1,(#2231,#2232),.UNSPECIFIED.,.F.,
  .F.,(2,2),(0.,1.660916009442),.PIECEWISE_BEZIER_KNOTS.);
#2231 = CARTESIAN_POINT('',(41.712587583813,1.,-1.200772261509));
#2232 = CARTESIAN_POINT('',(41.633504209519,0.5,-1.694478469603));
#2233 = PLANE('',#2234);
#2234 = AXIS2_PLACEMENT_3D('',#2235,#2236,#2237);
#2235 = CARTESIAN_POINT('',(41.75212927096,0.75,-1.460293182949));
#2236 = DIRECTION('',(0.111840780485,-0.707106781187,0.698206015314));
#2237 = DIRECTION('',(-0.987412416187,0.,0.158166748588));
#2238 = ADVANCED_FACE('',(#2239),#2250,.T.);
#2239 = FACE_BOUND('',#2240,.F.);
#2240 = EDGE_LOOP('',(#2241,#2247,#2248,#2249));
#2241 = ORIENTED_EDGE('',*,*,#2242,.F.);
#2242 = EDGE_CURVE('',#2163,#1936,#2243,.T.);
#2243 = ( BOUNDED_CURVE() B_SPLINE_CURVE(2,(#2244,#2245,#2246),
.UNSPECIFIED.,.F.,.F.) B_SPLINE_CURVE_WITH_KNOTS((3,3),(0.,
2.266206504784),.PIECEWISE_BEZIER_KNOTS.) CURVE() 
GEOMETRIC_REPRESENTATION_ITEM() RATIONAL_B_SPLINE_CURVE((1.,
0.707106781187,1.)) REPRESENTATION_ITEM('') );
#2244 = CARTESIAN_POINT('',(2.842573656031,2.5E-16,2.090328549496));
#2245 = CARTESIAN_POINT('',(2.,4.4E-16,0.276473639598));
#2246 = CARTESIAN_POINT('',(2.,2.,0.276473639598));
#2247 = ORIENTED_EDGE('',*,*,#2184,.T.);
#2248 = ORIENTED_EDGE('',*,*,#816,.T.);
#2249 = ORIENTED_EDGE('',*,*,#1935,.F.);
#2250 = SURFACE_OF_REVOLUTION('',#2251,#2264);
#2251 = B_SPLINE_CURVE_WITH_KNOTS('',6,(#2252,#2253,#2254,#2255,#2256,
    #2257,#2258,#2259,#2260,#2261,#2262,#2263),.UNSPECIFIED.,.F.,.F.,(7,
    5,7),(4.712388980385,5.497787143782,6.28318530718),.UNSPECIFIED.);
#2252 = CARTESIAN_POINT('',(2.842573656031,4.440892098501E-16,
    2.090328549496));
#2253 = CARTESIAN_POINT('',(2.732281022369,5.179856543691E-16,
    1.852895497012));
#2254 = CARTESIAN_POINT('',(2.621988572925,4.11231903629E-02,
    1.615462841107));
#2255 = CARTESIAN_POINT('',(2.515096732805,0.12337064242,1.38535086497)
  );
#2256 = CARTESIAN_POINT('',(2.41501170175,0.244624988751,1.169892283174)
  );
#2257 = CARTESIAN_POINT('',(2.32477277938,0.400666315204,0.975629964108)
  );
#2258 = CARTESIAN_POINT('',(2.168795441025,0.77090656005,0.63984892113)
  );
#2259 = CARTESIAN_POINT('',(2.103057285564,0.985104860042,0.498330758063
    ));
#2260 = CARTESIAN_POINT('',(2.051974426615,1.222674668543,0.388361862343
    ));
#2261 = CARTESIAN_POINT('',(2.017324658426,1.476401661679,0.313769389973
    ));
#2262 = CARTESIAN_POINT('',(2.,1.738200612201,0.276473639598));
#2263 = CARTESIAN_POINT('',(2.,2.,0.276473639598));
#2264 = AXIS1_PLACEMENT('',#2265,#2266);
#2265 = CARTESIAN_POINT('',(3.455943456656,2.,3.410763643191));
#2266 = DIRECTION('',(0.,1.,0.));
#2267 = ADVANCED_FACE('',(#2268),#2274,.T.);
#2268 = FACE_BOUND('',#2269,.F.);
#2269 = EDGE_LOOP('',(#2270,#2271,#2272,#2273));
#2270 = ORIENTED_EDGE('',*,*,#986,.F.);
#2271 = ORIENTED_EDGE('',*,*,#2023,.T.);
#2272 = ORIENTED_EDGE('',*,*,#848,.T.);
#2273 = ORIENTED_EDGE('',*,*,#905,.F.);
#2274 = CONICAL_SURFACE('',#2275,3.455943456656,0.785398163397);
#2275 = AXIS2_PLACEMENT_3D('',#2276,#2277,#2278);
#2276 = CARTESIAN_POINT('',(3.455943456656,3.4,3.410763643191));
#2277 = DIRECTION('',(-0.,-1.,-0.));
#2278 = DIRECTION('',(-1.,0.,-1.2206978207E-07));
#2279 = ADVANCED_FACE('',(#2280),#2291,.F.);
#2280 = FACE_BOUND('',#2281,.F.);
#2281 = EDGE_LOOP('',(#2282,#2283,#2289,#2290));
#2282 = ORIENTED_EDGE('',*,*,#2209,.F.);
#2283 = ORIENTED_EDGE('',*,*,#2284,.T.);
#2284 = EDGE_CURVE('',#2210,#916,#2285,.T.);
#2285 = LINE('',#2286,#2287);
#2286 = CARTESIAN_POINT('',(4.555943456656,1.01E-15,3.410763643191));
#2287 = VECTOR('',#2288,1.);
#2288 = DIRECTION('',(0.,1.,-2.2E-16));
#2289 = ORIENTED_EDGE('',*,*,#915,.T.);
#2290 = ORIENTED_EDGE('',*,*,#2284,.F.);
#2291 = CYLINDRICAL_SURFACE('',#2292,1.1);
#2292 = AXIS2_PLACEMENT_3D('',#2293,#2294,#2295);
#2293 = CARTESIAN_POINT('',(3.455943456656,1.01E-15,3.410763643191));
#2294 = DIRECTION('',(0.,-1.,2.2E-16));
#2295 = DIRECTION('',(1.,0.,0.));
#2296 = ADVANCED_FACE('',(#2297),#2308,.T.);
#2297 = FACE_BOUND('',#2298,.T.);
#2298 = EDGE_LOOP('',(#2299,#2305,#2306,#2307));
#2299 = ORIENTED_EDGE('',*,*,#2300,.T.);
#2300 = EDGE_CURVE('',#935,#2068,#2301,.T.);
#2301 = LINE('',#2302,#2303);
#2302 = CARTESIAN_POINT('',(42.959440687859,2.,-1.656871040504));
#2303 = VECTOR('',#2304,1.);
#2304 = DIRECTION('',(0.648780876495,0.,-0.760975278373));
#2305 = ORIENTED_EDGE('',*,*,#2075,.T.);
#2306 = ORIENTED_EDGE('',*,*,#2229,.F.);
#2307 = ORIENTED_EDGE('',*,*,#942,.F.);
#2308 = B_SPLINE_SURFACE_WITH_KNOTS('',1,8,(
    (#2309,#2310,#2311,#2312,#2313,#2314,#2315,#2316,#2317,#2318,#2319
      ,#2320,#2321,#2322,#2323,#2324)
    ,(#2325,#2326,#2327,#2328,#2329,#2330,#2331,#2332,#2333,#2334,#2335
      ,#2336,#2337,#2338,#2339,#2340
    )),.UNSPECIFIED.,.F.,.F.,.F.,(2,2),(9,7,9),(0.,1.660916009442),(
    53.625166252795,55.206469539658,55.286082262238),.UNSPECIFIED.);
#2309 = CARTESIAN_POINT('',(42.712587583813,2.,-1.367329353357));
#2310 = CARTESIAN_POINT('',(42.712587583812,1.819377221787,
    -1.367329353357));
#2311 = CARTESIAN_POINT('',(42.675325669705,1.638725874546,
    -1.360837230966));
#2312 = CARTESIAN_POINT('',(42.600613064143,1.466228859887,
    -1.347849082441));
#2313 = CARTESIAN_POINT('',(42.490631678754,1.309261149205,
    -1.328769204512));
#2314 = CARTESIAN_POINT('',(42.346449528418,1.17725936401,
    -1.304301010024));
#2315 = CARTESIAN_POINT('',(42.176837559259,1.077914873538,
    -1.275839909227));
#2316 = CARTESIAN_POINT('',(41.987351699701,1.018652564565,
    -1.244887336891));
#2317 = CARTESIAN_POINT('',(41.781802447059,1.002349265997,
    -1.211864575726));
#2318 = CARTESIAN_POINT('',(41.771892239989,1.001675337713,-1.2102737806
    ));
#2319 = CARTESIAN_POINT('',(41.762015398629,1.00111735798,
    -1.208690517632));
#2320 = CARTESIAN_POINT('',(41.752132334516,1.000670512002,
    -1.207106877573));
#2321 = CARTESIAN_POINT('',(41.742240851415,1.000334657983,
    -1.205522126101));
#2322 = CARTESIAN_POINT('',(41.732359459287,1.000111821197,
    -1.203939412837));
#2323 = CARTESIAN_POINT('',(41.7224730056,1.,-1.202355738683));
#2324 = CARTESIAN_POINT('',(41.712587583813,1.,-1.200772261509));
#2325 = CARTESIAN_POINT('',(43.206293791906,2.,-1.946412727651));
#2326 = CARTESIAN_POINT('',(43.206293791906,1.704225505769,
    -1.946412727651));
#2327 = CARTESIAN_POINT('',(43.139872130517,1.408436641144,
    -1.935773102257));
#2328 = CARTESIAN_POINT('',(43.00740551902,1.130569335937,
    -1.914554194238));
#2329 = CARTESIAN_POINT('',(42.813435812039,0.887939993259,
    -1.883483531791));
#2330 = CARTESIAN_POINT('',(42.572659713528,0.697338442546,
    -1.844915278026));
#2331 = CARTESIAN_POINT('',(42.296612566539,0.5641300863,-1.80069719956)
  );
#2332 = CARTESIAN_POINT('',(42.002357540609,0.501358199095,
    -1.753562527215));
#2333 = CARTESIAN_POINT('',(41.700408250773,0.49993728902,
    -1.705195364083));
#2334 = CARTESIAN_POINT('',(41.692788179489,0.50003448618,
    -1.703974757699));
#2335 = CARTESIAN_POINT('',(41.683022185092,0.499988531905,
    -1.70241041077));
#2336 = CARTESIAN_POINT('',(41.672918908589,0.499986789029,
    -1.700792036959));
#2337 = CARTESIAN_POINT('',(41.663251104732,0.500017789926,
    -1.699243418493));
#2338 = CARTESIAN_POINT('',(41.653246744933,0.499993074718,
    -1.697640889463));
#2339 = CARTESIAN_POINT('',(41.643389631305,0.5,-1.696061946777));
#2340 = CARTESIAN_POINT('',(41.633504209519,0.5,-1.694478469603));
#2341 = ADVANCED_FACE('',(#2342),#2408,.T.);
#2342 = FACE_BOUND('',#2343,.T.);
#2343 = EDGE_LOOP('',(#2344,#2354,#2362,#2370,#2385,#2391,#2392,#2393,
    #2394,#2395));
#2344 = ORIENTED_EDGE('',*,*,#2345,.T.);
#2345 = EDGE_CURVE('',#2346,#2348,#2350,.T.);
#2346 = VERTEX_POINT('',#2347);
#2347 = CARTESIAN_POINT('',(0.,2.,3.410963186023));
#2348 = VERTEX_POINT('',#2349);
#2349 = CARTESIAN_POINT('',(0.,2.,17.571572875254));
#2350 = LINE('',#2351,#2352);
#2351 = CARTESIAN_POINT('',(-4.4E-16,2.,-8.923635680886E-02));
#2352 = VECTOR('',#2353,1.);
#2353 = DIRECTION('',(0.,0.,1.));
#2354 = ORIENTED_EDGE('',*,*,#2355,.F.);
#2355 = EDGE_CURVE('',#2356,#2348,#2358,.T.);
#2356 = VERTEX_POINT('',#2357);
#2357 = CARTESIAN_POINT('',(0.,18.8,17.571572875254));
#2358 = LINE('',#2359,#2360);
#2359 = CARTESIAN_POINT('',(-4.4E-16,18.8,17.571572875254));
#2360 = VECTOR('',#2361,1.);
#2361 = DIRECTION('',(0.,-1.,0.));
#2362 = ORIENTED_EDGE('',*,*,#2363,.F.);
#2363 = EDGE_CURVE('',#2364,#2356,#2366,.T.);
#2364 = VERTEX_POINT('',#2365);
#2365 = CARTESIAN_POINT('',(0.,18.8,3.410963186024));
#2366 = LINE('',#2367,#2368);
#2367 = CARTESIAN_POINT('',(-4.4E-16,18.8,-8.923635680886E-02));
#2368 = VECTOR('',#2369,1.);
#2369 = DIRECTION('',(0.,0.,1.));
#2370 = ORIENTED_EDGE('',*,*,#2371,.F.);
#2371 = EDGE_CURVE('',#2372,#2364,#2374,.T.);
#2372 = VERTEX_POINT('',#2373);
#2373 = CARTESIAN_POINT('',(2.4E-14,18.799800035301,3.410763221325));
#2374 = B_SPLINE_CURVE_WITH_KNOTS('',9,(#2375,#2376,#2377,#2378,#2379,
    #2380,#2381,#2382,#2383,#2384),.UNSPECIFIED.,.F.,.F.,(10,10),(0.,1.)
  ,.PIECEWISE_BEZIER_KNOTS.);
#2375 = CARTESIAN_POINT('',(1.3E-16,18.799800035301,3.410763221325));
#2376 = CARTESIAN_POINT('',(1.3E-16,18.799835112298,3.410763221325));
#2377 = CARTESIAN_POINT('',(1.3E-16,18.799870189677,3.410769348046));
#2378 = CARTESIAN_POINT('',(1.3E-16,18.799904041756,3.410782216684));
#2379 = CARTESIAN_POINT('',(1.3E-16,18.799935027287,3.410801993361));
#2380 = CARTESIAN_POINT('',(1.3E-16,18.799961227964,3.410828194038));
#2381 = CARTESIAN_POINT('',(1.3E-16,18.799981004641,3.410859179569));
#2382 = CARTESIAN_POINT('',(1.3E-16,18.799993873279,3.410893031648));
#2383 = CARTESIAN_POINT('',(1.3E-16,18.8,3.410928109027));
#2384 = CARTESIAN_POINT('',(1.3E-16,18.8,3.410963186024));
#2385 = ORIENTED_EDGE('',*,*,#2386,.F.);
#2386 = EDGE_CURVE('',#1096,#2372,#2387,.T.);
#2387 = LINE('',#2388,#2389);
#2388 = CARTESIAN_POINT('',(2.442E-14,1.01E-15,3.410763221325));
#2389 = VECTOR('',#2390,1.);
#2390 = DIRECTION('',(0.,1.,-2.2E-16));
#2391 = ORIENTED_EDGE('',*,*,#1103,.T.);
#2392 = ORIENTED_EDGE('',*,*,#1026,.F.);
#2393 = ORIENTED_EDGE('',*,*,#978,.T.);
#2394 = ORIENTED_EDGE('',*,*,#2017,.F.);
#2395 = ORIENTED_EDGE('',*,*,#2396,.T.);
#2396 = EDGE_CURVE('',#2010,#2346,#2397,.T.);
#2397 = B_SPLINE_CURVE_WITH_KNOTS('',9,(#2398,#2399,#2400,#2401,#2402,
    #2403,#2404,#2405,#2406,#2407),.UNSPECIFIED.,.F.,.F.,(10,10),(0.,1.)
  ,.PIECEWISE_BEZIER_KNOTS.);
#2398 = CARTESIAN_POINT('',(1.3E-16,2.000199964699,3.410763221325));
#2399 = CARTESIAN_POINT('',(1.3E-16,2.000164887702,3.410763221325));
#2400 = CARTESIAN_POINT('',(1.3E-16,2.000129810322,3.410769348046));
#2401 = CARTESIAN_POINT('',(1.3E-16,2.000095958244,3.410782216684));
#2402 = CARTESIAN_POINT('',(1.3E-16,2.000064972713,3.410801993361));
#2403 = CARTESIAN_POINT('',(1.3E-16,2.000038772036,3.410828194038));
#2404 = CARTESIAN_POINT('',(1.3E-16,2.000018995359,3.410859179569));
#2405 = CARTESIAN_POINT('',(1.3E-16,2.000006126721,3.410893031647));
#2406 = CARTESIAN_POINT('',(1.3E-16,2.,3.410928109027));
#2407 = CARTESIAN_POINT('',(1.3E-16,2.,3.410963186023));
#2408 = PLANE('',#2409);
#2409 = AXIS2_PLACEMENT_3D('',#2410,#2411,#2412);
#2410 = CARTESIAN_POINT('',(1.3E-16,10.4,9.700270793005));
#2411 = DIRECTION('',(-1.,-0.,-0.));
#2412 = DIRECTION('',(0.,0.,-1.));
#2413 = ADVANCED_FACE('',(#2414),#2424,.F.);
#2414 = FACE_BOUND('',#2415,.F.);
#2415 = EDGE_LOOP('',(#2416,#2421,#2422,#2423));
#2416 = ORIENTED_EDGE('',*,*,#2417,.F.);
#2417 = EDGE_CURVE('',#1002,#2047,#2418,.T.);
#2418 = B_SPLINE_CURVE_WITH_KNOTS('',1,(#2419,#2420),.UNSPECIFIED.,.F.,
  .F.,(2,2),(0.,1.660916009442),.PIECEWISE_BEZIER_KNOTS.);
#2419 = CARTESIAN_POINT('',(42.712587583813,18.8,-1.367329353357));
#2420 = CARTESIAN_POINT('',(43.206293791906,18.8,-1.946412727651));
#2421 = ORIENTED_EDGE('',*,*,#1009,.T.);
#2422 = ORIENTED_EDGE('',*,*,#2300,.T.);
#2423 = ORIENTED_EDGE('',*,*,#2067,.F.);
#2424 = PLANE('',#2425);
#2425 = AXIS2_PLACEMENT_3D('',#2426,#2427,#2428);
#2426 = CARTESIAN_POINT('',(42.959440687859,18.8,-1.656871040504));
#2427 = DIRECTION('',(0.760975278373,0.,0.648780876495));
#2428 = DIRECTION('',(0.,-1.,0.));
#2429 = ADVANCED_FACE('',(#2430),#2441,.T.);
#2430 = FACE_BOUND('',#2431,.T.);
#2431 = EDGE_LOOP('',(#2432,#2438,#2439,#2440));
#2432 = ORIENTED_EDGE('',*,*,#2433,.T.);
#2433 = EDGE_CURVE('',#1052,#2039,#2434,.T.);
#2434 = LINE('',#2435,#2436);
#2435 = CARTESIAN_POINT('',(41.673045896666,20.05,-1.447625365556));
#2436 = VECTOR('',#2437,1.);
#2437 = DIRECTION('',(-0.111840780485,0.707106781187,-0.698206015314));
#2438 = ORIENTED_EDGE('',*,*,#2046,.T.);
#2439 = ORIENTED_EDGE('',*,*,#2417,.F.);
#2440 = ORIENTED_EDGE('',*,*,#1059,.F.);
#2441 = B_SPLINE_SURFACE_WITH_KNOTS('',1,8,(
    (#2442,#2443,#2444,#2445,#2446,#2447,#2448,#2449,#2450,#2451,#2452
      ,#2453,#2454,#2455,#2456,#2457)
    ,(#2458,#2459,#2460,#2461,#2462,#2463,#2464,#2465,#2466,#2467,#2468
      ,#2469,#2470,#2471,#2472,#2473
    )),.UNSPECIFIED.,.F.,.F.,.F.,(2,2),(9,7,9),(0.,1.660916009442),(
    35.164250243353,35.243862965933,36.825166252796),.UNSPECIFIED.);
#2442 = CARTESIAN_POINT('',(41.712587583813,19.8,-1.200772261509));
#2443 = CARTESIAN_POINT('',(41.7224730056,19.8,-1.202355738683));
#2444 = CARTESIAN_POINT('',(41.732359459287,19.799888178802,
    -1.203939412837));
#2445 = CARTESIAN_POINT('',(41.742240851415,19.799665342018,
    -1.205522126101));
#2446 = CARTESIAN_POINT('',(41.752132334517,19.799329487997,
    -1.207106877573));
#2447 = CARTESIAN_POINT('',(41.762015398628,19.79888264202,
    -1.208690517632));
#2448 = CARTESIAN_POINT('',(41.771892239989,19.798324662287,
    -1.2102737806));
#2449 = CARTESIAN_POINT('',(41.781802447059,19.797650734003,
    -1.211864575726));
#2450 = CARTESIAN_POINT('',(41.987351699702,19.781347435435,
    -1.244887336891));
#2451 = CARTESIAN_POINT('',(42.176837559255,19.722085126463,
    -1.275839909227));
#2452 = CARTESIAN_POINT('',(42.346449528426,19.622740635989,
    -1.304301010025));
#2453 = CARTESIAN_POINT('',(42.490631678745,19.490738850797,
    -1.328769204511));
#2454 = CARTESIAN_POINT('',(42.60061306415,19.333771140111,
    -1.347849082441));
#2455 = CARTESIAN_POINT('',(42.675325669702,19.161274125455,
    -1.360837230966));
#2456 = CARTESIAN_POINT('',(42.712587583813,18.980622778213,
    -1.367329353357));
#2457 = CARTESIAN_POINT('',(42.712587583813,18.8,-1.367329353357));
#2458 = CARTESIAN_POINT('',(41.633504209519,20.3,-1.694478469603));
#2459 = CARTESIAN_POINT('',(41.643389631306,20.3,-1.696061946777));
#2460 = CARTESIAN_POINT('',(41.653246744931,20.300006925281,
    -1.697640889463));
#2461 = CARTESIAN_POINT('',(41.663251104735,20.299982210075,
    -1.699243418493));
#2462 = CARTESIAN_POINT('',(41.672918908585,20.30001321097,
    -1.700792036959));
#2463 = CARTESIAN_POINT('',(41.683022185095,20.300011468096,
    -1.702410410771));
#2464 = CARTESIAN_POINT('',(41.692788179488,20.29996551382,
    -1.703974757699));
#2465 = CARTESIAN_POINT('',(41.700408250773,20.30006271098,
    -1.705195364083));
#2466 = CARTESIAN_POINT('',(42.002357540613,20.298641800905,
    -1.753562527215));
#2467 = CARTESIAN_POINT('',(42.296612566528,20.235869913699,
    -1.800697199559));
#2468 = CARTESIAN_POINT('',(42.572659713544,20.102661557454,
    -1.844915278028));
#2469 = CARTESIAN_POINT('',(42.813435812023,19.912060006744,
    -1.883483531789));
#2470 = CARTESIAN_POINT('',(43.007405519031,19.669430664059,
    -1.914554194239));
#2471 = CARTESIAN_POINT('',(43.139872130512,19.391563358859,
    -1.935773102256));
#2472 = CARTESIAN_POINT('',(43.206293791907,19.09577449423,
    -1.946412727651));
#2473 = CARTESIAN_POINT('',(43.206293791906,18.8,-1.946412727651));
#2474 = ADVANCED_FACE('',(#2475),#2487,.T.);
#2475 = FACE_BOUND('',#2476,.F.);
#2476 = EDGE_LOOP('',(#2477,#2478,#2479,#2480));
#2477 = ORIENTED_EDGE('',*,*,#1095,.F.);
#2478 = ORIENTED_EDGE('',*,*,#1151,.T.);
#2479 = ORIENTED_EDGE('',*,*,#1229,.T.);
#2480 = ORIENTED_EDGE('',*,*,#2481,.F.);
#2481 = EDGE_CURVE('',#1096,#1230,#2482,.T.);
#2482 = CIRCLE('',#2483,3.455943456656);
#2483 = AXIS2_PLACEMENT_3D('',#2484,#2485,#2486);
#2484 = CARTESIAN_POINT('',(3.455943456656,17.4,3.410763643191));
#2485 = DIRECTION('',(0.,-1.,-0.));
#2486 = DIRECTION('',(-1.,0.,-1.2206978271E-07));
#2487 = CONICAL_SURFACE('',#2488,3.455943456656,0.785398163397);
#2488 = AXIS2_PLACEMENT_3D('',#2489,#2490,#2491);
#2489 = CARTESIAN_POINT('',(3.455943456656,17.4,3.410763643191));
#2490 = DIRECTION('',(0.,1.,0.));
#2491 = DIRECTION('',(-1.,0.,-1.2206978271E-07));
#2492 = ADVANCED_FACE('',(#2493),#2499,.F.);
#2493 = FACE_BOUND('',#2494,.F.);
#2494 = EDGE_LOOP('',(#2495,#2496,#2497,#2498));
#2495 = ORIENTED_EDGE('',*,*,#1118,.T.);
#2496 = ORIENTED_EDGE('',*,*,#2433,.T.);
#2497 = ORIENTED_EDGE('',*,*,#2038,.F.);
#2498 = ORIENTED_EDGE('',*,*,#1214,.T.);
#2499 = PLANE('',#2500);
#2500 = AXIS2_PLACEMENT_3D('',#2501,#2502,#2503);
#2501 = CARTESIAN_POINT('',(6.951428600459,20.05,4.114189761983));
#2502 = DIRECTION('',(0.111840780485,0.707106781187,0.698206015314));
#2503 = DIRECTION('',(0.987412416187,-2.775557561563E-17,-0.158166748588
    ));
#2504 = ADVANCED_FACE('',(#2505),#2524,.F.);
#2505 = FACE_BOUND('',#2506,.F.);
#2506 = EDGE_LOOP('',(#2507,#2508,#2516,#2523));
#2507 = ORIENTED_EDGE('',*,*,#1161,.F.);
#2508 = ORIENTED_EDGE('',*,*,#2509,.T.);
#2509 = EDGE_CURVE('',#1162,#2510,#2512,.T.);
#2510 = VERTEX_POINT('',#2511);
#2511 = CARTESIAN_POINT('',(4.555943456656,20.8,3.410763643191));
#2512 = LINE('',#2513,#2514);
#2513 = CARTESIAN_POINT('',(4.555943456656,1.01E-15,3.410763643191));
#2514 = VECTOR('',#2515,1.);
#2515 = DIRECTION('',(0.,1.,-2.2E-16));
#2516 = ORIENTED_EDGE('',*,*,#2517,.T.);
#2517 = EDGE_CURVE('',#2510,#2510,#2518,.T.);
#2518 = CIRCLE('',#2519,1.1);
#2519 = AXIS2_PLACEMENT_3D('',#2520,#2521,#2522);
#2520 = CARTESIAN_POINT('',(3.455943456656,20.8,3.410763643191));
#2521 = DIRECTION('',(0.,-1.,2.2E-16));
#2522 = DIRECTION('',(1.,0.,0.));
#2523 = ORIENTED_EDGE('',*,*,#2509,.F.);
#2524 = CYLINDRICAL_SURFACE('',#2525,1.1);
#2525 = AXIS2_PLACEMENT_3D('',#2526,#2527,#2528);
#2526 = CARTESIAN_POINT('',(3.455943456656,1.01E-15,3.410763643191));
#2527 = DIRECTION('',(0.,-1.,2.2E-16));
#2528 = DIRECTION('',(1.,0.,0.));
#2529 = ADVANCED_FACE('',(#2530,#2587),#2590,.T.);
#2530 = FACE_BOUND('',#2531,.T.);
#2531 = EDGE_LOOP('',(#2532,#2540,#2541,#2542,#2551,#2573,#2581));
#2532 = ORIENTED_EDGE('',*,*,#2533,.F.);
#2533 = EDGE_CURVE('',#2129,#2534,#2536,.T.);
#2534 = VERTEX_POINT('',#2535);
#2535 = CARTESIAN_POINT('',(41.7,20.8,17.571572875254));
#2536 = LINE('',#2537,#2538);
#2537 = CARTESIAN_POINT('',(41.7,20.8,-2.025496101945));
#2538 = VECTOR('',#2539,1.);
#2539 = DIRECTION('',(0.,0.,1.));
#2540 = ORIENTED_EDGE('',*,*,#2137,.T.);
#2541 = ORIENTED_EDGE('',*,*,#1189,.F.);
#2542 = ORIENTED_EDGE('',*,*,#2543,.F.);
#2543 = EDGE_CURVE('',#2544,#1190,#2546,.T.);
#2544 = VERTEX_POINT('',#2545);
#2545 = CARTESIAN_POINT('',(2.842573656031,20.8,2.090328549496));
#2546 = CIRCLE('',#2547,1.455943456656);
#2547 = AXIS2_PLACEMENT_3D('',#2548,#2549,#2550);
#2548 = CARTESIAN_POINT('',(3.455943456656,20.8,3.410763643191));
#2549 = DIRECTION('',(0.,-1.,-0.));
#2550 = DIRECTION('',(-0.421286828016,0.,-0.906927454949));
#2551 = ORIENTED_EDGE('',*,*,#2552,.F.);
#2552 = EDGE_CURVE('',#2553,#2544,#2555,.T.);
#2553 = VERTEX_POINT('',#2554);
#2554 = CARTESIAN_POINT('',(2.,20.8,3.159361069604));
#2555 = ( BOUNDED_CURVE() B_SPLINE_CURVE(6,(#2556,#2557,#2558,#2559,
    #2560,#2561,#2562,#2563,#2564,#2565,#2566,#2567,#2568,#2569,#2570,
#2571,#2572),.UNSPECIFIED.,.F.,.F.) B_SPLINE_CURVE_WITH_KNOTS((7,5,5,7),
  (2.21363304395,2.903110355864,3.579182420101,4.479839548733),
.UNSPECIFIED.) CURVE() GEOMETRIC_REPRESENTATION_ITEM() 
RATIONAL_B_SPLINE_CURVE((1.,1.,1.,1.,1.,1.,1.,1.,1.,1.,1.,1.,1.,1.,1.,1.
,1.)) REPRESENTATION_ITEM('') );
#2556 = CARTESIAN_POINT('',(2.,20.8,3.159361069602));
#2557 = CARTESIAN_POINT('',(2.035023358491,20.8,3.078706563993));
#2558 = CARTESIAN_POINT('',(2.072724189174,20.8,3.001083302379));
#2559 = CARTESIAN_POINT('',(2.11246265165,20.8,2.926674722831));
#2560 = CARTESIAN_POINT('',(2.153671550486,20.8,2.855576917915));
#2561 = CARTESIAN_POINT('',(2.195856335222,20.8,2.787798634691));
#2562 = CARTESIAN_POINT('',(2.280502911799,20.8,2.65997869032));
#2563 = CARTESIAN_POINT('',(2.32253375486,20.8,2.599917955417));
#2564 = CARTESIAN_POINT('',(2.365235753559,20.8,2.542563367118));
#2565 = CARTESIAN_POINT('',(2.407837401468,20.8,2.488047298206));
#2566 = CARTESIAN_POINT('',(2.449738407007,20.8,2.436573643838));
#2567 = CARTESIAN_POINT('',(2.548301770818,20.8,2.322920435389));
#2568 = CARTESIAN_POINT('',(2.604009088029,20.8,2.263158703775));
#2569 = CARTESIAN_POINT('',(2.660707292606,20.8,2.208643072919));
#2570 = CARTESIAN_POINT('',(2.717457615619,20.8,2.160796158551));
#2571 = CARTESIAN_POINT('',(2.777071709035,20.8,2.120755577952));
#2572 = CARTESIAN_POINT('',(2.842573656031,20.8,2.090328549496));
#2573 = ORIENTED_EDGE('',*,*,#2574,.T.);
#2574 = EDGE_CURVE('',#2553,#2575,#2577,.T.);
#2575 = VERTEX_POINT('',#2576);
#2576 = CARTESIAN_POINT('',(2.,20.8,17.571572875254));
#2577 = LINE('',#2578,#2579);
#2578 = CARTESIAN_POINT('',(2.,20.8,-8.923635680886E-02));
#2579 = VECTOR('',#2580,1.);
#2580 = DIRECTION('',(0.,0.,1.));
#2581 = ORIENTED_EDGE('',*,*,#2582,.F.);
#2582 = EDGE_CURVE('',#2534,#2575,#2583,.T.);
#2583 = LINE('',#2584,#2585);
#2584 = CARTESIAN_POINT('',(41.7,20.8,17.571572875254));
#2585 = VECTOR('',#2586,1.);
#2586 = DIRECTION('',(-1.,0.,0.));
#2587 = FACE_BOUND('',#2588,.T.);
#2588 = EDGE_LOOP('',(#2589));
#2589 = ORIENTED_EDGE('',*,*,#2517,.T.);
#2590 = PLANE('',#2591);
#2591 = AXIS2_PLACEMENT_3D('',#2592,#2593,#2594);
#2592 = CARTESIAN_POINT('',(21.73567372054,20.8,9.516725916936));
#2593 = DIRECTION('',(0.,1.,0.));
#2594 = DIRECTION('',(0.,0.,1.));
#2595 = ADVANCED_FACE('',(#2596),#2615,.T.);
#2596 = FACE_BOUND('',#2597,.T.);
#2597 = EDGE_LOOP('',(#2598,#2606,#2607,#2608));
#2598 = ORIENTED_EDGE('',*,*,#2599,.F.);
#2599 = EDGE_CURVE('',#2544,#2600,#2602,.T.);
#2600 = VERTEX_POINT('',#2601);
#2601 = CARTESIAN_POINT('',(2.,18.8,0.276473639598));
#2602 = ( BOUNDED_CURVE() B_SPLINE_CURVE(2,(#2603,#2604,#2605),
.UNSPECIFIED.,.F.,.F.) B_SPLINE_CURVE_WITH_KNOTS((3,3),(0.,
2.266206504783),.PIECEWISE_BEZIER_KNOTS.) CURVE() 
GEOMETRIC_REPRESENTATION_ITEM() RATIONAL_B_SPLINE_CURVE((1.,
0.707106781187,1.)) REPRESENTATION_ITEM('') );
#2603 = CARTESIAN_POINT('',(2.842573656031,20.8,2.090328549496));
#2604 = CARTESIAN_POINT('',(2.,20.8,0.276473639598));
#2605 = CARTESIAN_POINT('',(2.,18.8,0.276473639598));
#2606 = ORIENTED_EDGE('',*,*,#2543,.T.);
#2607 = ORIENTED_EDGE('',*,*,#1197,.T.);
#2608 = ORIENTED_EDGE('',*,*,#2609,.F.);
#2609 = EDGE_CURVE('',#2600,#1198,#2610,.T.);
#2610 = CIRCLE('',#2611,3.455943456656);
#2611 = AXIS2_PLACEMENT_3D('',#2612,#2613,#2614);
#2612 = CARTESIAN_POINT('',(3.455943456656,18.8,3.410763643191));
#2613 = DIRECTION('',(0.,-1.,-0.));
#2614 = DIRECTION('',(-0.421286828016,0.,-0.906927454949));
#2615 = SURFACE_OF_REVOLUTION('',#2616,#2629);
#2616 = B_SPLINE_CURVE_WITH_KNOTS('',6,(#2617,#2618,#2619,#2620,#2621,
    #2622,#2623,#2624,#2625,#2626,#2627,#2628),.UNSPECIFIED.,.F.,.F.,(7,
    5,7),(4.712388980385,5.497787143782,6.28318530718),.UNSPECIFIED.);
#2617 = CARTESIAN_POINT('',(2.842573656031,20.8,2.090328549496));
#2618 = CARTESIAN_POINT('',(2.732281022369,20.8,1.852895497012));
#2619 = CARTESIAN_POINT('',(2.621988572925,20.758876809637,
    1.615462841107));
#2620 = CARTESIAN_POINT('',(2.515096732805,20.67662935758,1.38535086497)
  );
#2621 = CARTESIAN_POINT('',(2.41501170175,20.555375011249,1.169892283174
    ));
#2622 = CARTESIAN_POINT('',(2.32477277938,20.399333684796,0.975629964108
    ));
#2623 = CARTESIAN_POINT('',(2.168795441025,20.02909343995,0.63984892113)
  );
#2624 = CARTESIAN_POINT('',(2.103057285564,19.814895139958,
    0.498330758063));
#2625 = CARTESIAN_POINT('',(2.051974426615,19.577325331457,
    0.388361862343));
#2626 = CARTESIAN_POINT('',(2.017324658426,19.323598338322,
    0.313769389973));
#2627 = CARTESIAN_POINT('',(2.,19.061799387799,0.276473639598));
#2628 = CARTESIAN_POINT('',(2.,18.8,0.276473639598));
#2629 = AXIS1_PLACEMENT('',#2630,#2631);
#2630 = CARTESIAN_POINT('',(3.455943456656,18.8,3.410763643191));
#2631 = DIRECTION('',(-0.,-1.,-0.));
#2632 = ADVANCED_FACE('',(#2633),#2710,.T.);
#2633 = FACE_BOUND('',#2634,.T.);
#2634 = EDGE_LOOP('',(#2635,#2636,#2637,#2638,#2646,#2689,#2709));
#2635 = ORIENTED_EDGE('',*,*,#1255,.F.);
#2636 = ORIENTED_EDGE('',*,*,#2481,.F.);
#2637 = ORIENTED_EDGE('',*,*,#2386,.T.);
#2638 = ORIENTED_EDGE('',*,*,#2639,.F.);
#2639 = EDGE_CURVE('',#2640,#2372,#2642,.T.);
#2640 = VERTEX_POINT('',#2641);
#2641 = CARTESIAN_POINT('',(4.084247E-09,18.800025162151,3.410595625751)
  );
#2642 = B_SPLINE_CURVE_WITH_KNOTS('',2,(#2643,#2644,#2645),
  .UNSPECIFIED.,.F.,.F.,(3,3),(0.,2.274753787159E-04),
  .PIECEWISE_BEZIER_KNOTS.);
#2643 = CARTESIAN_POINT('',(4.19697603E-09,18.80002213487,3.410593322801
    ));
#2644 = CARTESIAN_POINT('',(1.039402E-11,18.799911085086,3.410678272063)
  );
#2645 = CARTESIAN_POINT('',(2.45E-14,18.799800035301,3.410763221325));
#2646 = ORIENTED_EDGE('',*,*,#2647,.T.);
#2647 = EDGE_CURVE('',#2640,#2648,#2650,.T.);
#2648 = VERTEX_POINT('',#2649);
#2649 = CARTESIAN_POINT('',(0.807169473562,18.917750336001,
    1.190956993484));
#2650 = ( BOUNDED_CURVE() B_SPLINE_CURVE(13,(#2651,#2652,#2653,#2654,
    #2655,#2656,#2657,#2658,#2659,#2660,#2661,#2662,#2663,#2664,#2665,
    #2666,#2667,#2668,#2669,#2670,#2671,#2672,#2673,#2674,#2675,#2676,
    #2677,#2678,#2679,#2680,#2681,#2682,#2683,#2684,#2685,#2686,#2687,
#2688),.UNSPECIFIED.,.F.,.F.) B_SPLINE_CURVE_WITH_KNOTS((14,12,12,14),(
    0.,1.106816521974,1.660224782961,2.213633043949),.UNSPECIFIED.) 
CURVE() GEOMETRIC_REPRESENTATION_ITEM() RATIONAL_B_SPLINE_CURVE((1.,1.,
    0.999999999999,1.000000000002,0.999999999995,1.000000000008,
    0.99999999999,1.00000000001,0.999999999992,1.000000000005,
    0.999999999997,1.000000000001,1.,1.,1.,1.000000000001,0.999999999997
    ,1.000000000005,0.999999999994,1.000000000006,0.999999999995,
    1.000000000003,0.999999999998,1.000000000001,1.,1.,1.,1.000000000001
    ,0.999999999998,1.000000000003,0.999999999997,1.000000000003,
    0.999999999998,1.000000000001,0.999999999999,1.,1.,1.)) 
REPRESENTATION_ITEM('') );
#2651 = CARTESIAN_POINT('',(4.08424672E-09,18.800025162151,
    3.410595625751));
#2652 = CARTESIAN_POINT('',(4.56501852864E-06,18.812049031876,
    3.318050430261));
#2653 = CARTESIAN_POINT('',(2.694440976892E-03,18.824053314998,
    3.225680483566));
#2654 = CARTESIAN_POINT('',(8.052020271158E-03,18.835963191877,
    3.133527490109));
#2655 = CARTESIAN_POINT('',(1.606348176591E-02,18.847707568231,
    3.041636127116));
#2656 = CARTESIAN_POINT('',(2.671801816521E-02,18.859215327597,
    2.950052378516));
#2657 = CARTESIAN_POINT('',(4.000705924792E-02,18.870414611027,
    2.858824171922));
#2658 = CARTESIAN_POINT('',(5.592349499698E-02,18.881232096847,
    2.768002015464));
#2659 = CARTESIAN_POINT('',(7.446089888273E-02,18.891592280347,
    2.677639634782));
#2660 = CARTESIAN_POINT('',(9.561275095646E-02,18.901416753539,
    2.587794609879));
#2661 = CARTESIAN_POINT('',(0.119371661143,18.910623484853,
    2.498529012074));
#2662 = CARTESIAN_POINT('',(0.145728592355,18.91912609888,2.409910040894
    ));
#2663 = CARTESIAN_POINT('',(0.174672083745,18.926833156092,
    2.322010661001));
#2664 = CARTESIAN_POINT('',(0.221945168924,18.937054570795,
    2.191360028149));
#2665 = CARTESIAN_POINT('',(0.238345642554,18.94023857862,2.148009518982
    ));
#2666 = CARTESIAN_POINT('',(0.255386906258,18.943187186225,
    2.104868488968));
#2667 = CARTESIAN_POINT('',(0.273066692068,18.945887839377,
    2.061947134866));
#2668 = CARTESIAN_POINT('',(0.291382406678,18.948327638925,
    2.019256057546));
#2669 = CARTESIAN_POINT('',(0.310331085583,18.950493280363,
    1.976806246725));
#2670 = CARTESIAN_POINT('',(0.329909347219,18.952370993297,
    1.934609065687));
#2671 = CARTESIAN_POINT('',(0.350113347098,18.953946481045,1.89267623601
    ));
#2672 = CARTESIAN_POINT('',(0.370938731944,18.95520486008,1.851019822304
    ));
#2673 = CARTESIAN_POINT('',(0.39238059384,18.95613059963,1.809652216922)
  );
#2674 = CARTESIAN_POINT('',(0.414433424352,18.956707461145,
    1.768586124705));
#2675 = CARTESIAN_POINT('',(0.437091068679,18.956918437858,
    1.727834547694));
#2676 = CARTESIAN_POINT('',(0.483602290887,18.956572950728,
    1.646986992042));
#2677 = CARTESIAN_POINT('',(0.507455718502,18.95601680575,1.606891149402
    ));
#2678 = CARTESIAN_POINT('',(0.531901952767,18.955054839226,
    1.567134393253));
#2679 = CARTESIAN_POINT('',(0.556924508404,18.953690132543,
    1.527740279563));
#2680 = CARTESIAN_POINT('',(0.582545080354,18.95182946236,1.488688624517
    ));
#2681 = CARTESIAN_POINT('',(0.608684603071,18.949623304872,
    1.450072226873));
#2682 = CARTESIAN_POINT('',(0.635460870776,18.946736853149,
    1.411760925633));
#2683 = CARTESIAN_POINT('',(0.662685051329,18.943582566779,
    1.373969515217));
#2684 = CARTESIAN_POINT('',(0.690552282557,18.939629140445,
    1.336478885055));
#2685 = CARTESIAN_POINT('',(0.718863898235,18.935305321351,
    1.299512595362));
#2686 = CARTESIAN_POINT('',(0.747767688997,18.93018782518,1.262903476923
    ));
#2687 = CARTESIAN_POINT('',(0.777155272828,18.92447575585,1.226771299219
    ));
#2688 = CARTESIAN_POINT('',(0.807169473562,18.917750336001,
    1.190956993484));
#2689 = ORIENTED_EDGE('',*,*,#2690,.T.);
#2690 = EDGE_CURVE('',#2648,#2600,#2691,.T.);
#2691 = ( BOUNDED_CURVE() B_SPLINE_CURVE(6,(#2692,#2693,#2694,#2695,
    #2696,#2697,#2698,#2699,#2700,#2701,#2702,#2703,#2704,#2705,#2706,
#2707,#2708),.UNSPECIFIED.,.F.,.F.) B_SPLINE_CURVE_WITH_KNOTS((7,5,5,7),
  (2.21363304395,2.903110355864,3.579182420101,4.479839548733),
.UNSPECIFIED.) CURVE() GEOMETRIC_REPRESENTATION_ITEM() 
RATIONAL_B_SPLINE_CURVE((1.,1.,1.,1.,1.,1.,1.,1.,1.,1.,1.,1.,1.,1.,1.,1.
,1.)) REPRESENTATION_ITEM('') );
#2692 = CARTESIAN_POINT('',(0.807169473563,18.917750336,1.190956993482)
  );
#2693 = CARTESIAN_POINT('',(0.888189657846,18.899595771088,
    1.094280034585));
#2694 = CARTESIAN_POINT('',(0.970530615523,18.882589005686,
    1.004663292419));
#2695 = CARTESIAN_POINT('',(1.052980764388,18.86697724036,0.922279683008
    ));
#2696 = CARTESIAN_POINT('',(1.134445079021,18.85295233089,0.847102918921
    ));
#2697 = CARTESIAN_POINT('',(1.213945090787,18.840650788272,
    0.778907509273));
#2698 = CARTESIAN_POINT('',(1.365801945128,18.81986085857,0.656828429165
    ));
#2699 = CARTESIAN_POINT('',(1.437992135987,18.811461829453,0.60291110702
    ));
#2700 = CARTESIAN_POINT('',(1.507297503116,18.804712285034,0.5545374652)
  );
#2701 = CARTESIAN_POINT('',(1.572622888547,18.799780378963,
    0.511596601786));
#2702 = CARTESIAN_POINT('',(1.633043038891,18.796723150653,0.47395500502
    ));
#2703 = CARTESIAN_POINT('',(1.763955151392,18.792617795787,
    0.396084341807));
#2704 = CARTESIAN_POINT('',(1.830038291018,18.793017445216,
    0.359825055397));
#2705 = CARTESIAN_POINT('',(1.887631303108,18.795041341801,0.33019730959
    ));
#2706 = CARTESIAN_POINT('',(1.934805578672,18.798137172895,
    0.307120300339));
#2707 = CARTESIAN_POINT('',(1.972402040508,18.8,0.289293470722));
#2708 = CARTESIAN_POINT('',(2.,18.8,0.276473639598));
#2709 = ORIENTED_EDGE('',*,*,#2609,.T.);
#2710 = CYLINDRICAL_SURFACE('',#2711,3.455943456656);
#2711 = AXIS2_PLACEMENT_3D('',#2712,#2713,#2714);
#2712 = CARTESIAN_POINT('',(3.455943456656,1.01E-15,3.410763643191));
#2713 = DIRECTION('',(0.,-1.,2.2E-16));
#2714 = DIRECTION('',(1.,0.,0.));
#2715 = ADVANCED_FACE('',(#2716),#2743,.F.);
#2716 = FACE_BOUND('',#2717,.F.);
#2717 = EDGE_LOOP('',(#2718,#2726,#2734,#2740,#2741,#2742));
#2718 = ORIENTED_EDGE('',*,*,#2719,.T.);
#2719 = EDGE_CURVE('',#1711,#2720,#2722,.T.);
#2720 = VERTEX_POINT('',#2721);
#2721 = CARTESIAN_POINT('',(41.646543698327,18.399999999982,
    7.41816528385));
#2722 = LINE('',#2723,#2724);
#2723 = CARTESIAN_POINT('',(41.646543698327,18.399999999982,
    0.328928927041));
#2724 = VECTOR('',#2725,1.);
#2725 = DIRECTION('',(0.,0.,1.));
#2726 = ORIENTED_EDGE('',*,*,#2727,.T.);
#2727 = EDGE_CURVE('',#2720,#2728,#2730,.T.);
#2728 = VERTEX_POINT('',#2729);
#2729 = CARTESIAN_POINT('',(41.646543698327,11.899999999976,
    7.41816528385));
#2730 = LINE('',#2731,#2732);
#2731 = CARTESIAN_POINT('',(41.646543698327,18.399999999982,
    7.41816528385));
#2732 = VECTOR('',#2733,1.);
#2733 = DIRECTION('',(0.,-1.,0.));
#2734 = ORIENTED_EDGE('',*,*,#2735,.F.);
#2735 = EDGE_CURVE('',#1768,#2728,#2736,.T.);
#2736 = LINE('',#2737,#2738);
#2737 = CARTESIAN_POINT('',(41.646543698327,11.899999999976,
    0.328928927041));
#2738 = VECTOR('',#2739,1.);
#2739 = DIRECTION('',(0.,0.,1.));
#2740 = ORIENTED_EDGE('',*,*,#1775,.F.);
#2741 = ORIENTED_EDGE('',*,*,#1695,.F.);
#2742 = ORIENTED_EDGE('',*,*,#1710,.T.);
#2743 = PLANE('',#2744);
#2744 = AXIS2_PLACEMENT_3D('',#2745,#2746,#2747);
#2745 = CARTESIAN_POINT('',(41.646543698327,18.399999999982,
    0.328928927041));
#2746 = DIRECTION('',(1.,0.,0.));
#2747 = DIRECTION('',(0.,-1.,0.));
#2748 = ADVANCED_FACE('',(#2749),#2767,.F.);
#2749 = FACE_BOUND('',#2750,.F.);
#2750 = EDGE_LOOP('',(#2751,#2759,#2765,#2766));
#2751 = ORIENTED_EDGE('',*,*,#2752,.T.);
#2752 = EDGE_CURVE('',#1719,#2753,#2755,.T.);
#2753 = VERTEX_POINT('',#2754);
#2754 = CARTESIAN_POINT('',(39.178012657852,18.399999999982,
    7.813582155322));
#2755 = LINE('',#2756,#2757);
#2756 = CARTESIAN_POINT('',(39.178012657852,18.399999999982,
    0.724345798513));
#2757 = VECTOR('',#2758,1.);
#2758 = DIRECTION('',(0.,0.,1.));
#2759 = ORIENTED_EDGE('',*,*,#2760,.T.);
#2760 = EDGE_CURVE('',#2753,#2720,#2761,.T.);
#2761 = LINE('',#2762,#2763);
#2762 = CARTESIAN_POINT('',(39.178012657852,18.399999999982,
    7.813582155322));
#2763 = VECTOR('',#2764,1.);
#2764 = DIRECTION('',(0.987412416187,0.,-0.158166748588));
#2765 = ORIENTED_EDGE('',*,*,#2719,.F.);
#2766 = ORIENTED_EDGE('',*,*,#1718,.F.);
#2767 = PLANE('',#2768);
#2768 = AXIS2_PLACEMENT_3D('',#2769,#2770,#2771);
#2769 = CARTESIAN_POINT('',(39.178012657852,18.399999999982,
    0.724345798513));
#2770 = DIRECTION('',(0.,1.,0.));
#2771 = DIRECTION('',(0.987412416187,0.,-0.158166748588));
#2772 = ADVANCED_FACE('',(#2773),#2793,.F.);
#2773 = FACE_BOUND('',#2774,.F.);
#2774 = EDGE_LOOP('',(#2775,#2783,#2789,#2790,#2791,#2792));
#2775 = ORIENTED_EDGE('',*,*,#2776,.T.);
#2776 = EDGE_CURVE('',#1760,#2777,#2779,.T.);
#2777 = VERTEX_POINT('',#2778);
#2778 = CARTESIAN_POINT('',(39.178012657852,11.899999999976,
    7.813582155322));
#2779 = LINE('',#2780,#2781);
#2780 = CARTESIAN_POINT('',(39.178012657852,11.899999999976,
    0.724345798513));
#2781 = VECTOR('',#2782,1.);
#2782 = DIRECTION('',(0.,0.,1.));
#2783 = ORIENTED_EDGE('',*,*,#2784,.T.);
#2784 = EDGE_CURVE('',#2777,#2753,#2785,.T.);
#2785 = LINE('',#2786,#2787);
#2786 = CARTESIAN_POINT('',(39.178012657852,11.899999999976,
    7.813582155322));
#2787 = VECTOR('',#2788,1.);
#2788 = DIRECTION('',(0.,1.,-0.));
#2789 = ORIENTED_EDGE('',*,*,#2752,.F.);
#2790 = ORIENTED_EDGE('',*,*,#1726,.F.);
#2791 = ORIENTED_EDGE('',*,*,#1792,.F.);
#2792 = ORIENTED_EDGE('',*,*,#1759,.T.);
#2793 = PLANE('',#2794);
#2794 = AXIS2_PLACEMENT_3D('',#2795,#2796,#2797);
#2795 = CARTESIAN_POINT('',(39.178012657852,11.899999999976,
    0.724345798513));
#2796 = DIRECTION('',(-1.,0.,0.));
#2797 = DIRECTION('',(0.,1.,0.));
#2798 = ADVANCED_FACE('',(#2799),#2810,.F.);
#2799 = FACE_BOUND('',#2800,.F.);
#2800 = EDGE_LOOP('',(#2801,#2802,#2808,#2809));
#2801 = ORIENTED_EDGE('',*,*,#2735,.T.);
#2802 = ORIENTED_EDGE('',*,*,#2803,.T.);
#2803 = EDGE_CURVE('',#2728,#2777,#2804,.T.);
#2804 = LINE('',#2805,#2806);
#2805 = CARTESIAN_POINT('',(41.646543698327,11.899999999976,
    7.41816528385));
#2806 = VECTOR('',#2807,1.);
#2807 = DIRECTION('',(-0.987412416187,0.,0.158166748588));
#2808 = ORIENTED_EDGE('',*,*,#2776,.F.);
#2809 = ORIENTED_EDGE('',*,*,#1767,.F.);
#2810 = PLANE('',#2811);
#2811 = AXIS2_PLACEMENT_3D('',#2812,#2813,#2814);
#2812 = CARTESIAN_POINT('',(41.646543698327,11.899999999976,
    0.328928927041));
#2813 = DIRECTION('',(0.,-1.,0.));
#2814 = DIRECTION('',(-0.987412416187,0.,0.158166748588));
#2815 = ADVANCED_FACE('',(#2816),#2843,.F.);
#2816 = FACE_BOUND('',#2817,.F.);
#2817 = EDGE_LOOP('',(#2818,#2826,#2834,#2840,#2841,#2842));
#2818 = ORIENTED_EDGE('',*,*,#2819,.T.);
#2819 = EDGE_CURVE('',#1905,#2820,#2822,.T.);
#2820 = VERTEX_POINT('',#2821);
#2821 = CARTESIAN_POINT('',(39.178012657859,2.4,7.813582155321));
#2822 = LINE('',#2823,#2824);
#2823 = CARTESIAN_POINT('',(39.178012657859,2.4,0.724345798512));
#2824 = VECTOR('',#2825,1.);
#2825 = DIRECTION('',(0.,0.,1.));
#2826 = ORIENTED_EDGE('',*,*,#2827,.T.);
#2827 = EDGE_CURVE('',#2820,#2828,#2830,.T.);
#2828 = VERTEX_POINT('',#2829);
#2829 = CARTESIAN_POINT('',(39.178012657859,8.9,7.813582155321));
#2830 = LINE('',#2831,#2832);
#2831 = CARTESIAN_POINT('',(39.178012657859,2.4,7.813582155321));
#2832 = VECTOR('',#2833,1.);
#2833 = DIRECTION('',(0.,1.,-0.));
#2834 = ORIENTED_EDGE('',*,*,#2835,.F.);
#2835 = EDGE_CURVE('',#1832,#2828,#2836,.T.);
#2836 = LINE('',#2837,#2838);
#2837 = CARTESIAN_POINT('',(39.178012657859,8.9,0.724345798512));
#2838 = VECTOR('',#2839,1.);
#2839 = DIRECTION('',(0.,0.,1.));
#2840 = ORIENTED_EDGE('',*,*,#1839,.F.);
#2841 = ORIENTED_EDGE('',*,*,#1863,.F.);
#2842 = ORIENTED_EDGE('',*,*,#1904,.T.);
#2843 = PLANE('',#2844);
#2844 = AXIS2_PLACEMENT_3D('',#2845,#2846,#2847);
#2845 = CARTESIAN_POINT('',(39.178012657859,2.4,0.724345798512));
#2846 = DIRECTION('',(-1.,0.,0.));
#2847 = DIRECTION('',(0.,1.,0.));
#2848 = ADVANCED_FACE('',(#2849),#2867,.F.);
#2849 = FACE_BOUND('',#2850,.F.);
#2850 = EDGE_LOOP('',(#2851,#2852,#2860,#2866));
#2851 = ORIENTED_EDGE('',*,*,#2835,.T.);
#2852 = ORIENTED_EDGE('',*,*,#2853,.T.);
#2853 = EDGE_CURVE('',#2828,#2854,#2856,.T.);
#2854 = VERTEX_POINT('',#2855);
#2855 = CARTESIAN_POINT('',(41.646543698327,8.9,7.41816528385));
#2856 = LINE('',#2857,#2858);
#2857 = CARTESIAN_POINT('',(39.178012657859,8.9,7.813582155321));
#2858 = VECTOR('',#2859,1.);
#2859 = DIRECTION('',(0.987412416187,0.,-0.158166748588));
#2860 = ORIENTED_EDGE('',*,*,#2861,.F.);
#2861 = EDGE_CURVE('',#1824,#2854,#2862,.T.);
#2862 = LINE('',#2863,#2864);
#2863 = CARTESIAN_POINT('',(41.646543698327,8.9,0.328928927041));
#2864 = VECTOR('',#2865,1.);
#2865 = DIRECTION('',(0.,0.,1.));
#2866 = ORIENTED_EDGE('',*,*,#1831,.F.);
#2867 = PLANE('',#2868);
#2868 = AXIS2_PLACEMENT_3D('',#2869,#2870,#2871);
#2869 = CARTESIAN_POINT('',(39.178012657859,8.9,0.724345798512));
#2870 = DIRECTION('',(0.,1.,0.));
#2871 = DIRECTION('',(0.987412416187,0.,-0.158166748588));
#2872 = ADVANCED_FACE('',(#2873),#2893,.F.);
#2873 = FACE_BOUND('',#2874,.F.);
#2874 = EDGE_LOOP('',(#2875,#2876,#2884,#2890,#2891,#2892));
#2875 = ORIENTED_EDGE('',*,*,#2861,.T.);
#2876 = ORIENTED_EDGE('',*,*,#2877,.T.);
#2877 = EDGE_CURVE('',#2854,#2878,#2880,.T.);
#2878 = VERTEX_POINT('',#2879);
#2879 = CARTESIAN_POINT('',(41.646543698327,2.4,7.41816528385));
#2880 = LINE('',#2881,#2882);
#2881 = CARTESIAN_POINT('',(41.646543698327,8.9,7.41816528385));
#2882 = VECTOR('',#2883,1.);
#2883 = DIRECTION('',(0.,-1.,0.));
#2884 = ORIENTED_EDGE('',*,*,#2885,.F.);
#2885 = EDGE_CURVE('',#1913,#2878,#2886,.T.);
#2886 = LINE('',#2887,#2888);
#2887 = CARTESIAN_POINT('',(41.646543698327,2.4,0.328928927041));
#2888 = VECTOR('',#2889,1.);
#2889 = DIRECTION('',(0.,0.,1.));
#2890 = ORIENTED_EDGE('',*,*,#1920,.F.);
#2891 = ORIENTED_EDGE('',*,*,#1887,.F.);
#2892 = ORIENTED_EDGE('',*,*,#1823,.T.);
#2893 = PLANE('',#2894);
#2894 = AXIS2_PLACEMENT_3D('',#2895,#2896,#2897);
#2895 = CARTESIAN_POINT('',(41.646543698327,8.9,0.328928927041));
#2896 = DIRECTION('',(1.,0.,0.));
#2897 = DIRECTION('',(0.,-1.,0.));
#2898 = ADVANCED_FACE('',(#2899),#2910,.F.);
#2899 = FACE_BOUND('',#2900,.F.);
#2900 = EDGE_LOOP('',(#2901,#2902,#2908,#2909));
#2901 = ORIENTED_EDGE('',*,*,#2885,.T.);
#2902 = ORIENTED_EDGE('',*,*,#2903,.T.);
#2903 = EDGE_CURVE('',#2878,#2820,#2904,.T.);
#2904 = LINE('',#2905,#2906);
#2905 = CARTESIAN_POINT('',(41.646543698327,2.4,7.41816528385));
#2906 = VECTOR('',#2907,1.);
#2907 = DIRECTION('',(-0.987412416187,0.,0.158166748588));
#2908 = ORIENTED_EDGE('',*,*,#2819,.F.);
#2909 = ORIENTED_EDGE('',*,*,#1912,.F.);
#2910 = PLANE('',#2911);
#2911 = AXIS2_PLACEMENT_3D('',#2912,#2913,#2914);
#2912 = CARTESIAN_POINT('',(41.646543698327,2.4,0.328928927041));
#2913 = DIRECTION('',(0.,-1.,0.));
#2914 = DIRECTION('',(-0.987412416187,0.,0.158166748588));
#2915 = ADVANCED_FACE('',(#2916),#2927,.T.);
#2916 = FACE_BOUND('',#2917,.T.);
#2917 = EDGE_LOOP('',(#2918,#2924,#2925,#2926));
#2918 = ORIENTED_EDGE('',*,*,#2919,.T.);
#2919 = EDGE_CURVE('',#2153,#1945,#2920,.T.);
#2920 = ( BOUNDED_CURVE() B_SPLINE_CURVE(2,(#2921,#2922,#2923),
.UNSPECIFIED.,.F.,.F.) B_SPLINE_CURVE_WITH_KNOTS((3,3),(0.,
2.213633043948),.PIECEWISE_BEZIER_KNOTS.) CURVE() 
GEOMETRIC_REPRESENTATION_ITEM() RATIONAL_B_SPLINE_CURVE((1.,
0.668939315759,1.)) REPRESENTATION_ITEM('') );
#2921 = CARTESIAN_POINT('',(2.,-2.2E-16,3.159361069605));
#2922 = CARTESIAN_POINT('',(4.823415262384E-02,-6.11E-15,2.09655304313)
  );
#2923 = CARTESIAN_POINT('',(0.80716947356,1.882249663999,1.190956993486)
  );
#2924 = ORIENTED_EDGE('',*,*,#1944,.T.);
#2925 = ORIENTED_EDGE('',*,*,#2242,.F.);
#2926 = ORIENTED_EDGE('',*,*,#2162,.F.);
#2927 = ( BOUNDED_SURFACE() B_SPLINE_SURFACE(2,6,(
    (#2928,#2929,#2930,#2931,#2932,#2933,#2934,#2935,#2936,#2937,#2938
      ,#2939,#2940,#2941,#2942,#2943,#2944)
    ,(#2945,#2946,#2947,#2948,#2949,#2950,#2951,#2952,#2953,#2954,#2955
      ,#2956,#2957,#2958,#2959,#2960,#2961)
    ,(#2962,#2963,#2964,#2965,#2966,#2967,#2968,#2969,#2970,#2971,#2972
      ,#2973,#2974,#2975,#2976,#2977,#2978
)),.UNSPECIFIED.,.F.,.F.,.F.) B_SPLINE_SURFACE_WITH_KNOTS((3,3),(7,5,5,7
    ),(0.,2.266206504784),(2.213633043949,2.903110355866,3.579182420102,
4.479839548733),.UNSPECIFIED.) GEOMETRIC_REPRESENTATION_ITEM() 
RATIONAL_B_SPLINE_SURFACE((
    (1.,1.,1.,1.,1.,1.,1.,1.,1.,1.,1.,1.,1.,1.,1.,1.,1.)
    ,(0.668939315759,0.667926175638,0.667398001012,0.667403977127
      ,0.667964214043,0.669069746629,0.672263965677,0.674393390202
      ,0.676944281814,0.679904986809,0.683220122177,0.6911772116
      ,0.696052948254,0.700695936935,0.704672173994,0.707106781187
      ,0.707106781187)
    ,(1.,1.,1.,1.,1.,1.,1.,1.,1.,1.,1.,1.,1.,1.,1.,1.,1.
))) REPRESENTATION_ITEM('') SURFACE() );
#2928 = CARTESIAN_POINT('',(2.,2.5E-16,3.159361069603));
#2929 = CARTESIAN_POINT('',(2.035023358492,-8.9E-16,3.078706563993));
#2930 = CARTESIAN_POINT('',(2.072724189177,3.11E-15,3.001083302378));
#2931 = CARTESIAN_POINT('',(2.112462651652,-4.E-15,2.926674722831));
#2932 = CARTESIAN_POINT('',(2.153671550484,4.44E-15,2.855576917917));
#2933 = CARTESIAN_POINT('',(2.195856335217,-1.55E-15,2.787798634695));
#2934 = CARTESIAN_POINT('',(2.2805029118,1.33E-15,2.659978690319));
#2935 = CARTESIAN_POINT('',(2.32253375486,-2.E-15,2.599917955417));
#2936 = CARTESIAN_POINT('',(2.365235753558,4.22E-15,2.542563367118));
#2937 = CARTESIAN_POINT('',(2.407837401469,-3.77E-15,2.488047298206));
#2938 = CARTESIAN_POINT('',(2.449738407007,2.E-15,2.436573643838));
#2939 = CARTESIAN_POINT('',(2.548301770818,-8.9E-16,2.322920435389));
#2940 = CARTESIAN_POINT('',(2.604009088029,8.9E-16,2.263158703775));
#2941 = CARTESIAN_POINT('',(2.660707292606,4.4E-16,2.208643072919));
#2942 = CARTESIAN_POINT('',(2.717457615619,-1.11E-15,2.160796158551));
#2943 = CARTESIAN_POINT('',(2.777071709034,8.9E-16,2.120755577952));
#2944 = CARTESIAN_POINT('',(2.842573656031,2.5E-16,2.090328549496));
#2945 = CARTESIAN_POINT('',(4.823415262463E-02,4.4E-16,2.096553043129));
#2946 = CARTESIAN_POINT('',(0.107507387603,-4.4E-16,1.958582997904));
#2947 = CARTESIAN_POINT('',(0.174282038978,3.33E-15,1.825246430152));
#2948 = CARTESIAN_POINT('',(0.248155495895,-3.33E-15,1.697101093222));
#2949 = CARTESIAN_POINT('',(0.328593261246,4.22E-15,1.574601301717));
#2950 = CARTESIAN_POINT('',(0.414947206653,-2.44E-15,1.458064882991));
#2951 = CARTESIAN_POINT('',(0.595805675007,-6.7E-16,1.239887260712));
#2952 = CARTESIAN_POINT('',(0.689957176603,8.9E-16,1.138257348444));
#2953 = CARTESIAN_POINT('',(0.788496060056,-2.E-15,1.042329668465));
#2954 = CARTESIAN_POINT('',(0.890750130201,-4.22E-15,0.952212927284));
#2955 = CARTESIAN_POINT('',(0.995984869217,6.7E-16,0.867951473316));
#2956 = CARTESIAN_POINT('',(1.245574307433,1.11E-15,0.684609561267));
#2957 = CARTESIAN_POINT('',(1.391960538764,-6.7E-16,0.589516207814));
#2958 = CARTESIAN_POINT('',(1.541404606394,2.44E-15,0.50258663699));
#2959 = CARTESIAN_POINT('',(1.692296576806,3.11E-15,0.423080926258));
#2960 = CARTESIAN_POINT('',(1.844513616217,-8.9E-16,0.348700326602));
#2961 = CARTESIAN_POINT('',(2.,4.4E-16,0.276473639598));
#2962 = CARTESIAN_POINT('',(0.807169473561,1.882249664,1.190956993484));
#2963 = CARTESIAN_POINT('',(0.888189657844,1.900404228913,1.094280034587
    ));
#2964 = CARTESIAN_POINT('',(0.970530615521,1.917410994315,1.004663292421
    ));
#2965 = CARTESIAN_POINT('',(1.052980764387,1.933022759641,0.922279683009
    ));
#2966 = CARTESIAN_POINT('',(1.134445079021,1.94704766911,0.847102918921)
  );
#2967 = CARTESIAN_POINT('',(1.213945090788,1.959349211726,0.778907509272
    ));
#2968 = CARTESIAN_POINT('',(1.365801945128,1.980139141431,0.656828429166
    ));
#2969 = CARTESIAN_POINT('',(1.437992135987,1.988538170547,0.60291110702)
  );
#2970 = CARTESIAN_POINT('',(1.507297503116,1.995287714966,0.5545374652)
  );
#2971 = CARTESIAN_POINT('',(1.572622888547,2.000219621037,0.511596601786
    ));
#2972 = CARTESIAN_POINT('',(1.633043038892,2.003276849347,0.47395500502)
  );
#2973 = CARTESIAN_POINT('',(1.763955151392,2.007382204213,0.396084341807
    ));
#2974 = CARTESIAN_POINT('',(1.830038291018,2.006982554784,0.359825055397
    ));
#2975 = CARTESIAN_POINT('',(1.887631303108,2.004958658199,0.33019730959)
  );
#2976 = CARTESIAN_POINT('',(1.934805578672,2.001862827105,0.307120300339
    ));
#2977 = CARTESIAN_POINT('',(1.972402040509,2.,0.289293470722));
#2978 = CARTESIAN_POINT('',(2.,2.,0.276473639598));
#2979 = ADVANCED_FACE('',(#2980),#3033,.T.);
#2980 = FACE_BOUND('',#2981,.T.);
#2981 = EDGE_LOOP('',(#2982,#2990,#2991,#2992));
#2982 = ORIENTED_EDGE('',*,*,#2983,.T.);
#2983 = EDGE_CURVE('',#2984,#1967,#2986,.T.);
#2984 = VERTEX_POINT('',#2985);
#2985 = CARTESIAN_POINT('',(9.648919E-09,1.999803542176,3.410725935884)
  );
#2986 = ( BOUNDED_CURVE() B_SPLINE_CURVE(2,(#2987,#2988,#2989),
.UNSPECIFIED.,.F.,.F.) B_SPLINE_CURVE_WITH_KNOTS((3,3),(0.,
2.213633043948),.PIECEWISE_BEZIER_KNOTS.) CURVE() 
GEOMETRIC_REPRESENTATION_ITEM() RATIONAL_B_SPLINE_CURVE((1.,
0.999999998611,1.)) REPRESENTATION_ITEM('') );
#2987 = CARTESIAN_POINT('',(9.64891878E-09,1.999803542176,3.410725935884
    ));
#2988 = CARTESIAN_POINT('',(1.05113651E-09,1.999893956856,3.410657154526
    ));
#2989 = CARTESIAN_POINT('',(4.08424672E-09,1.999974837849,3.410595625751
    ));
#2990 = ORIENTED_EDGE('',*,*,#1966,.T.);
#2991 = ORIENTED_EDGE('',*,*,#2919,.F.);
#2992 = ORIENTED_EDGE('',*,*,#2993,.F.);
#2993 = EDGE_CURVE('',#2984,#2153,#2994,.T.);
#2994 = ( BOUNDED_CURVE() B_SPLINE_CURVE(13,(#2995,#2996,#2997,#2998,
    #2999,#3000,#3001,#3002,#3003,#3004,#3005,#3006,#3007,#3008,#3009,
    #3010,#3011,#3012,#3013,#3014,#3015,#3016,#3017,#3018,#3019,#3020,
    #3021,#3022,#3023,#3024,#3025,#3026,#3027,#3028,#3029,#3030,#3031,
#3032),.UNSPECIFIED.,.F.,.F.) B_SPLINE_CURVE_WITH_KNOTS((14,12,12,14),(
    0.,1.106816521974,1.660224782961,2.213633043948),.UNSPECIFIED.) 
CURVE() GEOMETRIC_REPRESENTATION_ITEM() RATIONAL_B_SPLINE_CURVE((1.,1.,
    1.000000000001,0.999999999997,1.000000000005,0.999999999992,
    1.000000000009,0.999999999991,1.000000000007,0.999999999996,
    1.000000000002,0.999999999999,1.,1.,1.000000000001,0.999999999998,
    1.000000000005,0.999999999992,1.00000000001,0.99999999999,
    1.000000000008,0.999999999995,1.000000000002,0.999999999999,1.,1.,1.
    ,0.999999999999,1.000000000001,0.999999999999,1.,1.,0.999999999999,
1.000000000001,1.,1.,1.,1.)) REPRESENTATION_ITEM('') );
#2995 = CARTESIAN_POINT('',(9.64891878E-09,1.999803542176,3.410725935884
    ));
#2996 = CARTESIAN_POINT('',(9.81140104772E-06,1.896600702792,
    3.387543518335));
#2997 = CARTESIAN_POINT('',(5.785329354307E-03,1.793583444616,
    3.364407033128));
#2998 = CARTESIAN_POINT('',(1.729806331668E-02,1.690980059126,
    3.341399908217));
#2999 = CARTESIAN_POINT('',(3.452601986341E-02,1.589009681423,
    3.318606871366));
#3000 = CARTESIAN_POINT('',(5.745511566955E-02,1.487891693853,
    3.29611164935));
#3001 = CARTESIAN_POINT('',(8.60805815594E-02,1.387848623181,
    3.273999616744));
#3002 = CARTESIAN_POINT('',(0.120408366417,1.289109037798,3.252360444782
    ));
#3003 = CARTESIAN_POINT('',(0.160456541277,1.191910444919,3.231290750124
    ));
#3004 = CARTESIAN_POINT('',(0.206256703221,1.096502187757,3.210896743725
    ));
#3005 = CARTESIAN_POINT('',(0.257855379449,1.003148342751,3.19129687961)
  );
#3006 = CARTESIAN_POINT('',(0.315315431218,0.912130616726,3.172624503722
    ));
#3007 = CARTESIAN_POINT('',(0.378717457866,0.823751244114,3.155030502722
    ));
#3008 = CARTESIAN_POINT('',(0.482883072253,0.695628204141,3.13051367786)
  );
#3009 = CARTESIAN_POINT('',(0.51911378137,0.653661201164,3.122653073576)
  );
#3010 = CARTESIAN_POINT('',(0.556872878151,0.612477130468,3.11512926236)
  );
#3011 = CARTESIAN_POINT('',(0.596177928791,0.572119043183,3.107967054595
    ));
#3012 = CARTESIAN_POINT('',(0.637046591701,0.532631334357,3.10119209907)
  );
#3013 = CARTESIAN_POINT('',(0.679498693555,0.49406029099,3.094832033401)
  );
#3014 = CARTESIAN_POINT('',(0.723558305303,0.456454640123,3.088917634428
    ));
#3015 = CARTESIAN_POINT('',(0.769255818231,0.419866096841,3.083483968665
    ));
#3016 = CARTESIAN_POINT('',(0.816630019978,0.384349912378,3.078571542681
    ));
#3017 = CARTESIAN_POINT('',(0.865730170575,0.349965422121,3.074227453546
    ));
#3018 = CARTESIAN_POINT('',(0.916618078487,0.316776593699,3.070506539228
    ));
#3019 = CARTESIAN_POINT('',(0.969370176636,0.284852575015,3.067472529022
    ));
#3020 = CARTESIAN_POINT('',(1.078789020254,0.223683909593,3.062925858895
    ));
#3021 = CARTESIAN_POINT('',(1.135276160085,0.19441529958,3.061328767866)
  );
#3022 = CARTESIAN_POINT('',(1.195542999406,0.166796729482,3.061381293071
    ));
#3023 = CARTESIAN_POINT('',(1.250138356313,0.139614169831,3.058663648648
    ));
#3024 = CARTESIAN_POINT('',(1.330554464008,0.117210048952,3.068048206931
    ));
#3025 = CARTESIAN_POINT('',(1.363324020423,8.969770604592E-02,
    3.054960981454));
#3026 = CARTESIAN_POINT('',(1.480354796837,7.506296648009E-02,
    3.081594793528));
#3027 = CARTESIAN_POINT('',(1.498116641337,4.848201975816E-02,
    3.061521217806));
#3028 = CARTESIAN_POINT('',(1.622726327631,3.807868715103E-02,
    3.091924937824));
#3029 = CARTESIAN_POINT('',(1.668593256224,1.872245667065E-02,
    3.085401435295));
#3030 = CARTESIAN_POINT('',(1.778865595334,1.011965503797E-02,
    3.109517522241));
#3031 = CARTESIAN_POINT('',(1.862511782831,9.792E-14,3.121437533264));
#3032 = CARTESIAN_POINT('',(2.,-2.2E-16,3.159361069605));
#3033 = ( BOUNDED_SURFACE() B_SPLINE_SURFACE(2,13,(
    (#3034,#3035,#3036,#3037,#3038,#3039,#3040,#3041,#3042,#3043,#3044
      ,#3045,#3046,#3047,#3048,#3049,#3050,#3051,#3052,#3053,#3054,#3055
      ,#3056,#3057,#3058,#3059,#3060,#3061,#3062,#3063,#3064,#3065,#3066
      ,#3067,#3068,#3069,#3070,#3071)
    ,(#3072,#3073,#3074,#3075,#3076,#3077,#3078,#3079,#3080,#3081,#3082
      ,#3083,#3084,#3085,#3086,#3087,#3088,#3089,#3090,#3091,#3092,#3093
      ,#3094,#3095,#3096,#3097,#3098,#3099,#3100,#3101,#3102,#3103,#3104
      ,#3105,#3106,#3107,#3108,#3109)
    ,(#3110,#3111,#3112,#3113,#3114,#3115,#3116,#3117,#3118,#3119,#3120
      ,#3121,#3122,#3123,#3124,#3125,#3126,#3127,#3128,#3129,#3130,#3131
      ,#3132,#3133,#3134,#3135,#3136,#3137,#3138,#3139,#3140,#3141,#3142
      ,#3143,#3144,#3145,#3146,#3147
)),.UNSPECIFIED.,.F.,.F.,.F.) B_SPLINE_SURFACE_WITH_KNOTS((3,3),(14,12,
    12,14),(0.,2.213633043948),(0.,1.106816521974,1.660224782961,
2.213633043948),.UNSPECIFIED.) GEOMETRIC_REPRESENTATION_ITEM() 
RATIONAL_B_SPLINE_SURFACE((
    (1.,1.,1.000000000001,0.999999999997,1.000000000005,0.999999999992
      ,1.000000000009,0.999999999991,1.000000000007,0.999999999996
      ,1.000000000002,0.999999999999,1.,1.,1.000000000001,0.999999999998
      ,1.000000000005,0.999999999992,1.00000000001,0.99999999999
      ,1.000000000008,0.999999999995,1.000000000002,0.999999999999,1.,1.
      ,1.,0.999999999999,1.000000000001,0.999999999999,1.,1.
      ,0.999999999999,1.000000000001,1.,1.,1.,1.)
    ,(0.999999998611,0.999998488776,0.999109417837,0.997336328158
      ,0.994681837987,0.991147145043,0.986731530248,0.981431861224
      ,0.975242096105,0.968152786996,0.960150583767,0.951217737577
      ,0.941331604579,0.925030422005,0.919351674108,0.913422716413
      ,0.907238734239,0.900794793437,0.894085346298,0.887103737246
      ,0.87984170884,0.872288907412,0.864432389064,0.856256125363
      ,0.847740509254,0.829983212427,0.820780896889,0.810812242233
      ,0.802147507634,0.787871078198,0.784100919654,0.761881737729
      ,0.761486055622,0.737665700113,0.731146855731,0.710488670481
      ,0.695661010558,0.668939315759)
    ,(1.,1.,1.000000000001,0.999999999997,1.000000000005,0.999999999992
      ,1.000000000009,0.999999999991,1.000000000007,0.999999999996
      ,1.000000000002,0.999999999999,1.,1.,1.000000000001,0.999999999998
      ,1.000000000005,0.999999999992,1.00000000001,0.99999999999
      ,1.000000000008,0.999999999995,1.000000000002,0.999999999999,1.,1.
      ,1.,0.999999999999,1.000000000001,0.999999999999,1.,1.
,0.999999999999,1.000000000001,1.,1.,1.,1.
))) REPRESENTATION_ITEM('') SURFACE() );
#3034 = CARTESIAN_POINT('',(9.64891878E-09,1.999803542176,3.410725935884
    ));
#3035 = CARTESIAN_POINT('',(9.81140104772E-06,1.896600702792,
    3.387543518335));
#3036 = CARTESIAN_POINT('',(5.785329354307E-03,1.793583444616,
    3.364407033128));
#3037 = CARTESIAN_POINT('',(1.729806331668E-02,1.690980059126,
    3.341399908217));
#3038 = CARTESIAN_POINT('',(3.452601986341E-02,1.589009681423,
    3.318606871366));
#3039 = CARTESIAN_POINT('',(5.745511566955E-02,1.487891693853,
    3.29611164935));
#3040 = CARTESIAN_POINT('',(8.60805815594E-02,1.387848623181,
    3.273999616744));
#3041 = CARTESIAN_POINT('',(0.120408366417,1.289109037798,3.252360444782
    ));
#3042 = CARTESIAN_POINT('',(0.160456541277,1.191910444919,3.231290750124
    ));
#3043 = CARTESIAN_POINT('',(0.206256703221,1.096502187757,3.210896743725
    ));
#3044 = CARTESIAN_POINT('',(0.257855379449,1.003148342751,3.19129687961)
  );
#3045 = CARTESIAN_POINT('',(0.315315431218,0.912130616726,3.172624503722
    ));
#3046 = CARTESIAN_POINT('',(0.378717457866,0.823751244114,3.155030502722
    ));
#3047 = CARTESIAN_POINT('',(0.482883072253,0.695628204141,3.13051367786)
  );
#3048 = CARTESIAN_POINT('',(0.51911378137,0.653661201164,3.122653073576)
  );
#3049 = CARTESIAN_POINT('',(0.556872878151,0.612477130468,3.11512926236)
  );
#3050 = CARTESIAN_POINT('',(0.596177928791,0.572119043183,3.107967054595
    ));
#3051 = CARTESIAN_POINT('',(0.637046591701,0.532631334357,3.10119209907)
  );
#3052 = CARTESIAN_POINT('',(0.679498693555,0.49406029099,3.094832033401)
  );
#3053 = CARTESIAN_POINT('',(0.723558305303,0.456454640123,3.088917634428
    ));
#3054 = CARTESIAN_POINT('',(0.769255818231,0.419866096841,3.083483968665
    ));
#3055 = CARTESIAN_POINT('',(0.816630019978,0.384349912378,3.078571542681
    ));
#3056 = CARTESIAN_POINT('',(0.865730170575,0.349965422121,3.074227453546
    ));
#3057 = CARTESIAN_POINT('',(0.916618078487,0.316776593699,3.070506539228
    ));
#3058 = CARTESIAN_POINT('',(0.969370176636,0.284852575015,3.067472529022
    ));
#3059 = CARTESIAN_POINT('',(1.078789020254,0.223683909593,3.062925858895
    ));
#3060 = CARTESIAN_POINT('',(1.135276160085,0.19441529958,3.061328767866)
  );
#3061 = CARTESIAN_POINT('',(1.195542999406,0.166796729482,3.061381293071
    ));
#3062 = CARTESIAN_POINT('',(1.250138356313,0.139614169831,3.058663648648
    ));
#3063 = CARTESIAN_POINT('',(1.330554464008,0.117210048952,3.068048206931
    ));
#3064 = CARTESIAN_POINT('',(1.363324020423,8.969770604592E-02,
    3.054960981454));
#3065 = CARTESIAN_POINT('',(1.480354796837,7.506296648009E-02,
    3.081594793528));
#3066 = CARTESIAN_POINT('',(1.498116641337,4.848201975816E-02,
    3.061521217806));
#3067 = CARTESIAN_POINT('',(1.622726327631,3.807868715103E-02,
    3.091924937824));
#3068 = CARTESIAN_POINT('',(1.668593256224,1.872245667065E-02,
    3.085401435295));
#3069 = CARTESIAN_POINT('',(1.778865595334,1.011965503797E-02,
    3.109517522241));
#3070 = CARTESIAN_POINT('',(1.862511782831,9.792E-14,3.121437533264));
#3071 = CARTESIAN_POINT('',(2.,-2.2E-16,3.159361069605));
#3072 = CARTESIAN_POINT('',(1.05113651E-09,1.999893956856,3.410657154526
    ));
#3073 = CARTESIAN_POINT('',(1.14331580581E-06,1.942275748065,
    3.352796886932));
#3074 = CARTESIAN_POINT('',(6.774331103655E-04,1.884664505874,
    3.294939422203));
#3075 = CARTESIAN_POINT('',(2.024728241892E-03,1.826994208845,
    3.237128124684));
#3076 = CARTESIAN_POINT('',(4.036695445198E-03,1.76920047561,
    3.179402686395));
#3077 = CARTESIAN_POINT('',(6.703552936048E-03,1.711218297009,
    3.121801674778));
#3078 = CARTESIAN_POINT('',(1.001076948387E-02,1.65297955462,
    3.064364925712));
#3079 = CARTESIAN_POINT('',(1.393770112614E-02,1.594410269305,
    3.007135827595));
#3080 = CARTESIAN_POINT('',(1.845614360396E-02,1.535427512728,
    2.950163541774));
#3081 = CARTESIAN_POINT('',(2.352877390745E-02,1.475935900447,
    2.893505206885));
#3082 = CARTESIAN_POINT('',(2.910744764172E-02,1.415823565996,
    2.83722817911));
#3083 = CARTESIAN_POINT('',(3.513130944755E-02,1.35495748906,
    2.781412368695));
#3084 = CARTESIAN_POINT('',(4.152466057617E-02,1.293178015482,
    2.726152745349));
#3085 = CARTESIAN_POINT('',(5.158820316166E-02,1.198295433885,
    2.643785775459));
#3086 = CARTESIAN_POINT('',(5.505988030709E-02,1.165955673278,
    2.616131893045));
#3087 = CARTESIAN_POINT('',(5.859522058024E-02,1.13323966356,
    2.58861755861));
#3088 = CARTESIAN_POINT('',(6.217973912928E-02,1.100112309228,
    2.561259188026));
#3089 = CARTESIAN_POINT('',(6.579791844531E-02,1.066535511207,
    2.53407373363));
#3090 = CARTESIAN_POINT('',(6.943231061284E-02,1.032466665253,
    2.507079870612));
#3091 = CARTESIAN_POINT('',(7.306260301719E-02,0.997856955231,
    2.480299154514));
#3092 = CARTESIAN_POINT('',(7.666463891553E-02,0.962649411677,
    2.453757159056));
#3093 = CARTESIAN_POINT('',(8.020938205331E-02,0.926776699541,
    2.427484605082));
#3094 = CARTESIAN_POINT('',(8.3661811603E-02,0.890158590403,
    2.401518494131));
#3095 = CARTESIAN_POINT('',(8.69797298023E-02,0.852699063275,
    2.37590326335));
#3096 = CARTESIAN_POINT('',(9.011245924492E-02,0.814282963205,
    2.35069198342));
#3097 = CARTESIAN_POINT('',(9.594810549138E-02,0.734415965643,
    2.300673871877));
#3098 = CARTESIAN_POINT('',(9.870877283569E-02,0.692949633324,
    2.275747510197));
#3099 = CARTESIAN_POINT('',(0.100550116793,0.648893844262,2.252125698388
    ));
#3100 = CARTESIAN_POINT('',(0.104750265064,0.608767402765,2.225415916547
    ));
#3101 = CARTESIAN_POINT('',(0.100090407596,0.549737589397,2.210366961712
    ));
#3102 = CARTESIAN_POINT('',(0.112806665044,0.525834957025,2.172704299885
    ));
#3103 = CARTESIAN_POINT('',(9.508785280416E-02,0.436920788927,
    2.174108308037));
#3104 = CARTESIAN_POINT('',(0.11413574867,0.425738681627,2.128653212928)
  );
#3105 = CARTESIAN_POINT('',(9.32264025086E-02,0.326612257837,
    2.133201007557));
#3106 = CARTESIAN_POINT('',(0.102216998612,0.292534546159,2.10035425727)
  );
#3107 = CARTESIAN_POINT('',(8.572388886934E-02,0.200027497576,
    2.098273324383));
#3108 = CARTESIAN_POINT('',(7.917274154503E-02,0.129018579917,
    2.083552809948));
#3109 = CARTESIAN_POINT('',(4.823415262384E-02,-6.11E-15,2.09655304313)
  );
#3110 = CARTESIAN_POINT('',(4.08424672E-09,1.999974837849,3.410595625751
    ));
#3111 = CARTESIAN_POINT('',(4.56501855783E-06,1.987950967956,
    3.31805043039));
#3112 = CARTESIAN_POINT('',(2.694440976711E-03,1.975946684861,
    3.225680483672));
#3113 = CARTESIAN_POINT('',(8.052020271441E-03,1.964036808083,
    3.133527490145));
#3114 = CARTESIAN_POINT('',(1.606348176496E-02,1.952292431815,
    3.041636127075));
#3115 = CARTESIAN_POINT('',(2.671801816656E-02,1.940784672503,
    2.95005237845));
#3116 = CARTESIAN_POINT('',(4.000705924573E-02,1.929585389057,
    2.85882417185));
#3117 = CARTESIAN_POINT('',(5.592349499938E-02,1.918767903203,
    2.768002015434));
#3118 = CARTESIAN_POINT('',(7.446089888042E-02,1.908407719635,
    2.677639634791));
#3119 = CARTESIAN_POINT('',(9.561275095809E-02,1.898583246405,
    2.587794609924));
#3120 = CARTESIAN_POINT('',(0.119371661142,1.889376515077,2.498529012126
    ));
#3121 = CARTESIAN_POINT('',(0.145728592356,1.880873901078,2.409910040927
    ));
#3122 = CARTESIAN_POINT('',(0.174672083745,1.873166843909,2.322010661002
    ));
#3123 = CARTESIAN_POINT('',(0.221945168924,1.862945429205,2.19136002815)
  );
#3124 = CARTESIAN_POINT('',(0.238345642553,1.85976142138,2.148009518983)
  );
#3125 = CARTESIAN_POINT('',(0.255386906257,1.856812813774,2.104868488969
    ));
#3126 = CARTESIAN_POINT('',(0.273066692068,1.854112160624,2.061947134866
    ));
#3127 = CARTESIAN_POINT('',(0.291382406677,1.851672361074,2.019256057548
    ));
#3128 = CARTESIAN_POINT('',(0.310331085583,1.84950671964,1.976806246726)
  );
#3129 = CARTESIAN_POINT('',(0.329909347218,1.847629006701,1.934609065687
    ));
#3130 = CARTESIAN_POINT('',(0.350113347097,1.846053518958,1.892676236012
    ));
#3131 = CARTESIAN_POINT('',(0.370938731944,1.844795139918,1.851019822304
    ));
#3132 = CARTESIAN_POINT('',(0.392380593839,1.84386940037,1.809652216924)
  );
#3133 = CARTESIAN_POINT('',(0.414433424352,1.843292538854,1.768586124706
    ));
#3134 = CARTESIAN_POINT('',(0.437091068678,1.843081562142,1.727834547695
    ));
#3135 = CARTESIAN_POINT('',(0.483602290886,1.843427049272,1.646986992043
    ));
#3136 = CARTESIAN_POINT('',(0.507455718501,1.84398319425,1.606891149403)
  );
#3137 = CARTESIAN_POINT('',(0.531901952766,1.844945160773,1.567134393254
    ));
#3138 = CARTESIAN_POINT('',(0.556924508404,1.846309867457,1.527740279563
    ));
#3139 = CARTESIAN_POINT('',(0.582545080353,1.848170537638,1.488688624519
    ));
#3140 = CARTESIAN_POINT('',(0.608684603069,1.850376695129,1.450072226874
    ));
#3141 = CARTESIAN_POINT('',(0.635460870775,1.85326314685,1.411760925635)
  );
#3142 = CARTESIAN_POINT('',(0.662685051327,1.856417433221,1.373969515218
    ));
#3143 = CARTESIAN_POINT('',(0.690552282556,1.860370859555,1.336478885057
    ));
#3144 = CARTESIAN_POINT('',(0.718863898234,1.864694678649,1.299512595364
    ));
#3145 = CARTESIAN_POINT('',(0.747767688995,1.86981217482,1.262903476925)
  );
#3146 = CARTESIAN_POINT('',(0.777155272826,1.87552424415,1.226771299221)
  );
#3147 = CARTESIAN_POINT('',(0.80716947356,1.882249663999,1.190956993486)
  );
#3148 = ADVANCED_FACE('',(#3149),#3160,.F.);
#3149 = FACE_BOUND('',#3150,.F.);
#3150 = EDGE_LOOP('',(#3151,#3152,#3153,#3154));
#3151 = ORIENTED_EDGE('',*,*,#2983,.T.);
#3152 = ORIENTED_EDGE('',*,*,#2009,.T.);
#3153 = ORIENTED_EDGE('',*,*,#2396,.T.);
#3154 = ORIENTED_EDGE('',*,*,#3155,.T.);
#3155 = EDGE_CURVE('',#2346,#2984,#3156,.T.);
#3156 = B_SPLINE_CURVE_WITH_KNOTS('',2,(#3157,#3158,#3159),
  .UNSPECIFIED.,.F.,.F.,(3,3),(0.,2.601559437716E-04),
  .PIECEWISE_BEZIER_KNOTS.);
#3157 = CARTESIAN_POINT('',(-4.2E-16,2.,3.410963186023));
#3158 = CARTESIAN_POINT('',(-4.8E-16,1.999905024291,3.410842086137));
#3159 = CARTESIAN_POINT('',(9.02038464E-09,1.999810048583,3.410720986251
    ));
#3160 = B_SPLINE_SURFACE_WITH_KNOTS('',3,3,(
    (#3161,#3162,#3163,#3164)
    ,(#3165,#3166,#3167,#3168)
    ,(#3169,#3170,#3171,#3172)
    ,(#3173,#3174,#3175,#3176
    )),.UNSPECIFIED.,.F.,.F.,.F.,(4,4),(4,4),(-5.387422231107E-04,
    5.612577768893E-04),(-5.250170880838E-04,5.749829119162E-04),
  .PIECEWISE_BEZIER_KNOTS.);
#3161 = CARTESIAN_POINT('',(3.899177382E-08,1.999698385296,
    3.410074740032));
#3162 = CARTESIAN_POINT('',(4.48513751E-08,1.999529436354,3.410377292108
    ));
#3163 = CARTESIAN_POINT('',(4.550336775E-08,1.999415548867,
    3.410744050107));
#3164 = CARTESIAN_POINT('',(4.871935791E-08,1.999363223027,3.41117546178
    ));
#3165 = CARTESIAN_POINT('',(-9.5241498E-09,2.000056673144,3.41023765846)
  );
#3166 = CARTESIAN_POINT('',(-4.67159209E-09,1.999873976998,
    3.410523883813));
#3167 = CARTESIAN_POINT('',(-7.3132906E-09,1.999743770198,3.410873867217
    ));
#3168 = CARTESIAN_POINT('',(-2.07343026E-09,1.999678628238,
    3.411292282138));
#3169 = CARTESIAN_POINT('',(-1.499086746E-08,2.00041353656,
    3.410400766158));
#3170 = CARTESIAN_POINT('',(-7.89702959E-09,2.000226917554,3.41068380811
    ));
#3171 = CARTESIAN_POINT('',(-9.99588339E-09,2.000076407238,
    3.411010266628));
#3172 = CARTESIAN_POINT('',(-4.81361606E-09,1.999992483687,
    3.411407812177));
#3173 = CARTESIAN_POINT('',(2.15881179E-09,2.000738368957,3.410510665463
    ));
#3174 = CARTESIAN_POINT('',(1.009616674E-08,2.000539820514,3.41078027222
    ));
#3175 = CARTESIAN_POINT('',(1.443582964E-08,2.00038413014,3.411102137017
    ));
#3176 = CARTESIAN_POINT('',(2.241954663E-08,2.000287165093,
    3.411487376602));
#3177 = ADVANCED_FACE('',(#3178),#3200,.T.);
#3178 = FACE_BOUND('',#3179,.F.);
#3179 = EDGE_LOOP('',(#3180,#3181,#3182,#3190));
#3180 = ORIENTED_EDGE('',*,*,#2533,.F.);
#3181 = ORIENTED_EDGE('',*,*,#2128,.T.);
#3182 = ORIENTED_EDGE('',*,*,#3183,.T.);
#3183 = EDGE_CURVE('',#2121,#3184,#3186,.T.);
#3184 = VERTEX_POINT('',#3185);
#3185 = CARTESIAN_POINT('',(43.7,18.8,17.571572875254));
#3186 = LINE('',#3187,#3188);
#3187 = CARTESIAN_POINT('',(43.7,18.8,-2.025496101945));
#3188 = VECTOR('',#3189,1.);
#3189 = DIRECTION('',(0.,0.,1.));
#3190 = ORIENTED_EDGE('',*,*,#3191,.T.);
#3191 = EDGE_CURVE('',#3184,#2534,#3192,.T.);
#3192 = ( BOUNDED_CURVE() B_SPLINE_CURVE(6,(#3193,#3194,#3195,#3196,
#3197,#3198,#3199),.UNSPECIFIED.,.F.,.F.) B_SPLINE_CURVE_WITH_KNOTS((7,7
),(79.58318530718,82.724777960769),.PIECEWISE_BEZIER_KNOTS.) CURVE() 
GEOMETRIC_REPRESENTATION_ITEM() RATIONAL_B_SPLINE_CURVE((1.,1.,1.,1.,1.,
1.,1.)) REPRESENTATION_ITEM('') );
#3193 = CARTESIAN_POINT('',(43.7,18.8,17.571572875254));
#3194 = CARTESIAN_POINT('',(43.7,19.323596378633,17.571572875254));
#3195 = CARTESIAN_POINT('',(43.535545902747,19.84715695039,
    17.571572875254));
#3196 = CARTESIAN_POINT('',(43.206377019028,20.306377019028,
    17.571572875254));
#3197 = CARTESIAN_POINT('',(42.74715695039,20.635545902747,
    17.571572875254));
#3198 = CARTESIAN_POINT('',(42.223596378633,20.8,17.571572875254));
#3199 = CARTESIAN_POINT('',(41.7,20.8,17.571572875254));
#3200 = CYLINDRICAL_SURFACE('',#3201,2.);
#3201 = AXIS2_PLACEMENT_3D('',#3202,#3203,#3204);
#3202 = CARTESIAN_POINT('',(41.7,18.8,-2.025496101945));
#3203 = DIRECTION('',(0.,0.,1.));
#3204 = DIRECTION('',(0.,1.,0.));
#3205 = ADVANCED_FACE('',(#3206,#3224),#3294,.T.);
#3206 = FACE_BOUND('',#3207,.T.);
#3207 = EDGE_LOOP('',(#3208,#3216,#3217,#3218));
#3208 = ORIENTED_EDGE('',*,*,#3209,.T.);
#3209 = EDGE_CURVE('',#3210,#2112,#3212,.T.);
#3210 = VERTEX_POINT('',#3211);
#3211 = CARTESIAN_POINT('',(43.7,2.,17.571572875254));
#3212 = LINE('',#3213,#3214);
#3213 = CARTESIAN_POINT('',(43.7,2.,19.4));
#3214 = VECTOR('',#3215,1.);
#3215 = DIRECTION('',(-0.,-0.,-1.));
#3216 = ORIENTED_EDGE('',*,*,#2120,.T.);
#3217 = ORIENTED_EDGE('',*,*,#3183,.T.);
#3218 = ORIENTED_EDGE('',*,*,#3219,.F.);
#3219 = EDGE_CURVE('',#3210,#3184,#3220,.T.);
#3220 = LINE('',#3221,#3222);
#3221 = CARTESIAN_POINT('',(43.7,2.,17.571572875254));
#3222 = VECTOR('',#3223,1.);
#3223 = DIRECTION('',(0.,1.,0.));
#3224 = FACE_BOUND('',#3225,.T.);
#3225 = EDGE_LOOP('',(#3226,#3236,#3245,#3253,#3262,#3270,#3279,#3287));
#3226 = ORIENTED_EDGE('',*,*,#3227,.F.);
#3227 = EDGE_CURVE('',#3228,#3230,#3232,.T.);
#3228 = VERTEX_POINT('',#3229);
#3229 = CARTESIAN_POINT('',(43.7,5.816208187683,11.399999999999));
#3230 = VERTEX_POINT('',#3231);
#3231 = CARTESIAN_POINT('',(43.7,14.98379181232,11.4));
#3232 = LINE('',#3233,#3234);
#3233 = CARTESIAN_POINT('',(43.7,5.4,11.4));
#3234 = VECTOR('',#3235,1.);
#3235 = DIRECTION('',(0.,1.,0.));
#3236 = ORIENTED_EDGE('',*,*,#3237,.F.);
#3237 = EDGE_CURVE('',#3238,#3228,#3240,.T.);
#3238 = VERTEX_POINT('',#3239);
#3239 = CARTESIAN_POINT('',(43.7,5.4,12.097106781187));
#3240 = ELLIPSE('',#3241,0.707106781187,0.5);
#3241 = AXIS2_PLACEMENT_3D('',#3242,#3243,#3244);
#3242 = CARTESIAN_POINT('',(43.7,5.9,12.097106781187));
#3243 = DIRECTION('',(1.,-0.,0.));
#3244 = DIRECTION('',(0.,3.3E-16,-1.));
#3245 = ORIENTED_EDGE('',*,*,#3246,.F.);
#3246 = EDGE_CURVE('',#3247,#3238,#3249,.T.);
#3247 = VERTEX_POINT('',#3248);
#3248 = CARTESIAN_POINT('',(43.7,5.4,15.9));
#3249 = LINE('',#3250,#3251);
#3250 = CARTESIAN_POINT('',(43.7,5.4,16.4));
#3251 = VECTOR('',#3252,1.);
#3252 = DIRECTION('',(0.,0.,-1.));
#3253 = ORIENTED_EDGE('',*,*,#3254,.T.);
#3254 = EDGE_CURVE('',#3247,#3255,#3257,.T.);
#3255 = VERTEX_POINT('',#3256);
#3256 = CARTESIAN_POINT('',(43.7,5.9,16.4));
#3257 = CIRCLE('',#3258,0.5);
#3258 = AXIS2_PLACEMENT_3D('',#3259,#3260,#3261);
#3259 = CARTESIAN_POINT('',(43.7,5.9,15.9));
#3260 = DIRECTION('',(-1.,-1.1E-16,1.1E-16));
#3261 = DIRECTION('',(1.1E-16,-1.,0.));
#3262 = ORIENTED_EDGE('',*,*,#3263,.F.);
#3263 = EDGE_CURVE('',#3264,#3255,#3266,.T.);
#3264 = VERTEX_POINT('',#3265);
#3265 = CARTESIAN_POINT('',(43.7,14.9,16.4));
#3266 = LINE('',#3267,#3268);
#3267 = CARTESIAN_POINT('',(43.7,15.4,16.4));
#3268 = VECTOR('',#3269,1.);
#3269 = DIRECTION('',(0.,-1.,0.));
#3270 = ORIENTED_EDGE('',*,*,#3271,.T.);
#3271 = EDGE_CURVE('',#3264,#3272,#3274,.T.);
#3272 = VERTEX_POINT('',#3273);
#3273 = CARTESIAN_POINT('',(43.7,15.4,15.9));
#3274 = CIRCLE('',#3275,0.5);
#3275 = AXIS2_PLACEMENT_3D('',#3276,#3277,#3278);
#3276 = CARTESIAN_POINT('',(43.7,14.9,15.9));
#3277 = DIRECTION('',(-1.,-1.1E-16,1.1E-16));
#3278 = DIRECTION('',(1.1E-16,-1.,0.));
#3279 = ORIENTED_EDGE('',*,*,#3280,.F.);
#3280 = EDGE_CURVE('',#3281,#3272,#3283,.T.);
#3281 = VERTEX_POINT('',#3282);
#3282 = CARTESIAN_POINT('',(43.7,15.4,12.097106781187));
#3283 = LINE('',#3284,#3285);
#3284 = CARTESIAN_POINT('',(43.7,15.4,11.4));
#3285 = VECTOR('',#3286,1.);
#3286 = DIRECTION('',(0.,0.,1.));
#3287 = ORIENTED_EDGE('',*,*,#3288,.F.);
#3288 = EDGE_CURVE('',#3230,#3281,#3289,.T.);
#3289 = ELLIPSE('',#3290,0.707106781187,0.5);
#3290 = AXIS2_PLACEMENT_3D('',#3291,#3292,#3293);
#3291 = CARTESIAN_POINT('',(43.7,14.9,12.097106781187));
#3292 = DIRECTION('',(1.,-0.,0.));
#3293 = DIRECTION('',(0.,3.3E-16,-1.));
#3294 = PLANE('',#3295);
#3295 = AXIS2_PLACEMENT_3D('',#3296,#3297,#3298);
#3296 = CARTESIAN_POINT('',(43.7,10.4,8.687251949027));
#3297 = DIRECTION('',(1.,0.,0.));
#3298 = DIRECTION('',(0.,0.,1.));
#3299 = ADVANCED_FACE('',(#3300),#3315,.T.);
#3300 = FACE_BOUND('',#3301,.F.);
#3301 = EDGE_LOOP('',(#3302,#3303,#3313,#3314));
#3302 = ORIENTED_EDGE('',*,*,#2193,.F.);
#3303 = ORIENTED_EDGE('',*,*,#3304,.T.);
#3304 = EDGE_CURVE('',#2194,#3210,#3305,.T.);
#3305 = ( BOUNDED_CURVE() B_SPLINE_CURVE(6,(#3306,#3307,#3308,#3309,
#3310,#3311,#3312),.UNSPECIFIED.,.F.,.F.) B_SPLINE_CURVE_WITH_KNOTS((7,7
),(59.64159265359,62.78318530718),.PIECEWISE_BEZIER_KNOTS.) CURVE() 
GEOMETRIC_REPRESENTATION_ITEM() RATIONAL_B_SPLINE_CURVE((1.,1.,1.,1.,1.,
1.,1.)) REPRESENTATION_ITEM('') );
#3306 = CARTESIAN_POINT('',(41.7,-2.2E-16,17.571572875254));
#3307 = CARTESIAN_POINT('',(42.223596378633,4.E-15,17.571572875254));
#3308 = CARTESIAN_POINT('',(42.74715695039,0.164454097253,
    17.571572875254));
#3309 = CARTESIAN_POINT('',(43.206377019028,0.493622980972,
    17.571572875254));
#3310 = CARTESIAN_POINT('',(43.535545902747,0.95284304961,
    17.571572875254));
#3311 = CARTESIAN_POINT('',(43.7,1.476403621367,17.571572875254));
#3312 = CARTESIAN_POINT('',(43.7,2.,17.571572875254));
#3313 = ORIENTED_EDGE('',*,*,#3209,.T.);
#3314 = ORIENTED_EDGE('',*,*,#2111,.F.);
#3315 = CYLINDRICAL_SURFACE('',#3316,2.);
#3316 = AXIS2_PLACEMENT_3D('',#3317,#3318,#3319);
#3317 = CARTESIAN_POINT('',(41.7,2.,19.4));
#3318 = DIRECTION('',(-0.,-0.,-1.));
#3319 = DIRECTION('',(0.,-1.,0.));
#3320 = ADVANCED_FACE('',(#3321),#3337,.T.);
#3321 = FACE_BOUND('',#3322,.F.);
#3322 = EDGE_LOOP('',(#3323,#3324,#3325,#3326,#3327));
#3323 = ORIENTED_EDGE('',*,*,#2152,.F.);
#3324 = ORIENTED_EDGE('',*,*,#2993,.F.);
#3325 = ORIENTED_EDGE('',*,*,#3155,.F.);
#3326 = ORIENTED_EDGE('',*,*,#2345,.T.);
#3327 = ORIENTED_EDGE('',*,*,#3328,.T.);
#3328 = EDGE_CURVE('',#2348,#2155,#3329,.T.);
#3329 = ( BOUNDED_CURVE() B_SPLINE_CURVE(6,(#3330,#3331,#3332,#3333,
#3334,#3335,#3336),.UNSPECIFIED.,.F.,.F.) B_SPLINE_CURVE_WITH_KNOTS((7,7
),(16.8,19.94159265359),.PIECEWISE_BEZIER_KNOTS.) CURVE() 
GEOMETRIC_REPRESENTATION_ITEM() RATIONAL_B_SPLINE_CURVE((1.,1.,1.,1.,1.,
1.,1.)) REPRESENTATION_ITEM('') );
#3330 = CARTESIAN_POINT('',(-4.4E-16,2.,17.571572875254));
#3331 = CARTESIAN_POINT('',(-8.9E-16,1.476403621367,17.571572875254));
#3332 = CARTESIAN_POINT('',(0.164454097253,0.95284304961,17.571572875254
    ));
#3333 = CARTESIAN_POINT('',(0.493622980972,0.493622980972,
    17.571572875254));
#3334 = CARTESIAN_POINT('',(0.95284304961,0.164454097253,17.571572875254
    ));
#3335 = CARTESIAN_POINT('',(1.476403621367,6.7E-16,17.571572875254));
#3336 = CARTESIAN_POINT('',(2.,-2.2E-16,17.571572875254));
#3337 = CYLINDRICAL_SURFACE('',#3338,2.);
#3338 = AXIS2_PLACEMENT_3D('',#3339,#3340,#3341);
#3339 = CARTESIAN_POINT('',(2.,2.,-8.923635680886E-02));
#3340 = DIRECTION('',(0.,0.,1.));
#3341 = DIRECTION('',(0.,-1.,0.));
#3342 = ADVANCED_FACE('',(#3343),#3369,.T.);
#3343 = FACE_BOUND('',#3344,.F.);
#3344 = EDGE_LOOP('',(#3345,#3353,#3361,#3368));
#3345 = ORIENTED_EDGE('',*,*,#3346,.T.);
#3346 = EDGE_CURVE('',#2155,#3347,#3349,.T.);
#3347 = VERTEX_POINT('',#3348);
#3348 = CARTESIAN_POINT('',(2.,0.585786437627,18.985786437627));
#3349 = ( BOUNDED_CURVE() B_SPLINE_CURVE(2,(#3350,#3351,#3352),
.UNSPECIFIED.,.F.,.F.) B_SPLINE_CURVE_WITH_KNOTS((3,3),(0.,3.14159265359
),.PIECEWISE_BEZIER_KNOTS.) CURVE() GEOMETRIC_REPRESENTATION_ITEM() 
RATIONAL_B_SPLINE_CURVE((1.,0.923879532511,1.)) REPRESENTATION_ITEM('') 
  );
#3350 = CARTESIAN_POINT('',(2.,-2.2E-16,17.571572875254));
#3351 = CARTESIAN_POINT('',(2.,0.,18.4));
#3352 = CARTESIAN_POINT('',(2.,0.585786437627,18.985786437627));
#3353 = ORIENTED_EDGE('',*,*,#3354,.T.);
#3354 = EDGE_CURVE('',#3347,#3355,#3357,.T.);
#3355 = VERTEX_POINT('',#3356);
#3356 = CARTESIAN_POINT('',(41.7,0.585786437627,18.985786437627));
#3357 = LINE('',#3358,#3359);
#3358 = CARTESIAN_POINT('',(2.,0.585786437627,18.985786437627));
#3359 = VECTOR('',#3360,1.);
#3360 = DIRECTION('',(1.,0.,0.));
#3361 = ORIENTED_EDGE('',*,*,#3362,.F.);
#3362 = EDGE_CURVE('',#2194,#3355,#3363,.T.);
#3363 = CIRCLE('',#3364,2.);
#3364 = AXIS2_PLACEMENT_3D('',#3365,#3366,#3367);
#3365 = CARTESIAN_POINT('',(41.7,2.,17.571572875254));
#3366 = DIRECTION('',(-1.,0.,0.));
#3367 = DIRECTION('',(0.,-1.,0.));
#3368 = ORIENTED_EDGE('',*,*,#2201,.F.);
#3369 = CYLINDRICAL_SURFACE('',#3370,2.);
#3370 = AXIS2_PLACEMENT_3D('',#3371,#3372,#3373);
#3371 = CARTESIAN_POINT('',(2.,2.,17.571572875254));
#3372 = DIRECTION('',(1.,0.,0.));
#3373 = DIRECTION('',(0.,-1.,0.));
#3374 = ADVANCED_FACE('',(#3375),#3402,.T.);
#3375 = FACE_BOUND('',#3376,.F.);
#3376 = EDGE_LOOP('',(#3377,#3386,#3394,#3401));
#3377 = ORIENTED_EDGE('',*,*,#3378,.T.);
#3378 = EDGE_CURVE('',#2356,#3379,#3381,.T.);
#3379 = VERTEX_POINT('',#3380);
#3380 = CARTESIAN_POINT('',(0.585786437627,18.8,18.985786437627));
#3381 = CIRCLE('',#3382,2.);
#3382 = AXIS2_PLACEMENT_3D('',#3383,#3384,#3385);
#3383 = CARTESIAN_POINT('',(2.,18.8,17.571572875254));
#3384 = DIRECTION('',(0.,1.,-0.));
#3385 = DIRECTION('',(-1.,0.,0.));
#3386 = ORIENTED_EDGE('',*,*,#3387,.T.);
#3387 = EDGE_CURVE('',#3379,#3388,#3390,.T.);
#3388 = VERTEX_POINT('',#3389);
#3389 = CARTESIAN_POINT('',(0.585786437627,2.,18.985786437627));
#3390 = LINE('',#3391,#3392);
#3391 = CARTESIAN_POINT('',(0.585786437627,18.8,18.985786437627));
#3392 = VECTOR('',#3393,1.);
#3393 = DIRECTION('',(0.,-1.,0.));
#3394 = ORIENTED_EDGE('',*,*,#3395,.F.);
#3395 = EDGE_CURVE('',#2348,#3388,#3396,.T.);
#3396 = CIRCLE('',#3397,2.);
#3397 = AXIS2_PLACEMENT_3D('',#3398,#3399,#3400);
#3398 = CARTESIAN_POINT('',(2.,2.,17.571572875254));
#3399 = DIRECTION('',(0.,1.,-0.));
#3400 = DIRECTION('',(-1.,0.,0.));
#3401 = ORIENTED_EDGE('',*,*,#2355,.F.);
#3402 = CYLINDRICAL_SURFACE('',#3403,2.);
#3403 = AXIS2_PLACEMENT_3D('',#3404,#3405,#3406);
#3404 = CARTESIAN_POINT('',(2.,18.8,17.571572875254));
#3405 = DIRECTION('',(0.,-1.,0.));
#3406 = DIRECTION('',(-1.,0.,0.));
#3407 = ADVANCED_FACE('',(#3408),#3471,.T.);
#3408 = FACE_BOUND('',#3409,.T.);
#3409 = EDGE_LOOP('',(#3410,#3411,#3454,#3460,#3461));
#3410 = ORIENTED_EDGE('',*,*,#2574,.F.);
#3411 = ORIENTED_EDGE('',*,*,#3412,.F.);
#3412 = EDGE_CURVE('',#3413,#2553,#3415,.T.);
#3413 = VERTEX_POINT('',#3414);
#3414 = CARTESIAN_POINT('',(9.648919E-09,18.800196457824,3.410725935885)
  );
#3415 = ( BOUNDED_CURVE() B_SPLINE_CURVE(13,(#3416,#3417,#3418,#3419,
    #3420,#3421,#3422,#3423,#3424,#3425,#3426,#3427,#3428,#3429,#3430,
    #3431,#3432,#3433,#3434,#3435,#3436,#3437,#3438,#3439,#3440,#3441,
    #3442,#3443,#3444,#3445,#3446,#3447,#3448,#3449,#3450,#3451,#3452,
#3453),.UNSPECIFIED.,.F.,.F.) B_SPLINE_CURVE_WITH_KNOTS((14,12,12,14),(
    0.,1.106816521974,1.660224782961,2.213633043949),.UNSPECIFIED.) 
CURVE() GEOMETRIC_REPRESENTATION_ITEM() RATIONAL_B_SPLINE_CURVE((1.,1.,
    0.999999999999,1.000000000002,0.999999999995,1.000000000008,
    0.99999999999,1.00000000001,0.999999999992,1.000000000005,
    0.999999999997,1.000000000001,1.,1.,1.,1.000000000001,0.999999999997
    ,1.000000000005,0.999999999994,1.000000000006,0.999999999995,
    1.000000000003,0.999999999998,1.000000000001,1.,1.,1.,1.000000000001
    ,0.999999999998,1.000000000003,0.999999999997,1.000000000003,
    0.999999999998,1.000000000001,0.999999999999,1.,1.,1.)) 
REPRESENTATION_ITEM('') );
#3416 = CARTESIAN_POINT('',(9.64891878E-09,18.800196457824,
    3.410725935885));
#3417 = CARTESIAN_POINT('',(9.81140116119E-06,18.90339929685,
    3.38754351806));
#3418 = CARTESIAN_POINT('',(5.785329353678E-03,19.006416555084,
    3.364407032899));
#3419 = CARTESIAN_POINT('',(1.729806331773E-02,19.109019940785,
    3.341399908146));
#3420 = CARTESIAN_POINT('',(3.452601986085E-02,19.210990318678,
    3.318606871448));
#3421 = CARTESIAN_POINT('',(5.745511567264E-02,19.312108306351,
    3.296111649501));
#3422 = CARTESIAN_POINT('',(8.608058155626E-02,19.412151377009,
    3.273999616895));
#3423 = CARTESIAN_POINT('',(0.12040836642,19.510890962298,3.25236044485)
  );
#3424 = CARTESIAN_POINT('',(0.160456541277,19.608089555056,
    3.231290750106));
#3425 = CARTESIAN_POINT('',(0.206256703222,19.70349781212,3.210896743628
    ));
#3426 = CARTESIAN_POINT('',(0.25785537945,19.796851657105,3.191296879499
    ));
#3427 = CARTESIAN_POINT('',(0.315315431219,19.887869383185,
    3.172624503653));
#3428 = CARTESIAN_POINT('',(0.378717457867,19.976248755887,
    3.155030502722));
#3429 = CARTESIAN_POINT('',(0.482883072253,20.104371795859,3.13051367786
    ));
#3430 = CARTESIAN_POINT('',(0.51911378137,20.146338798836,3.122653073576
    ));
#3431 = CARTESIAN_POINT('',(0.556872878151,20.187522869532,3.11512926236
    ));
#3432 = CARTESIAN_POINT('',(0.59617792879,20.227880956815,3.107967054594
    ));
#3433 = CARTESIAN_POINT('',(0.637046591702,20.267368665645,
    3.101192099072));
#3434 = CARTESIAN_POINT('',(0.679498693553,20.305939709008,
    3.094832033398));
#3435 = CARTESIAN_POINT('',(0.723558305303,20.343545359879,3.08891763443
    ));
#3436 = CARTESIAN_POINT('',(0.769255818231,20.380133903157,
    3.083483968663));
#3437 = CARTESIAN_POINT('',(0.816630019977,20.415650087623,
    3.078571542682));
#3438 = CARTESIAN_POINT('',(0.865730170576,20.45003457788,3.074227453545
    ));
#3439 = CARTESIAN_POINT('',(0.916618078488,20.483223406302,
    3.070506539228));
#3440 = CARTESIAN_POINT('',(0.969370176637,20.515147424986,
    3.067472529022));
#3441 = CARTESIAN_POINT('',(1.078789020257,20.576316090408,
    3.062925858895));
#3442 = CARTESIAN_POINT('',(1.135276160089,20.605584700422,
    3.061328767866));
#3443 = CARTESIAN_POINT('',(1.19554299941,20.63320327052,3.061381293071)
  );
#3444 = CARTESIAN_POINT('',(1.25013835632,20.660385830172,3.05866364865)
  );
#3445 = CARTESIAN_POINT('',(1.330554464007,20.682789951049,
    3.068048206929));
#3446 = CARTESIAN_POINT('',(1.363324020441,20.710302293957,3.05496098146
    ));
#3447 = CARTESIAN_POINT('',(1.480354796829,20.724937033521,
    3.081594793523));
#3448 = CARTESIAN_POINT('',(1.498116641356,20.751517980244,
    3.061521217812));
#3449 = CARTESIAN_POINT('',(1.622726327629,20.76192131285,3.091924937822
    ));
#3450 = CARTESIAN_POINT('',(1.668593256233,20.78127754333,3.085401435298
    ));
#3451 = CARTESIAN_POINT('',(1.778865595338,20.789880344962,
    3.109517522242));
#3452 = CARTESIAN_POINT('',(1.862511782835,20.8,3.121437533264));
#3453 = CARTESIAN_POINT('',(2.,20.8,3.159361069604));
#3454 = ORIENTED_EDGE('',*,*,#3455,.F.);
#3455 = EDGE_CURVE('',#2364,#3413,#3456,.T.);
#3456 = B_SPLINE_CURVE_WITH_KNOTS('',2,(#3457,#3458,#3459),
  .UNSPECIFIED.,.F.,.F.,(3,3),(0.,2.601559439334E-04),
  .PIECEWISE_BEZIER_KNOTS.);
#3457 = CARTESIAN_POINT('',(-4.6E-16,18.8,3.410963186024));
#3458 = CARTESIAN_POINT('',(-4.E-16,18.800094975709,3.410842086138));
#3459 = CARTESIAN_POINT('',(9.0203849E-09,18.800189951417,3.410720986251
    ));
#3460 = ORIENTED_EDGE('',*,*,#2363,.T.);
#3461 = ORIENTED_EDGE('',*,*,#3462,.F.);
#3462 = EDGE_CURVE('',#2575,#2356,#3463,.T.);
#3463 = ( BOUNDED_CURVE() B_SPLINE_CURVE(6,(#3464,#3465,#3466,#3467,
#3468,#3469,#3470),.UNSPECIFIED.,.F.,.F.) B_SPLINE_CURVE_WITH_KNOTS((7,7
),(122.42477796076,125.56637061435),.PIECEWISE_BEZIER_KNOTS.) CURVE() 
GEOMETRIC_REPRESENTATION_ITEM() RATIONAL_B_SPLINE_CURVE((1.,1.,1.,1.,1.,
1.,1.)) REPRESENTATION_ITEM('') );
#3464 = CARTESIAN_POINT('',(2.,20.8,17.571572875254));
#3465 = CARTESIAN_POINT('',(1.476403621367,20.8,17.571572875254));
#3466 = CARTESIAN_POINT('',(0.95284304961,20.635545902747,
    17.571572875254));
#3467 = CARTESIAN_POINT('',(0.493622980972,20.306377019028,
    17.571572875254));
#3468 = CARTESIAN_POINT('',(0.164454097253,19.84715695039,
    17.571572875254));
#3469 = CARTESIAN_POINT('',(1.55E-15,19.323596378633,17.571572875254));
#3470 = CARTESIAN_POINT('',(-4.4E-16,18.8,17.571572875254));
#3471 = CYLINDRICAL_SURFACE('',#3472,2.);
#3472 = AXIS2_PLACEMENT_3D('',#3473,#3474,#3475);
#3473 = CARTESIAN_POINT('',(2.,18.8,-8.923635680886E-02));
#3474 = DIRECTION('',(0.,0.,1.));
#3475 = DIRECTION('',(0.,1.,0.));
#3476 = ADVANCED_FACE('',(#3477),#3488,.F.);
#3477 = FACE_BOUND('',#3478,.F.);
#3478 = EDGE_LOOP('',(#3479,#3485,#3486,#3487));
#3479 = ORIENTED_EDGE('',*,*,#3480,.F.);
#3480 = EDGE_CURVE('',#3413,#2640,#3481,.T.);
#3481 = ( BOUNDED_CURVE() B_SPLINE_CURVE(2,(#3482,#3483,#3484),
.UNSPECIFIED.,.F.,.F.) B_SPLINE_CURVE_WITH_KNOTS((3,3),(0.,
2.213633043949),.PIECEWISE_BEZIER_KNOTS.) CURVE() 
GEOMETRIC_REPRESENTATION_ITEM() RATIONAL_B_SPLINE_CURVE((1.,
0.999999998611,1.)) REPRESENTATION_ITEM('') );
#3482 = CARTESIAN_POINT('',(9.64891878E-09,18.800196457824,
    3.410725935885));
#3483 = CARTESIAN_POINT('',(1.05113696E-09,18.800106043144,
    3.410657154526));
#3484 = CARTESIAN_POINT('',(4.08424672E-09,18.800025162151,
    3.410595625751));
#3485 = ORIENTED_EDGE('',*,*,#3455,.F.);
#3486 = ORIENTED_EDGE('',*,*,#2371,.F.);
#3487 = ORIENTED_EDGE('',*,*,#2639,.F.);
#3488 = B_SPLINE_SURFACE_WITH_KNOTS('',3,3,(
    (#3489,#3490,#3491,#3492)
    ,(#3493,#3494,#3495,#3496)
    ,(#3497,#3498,#3499,#3500)
    ,(#3501,#3502,#3503,#3504
    )),.UNSPECIFIED.,.F.,.F.,.F.,(4,4),(4,4),(-5.612577771973E-04,
    5.387422228027E-04),(-5.250170878405E-04,5.749829121595E-04),
  .PIECEWISE_BEZIER_KNOTS.);
#3489 = CARTESIAN_POINT('',(2.15882041E-09,18.799261631043,
    3.410510665456));
#3490 = CARTESIAN_POINT('',(1.009618162E-08,18.799460179483,
    3.410780272214));
#3491 = CARTESIAN_POINT('',(1.443584827E-08,18.799615869855,
    3.411102137012));
#3492 = CARTESIAN_POINT('',(2.241957421E-08,18.7997128349,3.411487376597
    ));
#3493 = CARTESIAN_POINT('',(-1.499089161E-08,18.799586463445,
    3.410400766154));
#3494 = CARTESIAN_POINT('',(-7.89704723E-09,18.799773082448,
    3.410683808107));
#3495 = CARTESIAN_POINT('',(-9.99590351E-09,18.799923592759,
    3.411010266627));
#3496 = CARTESIAN_POINT('',(-4.8136337E-09,18.800007516307,
    3.411407812177));
#3497 = CARTESIAN_POINT('',(-9.52418263E-09,18.799943326863,
    3.410237658459));
#3498 = CARTESIAN_POINT('',(-4.67164586E-09,18.800126023005,
    3.410523883815));
#3499 = CARTESIAN_POINT('',(-7.31334314E-09,18.8002562298,3.410873867221
    ));
#3500 = CARTESIAN_POINT('',(-2.07345905E-09,18.800321371756,
    3.411292282144));
#3501 = CARTESIAN_POINT('',(3.899189334E-08,18.800301614712,
    3.410074740036));
#3502 = CARTESIAN_POINT('',(4.485147365E-08,18.80047056365,
    3.410377292115));
#3503 = CARTESIAN_POINT('',(4.550345732E-08,18.800584451132,
    3.410744050117));
#3504 = CARTESIAN_POINT('',(4.871946336E-08,18.800636776968,
    3.411175461791));
#3505 = ADVANCED_FACE('',(#3506),#3532,.T.);
#3506 = FACE_BOUND('',#3507,.F.);
#3507 = EDGE_LOOP('',(#3508,#3516,#3524,#3531));
#3508 = ORIENTED_EDGE('',*,*,#3509,.T.);
#3509 = EDGE_CURVE('',#2534,#3510,#3512,.T.);
#3510 = VERTEX_POINT('',#3511);
#3511 = CARTESIAN_POINT('',(41.7,20.214213562373,18.985786437627));
#3512 = ( BOUNDED_CURVE() B_SPLINE_CURVE(2,(#3513,#3514,#3515),
.UNSPECIFIED.,.F.,.F.) B_SPLINE_CURVE_WITH_KNOTS((3,3),(0.,3.14159265359
),.PIECEWISE_BEZIER_KNOTS.) CURVE() GEOMETRIC_REPRESENTATION_ITEM() 
RATIONAL_B_SPLINE_CURVE((1.,0.923879532511,1.)) REPRESENTATION_ITEM('') 
  );
#3513 = CARTESIAN_POINT('',(41.7,20.8,17.571572875254));
#3514 = CARTESIAN_POINT('',(41.7,20.8,18.4));
#3515 = CARTESIAN_POINT('',(41.7,20.214213562373,18.985786437627));
#3516 = ORIENTED_EDGE('',*,*,#3517,.T.);
#3517 = EDGE_CURVE('',#3510,#3518,#3520,.T.);
#3518 = VERTEX_POINT('',#3519);
#3519 = CARTESIAN_POINT('',(2.,20.214213562373,18.985786437627));
#3520 = LINE('',#3521,#3522);
#3521 = CARTESIAN_POINT('',(41.7,20.214213562373,18.985786437627));
#3522 = VECTOR('',#3523,1.);
#3523 = DIRECTION('',(-1.,0.,0.));
#3524 = ORIENTED_EDGE('',*,*,#3525,.F.);
#3525 = EDGE_CURVE('',#2575,#3518,#3526,.T.);
#3526 = CIRCLE('',#3527,2.);
#3527 = AXIS2_PLACEMENT_3D('',#3528,#3529,#3530);
#3528 = CARTESIAN_POINT('',(2.,18.8,17.571572875254));
#3529 = DIRECTION('',(1.,0.,0.));
#3530 = DIRECTION('',(0.,1.,0.));
#3531 = ORIENTED_EDGE('',*,*,#2582,.F.);
#3532 = CYLINDRICAL_SURFACE('',#3533,2.);
#3533 = AXIS2_PLACEMENT_3D('',#3534,#3535,#3536);
#3534 = CARTESIAN_POINT('',(41.7,18.8,17.571572875254));
#3535 = DIRECTION('',(-1.,0.,0.));
#3536 = DIRECTION('',(0.,1.,0.));
#3537 = ADVANCED_FACE('',(#3538),#3549,.F.);
#3538 = FACE_BOUND('',#3539,.F.);
#3539 = EDGE_LOOP('',(#3540,#3546,#3547,#3548));
#3540 = ORIENTED_EDGE('',*,*,#3541,.T.);
#3541 = EDGE_CURVE('',#2553,#2648,#3542,.T.);
#3542 = ( BOUNDED_CURVE() B_SPLINE_CURVE(2,(#3543,#3544,#3545),
.UNSPECIFIED.,.F.,.F.) B_SPLINE_CURVE_WITH_KNOTS((3,3),(0.,
2.213633043949),.PIECEWISE_BEZIER_KNOTS.) CURVE() 
GEOMETRIC_REPRESENTATION_ITEM() RATIONAL_B_SPLINE_CURVE((1.,
0.668939315759,1.)) REPRESENTATION_ITEM('') );
#3543 = CARTESIAN_POINT('',(2.,20.8,3.159361069604));
#3544 = CARTESIAN_POINT('',(4.823415262466E-02,20.8,2.096553043128));
#3545 = CARTESIAN_POINT('',(0.807169473562,18.917750336001,
    1.190956993484));
#3546 = ORIENTED_EDGE('',*,*,#2690,.T.);
#3547 = ORIENTED_EDGE('',*,*,#2599,.F.);
#3548 = ORIENTED_EDGE('',*,*,#2552,.F.);
#3549 = ( BOUNDED_SURFACE() B_SPLINE_SURFACE(2,6,(
    (#3550,#3551,#3552,#3553,#3554,#3555,#3556,#3557,#3558,#3559,#3560
      ,#3561,#3562,#3563,#3564,#3565,#3566)
    ,(#3567,#3568,#3569,#3570,#3571,#3572,#3573,#3574,#3575,#3576,#3577
      ,#3578,#3579,#3580,#3581,#3582,#3583)
    ,(#3584,#3585,#3586,#3587,#3588,#3589,#3590,#3591,#3592,#3593,#3594
      ,#3595,#3596,#3597,#3598,#3599,#3600
)),.UNSPECIFIED.,.F.,.F.,.F.) B_SPLINE_SURFACE_WITH_KNOTS((3,3),(7,5,5,7
    ),(0.,2.266206504783),(2.21363304395,2.903110355864,3.579182420101,
4.479839548733),.UNSPECIFIED.) GEOMETRIC_REPRESENTATION_ITEM() 
RATIONAL_B_SPLINE_SURFACE((
    (1.,1.,1.,1.,1.,1.,1.,1.,1.,1.,1.,1.,1.,1.,1.,1.,1.)
    ,(0.668939315759,0.667926175638,0.667398001012,0.667403977127
      ,0.667964214043,0.669069746629,0.672263965677,0.674393390202
      ,0.676944281814,0.679904986809,0.683220122177,0.6911772116
      ,0.696052948254,0.700695936935,0.704672173994,0.707106781187
      ,0.707106781187)
    ,(1.,1.,1.,1.,1.,1.,1.,1.,1.,1.,1.,1.,1.,1.,1.,1.,1.
))) REPRESENTATION_ITEM('') SURFACE() );
#3550 = CARTESIAN_POINT('',(2.,20.8,3.159361069602));
#3551 = CARTESIAN_POINT('',(2.035023358491,20.8,3.078706563993));
#3552 = CARTESIAN_POINT('',(2.072724189174,20.8,3.001083302379));
#3553 = CARTESIAN_POINT('',(2.11246265165,20.8,2.926674722831));
#3554 = CARTESIAN_POINT('',(2.153671550486,20.8,2.855576917915));
#3555 = CARTESIAN_POINT('',(2.195856335222,20.8,2.787798634691));
#3556 = CARTESIAN_POINT('',(2.280502911799,20.8,2.65997869032));
#3557 = CARTESIAN_POINT('',(2.32253375486,20.8,2.599917955417));
#3558 = CARTESIAN_POINT('',(2.365235753559,20.8,2.542563367118));
#3559 = CARTESIAN_POINT('',(2.407837401468,20.8,2.488047298206));
#3560 = CARTESIAN_POINT('',(2.449738407007,20.8,2.436573643838));
#3561 = CARTESIAN_POINT('',(2.548301770818,20.8,2.322920435389));
#3562 = CARTESIAN_POINT('',(2.604009088029,20.8,2.263158703775));
#3563 = CARTESIAN_POINT('',(2.660707292606,20.8,2.208643072919));
#3564 = CARTESIAN_POINT('',(2.717457615619,20.8,2.160796158551));
#3565 = CARTESIAN_POINT('',(2.777071709035,20.8,2.120755577952));
#3566 = CARTESIAN_POINT('',(2.842573656031,20.8,2.090328549496));
#3567 = CARTESIAN_POINT('',(4.823415262546E-02,20.8,2.096553043126));
#3568 = CARTESIAN_POINT('',(0.107507387603,20.8,1.958582997902));
#3569 = CARTESIAN_POINT('',(0.174282038978,20.8,1.825246430151));
#3570 = CARTESIAN_POINT('',(0.248155495895,20.8,1.697101093221));
#3571 = CARTESIAN_POINT('',(0.328593261247,20.8,1.574601301716));
#3572 = CARTESIAN_POINT('',(0.414947206654,20.8,1.45806488299));
#3573 = CARTESIAN_POINT('',(0.595805675006,20.8,1.239887260712));
#3574 = CARTESIAN_POINT('',(0.689957176603,20.8,1.138257348444));
#3575 = CARTESIAN_POINT('',(0.788496060056,20.8,1.042329668465));
#3576 = CARTESIAN_POINT('',(0.890750130201,20.8,0.952212927284));
#3577 = CARTESIAN_POINT('',(0.995984869217,20.8,0.867951473316));
#3578 = CARTESIAN_POINT('',(1.245574307433,20.8,0.684609561267));
#3579 = CARTESIAN_POINT('',(1.391960538765,20.8,0.589516207814));
#3580 = CARTESIAN_POINT('',(1.541404606393,20.8,0.50258663699));
#3581 = CARTESIAN_POINT('',(1.692296576806,20.8,0.423080926258));
#3582 = CARTESIAN_POINT('',(1.844513616217,20.8,0.348700326602));
#3583 = CARTESIAN_POINT('',(2.,20.8,0.276473639598));
#3584 = CARTESIAN_POINT('',(0.807169473563,18.917750336,1.190956993482)
  );
#3585 = CARTESIAN_POINT('',(0.888189657846,18.899595771088,
    1.094280034585));
#3586 = CARTESIAN_POINT('',(0.970530615523,18.882589005686,
    1.004663292419));
#3587 = CARTESIAN_POINT('',(1.052980764388,18.86697724036,0.922279683008
    ));
#3588 = CARTESIAN_POINT('',(1.134445079021,18.85295233089,0.847102918921
    ));
#3589 = CARTESIAN_POINT('',(1.213945090787,18.840650788272,
    0.778907509273));
#3590 = CARTESIAN_POINT('',(1.365801945128,18.81986085857,0.656828429165
    ));
#3591 = CARTESIAN_POINT('',(1.437992135987,18.811461829453,0.60291110702
    ));
#3592 = CARTESIAN_POINT('',(1.507297503116,18.804712285034,0.5545374652)
  );
#3593 = CARTESIAN_POINT('',(1.572622888547,18.799780378963,
    0.511596601786));
#3594 = CARTESIAN_POINT('',(1.633043038891,18.796723150653,0.47395500502
    ));
#3595 = CARTESIAN_POINT('',(1.763955151392,18.792617795787,
    0.396084341807));
#3596 = CARTESIAN_POINT('',(1.830038291018,18.793017445216,
    0.359825055397));
#3597 = CARTESIAN_POINT('',(1.887631303108,18.795041341801,0.33019730959
    ));
#3598 = CARTESIAN_POINT('',(1.934805578672,18.798137172895,
    0.307120300339));
#3599 = CARTESIAN_POINT('',(1.972402040508,18.8,0.289293470722));
#3600 = CARTESIAN_POINT('',(2.,18.8,0.276473639598));
#3601 = ADVANCED_FACE('',(#3602),#3608,.F.);
#3602 = FACE_BOUND('',#3603,.F.);
#3603 = EDGE_LOOP('',(#3604,#3605,#3606,#3607));
#3604 = ORIENTED_EDGE('',*,*,#3480,.T.);
#3605 = ORIENTED_EDGE('',*,*,#2647,.T.);
#3606 = ORIENTED_EDGE('',*,*,#3541,.F.);
#3607 = ORIENTED_EDGE('',*,*,#3412,.F.);
#3608 = ( BOUNDED_SURFACE() B_SPLINE_SURFACE(2,13,(
    (#3609,#3610,#3611,#3612,#3613,#3614,#3615,#3616,#3617,#3618,#3619
      ,#3620,#3621,#3622,#3623,#3624,#3625,#3626,#3627,#3628,#3629,#3630
      ,#3631,#3632,#3633,#3634,#3635,#3636,#3637,#3638,#3639,#3640,#3641
      ,#3642,#3643,#3644,#3645,#3646)
    ,(#3647,#3648,#3649,#3650,#3651,#3652,#3653,#3654,#3655,#3656,#3657
      ,#3658,#3659,#3660,#3661,#3662,#3663,#3664,#3665,#3666,#3667,#3668
      ,#3669,#3670,#3671,#3672,#3673,#3674,#3675,#3676,#3677,#3678,#3679
      ,#3680,#3681,#3682,#3683,#3684)
    ,(#3685,#3686,#3687,#3688,#3689,#3690,#3691,#3692,#3693,#3694,#3695
      ,#3696,#3697,#3698,#3699,#3700,#3701,#3702,#3703,#3704,#3705,#3706
      ,#3707,#3708,#3709,#3710,#3711,#3712,#3713,#3714,#3715,#3716,#3717
      ,#3718,#3719,#3720,#3721,#3722
)),.UNSPECIFIED.,.F.,.F.,.F.) B_SPLINE_SURFACE_WITH_KNOTS((3,3),(14,12,
    12,14),(0.,2.213633043949),(0.,1.106816521974,1.660224782961,
2.213633043949),.UNSPECIFIED.) GEOMETRIC_REPRESENTATION_ITEM() 
RATIONAL_B_SPLINE_SURFACE((
    (1.,1.,0.999999999999,1.000000000002,0.999999999995,1.000000000008
      ,0.99999999999,1.00000000001,0.999999999992,1.000000000005
      ,0.999999999997,1.000000000001,1.,1.,1.,1.000000000001
      ,0.999999999997,1.000000000005,0.999999999994,1.000000000006
      ,0.999999999995,1.000000000003,0.999999999998,1.000000000001,1.,1.
      ,1.,1.000000000001,0.999999999998,1.000000000003,0.999999999997
      ,1.000000000003,0.999999999998,1.000000000001,0.999999999999,1.,1.
      ,1.)
    ,(0.999999998611,0.999998488776,0.999109417835,0.997336328162
      ,0.994681837978,0.991147145057,0.986731530231,0.98143186124
      ,0.975242096092,0.968152787004,0.960150583763,0.951217737578
      ,0.941331604579,0.925030422005,0.919351674107,0.913422716416
      ,0.907238734232,0.90079479345,0.894085346283,0.887103737261
      ,0.879841708828,0.87228890742,0.86443238906,0.856256125364
      ,0.847740509254,0.829983212427,0.820780896888,0.810812242234
      ,0.80214750763,0.787871078201,0.784100919648,0.761881737732
      ,0.761486055618,0.737665700114,0.73114685573,0.710488670481
      ,0.695661010557,0.668939315759)
    ,(1.,1.,0.999999999999,1.000000000002,0.999999999995,1.000000000008
      ,0.99999999999,1.00000000001,0.999999999992,1.000000000005
      ,0.999999999997,1.000000000001,1.,1.,1.,1.000000000001
      ,0.999999999997,1.000000000005,0.999999999994,1.000000000006
      ,0.999999999995,1.000000000003,0.999999999998,1.000000000001,1.,1.
      ,1.,1.000000000001,0.999999999998,1.000000000003,0.999999999997
      ,1.000000000003,0.999999999998,1.000000000001,0.999999999999,1.,1.
,1.))) REPRESENTATION_ITEM('') SURFACE() );
#3609 = CARTESIAN_POINT('',(9.64891878E-09,18.800196457824,
    3.410725935885));
#3610 = CARTESIAN_POINT('',(9.81140116119E-06,18.90339929685,
    3.38754351806));
#3611 = CARTESIAN_POINT('',(5.785329353678E-03,19.006416555084,
    3.364407032899));
#3612 = CARTESIAN_POINT('',(1.729806331773E-02,19.109019940785,
    3.341399908146));
#3613 = CARTESIAN_POINT('',(3.452601986085E-02,19.210990318678,
    3.318606871448));
#3614 = CARTESIAN_POINT('',(5.745511567264E-02,19.312108306351,
    3.296111649501));
#3615 = CARTESIAN_POINT('',(8.608058155626E-02,19.412151377009,
    3.273999616895));
#3616 = CARTESIAN_POINT('',(0.12040836642,19.510890962298,3.25236044485)
  );
#3617 = CARTESIAN_POINT('',(0.160456541277,19.608089555056,
    3.231290750106));
#3618 = CARTESIAN_POINT('',(0.206256703222,19.70349781212,3.210896743628
    ));
#3619 = CARTESIAN_POINT('',(0.25785537945,19.796851657105,3.191296879499
    ));
#3620 = CARTESIAN_POINT('',(0.315315431219,19.887869383185,
    3.172624503653));
#3621 = CARTESIAN_POINT('',(0.378717457867,19.976248755887,
    3.155030502722));
#3622 = CARTESIAN_POINT('',(0.482883072253,20.104371795859,3.13051367786
    ));
#3623 = CARTESIAN_POINT('',(0.51911378137,20.146338798836,3.122653073576
    ));
#3624 = CARTESIAN_POINT('',(0.556872878151,20.187522869532,3.11512926236
    ));
#3625 = CARTESIAN_POINT('',(0.59617792879,20.227880956815,3.107967054594
    ));
#3626 = CARTESIAN_POINT('',(0.637046591702,20.267368665645,
    3.101192099072));
#3627 = CARTESIAN_POINT('',(0.679498693553,20.305939709008,
    3.094832033398));
#3628 = CARTESIAN_POINT('',(0.723558305303,20.343545359879,3.08891763443
    ));
#3629 = CARTESIAN_POINT('',(0.769255818231,20.380133903157,
    3.083483968663));
#3630 = CARTESIAN_POINT('',(0.816630019977,20.415650087623,
    3.078571542682));
#3631 = CARTESIAN_POINT('',(0.865730170576,20.45003457788,3.074227453545
    ));
#3632 = CARTESIAN_POINT('',(0.916618078488,20.483223406302,
    3.070506539228));
#3633 = CARTESIAN_POINT('',(0.969370176637,20.515147424986,
    3.067472529022));
#3634 = CARTESIAN_POINT('',(1.078789020257,20.576316090408,
    3.062925858895));
#3635 = CARTESIAN_POINT('',(1.135276160089,20.605584700422,
    3.061328767866));
#3636 = CARTESIAN_POINT('',(1.19554299941,20.63320327052,3.061381293071)
  );
#3637 = CARTESIAN_POINT('',(1.25013835632,20.660385830172,3.05866364865)
  );
#3638 = CARTESIAN_POINT('',(1.330554464007,20.682789951049,
    3.068048206929));
#3639 = CARTESIAN_POINT('',(1.363324020441,20.710302293957,3.05496098146
    ));
#3640 = CARTESIAN_POINT('',(1.480354796829,20.724937033521,
    3.081594793523));
#3641 = CARTESIAN_POINT('',(1.498116641356,20.751517980244,
    3.061521217812));
#3642 = CARTESIAN_POINT('',(1.622726327629,20.76192131285,3.091924937822
    ));
#3643 = CARTESIAN_POINT('',(1.668593256233,20.78127754333,3.085401435298
    ));
#3644 = CARTESIAN_POINT('',(1.778865595338,20.789880344962,
    3.109517522242));
#3645 = CARTESIAN_POINT('',(1.862511782835,20.8,3.121437533264));
#3646 = CARTESIAN_POINT('',(2.,20.8,3.159361069604));
#3647 = CARTESIAN_POINT('',(1.05113696E-09,18.800106043144,
    3.410657154526));
#3648 = CARTESIAN_POINT('',(1.14331579248E-06,18.857724251672,
    3.35279688673));
#3649 = CARTESIAN_POINT('',(6.774331101807E-04,18.915335493906,
    3.294939422035));
#3650 = CARTESIAN_POINT('',(2.024728242358E-03,18.973005791089,
    3.237128124632));
#3651 = CARTESIAN_POINT('',(4.036695444319E-03,19.030799524466,
    3.179402686456));
#3652 = CARTESIAN_POINT('',(6.703552937564E-03,19.088781703142,
    3.121801674889));
#3653 = CARTESIAN_POINT('',(1.001076948216E-02,19.147020445523,
    3.064364925823));
#3654 = CARTESIAN_POINT('',(1.393770112783E-02,19.205589730764,
    3.007135827647));
#3655 = CARTESIAN_POINT('',(1.845614360269E-02,19.264572487254,
    2.950163541759));
#3656 = CARTESIAN_POINT('',(2.35287739082E-02,19.324064099458,
    2.893505206813));
#3657 = CARTESIAN_POINT('',(2.910744764129E-02,19.384176433894,
    2.837228179024));
#3658 = CARTESIAN_POINT('',(3.513130944772E-02,19.445042510872,
    2.781412368642));
#3659 = CARTESIAN_POINT('',(4.152466057615E-02,19.506821984518,
    2.726152745348));
#3660 = CARTESIAN_POINT('',(5.158820316181E-02,19.601704566115,
    2.643785775459));
#3661 = CARTESIAN_POINT('',(5.505988030685E-02,19.634044326722,
    2.616131893044));
#3662 = CARTESIAN_POINT('',(5.859522058138E-02,19.66676033644,
    2.588617558609));
#3663 = CARTESIAN_POINT('',(6.217973912751E-02,19.699887690772,
    2.561259188026));
#3664 = CARTESIAN_POINT('',(6.579791844825E-02,19.733464488793,
    2.534073733629));
#3665 = CARTESIAN_POINT('',(6.943231060996E-02,19.767533334746,
    2.50707987061));
#3666 = CARTESIAN_POINT('',(7.30626030201E-02,19.802143044769,
    2.480299154513));
#3667 = CARTESIAN_POINT('',(7.666463891379E-02,19.837350588324,
    2.453757159055));
#3668 = CARTESIAN_POINT('',(8.020938205463E-02,19.873223300458,
    2.427484605082));
#3669 = CARTESIAN_POINT('',(8.366181160267E-02,19.909841409598,
    2.40151849413));
#3670 = CARTESIAN_POINT('',(8.69797298026E-02,19.947300936726,
    2.375903263349));
#3671 = CARTESIAN_POINT('',(9.011245924501E-02,19.985717036797,
    2.350691983419));
#3672 = CARTESIAN_POINT('',(9.594810549131E-02,20.065584034359,
    2.300673871876));
#3673 = CARTESIAN_POINT('',(9.870877283588E-02,20.107050366678,
    2.275747510197));
#3674 = CARTESIAN_POINT('',(0.100550116792,20.15110615574,2.252125698387
    ));
#3675 = CARTESIAN_POINT('',(0.104750265065,20.19123259724,2.225415916548
    ));
#3676 = CARTESIAN_POINT('',(0.100090407595,20.250262410601,
    2.210366961709));
#3677 = CARTESIAN_POINT('',(0.112806665044,20.274165042989,
    2.172704299889));
#3678 = CARTESIAN_POINT('',(9.508785280362E-02,20.363079211065,
    2.174108308032));
#3679 = CARTESIAN_POINT('',(0.11413574867,20.374261318388,2.128653212932
    ));
#3680 = CARTESIAN_POINT('',(9.322640250756E-02,20.473387742161,
    2.133201007555));
#3681 = CARTESIAN_POINT('',(0.102216998612,20.507465453849,2.10035425727
    ));
#3682 = CARTESIAN_POINT('',(8.572388886871E-02,20.599972502427,
    2.098273324382));
#3683 = CARTESIAN_POINT('',(7.917274154466E-02,20.670981420086,
    2.083552809947));
#3684 = CARTESIAN_POINT('',(4.823415262466E-02,20.8,2.096553043128));
#3685 = CARTESIAN_POINT('',(4.08424672E-09,18.800025162151,
    3.410595625751));
#3686 = CARTESIAN_POINT('',(4.56501852864E-06,18.812049031876,
    3.318050430261));
#3687 = CARTESIAN_POINT('',(2.694440976892E-03,18.824053314998,
    3.225680483566));
#3688 = CARTESIAN_POINT('',(8.052020271158E-03,18.835963191877,
    3.133527490109));
#3689 = CARTESIAN_POINT('',(1.606348176591E-02,18.847707568231,
    3.041636127116));
#3690 = CARTESIAN_POINT('',(2.671801816521E-02,18.859215327597,
    2.950052378516));
#3691 = CARTESIAN_POINT('',(4.000705924792E-02,18.870414611027,
    2.858824171922));
#3692 = CARTESIAN_POINT('',(5.592349499698E-02,18.881232096847,
    2.768002015464));
#3693 = CARTESIAN_POINT('',(7.446089888273E-02,18.891592280347,
    2.677639634782));
#3694 = CARTESIAN_POINT('',(9.561275095646E-02,18.901416753539,
    2.587794609879));
#3695 = CARTESIAN_POINT('',(0.119371661143,18.910623484853,
    2.498529012074));
#3696 = CARTESIAN_POINT('',(0.145728592355,18.91912609888,2.409910040894
    ));
#3697 = CARTESIAN_POINT('',(0.174672083745,18.926833156092,
    2.322010661001));
#3698 = CARTESIAN_POINT('',(0.221945168924,18.937054570795,
    2.191360028149));
#3699 = CARTESIAN_POINT('',(0.238345642554,18.94023857862,2.148009518982
    ));
#3700 = CARTESIAN_POINT('',(0.255386906258,18.943187186225,
    2.104868488968));
#3701 = CARTESIAN_POINT('',(0.273066692068,18.945887839377,
    2.061947134866));
#3702 = CARTESIAN_POINT('',(0.291382406678,18.948327638925,
    2.019256057546));
#3703 = CARTESIAN_POINT('',(0.310331085583,18.950493280363,
    1.976806246725));
#3704 = CARTESIAN_POINT('',(0.329909347219,18.952370993297,
    1.934609065687));
#3705 = CARTESIAN_POINT('',(0.350113347098,18.953946481045,1.89267623601
    ));
#3706 = CARTESIAN_POINT('',(0.370938731944,18.95520486008,1.851019822304
    ));
#3707 = CARTESIAN_POINT('',(0.39238059384,18.95613059963,1.809652216922)
  );
#3708 = CARTESIAN_POINT('',(0.414433424352,18.956707461145,
    1.768586124705));
#3709 = CARTESIAN_POINT('',(0.437091068679,18.956918437858,
    1.727834547694));
#3710 = CARTESIAN_POINT('',(0.483602290887,18.956572950728,
    1.646986992042));
#3711 = CARTESIAN_POINT('',(0.507455718502,18.95601680575,1.606891149402
    ));
#3712 = CARTESIAN_POINT('',(0.531901952767,18.955054839226,
    1.567134393253));
#3713 = CARTESIAN_POINT('',(0.556924508404,18.953690132543,
    1.527740279563));
#3714 = CARTESIAN_POINT('',(0.582545080354,18.95182946236,1.488688624517
    ));
#3715 = CARTESIAN_POINT('',(0.608684603071,18.949623304872,
    1.450072226873));
#3716 = CARTESIAN_POINT('',(0.635460870776,18.946736853149,
    1.411760925633));
#3717 = CARTESIAN_POINT('',(0.662685051329,18.943582566779,
    1.373969515217));
#3718 = CARTESIAN_POINT('',(0.690552282557,18.939629140445,
    1.336478885055));
#3719 = CARTESIAN_POINT('',(0.718863898235,18.935305321351,
    1.299512595362));
#3720 = CARTESIAN_POINT('',(0.747767688997,18.93018782518,1.262903476923
    ));
#3721 = CARTESIAN_POINT('',(0.777155272828,18.92447575585,1.226771299219
    ));
#3722 = CARTESIAN_POINT('',(0.807169473562,18.917750336001,
    1.190956993484));
#3723 = ADVANCED_FACE('',(#3724),#3730,.F.);
#3724 = FACE_BOUND('',#3725,.T.);
#3725 = EDGE_LOOP('',(#3726,#3727,#3728,#3729));
#3726 = ORIENTED_EDGE('',*,*,#2784,.T.);
#3727 = ORIENTED_EDGE('',*,*,#2760,.T.);
#3728 = ORIENTED_EDGE('',*,*,#2727,.T.);
#3729 = ORIENTED_EDGE('',*,*,#2803,.T.);
#3730 = PLANE('',#3731);
#3731 = AXIS2_PLACEMENT_3D('',#3732,#3733,#3734);
#3732 = CARTESIAN_POINT('',(40.412278178091,10.399999999993,
    7.615873719586));
#3733 = DIRECTION('',(0.158166748588,0.,0.987412416187));
#3734 = DIRECTION('',(0.987412416187,0.,-0.158166748588));
#3735 = ADVANCED_FACE('',(#3736),#3742,.F.);
#3736 = FACE_BOUND('',#3737,.T.);
#3737 = EDGE_LOOP('',(#3738,#3739,#3740,#3741));
#3738 = ORIENTED_EDGE('',*,*,#2903,.T.);
#3739 = ORIENTED_EDGE('',*,*,#2827,.T.);
#3740 = ORIENTED_EDGE('',*,*,#2853,.T.);
#3741 = ORIENTED_EDGE('',*,*,#2877,.T.);
#3742 = PLANE('',#3743);
#3743 = AXIS2_PLACEMENT_3D('',#3744,#3745,#3746);
#3744 = CARTESIAN_POINT('',(40.412278178091,10.399999999993,
    7.615873719586));
#3745 = DIRECTION('',(0.158166748588,0.,0.987412416187));
#3746 = DIRECTION('',(0.987412416187,0.,-0.158166748588));
#3747 = ADVANCED_FACE('',(#3748),#3771,.F.);
#3748 = FACE_BOUND('',#3749,.F.);
#3749 = EDGE_LOOP('',(#3750,#3759,#3769,#3770));
#3750 = ORIENTED_EDGE('',*,*,#3751,.T.);
#3751 = EDGE_CURVE('',#3184,#3752,#3754,.T.);
#3752 = VERTEX_POINT('',#3753);
#3753 = CARTESIAN_POINT('',(43.114213562373,18.8,18.985786437627));
#3754 = CIRCLE('',#3755,2.);
#3755 = AXIS2_PLACEMENT_3D('',#3756,#3757,#3758);
#3756 = CARTESIAN_POINT('',(41.7,18.8,17.571572875254));
#3757 = DIRECTION('',(0.,-1.,0.));
#3758 = DIRECTION('',(1.,0.,0.));
#3759 = ORIENTED_EDGE('',*,*,#3760,.T.);
#3760 = EDGE_CURVE('',#3752,#3510,#3761,.T.);
#3761 = ( BOUNDED_CURVE() B_SPLINE_CURVE(6,(#3762,#3763,#3764,#3765,
#3766,#3767,#3768),.UNSPECIFIED.,.F.,.F.) B_SPLINE_CURVE_WITH_KNOTS((7,7
),(79.58318530718,82.724777960769),.PIECEWISE_BEZIER_KNOTS.) CURVE() 
GEOMETRIC_REPRESENTATION_ITEM() RATIONAL_B_SPLINE_CURVE((1.,1.,1.,1.,1.,
1.,1.)) REPRESENTATION_ITEM('') );
#3762 = CARTESIAN_POINT('',(43.114213562373,18.8,18.985786437627));
#3763 = CARTESIAN_POINT('',(43.114213562373,19.170238549936,
    18.985786437627));
#3764 = CARTESIAN_POINT('',(42.997926955011,19.540451780587,
    18.985786437627));
#3765 = CARTESIAN_POINT('',(42.765169405178,19.865169405178,
    18.985786437627));
#3766 = CARTESIAN_POINT('',(42.440451780587,20.097926955011,
    18.985786437627));
#3767 = CARTESIAN_POINT('',(42.070238549936,20.214213562373,
    18.985786437627));
#3768 = CARTESIAN_POINT('',(41.7,20.214213562373,18.985786437627));
#3769 = ORIENTED_EDGE('',*,*,#3509,.F.);
#3770 = ORIENTED_EDGE('',*,*,#3191,.F.);
#3771 = ( BOUNDED_SURFACE() B_SPLINE_SURFACE(2,6,(
    (#3772,#3773,#3774,#3775,#3776,#3777,#3778)
    ,(#3779,#3780,#3781,#3782,#3783,#3784,#3785)
    ,(#3786,#3787,#3788,#3789,#3790,#3791,#3792
)),.UNSPECIFIED.,.F.,.F.,.F.) B_SPLINE_SURFACE_WITH_KNOTS((3,3),(7,7),(
    0.,3.14159265359),(79.58318530718,82.724777960769),
.PIECEWISE_BEZIER_KNOTS.) GEOMETRIC_REPRESENTATION_ITEM() 
RATIONAL_B_SPLINE_SURFACE((
    (1.,1.,1.,1.,1.,1.,1.)
    ,(0.923879532511,0.923879532511,0.923879532511,0.923879532511
      ,0.923879532511,0.923879532511,0.923879532511)
,(1.,1.,1.,1.,1.,1.,1.))) REPRESENTATION_ITEM('') SURFACE() );
#3772 = CARTESIAN_POINT('',(43.7,18.8,17.571572875254));
#3773 = CARTESIAN_POINT('',(43.7,19.323596378633,17.571572875254));
#3774 = CARTESIAN_POINT('',(43.535545902747,19.84715695039,
    17.571572875254));
#3775 = CARTESIAN_POINT('',(43.206377019028,20.306377019028,
    17.571572875254));
#3776 = CARTESIAN_POINT('',(42.74715695039,20.635545902747,
    17.571572875254));
#3777 = CARTESIAN_POINT('',(42.223596378633,20.8,17.571572875254));
#3778 = CARTESIAN_POINT('',(41.7,20.8,17.571572875254));
#3779 = CARTESIAN_POINT('',(43.7,18.8,18.4));
#3780 = CARTESIAN_POINT('',(43.7,19.323596378633,18.4));
#3781 = CARTESIAN_POINT('',(43.535545902747,19.84715695039,18.4));
#3782 = CARTESIAN_POINT('',(43.206377019028,20.306377019028,18.4));
#3783 = CARTESIAN_POINT('',(42.74715695039,20.635545902747,18.4));
#3784 = CARTESIAN_POINT('',(42.223596378633,20.8,18.4));
#3785 = CARTESIAN_POINT('',(41.7,20.8,18.4));
#3786 = CARTESIAN_POINT('',(43.114213562373,18.8,18.985786437627));
#3787 = CARTESIAN_POINT('',(43.114213562373,19.170238549936,
    18.985786437627));
#3788 = CARTESIAN_POINT('',(42.997926955011,19.540451780587,
    18.985786437627));
#3789 = CARTESIAN_POINT('',(42.765169405178,19.865169405178,
    18.985786437627));
#3790 = CARTESIAN_POINT('',(42.440451780587,20.097926955011,
    18.985786437627));
#3791 = CARTESIAN_POINT('',(42.070238549936,20.214213562373,
    18.985786437627));
#3792 = CARTESIAN_POINT('',(41.7,20.214213562373,18.985786437627));
#3793 = ADVANCED_FACE('',(#3794),#3812,.T.);
#3794 = FACE_BOUND('',#3795,.F.);
#3795 = EDGE_LOOP('',(#3796,#3804,#3810,#3811));
#3796 = ORIENTED_EDGE('',*,*,#3797,.T.);
#3797 = EDGE_CURVE('',#3210,#3798,#3800,.T.);
#3798 = VERTEX_POINT('',#3799);
#3799 = CARTESIAN_POINT('',(43.114213562373,2.,18.985786437627));
#3800 = ( BOUNDED_CURVE() B_SPLINE_CURVE(2,(#3801,#3802,#3803),
.UNSPECIFIED.,.F.,.F.) B_SPLINE_CURVE_WITH_KNOTS((3,3),(0.,3.14159265359
),.PIECEWISE_BEZIER_KNOTS.) CURVE() GEOMETRIC_REPRESENTATION_ITEM() 
RATIONAL_B_SPLINE_CURVE((1.,0.923879532511,1.)) REPRESENTATION_ITEM('') 
  );
#3801 = CARTESIAN_POINT('',(43.7,2.,17.571572875254));
#3802 = CARTESIAN_POINT('',(43.7,2.,18.4));
#3803 = CARTESIAN_POINT('',(43.114213562373,2.,18.985786437627));
#3804 = ORIENTED_EDGE('',*,*,#3805,.T.);
#3805 = EDGE_CURVE('',#3798,#3752,#3806,.T.);
#3806 = LINE('',#3807,#3808);
#3807 = CARTESIAN_POINT('',(43.114213562373,2.,18.985786437627));
#3808 = VECTOR('',#3809,1.);
#3809 = DIRECTION('',(0.,1.,0.));
#3810 = ORIENTED_EDGE('',*,*,#3751,.F.);
#3811 = ORIENTED_EDGE('',*,*,#3219,.F.);
#3812 = CYLINDRICAL_SURFACE('',#3813,2.);
#3813 = AXIS2_PLACEMENT_3D('',#3814,#3815,#3816);
#3814 = CARTESIAN_POINT('',(41.7,2.,17.571572875254));
#3815 = DIRECTION('',(0.,1.,0.));
#3816 = DIRECTION('',(1.,0.,0.));
#3817 = ADVANCED_FACE('',(#3818),#3845,.F.);
#3818 = FACE_BOUND('',#3819,.F.);
#3819 = EDGE_LOOP('',(#3820,#3830,#3837,#3838));
#3820 = ORIENTED_EDGE('',*,*,#3821,.T.);
#3821 = EDGE_CURVE('',#3822,#3824,#3826,.T.);
#3822 = VERTEX_POINT('',#3823);
#3823 = CARTESIAN_POINT('',(43.69,5.9,11.4));
#3824 = VERTEX_POINT('',#3825);
#3825 = CARTESIAN_POINT('',(43.69,14.9,11.4));
#3826 = LINE('',#3827,#3828);
#3827 = CARTESIAN_POINT('',(43.69,5.4,11.4));
#3828 = VECTOR('',#3829,1.);
#3829 = DIRECTION('',(-4.4E-16,1.,2.2E-16));
#3830 = ORIENTED_EDGE('',*,*,#3831,.T.);
#3831 = EDGE_CURVE('',#3824,#3230,#3832,.T.);
#3832 = ELLIPSE('',#3833,0.707106781187,0.5);
#3833 = AXIS2_PLACEMENT_3D('',#3834,#3835,#3836);
#3834 = CARTESIAN_POINT('',(44.397106781187,14.9,11.4));
#3835 = DIRECTION('',(-1.1E-16,2.2E-16,-1.));
#3836 = DIRECTION('',(1.,1.1E-16,-1.1E-16));
#3837 = ORIENTED_EDGE('',*,*,#3227,.F.);
#3838 = ORIENTED_EDGE('',*,*,#3839,.T.);
#3839 = EDGE_CURVE('',#3228,#3822,#3840,.T.);
#3840 = ELLIPSE('',#3841,0.707106781187,0.5);
#3841 = AXIS2_PLACEMENT_3D('',#3842,#3843,#3844);
#3842 = CARTESIAN_POINT('',(44.397106781187,5.9,11.4));
#3843 = DIRECTION('',(-1.1E-16,2.2E-16,-1.));
#3844 = DIRECTION('',(1.,1.1E-16,-1.1E-16));
#3845 = PLANE('',#3846);
#3846 = AXIS2_PLACEMENT_3D('',#3847,#3848,#3849);
#3847 = CARTESIAN_POINT('',(43.7,5.4,11.4));
#3848 = DIRECTION('',(-1.1E-16,2.2E-16,-1.));
#3849 = DIRECTION('',(-4.4E-16,1.,2.2E-16));
#3850 = ADVANCED_FACE('',(#3851),#3878,.F.);
#3851 = FACE_BOUND('',#3852,.F.);
#3852 = EDGE_LOOP('',(#3853,#3854,#3862,#3871,#3877));
#3853 = ORIENTED_EDGE('',*,*,#3237,.F.);
#3854 = ORIENTED_EDGE('',*,*,#3855,.F.);
#3855 = EDGE_CURVE('',#3856,#3238,#3858,.T.);
#3856 = VERTEX_POINT('',#3857);
#3857 = CARTESIAN_POINT('',(40.2,5.4,15.597106781187));
#3858 = LINE('',#3859,#3860);
#3859 = CARTESIAN_POINT('',(40.2,5.4,15.597106781187));
#3860 = VECTOR('',#3861,1.);
#3861 = DIRECTION('',(0.707106781187,2.4E-16,-0.707106781187));
#3862 = ORIENTED_EDGE('',*,*,#3863,.T.);
#3863 = EDGE_CURVE('',#3856,#3864,#3866,.T.);
#3864 = VERTEX_POINT('',#3865);
#3865 = CARTESIAN_POINT('',(39.846446609407,5.9,15.243553390593));
#3866 = CIRCLE('',#3867,0.5);
#3867 = AXIS2_PLACEMENT_3D('',#3868,#3869,#3870);
#3868 = CARTESIAN_POINT('',(40.2,5.9,15.597106781187));
#3869 = DIRECTION('',(0.707106781187,2.4E-16,-0.707106781187));
#3870 = DIRECTION('',(-0.707106781187,8.E-17,-0.707106781187));
#3871 = ORIENTED_EDGE('',*,*,#3872,.T.);
#3872 = EDGE_CURVE('',#3864,#3822,#3873,.T.);
#3873 = LINE('',#3874,#3875);
#3874 = CARTESIAN_POINT('',(39.846446609407,5.9,15.243553390593));
#3875 = VECTOR('',#3876,1.);
#3876 = DIRECTION('',(0.707106781187,2.4E-16,-0.707106781187));
#3877 = ORIENTED_EDGE('',*,*,#3839,.F.);
#3878 = CYLINDRICAL_SURFACE('',#3879,0.5);
#3879 = AXIS2_PLACEMENT_3D('',#3880,#3881,#3882);
#3880 = CARTESIAN_POINT('',(40.2,5.9,15.597106781187));
#3881 = DIRECTION('',(0.707106781187,2.4E-16,-0.707106781187));
#3882 = DIRECTION('',(1.147056274848E-16,-1.,-2.247056274848E-16));
#3883 = ADVANCED_FACE('',(#3884),#3911,.F.);
#3884 = FACE_BOUND('',#3885,.F.);
#3885 = EDGE_LOOP('',(#3886,#3887,#3895,#3904,#3910));
#3886 = ORIENTED_EDGE('',*,*,#3831,.F.);
#3887 = ORIENTED_EDGE('',*,*,#3888,.F.);
#3888 = EDGE_CURVE('',#3889,#3824,#3891,.T.);
#3889 = VERTEX_POINT('',#3890);
#3890 = CARTESIAN_POINT('',(39.846446609407,14.9,15.243553390593));
#3891 = LINE('',#3892,#3893);
#3892 = CARTESIAN_POINT('',(39.846446609407,14.9,15.243553390593));
#3893 = VECTOR('',#3894,1.);
#3894 = DIRECTION('',(0.707106781187,2.4E-16,-0.707106781187));
#3895 = ORIENTED_EDGE('',*,*,#3896,.T.);
#3896 = EDGE_CURVE('',#3889,#3897,#3899,.T.);
#3897 = VERTEX_POINT('',#3898);
#3898 = CARTESIAN_POINT('',(40.2,15.4,15.597106781187));
#3899 = CIRCLE('',#3900,0.5);
#3900 = AXIS2_PLACEMENT_3D('',#3901,#3902,#3903);
#3901 = CARTESIAN_POINT('',(40.2,14.9,15.597106781187));
#3902 = DIRECTION('',(0.707106781187,2.4E-16,-0.707106781187));
#3903 = DIRECTION('',(-0.707106781187,8.E-17,-0.707106781187));
#3904 = ORIENTED_EDGE('',*,*,#3905,.T.);
#3905 = EDGE_CURVE('',#3897,#3281,#3906,.T.);
#3906 = LINE('',#3907,#3908);
#3907 = CARTESIAN_POINT('',(40.2,15.4,15.597106781187));
#3908 = VECTOR('',#3909,1.);
#3909 = DIRECTION('',(0.707106781187,2.4E-16,-0.707106781187));
#3910 = ORIENTED_EDGE('',*,*,#3288,.F.);
#3911 = CYLINDRICAL_SURFACE('',#3912,0.5);
#3912 = AXIS2_PLACEMENT_3D('',#3913,#3914,#3915);
#3913 = CARTESIAN_POINT('',(40.2,14.9,15.597106781187));
#3914 = DIRECTION('',(0.707106781187,2.4E-16,-0.707106781187));
#3915 = DIRECTION('',(-0.707106781187,-2.2E-16,-0.707106781187));
#3916 = ADVANCED_FACE('',(#3917),#3935,.F.);
#3917 = FACE_BOUND('',#3918,.F.);
#3918 = EDGE_LOOP('',(#3919,#3920,#3928,#3934));
#3919 = ORIENTED_EDGE('',*,*,#3246,.F.);
#3920 = ORIENTED_EDGE('',*,*,#3921,.T.);
#3921 = EDGE_CURVE('',#3247,#3922,#3924,.T.);
#3922 = VERTEX_POINT('',#3923);
#3923 = CARTESIAN_POINT('',(40.2,5.4,15.9));
#3924 = LINE('',#3925,#3926);
#3925 = CARTESIAN_POINT('',(43.7,5.4,15.9));
#3926 = VECTOR('',#3927,1.);
#3927 = DIRECTION('',(-1.,-1.1E-16,1.1E-16));
#3928 = ORIENTED_EDGE('',*,*,#3929,.T.);
#3929 = EDGE_CURVE('',#3922,#3856,#3930,.T.);
#3930 = LINE('',#3931,#3932);
#3931 = CARTESIAN_POINT('',(40.2,5.4,15.9));
#3932 = VECTOR('',#3933,1.);
#3933 = DIRECTION('',(-2.2E-16,2.2E-16,-1.));
#3934 = ORIENTED_EDGE('',*,*,#3855,.T.);
#3935 = PLANE('',#3936);
#3936 = AXIS2_PLACEMENT_3D('',#3937,#3938,#3939);
#3937 = CARTESIAN_POINT('',(43.7,5.4,16.4));
#3938 = DIRECTION('',(1.1E-16,-1.,-2.2E-16));
#3939 = DIRECTION('',(-2.2E-16,2.2E-16,-1.));
#3940 = ADVANCED_FACE('',(#3941),#3959,.F.);
#3941 = FACE_BOUND('',#3942,.F.);
#3942 = EDGE_LOOP('',(#3943,#3944,#3945,#3953));
#3943 = ORIENTED_EDGE('',*,*,#3280,.F.);
#3944 = ORIENTED_EDGE('',*,*,#3905,.F.);
#3945 = ORIENTED_EDGE('',*,*,#3946,.F.);
#3946 = EDGE_CURVE('',#3947,#3897,#3949,.T.);
#3947 = VERTEX_POINT('',#3948);
#3948 = CARTESIAN_POINT('',(40.2,15.4,15.9));
#3949 = LINE('',#3950,#3951);
#3950 = CARTESIAN_POINT('',(40.2,15.4,15.9));
#3951 = VECTOR('',#3952,1.);
#3952 = DIRECTION('',(-2.2E-16,2.2E-16,-1.));
#3953 = ORIENTED_EDGE('',*,*,#3954,.F.);
#3954 = EDGE_CURVE('',#3272,#3947,#3955,.T.);
#3955 = LINE('',#3956,#3957);
#3956 = CARTESIAN_POINT('',(43.7,15.4,15.9));
#3957 = VECTOR('',#3958,1.);
#3958 = DIRECTION('',(-1.,-1.1E-16,1.1E-16));
#3959 = PLANE('',#3960);
#3960 = AXIS2_PLACEMENT_3D('',#3961,#3962,#3963);
#3961 = CARTESIAN_POINT('',(43.7,15.4,11.4));
#3962 = DIRECTION('',(-1.1E-16,1.,2.2E-16));
#3963 = DIRECTION('',(2.2E-16,-2.2E-16,1.));
#3964 = ADVANCED_FACE('',(#3965),#3984,.F.);
#3965 = FACE_BOUND('',#3966,.F.);
#3966 = EDGE_LOOP('',(#3967,#3968,#3976,#3983));
#3967 = ORIENTED_EDGE('',*,*,#3254,.T.);
#3968 = ORIENTED_EDGE('',*,*,#3969,.T.);
#3969 = EDGE_CURVE('',#3255,#3970,#3972,.T.);
#3970 = VERTEX_POINT('',#3971);
#3971 = CARTESIAN_POINT('',(40.2,5.9,16.4));
#3972 = LINE('',#3973,#3974);
#3973 = CARTESIAN_POINT('',(43.7,5.9,16.4));
#3974 = VECTOR('',#3975,1.);
#3975 = DIRECTION('',(-1.,-1.1E-16,1.1E-16));
#3976 = ORIENTED_EDGE('',*,*,#3977,.F.);
#3977 = EDGE_CURVE('',#3922,#3970,#3978,.T.);
#3978 = CIRCLE('',#3979,0.5);
#3979 = AXIS2_PLACEMENT_3D('',#3980,#3981,#3982);
#3980 = CARTESIAN_POINT('',(40.2,5.9,15.9));
#3981 = DIRECTION('',(-1.,-1.1E-16,1.1E-16));
#3982 = DIRECTION('',(1.1E-16,-1.,-2.2E-16));
#3983 = ORIENTED_EDGE('',*,*,#3921,.F.);
#3984 = CYLINDRICAL_SURFACE('',#3985,0.5);
#3985 = AXIS2_PLACEMENT_3D('',#3986,#3987,#3988);
#3986 = CARTESIAN_POINT('',(43.7,5.9,15.9));
#3987 = DIRECTION('',(-1.,-1.1E-16,1.1E-16));
#3988 = DIRECTION('',(1.1E-16,-1.,-2.2E-16));
#3989 = ADVANCED_FACE('',(#3990),#4009,.F.);
#3990 = FACE_BOUND('',#3991,.F.);
#3991 = EDGE_LOOP('',(#3992,#3993,#3994,#4003));
#3992 = ORIENTED_EDGE('',*,*,#3271,.T.);
#3993 = ORIENTED_EDGE('',*,*,#3954,.T.);
#3994 = ORIENTED_EDGE('',*,*,#3995,.F.);
#3995 = EDGE_CURVE('',#3996,#3947,#3998,.T.);
#3996 = VERTEX_POINT('',#3997);
#3997 = CARTESIAN_POINT('',(40.2,14.9,16.4));
#3998 = CIRCLE('',#3999,0.5);
#3999 = AXIS2_PLACEMENT_3D('',#4000,#4001,#4002);
#4000 = CARTESIAN_POINT('',(40.2,14.9,15.9));
#4001 = DIRECTION('',(-1.,-1.1E-16,1.1E-16));
#4002 = DIRECTION('',(1.1E-16,-2.2E-16,1.));
#4003 = ORIENTED_EDGE('',*,*,#4004,.F.);
#4004 = EDGE_CURVE('',#3264,#3996,#4005,.T.);
#4005 = LINE('',#4006,#4007);
#4006 = CARTESIAN_POINT('',(43.7,14.9,16.4));
#4007 = VECTOR('',#4008,1.);
#4008 = DIRECTION('',(-1.,-1.1E-16,1.1E-16));
#4009 = CYLINDRICAL_SURFACE('',#4010,0.5);
#4010 = AXIS2_PLACEMENT_3D('',#4011,#4012,#4013);
#4011 = CARTESIAN_POINT('',(43.7,14.9,15.9));
#4012 = DIRECTION('',(-1.,-1.1E-16,1.1E-16));
#4013 = DIRECTION('',(1.1E-16,-2.2E-16,1.));
#4014 = ADVANCED_FACE('',(#4015),#4026,.F.);
#4015 = FACE_BOUND('',#4016,.F.);
#4016 = EDGE_LOOP('',(#4017,#4023,#4024,#4025));
#4017 = ORIENTED_EDGE('',*,*,#4018,.T.);
#4018 = EDGE_CURVE('',#3996,#3970,#4019,.T.);
#4019 = LINE('',#4020,#4021);
#4020 = CARTESIAN_POINT('',(40.2,15.4,16.4));
#4021 = VECTOR('',#4022,1.);
#4022 = DIRECTION('',(4.4E-16,-1.,-2.2E-16));
#4023 = ORIENTED_EDGE('',*,*,#3969,.F.);
#4024 = ORIENTED_EDGE('',*,*,#3263,.F.);
#4025 = ORIENTED_EDGE('',*,*,#4004,.T.);
#4026 = PLANE('',#4027);
#4027 = AXIS2_PLACEMENT_3D('',#4028,#4029,#4030);
#4028 = CARTESIAN_POINT('',(43.7,15.4,16.4));
#4029 = DIRECTION('',(1.1E-16,-2.2E-16,1.));
#4030 = DIRECTION('',(4.4E-16,-1.,-2.2E-16));
#4031 = ADVANCED_FACE('',(#4032),#4047,.F.);
#4032 = FACE_BOUND('',#4033,.F.);
#4033 = EDGE_LOOP('',(#4034,#4035,#4045,#4046));
#4034 = ORIENTED_EDGE('',*,*,#3362,.T.);
#4035 = ORIENTED_EDGE('',*,*,#4036,.T.);
#4036 = EDGE_CURVE('',#3355,#3798,#4037,.T.);
#4037 = ( BOUNDED_CURVE() B_SPLINE_CURVE(6,(#4038,#4039,#4040,#4041,
#4042,#4043,#4044),.UNSPECIFIED.,.F.,.F.) B_SPLINE_CURVE_WITH_KNOTS((7,7
),(59.64159265359,62.78318530718),.PIECEWISE_BEZIER_KNOTS.) CURVE() 
GEOMETRIC_REPRESENTATION_ITEM() RATIONAL_B_SPLINE_CURVE((1.,1.,1.,1.,1.,
1.,1.)) REPRESENTATION_ITEM('') );
#4038 = CARTESIAN_POINT('',(41.7,0.585786437627,18.985786437627));
#4039 = CARTESIAN_POINT('',(42.070238549936,0.585786437627,
    18.985786437627));
#4040 = CARTESIAN_POINT('',(42.440451780587,0.702073044989,
    18.985786437627));
#4041 = CARTESIAN_POINT('',(42.765169405178,0.934830594822,
    18.985786437627));
#4042 = CARTESIAN_POINT('',(42.997926955011,1.259548219413,
    18.985786437627));
#4043 = CARTESIAN_POINT('',(43.114213562373,1.629761450064,
    18.985786437627));
#4044 = CARTESIAN_POINT('',(43.114213562373,2.,18.985786437627));
#4045 = ORIENTED_EDGE('',*,*,#3797,.F.);
#4046 = ORIENTED_EDGE('',*,*,#3304,.F.);
#4047 = ( BOUNDED_SURFACE() B_SPLINE_SURFACE(2,6,(
    (#4048,#4049,#4050,#4051,#4052,#4053,#4054)
    ,(#4055,#4056,#4057,#4058,#4059,#4060,#4061)
    ,(#4062,#4063,#4064,#4065,#4066,#4067,#4068
)),.UNSPECIFIED.,.F.,.F.,.F.) B_SPLINE_SURFACE_WITH_KNOTS((3,3),(7,7),(
    0.,3.14159265359),(59.64159265359,62.78318530718),
.PIECEWISE_BEZIER_KNOTS.) GEOMETRIC_REPRESENTATION_ITEM() 
RATIONAL_B_SPLINE_SURFACE((
    (1.,1.,1.,1.,1.,1.,1.)
    ,(0.923879532511,0.923879532511,0.923879532511,0.923879532511
      ,0.923879532511,0.923879532511,0.923879532511)
,(1.,1.,1.,1.,1.,1.,1.))) REPRESENTATION_ITEM('') SURFACE() );
#4048 = CARTESIAN_POINT('',(41.7,-2.2E-16,17.571572875254));
#4049 = CARTESIAN_POINT('',(42.223596378633,4.E-15,17.571572875254));
#4050 = CARTESIAN_POINT('',(42.74715695039,0.164454097253,
    17.571572875254));
#4051 = CARTESIAN_POINT('',(43.206377019028,0.493622980972,
    17.571572875254));
#4052 = CARTESIAN_POINT('',(43.535545902747,0.95284304961,
    17.571572875254));
#4053 = CARTESIAN_POINT('',(43.7,1.476403621367,17.571572875254));
#4054 = CARTESIAN_POINT('',(43.7,2.,17.571572875254));
#4055 = CARTESIAN_POINT('',(41.7,-1.1E-16,18.4));
#4056 = CARTESIAN_POINT('',(42.223596378633,1.33E-15,18.4));
#4057 = CARTESIAN_POINT('',(42.74715695039,0.164454097253,18.4));
#4058 = CARTESIAN_POINT('',(43.206377019028,0.493622980972,18.4));
#4059 = CARTESIAN_POINT('',(43.535545902747,0.95284304961,18.4));
#4060 = CARTESIAN_POINT('',(43.7,1.476403621367,18.4));
#4061 = CARTESIAN_POINT('',(43.7,2.,18.4));
#4062 = CARTESIAN_POINT('',(41.7,0.585786437627,18.985786437627));
#4063 = CARTESIAN_POINT('',(42.070238549936,0.585786437627,
    18.985786437627));
#4064 = CARTESIAN_POINT('',(42.440451780587,0.702073044989,
    18.985786437627));
#4065 = CARTESIAN_POINT('',(42.765169405178,0.934830594822,
    18.985786437627));
#4066 = CARTESIAN_POINT('',(42.997926955011,1.259548219413,
    18.985786437627));
#4067 = CARTESIAN_POINT('',(43.114213562373,1.629761450064,
    18.985786437627));
#4068 = CARTESIAN_POINT('',(43.114213562373,2.,18.985786437627));
#4069 = ADVANCED_FACE('',(#4070),#4085,.F.);
#4070 = FACE_BOUND('',#4071,.F.);
#4071 = EDGE_LOOP('',(#4072,#4073,#4083,#4084));
#4072 = ORIENTED_EDGE('',*,*,#3395,.T.);
#4073 = ORIENTED_EDGE('',*,*,#4074,.T.);
#4074 = EDGE_CURVE('',#3388,#3347,#4075,.T.);
#4075 = ( BOUNDED_CURVE() B_SPLINE_CURVE(6,(#4076,#4077,#4078,#4079,
#4080,#4081,#4082),.UNSPECIFIED.,.F.,.F.) B_SPLINE_CURVE_WITH_KNOTS((7,7
),(16.8,19.94159265359),.PIECEWISE_BEZIER_KNOTS.) CURVE() 
GEOMETRIC_REPRESENTATION_ITEM() RATIONAL_B_SPLINE_CURVE((1.,1.,1.,1.,1.,
1.,1.)) REPRESENTATION_ITEM('') );
#4076 = CARTESIAN_POINT('',(0.585786437627,2.,18.985786437627));
#4077 = CARTESIAN_POINT('',(0.585786437627,1.629761450064,
    18.985786437627));
#4078 = CARTESIAN_POINT('',(0.702073044989,1.259548219413,
    18.985786437627));
#4079 = CARTESIAN_POINT('',(0.934830594822,0.934830594822,
    18.985786437627));
#4080 = CARTESIAN_POINT('',(1.259548219413,0.702073044989,
    18.985786437627));
#4081 = CARTESIAN_POINT('',(1.629761450064,0.585786437627,
    18.985786437627));
#4082 = CARTESIAN_POINT('',(2.,0.585786437627,18.985786437627));
#4083 = ORIENTED_EDGE('',*,*,#3346,.F.);
#4084 = ORIENTED_EDGE('',*,*,#3328,.F.);
#4085 = ( BOUNDED_SURFACE() B_SPLINE_SURFACE(2,6,(
    (#4086,#4087,#4088,#4089,#4090,#4091,#4092)
    ,(#4093,#4094,#4095,#4096,#4097,#4098,#4099)
    ,(#4100,#4101,#4102,#4103,#4104,#4105,#4106
)),.UNSPECIFIED.,.F.,.F.,.F.) B_SPLINE_SURFACE_WITH_KNOTS((3,3),(7,7),(
    0.,3.14159265359),(16.8,19.94159265359),.PIECEWISE_BEZIER_KNOTS.) 
GEOMETRIC_REPRESENTATION_ITEM() RATIONAL_B_SPLINE_SURFACE((
    (1.,1.,1.,1.,1.,1.,1.)
    ,(0.923879532511,0.923879532511,0.923879532511,0.923879532511
      ,0.923879532511,0.923879532511,0.923879532511)
,(1.,1.,1.,1.,1.,1.,1.))) REPRESENTATION_ITEM('') SURFACE() );
#4086 = CARTESIAN_POINT('',(-4.4E-16,2.,17.571572875254));
#4087 = CARTESIAN_POINT('',(-8.9E-16,1.476403621367,17.571572875254));
#4088 = CARTESIAN_POINT('',(0.164454097253,0.95284304961,17.571572875254
    ));
#4089 = CARTESIAN_POINT('',(0.493622980972,0.493622980972,
    17.571572875254));
#4090 = CARTESIAN_POINT('',(0.95284304961,0.164454097253,17.571572875254
    ));
#4091 = CARTESIAN_POINT('',(1.476403621367,6.7E-16,17.571572875254));
#4092 = CARTESIAN_POINT('',(2.,-2.2E-16,17.571572875254));
#4093 = CARTESIAN_POINT('',(-2.2E-16,2.,18.4));
#4094 = CARTESIAN_POINT('',(-2.44E-15,1.476403621367,18.4));
#4095 = CARTESIAN_POINT('',(0.164454097253,0.95284304961,18.4));
#4096 = CARTESIAN_POINT('',(0.493622980972,0.493622980972,18.4));
#4097 = CARTESIAN_POINT('',(0.95284304961,0.164454097253,18.4));
#4098 = CARTESIAN_POINT('',(1.476403621367,-1.55E-15,18.4));
#4099 = CARTESIAN_POINT('',(2.,0.,18.4));
#4100 = CARTESIAN_POINT('',(0.585786437627,2.,18.985786437627));
#4101 = CARTESIAN_POINT('',(0.585786437627,1.629761450064,
    18.985786437627));
#4102 = CARTESIAN_POINT('',(0.702073044989,1.259548219413,
    18.985786437627));
#4103 = CARTESIAN_POINT('',(0.934830594822,0.934830594822,
    18.985786437627));
#4104 = CARTESIAN_POINT('',(1.259548219413,0.702073044989,
    18.985786437627));
#4105 = CARTESIAN_POINT('',(1.629761450064,0.585786437627,
    18.985786437627));
#4106 = CARTESIAN_POINT('',(2.,0.585786437627,18.985786437627));
#4107 = ADVANCED_FACE('',(#4108),#4133,.T.);
#4108 = FACE_BOUND('',#4109,.T.);
#4109 = EDGE_LOOP('',(#4110,#4118,#4119,#4127));
#4110 = ORIENTED_EDGE('',*,*,#4111,.F.);
#4111 = EDGE_CURVE('',#3347,#4112,#4114,.T.);
#4112 = VERTEX_POINT('',#4113);
#4113 = CARTESIAN_POINT('',(2.,1.,19.4));
#4114 = LINE('',#4115,#4116);
#4115 = CARTESIAN_POINT('',(2.,0.,18.4));
#4116 = VECTOR('',#4117,1.);
#4117 = DIRECTION('',(-1.1E-16,0.707106781187,0.707106781187));
#4118 = ORIENTED_EDGE('',*,*,#3354,.T.);
#4119 = ORIENTED_EDGE('',*,*,#4120,.T.);
#4120 = EDGE_CURVE('',#3355,#4121,#4123,.T.);
#4121 = VERTEX_POINT('',#4122);
#4122 = CARTESIAN_POINT('',(41.7,1.,19.4));
#4123 = LINE('',#4124,#4125);
#4124 = CARTESIAN_POINT('',(41.7,0.5,18.9));
#4125 = VECTOR('',#4126,1.);
#4126 = DIRECTION('',(0.,0.707106781187,0.707106781187));
#4127 = ORIENTED_EDGE('',*,*,#4128,.F.);
#4128 = EDGE_CURVE('',#4112,#4121,#4129,.T.);
#4129 = LINE('',#4130,#4131);
#4130 = CARTESIAN_POINT('',(2.,1.,19.4));
#4131 = VECTOR('',#4132,1.);
#4132 = DIRECTION('',(1.,0.,0.));
#4133 = PLANE('',#4134);
#4134 = AXIS2_PLACEMENT_3D('',#4135,#4136,#4137);
#4135 = CARTESIAN_POINT('',(2.,0.5,18.9));
#4136 = DIRECTION('',(0.,-0.707106781187,0.707106781187));
#4137 = DIRECTION('',(1.,0.,0.));
#4138 = ADVANCED_FACE('',(#4139),#4154,.F.);
#4139 = FACE_BOUND('',#4140,.F.);
#4140 = EDGE_LOOP('',(#4141,#4142,#4152,#4153));
#4141 = ORIENTED_EDGE('',*,*,#3525,.T.);
#4142 = ORIENTED_EDGE('',*,*,#4143,.T.);
#4143 = EDGE_CURVE('',#3518,#3379,#4144,.T.);
#4144 = ( BOUNDED_CURVE() B_SPLINE_CURVE(6,(#4145,#4146,#4147,#4148,
#4149,#4150,#4151),.UNSPECIFIED.,.F.,.F.) B_SPLINE_CURVE_WITH_KNOTS((7,7
),(122.42477796076,125.56637061435),.PIECEWISE_BEZIER_KNOTS.) CURVE() 
GEOMETRIC_REPRESENTATION_ITEM() RATIONAL_B_SPLINE_CURVE((1.,1.,1.,1.,1.,
1.,1.)) REPRESENTATION_ITEM('') );
#4145 = CARTESIAN_POINT('',(2.,20.214213562373,18.985786437627));
#4146 = CARTESIAN_POINT('',(1.629761450064,20.214213562373,
    18.985786437627));
#4147 = CARTESIAN_POINT('',(1.259548219413,20.097926955011,
    18.985786437627));
#4148 = CARTESIAN_POINT('',(0.934830594822,19.865169405178,
    18.985786437627));
#4149 = CARTESIAN_POINT('',(0.702073044989,19.540451780587,
    18.985786437627));
#4150 = CARTESIAN_POINT('',(0.585786437627,19.170238549936,
    18.985786437627));
#4151 = CARTESIAN_POINT('',(0.585786437627,18.8,18.985786437627));
#4152 = ORIENTED_EDGE('',*,*,#3378,.F.);
#4153 = ORIENTED_EDGE('',*,*,#3462,.F.);
#4154 = ( BOUNDED_SURFACE() B_SPLINE_SURFACE(2,6,(
    (#4155,#4156,#4157,#4158,#4159,#4160,#4161)
    ,(#4162,#4163,#4164,#4165,#4166,#4167,#4168)
    ,(#4169,#4170,#4171,#4172,#4173,#4174,#4175
)),.UNSPECIFIED.,.F.,.F.,.F.) B_SPLINE_SURFACE_WITH_KNOTS((3,3),(7,7),(
    0.,3.14159265359),(122.42477796076,125.56637061435),
.PIECEWISE_BEZIER_KNOTS.) GEOMETRIC_REPRESENTATION_ITEM() 
RATIONAL_B_SPLINE_SURFACE((
    (1.,1.,1.,1.,1.,1.,1.)
    ,(0.923879532511,0.923879532511,0.923879532511,0.923879532511
      ,0.923879532511,0.923879532511,0.923879532511)
,(1.,1.,1.,1.,1.,1.,1.))) REPRESENTATION_ITEM('') SURFACE() );
#4155 = CARTESIAN_POINT('',(2.,20.8,17.571572875254));
#4156 = CARTESIAN_POINT('',(1.476403621367,20.8,17.571572875254));
#4157 = CARTESIAN_POINT('',(0.95284304961,20.635545902747,
    17.571572875254));
#4158 = CARTESIAN_POINT('',(0.493622980972,20.306377019028,
    17.571572875254));
#4159 = CARTESIAN_POINT('',(0.164454097253,19.84715695039,
    17.571572875254));
#4160 = CARTESIAN_POINT('',(1.55E-15,19.323596378633,17.571572875254));
#4161 = CARTESIAN_POINT('',(-4.4E-16,18.8,17.571572875254));
#4162 = CARTESIAN_POINT('',(2.,20.8,18.4));
#4163 = CARTESIAN_POINT('',(1.476403621367,20.8,18.4));
#4164 = CARTESIAN_POINT('',(0.95284304961,20.635545902747,18.4));
#4165 = CARTESIAN_POINT('',(0.493622980972,20.306377019028,18.4));
#4166 = CARTESIAN_POINT('',(0.164454097253,19.84715695039,18.4));
#4167 = CARTESIAN_POINT('',(-2.E-15,19.323596378633,18.4));
#4168 = CARTESIAN_POINT('',(-4.4E-16,18.8,18.4));
#4169 = CARTESIAN_POINT('',(2.,20.214213562373,18.985786437627));
#4170 = CARTESIAN_POINT('',(1.629761450064,20.214213562373,
    18.985786437627));
#4171 = CARTESIAN_POINT('',(1.259548219413,20.097926955011,
    18.985786437627));
#4172 = CARTESIAN_POINT('',(0.934830594822,19.865169405178,
    18.985786437627));
#4173 = CARTESIAN_POINT('',(0.702073044989,19.540451780587,
    18.985786437627));
#4174 = CARTESIAN_POINT('',(0.585786437627,19.170238549936,
    18.985786437627));
#4175 = CARTESIAN_POINT('',(0.585786437627,18.8,18.985786437627));
#4176 = ADVANCED_FACE('',(#4177),#4202,.T.);
#4177 = FACE_BOUND('',#4178,.T.);
#4178 = EDGE_LOOP('',(#4179,#4187,#4188,#4196));
#4179 = ORIENTED_EDGE('',*,*,#4180,.F.);
#4180 = EDGE_CURVE('',#3379,#4181,#4183,.T.);
#4181 = VERTEX_POINT('',#4182);
#4182 = CARTESIAN_POINT('',(1.,18.8,19.4));
#4183 = LINE('',#4184,#4185);
#4184 = CARTESIAN_POINT('',(0.5,18.8,18.9));
#4185 = VECTOR('',#4186,1.);
#4186 = DIRECTION('',(0.707106781187,0.,0.707106781187));
#4187 = ORIENTED_EDGE('',*,*,#3387,.T.);
#4188 = ORIENTED_EDGE('',*,*,#4189,.T.);
#4189 = EDGE_CURVE('',#3388,#4190,#4192,.T.);
#4190 = VERTEX_POINT('',#4191);
#4191 = CARTESIAN_POINT('',(1.,2.,19.4));
#4192 = LINE('',#4193,#4194);
#4193 = CARTESIAN_POINT('',(0.5,2.,18.9));
#4194 = VECTOR('',#4195,1.);
#4195 = DIRECTION('',(0.707106781187,0.,0.707106781187));
#4196 = ORIENTED_EDGE('',*,*,#4197,.F.);
#4197 = EDGE_CURVE('',#4181,#4190,#4198,.T.);
#4198 = LINE('',#4199,#4200);
#4199 = CARTESIAN_POINT('',(1.,18.8,19.4));
#4200 = VECTOR('',#4201,1.);
#4201 = DIRECTION('',(0.,-1.,0.));
#4202 = PLANE('',#4203);
#4203 = AXIS2_PLACEMENT_3D('',#4204,#4205,#4206);
#4204 = CARTESIAN_POINT('',(0.5,18.8,18.9));
#4205 = DIRECTION('',(-0.707106781187,0.,0.707106781187));
#4206 = DIRECTION('',(0.,-1.,0.));
#4207 = ADVANCED_FACE('',(#4208),#4233,.T.);
#4208 = FACE_BOUND('',#4209,.T.);
#4209 = EDGE_LOOP('',(#4210,#4218,#4219,#4227));
#4210 = ORIENTED_EDGE('',*,*,#4211,.F.);
#4211 = EDGE_CURVE('',#3510,#4212,#4214,.T.);
#4212 = VERTEX_POINT('',#4213);
#4213 = CARTESIAN_POINT('',(41.7,19.8,19.4));
#4214 = LINE('',#4215,#4216);
#4215 = CARTESIAN_POINT('',(41.7,20.8,18.4));
#4216 = VECTOR('',#4217,1.);
#4217 = DIRECTION('',(-4.E-17,-0.707106781187,0.707106781187));
#4218 = ORIENTED_EDGE('',*,*,#3517,.T.);
#4219 = ORIENTED_EDGE('',*,*,#4220,.T.);
#4220 = EDGE_CURVE('',#3518,#4221,#4223,.T.);
#4221 = VERTEX_POINT('',#4222);
#4222 = CARTESIAN_POINT('',(2.,19.8,19.4));
#4223 = LINE('',#4224,#4225);
#4224 = CARTESIAN_POINT('',(2.,20.3,18.9));
#4225 = VECTOR('',#4226,1.);
#4226 = DIRECTION('',(0.,-0.707106781187,0.707106781187));
#4227 = ORIENTED_EDGE('',*,*,#4228,.F.);
#4228 = EDGE_CURVE('',#4212,#4221,#4229,.T.);
#4229 = LINE('',#4230,#4231);
#4230 = CARTESIAN_POINT('',(41.7,19.8,19.4));
#4231 = VECTOR('',#4232,1.);
#4232 = DIRECTION('',(-1.,0.,0.));
#4233 = PLANE('',#4234);
#4234 = AXIS2_PLACEMENT_3D('',#4235,#4236,#4237);
#4235 = CARTESIAN_POINT('',(41.7,20.3,18.9));
#4236 = DIRECTION('',(0.,0.707106781187,0.707106781187));
#4237 = DIRECTION('',(-1.,0.,0.));
#4238 = ADVANCED_FACE('',(#4239),#4258,.T.);
#4239 = FACE_BOUND('',#4240,.T.);
#4240 = EDGE_LOOP('',(#4241,#4249,#4250,#4251));
#4241 = ORIENTED_EDGE('',*,*,#4242,.F.);
#4242 = EDGE_CURVE('',#3752,#4243,#4245,.T.);
#4243 = VERTEX_POINT('',#4244);
#4244 = CARTESIAN_POINT('',(42.7,18.8,19.4));
#4245 = LINE('',#4246,#4247);
#4246 = CARTESIAN_POINT('',(43.2,18.8,18.9));
#4247 = VECTOR('',#4248,1.);
#4248 = DIRECTION('',(-0.707106781187,0.,0.707106781187));
#4249 = ORIENTED_EDGE('',*,*,#3760,.T.);
#4250 = ORIENTED_EDGE('',*,*,#4211,.T.);
#4251 = ORIENTED_EDGE('',*,*,#4252,.F.);
#4252 = EDGE_CURVE('',#4243,#4212,#4253,.T.);
#4253 = CIRCLE('',#4254,1.);
#4254 = AXIS2_PLACEMENT_3D('',#4255,#4256,#4257);
#4255 = CARTESIAN_POINT('',(41.7,18.8,19.4));
#4256 = DIRECTION('',(0.,0.,1.));
#4257 = DIRECTION('',(1.,0.,0.));
#4258 = CONICAL_SURFACE('',#4259,2.,0.785398163397);
#4259 = AXIS2_PLACEMENT_3D('',#4260,#4261,#4262);
#4260 = CARTESIAN_POINT('',(41.7,18.8,18.4));
#4261 = DIRECTION('',(-0.,-0.,-1.));
#4262 = DIRECTION('',(1.,0.,0.));
#4263 = ADVANCED_FACE('',(#4264),#4282,.T.);
#4264 = FACE_BOUND('',#4265,.T.);
#4265 = EDGE_LOOP('',(#4266,#4274,#4275,#4276));
#4266 = ORIENTED_EDGE('',*,*,#4267,.F.);
#4267 = EDGE_CURVE('',#3798,#4268,#4270,.T.);
#4268 = VERTEX_POINT('',#4269);
#4269 = CARTESIAN_POINT('',(42.7,2.,19.4));
#4270 = LINE('',#4271,#4272);
#4271 = CARTESIAN_POINT('',(43.7,2.,18.4));
#4272 = VECTOR('',#4273,1.);
#4273 = DIRECTION('',(-0.707106781187,4.E-17,0.707106781187));
#4274 = ORIENTED_EDGE('',*,*,#3805,.T.);
#4275 = ORIENTED_EDGE('',*,*,#4242,.T.);
#4276 = ORIENTED_EDGE('',*,*,#4277,.F.);
#4277 = EDGE_CURVE('',#4268,#4243,#4278,.T.);
#4278 = LINE('',#4279,#4280);
#4279 = CARTESIAN_POINT('',(42.7,2.,19.4));
#4280 = VECTOR('',#4281,1.);
#4281 = DIRECTION('',(0.,1.,0.));
#4282 = PLANE('',#4283);
#4283 = AXIS2_PLACEMENT_3D('',#4284,#4285,#4286);
#4284 = CARTESIAN_POINT('',(43.2,2.,18.9));
#4285 = DIRECTION('',(0.707106781187,0.,0.707106781187));
#4286 = DIRECTION('',(0.,1.,0.));
#4287 = ADVANCED_FACE('',(#4288),#4299,.T.);
#4288 = FACE_BOUND('',#4289,.T.);
#4289 = EDGE_LOOP('',(#4290,#4296,#4297,#4298));
#4290 = ORIENTED_EDGE('',*,*,#4291,.F.);
#4291 = EDGE_CURVE('',#3864,#3889,#4292,.T.);
#4292 = LINE('',#4293,#4294);
#4293 = CARTESIAN_POINT('',(39.846446609407,5.4,15.243553390593));
#4294 = VECTOR('',#4295,1.);
#4295 = DIRECTION('',(-4.4E-16,1.,2.2E-16));
#4296 = ORIENTED_EDGE('',*,*,#3872,.T.);
#4297 = ORIENTED_EDGE('',*,*,#3821,.T.);
#4298 = ORIENTED_EDGE('',*,*,#3888,.F.);
#4299 = PLANE('',#4300);
#4300 = AXIS2_PLACEMENT_3D('',#4301,#4302,#4303);
#4301 = CARTESIAN_POINT('',(41.695,5.4,13.395));
#4302 = DIRECTION('',(0.707106781187,2.2E-16,0.707106781187));
#4303 = DIRECTION('',(-4.90563491861E-16,1.,1.79436508139E-16));
#4304 = ADVANCED_FACE('',(#4305),#4324,.F.);
#4305 = FACE_BOUND('',#4306,.T.);
#4306 = EDGE_LOOP('',(#4307,#4316,#4317));
#4307 = ORIENTED_EDGE('',*,*,#4308,.F.);
#4308 = EDGE_CURVE('',#3856,#4309,#4311,.T.);
#4309 = VERTEX_POINT('',#4310);
#4310 = CARTESIAN_POINT('',(39.7,5.9,15.597106781187));
#4311 = CIRCLE('',#4312,0.5);
#4312 = AXIS2_PLACEMENT_3D('',#4313,#4314,#4315);
#4313 = CARTESIAN_POINT('',(40.2,5.9,15.597106781187));
#4314 = DIRECTION('',(-2.2E-16,2.2E-16,-1.));
#4315 = DIRECTION('',(1.1E-16,-1.,-2.2E-16));
#4316 = ORIENTED_EDGE('',*,*,#3863,.T.);
#4317 = ORIENTED_EDGE('',*,*,#4318,.F.);
#4318 = EDGE_CURVE('',#4309,#3864,#4319,.T.);
#4319 = CIRCLE('',#4320,0.5);
#4320 = AXIS2_PLACEMENT_3D('',#4321,#4322,#4323);
#4321 = CARTESIAN_POINT('',(40.2,5.9,15.597106781187));
#4322 = DIRECTION('',(1.1E-16,-1.,-2.2E-16));
#4323 = DIRECTION('',(-1.,-1.1E-16,2.2E-16));
#4324 = SPHERICAL_SURFACE('',#4325,0.5);
#4325 = AXIS2_PLACEMENT_3D('',#4326,#4327,#4328);
#4326 = CARTESIAN_POINT('',(40.2,5.9,15.597106781187));
#4327 = DIRECTION('',(-1.1E-16,1.,2.2E-16));
#4328 = DIRECTION('',(-1.,-1.1E-16,2.2E-16));
#4329 = ADVANCED_FACE('',(#4330),#4349,.F.);
#4330 = FACE_BOUND('',#4331,.T.);
#4331 = EDGE_LOOP('',(#4332,#4341,#4348));
#4332 = ORIENTED_EDGE('',*,*,#4333,.F.);
#4333 = EDGE_CURVE('',#4334,#3897,#4336,.T.);
#4334 = VERTEX_POINT('',#4335);
#4335 = CARTESIAN_POINT('',(39.7,14.9,15.597106781187));
#4336 = CIRCLE('',#4337,0.5);
#4337 = AXIS2_PLACEMENT_3D('',#4338,#4339,#4340);
#4338 = CARTESIAN_POINT('',(40.2,14.9,15.597106781187));
#4339 = DIRECTION('',(-2.2E-16,2.2E-16,-1.));
#4340 = DIRECTION('',(-1.,-3.6E-16,2.2E-16));
#4341 = ORIENTED_EDGE('',*,*,#4342,.T.);
#4342 = EDGE_CURVE('',#4334,#3889,#4343,.T.);
#4343 = CIRCLE('',#4344,0.5);
#4344 = AXIS2_PLACEMENT_3D('',#4345,#4346,#4347);
#4345 = CARTESIAN_POINT('',(40.2,14.9,15.597106781187));
#4346 = DIRECTION('',(1.1E-16,-1.,-2.2E-16));
#4347 = DIRECTION('',(-1.,-1.1E-16,-2.2E-16));
#4348 = ORIENTED_EDGE('',*,*,#3896,.T.);
#4349 = SPHERICAL_SURFACE('',#4350,0.5);
#4350 = AXIS2_PLACEMENT_3D('',#4351,#4352,#4353);
#4351 = CARTESIAN_POINT('',(40.2,14.9,15.597106781187));
#4352 = DIRECTION('',(-1.1E-16,1.,2.2E-16));
#4353 = DIRECTION('',(-1.,-1.1E-16,-2.2E-16));
#4354 = ADVANCED_FACE('',(#4355),#4374,.F.);
#4355 = FACE_BOUND('',#4356,.F.);
#4356 = EDGE_LOOP('',(#4357,#4366,#4372,#4373));
#4357 = ORIENTED_EDGE('',*,*,#4358,.T.);
#4358 = EDGE_CURVE('',#3922,#4359,#4361,.T.);
#4359 = VERTEX_POINT('',#4360);
#4360 = CARTESIAN_POINT('',(39.7,5.9,15.9));
#4361 = CIRCLE('',#4362,0.5);
#4362 = AXIS2_PLACEMENT_3D('',#4363,#4364,#4365);
#4363 = CARTESIAN_POINT('',(40.2,5.9,15.9));
#4364 = DIRECTION('',(5.E-17,2.2E-16,-1.));
#4365 = DIRECTION('',(-1.,-1.1E-16,-5.E-17));
#4366 = ORIENTED_EDGE('',*,*,#4367,.T.);
#4367 = EDGE_CURVE('',#4359,#4309,#4368,.T.);
#4368 = LINE('',#4369,#4370);
#4369 = CARTESIAN_POINT('',(39.7,5.9,15.9));
#4370 = VECTOR('',#4371,1.);
#4371 = DIRECTION('',(-2.2E-16,2.2E-16,-1.));
#4372 = ORIENTED_EDGE('',*,*,#4308,.F.);
#4373 = ORIENTED_EDGE('',*,*,#3929,.F.);
#4374 = CYLINDRICAL_SURFACE('',#4375,0.5);
#4375 = AXIS2_PLACEMENT_3D('',#4376,#4377,#4378);
#4376 = CARTESIAN_POINT('',(40.2,5.9,15.9));
#4377 = DIRECTION('',(-2.2E-16,2.2E-16,-1.));
#4378 = DIRECTION('',(1.1E-16,-1.,-2.2E-16));
#4379 = ADVANCED_FACE('',(#4380),#4399,.F.);
#4380 = FACE_BOUND('',#4381,.F.);
#4381 = EDGE_LOOP('',(#4382,#4391,#4392,#4393));
#4382 = ORIENTED_EDGE('',*,*,#4383,.T.);
#4383 = EDGE_CURVE('',#4384,#3947,#4386,.T.);
#4384 = VERTEX_POINT('',#4385);
#4385 = CARTESIAN_POINT('',(39.7,14.9,15.9));
#4386 = CIRCLE('',#4387,0.5);
#4387 = AXIS2_PLACEMENT_3D('',#4388,#4389,#4390);
#4388 = CARTESIAN_POINT('',(40.2,14.9,15.9));
#4389 = DIRECTION('',(-1.7E-16,2.2E-16,-1.));
#4390 = DIRECTION('',(-1.,-1.1E-16,1.7E-16));
#4391 = ORIENTED_EDGE('',*,*,#3946,.T.);
#4392 = ORIENTED_EDGE('',*,*,#4333,.F.);
#4393 = ORIENTED_EDGE('',*,*,#4394,.F.);
#4394 = EDGE_CURVE('',#4384,#4334,#4395,.T.);
#4395 = LINE('',#4396,#4397);
#4396 = CARTESIAN_POINT('',(39.7,14.9,15.9));
#4397 = VECTOR('',#4398,1.);
#4398 = DIRECTION('',(-2.2E-16,2.2E-16,-1.));
#4399 = CYLINDRICAL_SURFACE('',#4400,0.5);
#4400 = AXIS2_PLACEMENT_3D('',#4401,#4402,#4403);
#4401 = CARTESIAN_POINT('',(40.2,14.9,15.9));
#4402 = DIRECTION('',(-2.2E-16,2.2E-16,-1.));
#4403 = DIRECTION('',(-1.,-3.6E-16,2.2E-16));
#4404 = ADVANCED_FACE('',(#4405),#4416,.F.);
#4405 = FACE_BOUND('',#4406,.T.);
#4406 = EDGE_LOOP('',(#4407,#4408,#4409));
#4407 = ORIENTED_EDGE('',*,*,#3977,.F.);
#4408 = ORIENTED_EDGE('',*,*,#4358,.T.);
#4409 = ORIENTED_EDGE('',*,*,#4410,.F.);
#4410 = EDGE_CURVE('',#3970,#4359,#4411,.T.);
#4411 = CIRCLE('',#4412,0.5);
#4412 = AXIS2_PLACEMENT_3D('',#4413,#4414,#4415);
#4413 = CARTESIAN_POINT('',(40.2,5.9,15.9));
#4414 = DIRECTION('',(1.1E-16,-1.,-2.2E-16));
#4415 = DIRECTION('',(-1.1E-16,-2.2E-16,1.));
#4416 = SPHERICAL_SURFACE('',#4417,0.5);
#4417 = AXIS2_PLACEMENT_3D('',#4418,#4419,#4420);
#4418 = CARTESIAN_POINT('',(40.2,5.9,15.9));
#4419 = DIRECTION('',(-1.1E-16,1.,2.2E-16));
#4420 = DIRECTION('',(-1.1E-16,-2.2E-16,1.));
#4421 = ADVANCED_FACE('',(#4422),#4433,.F.);
#4422 = FACE_BOUND('',#4423,.T.);
#4423 = EDGE_LOOP('',(#4424,#4425,#4432));
#4424 = ORIENTED_EDGE('',*,*,#3995,.F.);
#4425 = ORIENTED_EDGE('',*,*,#4426,.T.);
#4426 = EDGE_CURVE('',#3996,#4384,#4427,.T.);
#4427 = CIRCLE('',#4428,0.5);
#4428 = AXIS2_PLACEMENT_3D('',#4429,#4430,#4431);
#4429 = CARTESIAN_POINT('',(40.2,14.9,15.9));
#4430 = DIRECTION('',(1.1E-16,-1.,-2.2E-16));
#4431 = DIRECTION('',(1.1E-16,-2.2E-16,1.));
#4432 = ORIENTED_EDGE('',*,*,#4383,.T.);
#4433 = SPHERICAL_SURFACE('',#4434,0.5);
#4434 = AXIS2_PLACEMENT_3D('',#4435,#4436,#4437);
#4435 = CARTESIAN_POINT('',(40.2,14.9,15.9));
#4436 = DIRECTION('',(-1.1E-16,1.,2.2E-16));
#4437 = DIRECTION('',(1.1E-16,-2.2E-16,1.));
#4438 = ADVANCED_FACE('',(#4439),#4450,.F.);
#4439 = FACE_BOUND('',#4440,.T.);
#4440 = EDGE_LOOP('',(#4441,#4447,#4448,#4449));
#4441 = ORIENTED_EDGE('',*,*,#4442,.F.);
#4442 = EDGE_CURVE('',#4384,#4359,#4443,.T.);
#4443 = LINE('',#4444,#4445);
#4444 = CARTESIAN_POINT('',(39.7,15.4,15.9));
#4445 = VECTOR('',#4446,1.);
#4446 = DIRECTION('',(4.4E-16,-1.,-2.2E-16));
#4447 = ORIENTED_EDGE('',*,*,#4426,.F.);
#4448 = ORIENTED_EDGE('',*,*,#4018,.T.);
#4449 = ORIENTED_EDGE('',*,*,#4410,.T.);
#4450 = CYLINDRICAL_SURFACE('',#4451,0.5);
#4451 = AXIS2_PLACEMENT_3D('',#4452,#4453,#4454);
#4452 = CARTESIAN_POINT('',(40.2,15.4,15.9));
#4453 = DIRECTION('',(4.4E-16,-1.,-2.2E-16));
#4454 = DIRECTION('',(-1.,-4.4E-16,7.1E-16));
#4455 = ADVANCED_FACE('',(#4456),#4468,.T.);
#4456 = FACE_BOUND('',#4457,.T.);
#4457 = EDGE_LOOP('',(#4458,#4459,#4460,#4461));
#4458 = ORIENTED_EDGE('',*,*,#4120,.F.);
#4459 = ORIENTED_EDGE('',*,*,#4036,.T.);
#4460 = ORIENTED_EDGE('',*,*,#4267,.T.);
#4461 = ORIENTED_EDGE('',*,*,#4462,.F.);
#4462 = EDGE_CURVE('',#4121,#4268,#4463,.T.);
#4463 = CIRCLE('',#4464,1.);
#4464 = AXIS2_PLACEMENT_3D('',#4465,#4466,#4467);
#4465 = CARTESIAN_POINT('',(41.7,2.,19.4));
#4466 = DIRECTION('',(-0.,0.,1.));
#4467 = DIRECTION('',(0.,-1.,0.));
#4468 = CONICAL_SURFACE('',#4469,2.,0.785398163397);
#4469 = AXIS2_PLACEMENT_3D('',#4470,#4471,#4472);
#4470 = CARTESIAN_POINT('',(41.7,2.,18.4));
#4471 = DIRECTION('',(-0.,-0.,-1.));
#4472 = DIRECTION('',(0.,-1.,0.));
#4473 = ADVANCED_FACE('',(#4474),#4486,.T.);
#4474 = FACE_BOUND('',#4475,.T.);
#4475 = EDGE_LOOP('',(#4476,#4477,#4478,#4479));
#4476 = ORIENTED_EDGE('',*,*,#4189,.F.);
#4477 = ORIENTED_EDGE('',*,*,#4074,.T.);
#4478 = ORIENTED_EDGE('',*,*,#4111,.T.);
#4479 = ORIENTED_EDGE('',*,*,#4480,.F.);
#4480 = EDGE_CURVE('',#4190,#4112,#4481,.T.);
#4481 = CIRCLE('',#4482,1.);
#4482 = AXIS2_PLACEMENT_3D('',#4483,#4484,#4485);
#4483 = CARTESIAN_POINT('',(2.,2.,19.4));
#4484 = DIRECTION('',(0.,0.,1.));
#4485 = DIRECTION('',(-1.,-2.2E-16,0.));
#4486 = CONICAL_SURFACE('',#4487,2.,0.785398163397);
#4487 = AXIS2_PLACEMENT_3D('',#4488,#4489,#4490);
#4488 = CARTESIAN_POINT('',(2.,2.,18.4));
#4489 = DIRECTION('',(-0.,-0.,-1.));
#4490 = DIRECTION('',(-1.,-2.2E-16,0.));
#4491 = ADVANCED_FACE('',(#4492),#4508,.T.);
#4492 = FACE_BOUND('',#4493,.T.);
#4493 = EDGE_LOOP('',(#4494,#4495,#4496,#4497,#4498,#4499,#4500,#4501));
#4494 = ORIENTED_EDGE('',*,*,#4197,.T.);
#4495 = ORIENTED_EDGE('',*,*,#4480,.T.);
#4496 = ORIENTED_EDGE('',*,*,#4128,.T.);
#4497 = ORIENTED_EDGE('',*,*,#4462,.T.);
#4498 = ORIENTED_EDGE('',*,*,#4277,.T.);
#4499 = ORIENTED_EDGE('',*,*,#4252,.T.);
#4500 = ORIENTED_EDGE('',*,*,#4228,.T.);
#4501 = ORIENTED_EDGE('',*,*,#4502,.T.);
#4502 = EDGE_CURVE('',#4221,#4181,#4503,.T.);
#4503 = CIRCLE('',#4504,1.);
#4504 = AXIS2_PLACEMENT_3D('',#4505,#4506,#4507);
#4505 = CARTESIAN_POINT('',(2.,18.8,19.4));
#4506 = DIRECTION('',(0.,0.,1.));
#4507 = DIRECTION('',(-1.1E-16,1.,0.));
#4508 = PLANE('',#4509);
#4509 = AXIS2_PLACEMENT_3D('',#4510,#4511,#4512);
#4510 = CARTESIAN_POINT('',(21.85,10.4,19.4));
#4511 = DIRECTION('',(0.,0.,1.));
#4512 = DIRECTION('',(1.,0.,0.));
#4513 = ADVANCED_FACE('',(#4514),#4520,.T.);
#4514 = FACE_BOUND('',#4515,.T.);
#4515 = EDGE_LOOP('',(#4516,#4517,#4518,#4519));
#4516 = ORIENTED_EDGE('',*,*,#4220,.F.);
#4517 = ORIENTED_EDGE('',*,*,#4143,.T.);
#4518 = ORIENTED_EDGE('',*,*,#4180,.T.);
#4519 = ORIENTED_EDGE('',*,*,#4502,.F.);
#4520 = CONICAL_SURFACE('',#4521,2.,0.785398163397);
#4521 = AXIS2_PLACEMENT_3D('',#4522,#4523,#4524);
#4522 = CARTESIAN_POINT('',(2.,18.8,18.4));
#4523 = DIRECTION('',(-0.,-0.,-1.));
#4524 = DIRECTION('',(-1.1E-16,1.,0.));
#4525 = ADVANCED_FACE('',(#4526),#4537,.F.);
#4526 = FACE_BOUND('',#4527,.F.);
#4527 = EDGE_LOOP('',(#4528,#4529,#4530,#4536));
#4528 = ORIENTED_EDGE('',*,*,#4291,.F.);
#4529 = ORIENTED_EDGE('',*,*,#4318,.F.);
#4530 = ORIENTED_EDGE('',*,*,#4531,.T.);
#4531 = EDGE_CURVE('',#4309,#4334,#4532,.T.);
#4532 = LINE('',#4533,#4534);
#4533 = CARTESIAN_POINT('',(39.7,5.4,15.597106781187));
#4534 = VECTOR('',#4535,1.);
#4535 = DIRECTION('',(-4.4E-16,1.,2.2E-16));
#4536 = ORIENTED_EDGE('',*,*,#4342,.T.);
#4537 = CYLINDRICAL_SURFACE('',#4538,0.5);
#4538 = AXIS2_PLACEMENT_3D('',#4539,#4540,#4541);
#4539 = CARTESIAN_POINT('',(40.2,5.4,15.597106781187));
#4540 = DIRECTION('',(-4.4E-16,1.,2.2E-16));
#4541 = DIRECTION('',(-0.707106781187,-1.55563491861E-16,-0.707106781187
    ));
#4542 = ADVANCED_FACE('',(#4543),#4549,.T.);
#4543 = FACE_BOUND('',#4544,.T.);
#4544 = EDGE_LOOP('',(#4545,#4546,#4547,#4548));
#4545 = ORIENTED_EDGE('',*,*,#4531,.T.);
#4546 = ORIENTED_EDGE('',*,*,#4394,.F.);
#4547 = ORIENTED_EDGE('',*,*,#4442,.T.);
#4548 = ORIENTED_EDGE('',*,*,#4367,.T.);
#4549 = PLANE('',#4550);
#4550 = AXIS2_PLACEMENT_3D('',#4551,#4552,#4553);
#4551 = CARTESIAN_POINT('',(39.7,10.4,13.9));
#4552 = DIRECTION('',(1.,3.6E-16,-7.1E-16));
#4553 = DIRECTION('',(7.1E-16,0.,1.));
#4554 = ADVANCED_FACE('',(#4555),#4571,.T.);
#4555 = FACE_BOUND('',#4556,.T.);
#4556 = EDGE_LOOP('',(#4557,#4563,#4564,#4570));
#4557 = ORIENTED_EDGE('',*,*,#4558,.T.);
#4558 = EDGE_CURVE('',#719,#41,#4559,.T.);
#4559 = LINE('',#4560,#4561);
#4560 = CARTESIAN_POINT('',(38.388082724909,2.7,0.850879197383));
#4561 = VECTOR('',#4562,1.);
#4562 = DIRECTION('',(0.,0.,1.));
#4563 = ORIENTED_EDGE('',*,*,#40,.T.);
#4564 = ORIENTED_EDGE('',*,*,#4565,.F.);
#4565 = EDGE_CURVE('',#229,#32,#4566,.T.);
#4566 = LINE('',#4567,#4568);
#4567 = CARTESIAN_POINT('',(38.388082724909,18.1,16.9));
#4568 = VECTOR('',#4569,1.);
#4569 = DIRECTION('',(0.,0.,1.));
#4570 = ORIENTED_EDGE('',*,*,#728,.F.);
#4571 = PLANE('',#4572);
#4572 = AXIS2_PLACEMENT_3D('',#4573,#4574,#4575);
#4573 = CARTESIAN_POINT('',(38.388082724909,10.4,9.250439598692));
#4574 = DIRECTION('',(-1.,-0.,-0.));
#4575 = DIRECTION('',(0.,0.,-1.));
#4576 = ADVANCED_FACE('',(#4577),#4593,.T.);
#4577 = FACE_BOUND('',#4578,.T.);
#4578 = EDGE_LOOP('',(#4579,#4585,#4586,#4592));
#4579 = ORIENTED_EDGE('',*,*,#4580,.T.);
#4580 = EDGE_CURVE('',#305,#143,#4581,.T.);
#4581 = LINE('',#4582,#4583);
#4582 = CARTESIAN_POINT('',(7.603075604643,18.1,5.78211603587));
#4583 = VECTOR('',#4584,1.);
#4584 = DIRECTION('',(0.,0.,1.));
#4585 = ORIENTED_EDGE('',*,*,#142,.T.);
#4586 = ORIENTED_EDGE('',*,*,#4587,.F.);
#4587 = EDGE_CURVE('',#745,#134,#4588,.T.);
#4588 = LINE('',#4589,#4590);
#4589 = CARTESIAN_POINT('',(7.603075604643,17.299999999946,16.9));
#4590 = VECTOR('',#4591,1.);
#4591 = DIRECTION('',(0.,0.,1.));
#4592 = ORIENTED_EDGE('',*,*,#752,.F.);
#4593 = PLANE('',#4594);
#4594 = AXIS2_PLACEMENT_3D('',#4595,#4596,#4597);
#4595 = CARTESIAN_POINT('',(7.603075604643,17.699999999973,
    11.716058017935));
#4596 = DIRECTION('',(1.,2.07E-15,0.));
#4597 = DIRECTION('',(-2.07E-15,1.,0.));
#4598 = ADVANCED_FACE('',(#4599),#4615,.T.);
#4599 = FACE_BOUND('',#4600,.T.);
#4600 = EDGE_LOOP('',(#4601,#4602,#4608,#4609));
#4601 = ORIENTED_EDGE('',*,*,#74,.T.);
#4602 = ORIENTED_EDGE('',*,*,#4603,.F.);
#4603 = EDGE_CURVE('',#1353,#66,#4604,.T.);
#4604 = LINE('',#4605,#4606);
#4605 = CARTESIAN_POINT('',(7.603075604643,2.7,16.9));
#4606 = VECTOR('',#4607,1.);
#4607 = DIRECTION('',(0.,0.,1.));
#4608 = ORIENTED_EDGE('',*,*,#1402,.F.);
#4609 = ORIENTED_EDGE('',*,*,#4610,.T.);
#4610 = EDGE_CURVE('',#1394,#75,#4611,.T.);
#4611 = LINE('',#4612,#4613);
#4612 = CARTESIAN_POINT('',(7.603075604643,3.500000000039,5.78211603587)
  );
#4613 = VECTOR('',#4614,1.);
#4614 = DIRECTION('',(0.,0.,1.));
#4615 = PLANE('',#4616);
#4616 = AXIS2_PLACEMENT_3D('',#4617,#4618,#4619);
#4617 = CARTESIAN_POINT('',(7.603075604643,3.100000000019,
    11.716058017935));
#4618 = DIRECTION('',(1.,0.,0.));
#4619 = DIRECTION('',(0.,0.,1.));
#4620 = ADVANCED_FACE('',(#4621),#4637,.T.);
#4621 = FACE_BOUND('',#4622,.T.);
#4622 = EDGE_LOOP('',(#4623,#4624,#4630,#4631));
#4623 = ORIENTED_EDGE('',*,*,#57,.T.);
#4624 = ORIENTED_EDGE('',*,*,#4625,.F.);
#4625 = EDGE_CURVE('',#1271,#49,#4626,.T.);
#4626 = LINE('',#4627,#4628);
#4627 = CARTESIAN_POINT('',(37.388082724909,1.7,16.9));
#4628 = VECTOR('',#4629,1.);
#4629 = DIRECTION('',(0.,0.,1.));
#4630 = ORIENTED_EDGE('',*,*,#1338,.F.);
#4631 = ORIENTED_EDGE('',*,*,#4632,.T.);
#4632 = EDGE_CURVE('',#1330,#58,#4633,.T.);
#4633 = LINE('',#4634,#4635);
#4634 = CARTESIAN_POINT('',(8.603075604643,1.7,5.78211603587));
#4635 = VECTOR('',#4636,1.);
#4636 = DIRECTION('',(0.,0.,1.));
#4637 = PLANE('',#4638);
#4638 = AXIS2_PLACEMENT_3D('',#4639,#4640,#4641);
#4639 = CARTESIAN_POINT('',(23.770857616693,1.7,10.39310413018));
#4640 = DIRECTION('',(0.,1.,0.));
#4641 = DIRECTION('',(0.,-0.,1.));
#4642 = ADVANCED_FACE('',(#4643),#4659,.T.);
#4643 = FACE_BOUND('',#4644,.T.);
#4644 = EDGE_LOOP('',(#4645,#4646,#4652,#4653));
#4645 = ORIENTED_EDGE('',*,*,#125,.T.);
#4646 = ORIENTED_EDGE('',*,*,#4647,.F.);
#4647 = EDGE_CURVE('',#1559,#117,#4648,.T.);
#4648 = LINE('',#4649,#4650);
#4649 = CARTESIAN_POINT('',(2.184894899425,16.299999999946,16.9));
#4650 = VECTOR('',#4651,1.);
#4651 = DIRECTION('',(0.,0.,1.));
#4652 = ORIENTED_EDGE('',*,*,#1566,.F.);
#4653 = ORIENTED_EDGE('',*,*,#4654,.T.);
#4654 = EDGE_CURVE('',#1477,#126,#4655,.T.);
#4655 = LINE('',#4656,#4657);
#4656 = CARTESIAN_POINT('',(6.603075604643,16.299999999946,5.78211603587
    ));
#4657 = VECTOR('',#4658,1.);
#4658 = DIRECTION('',(0.,0.,1.));
#4659 = PLANE('',#4660);
#4660 = AXIS2_PLACEMENT_3D('',#4661,#4662,#4663);
#4661 = CARTESIAN_POINT('',(4.445087190011,16.299999999946,
    11.960591692553));
#4662 = DIRECTION('',(-0.,-1.,-0.));
#4663 = DIRECTION('',(0.,0.,-1.));
#4664 = ADVANCED_FACE('',(#4665),#4681,.T.);
#4665 = FACE_BOUND('',#4666,.T.);
#4666 = EDGE_LOOP('',(#4667,#4668,#4674,#4675));
#4667 = ORIENTED_EDGE('',*,*,#108,.T.);
#4668 = ORIENTED_EDGE('',*,*,#4669,.F.);
#4669 = EDGE_CURVE('',#1581,#100,#4670,.T.);
#4670 = LINE('',#4671,#4672);
#4671 = CARTESIAN_POINT('',(1.184894899425,5.500000000039,16.9));
#4672 = VECTOR('',#4673,1.);
#4673 = DIRECTION('',(0.,0.,1.));
#4674 = ORIENTED_EDGE('',*,*,#1664,.F.);
#4675 = ORIENTED_EDGE('',*,*,#4676,.T.);
#4676 = EDGE_CURVE('',#1623,#109,#4677,.T.);
#4677 = LINE('',#4678,#4679);
#4678 = CARTESIAN_POINT('',(1.184894899425,15.299999999946,
    6.810199901694));
#4679 = VECTOR('',#4680,1.);
#4680 = DIRECTION('',(0.,0.,1.));
#4681 = PLANE('',#4682);
#4682 = AXIS2_PLACEMENT_3D('',#4683,#4684,#4685);
#4683 = CARTESIAN_POINT('',(1.184894899425,10.399999999992,
    12.230099950847));
#4684 = DIRECTION('',(1.,0.,0.));
#4685 = DIRECTION('',(0.,0.,1.));
#4686 = ADVANCED_FACE('',(#4687),#4703,.T.);
#4687 = FACE_BOUND('',#4688,.T.);
#4688 = EDGE_LOOP('',(#4689,#4690,#4696,#4697));
#4689 = ORIENTED_EDGE('',*,*,#91,.T.);
#4690 = ORIENTED_EDGE('',*,*,#4691,.F.);
#4691 = EDGE_CURVE('',#1417,#83,#4692,.T.);
#4692 = LINE('',#4693,#4694);
#4693 = CARTESIAN_POINT('',(6.603075604643,4.500000000039,16.9));
#4694 = VECTOR('',#4695,1.);
#4695 = DIRECTION('',(0.,0.,1.));
#4696 = ORIENTED_EDGE('',*,*,#1542,.F.);
#4697 = ORIENTED_EDGE('',*,*,#4698,.T.);
#4698 = EDGE_CURVE('',#1534,#92,#4699,.T.);
#4699 = LINE('',#4700,#4701);
#4700 = CARTESIAN_POINT('',(2.184894899425,4.500000000039,6.810199901694
    ));
#4701 = VECTOR('',#4702,1.);
#4702 = DIRECTION('',(0.,0.,1.));
#4703 = PLANE('',#4704);
#4704 = AXIS2_PLACEMENT_3D('',#4705,#4706,#4707);
#4705 = CARTESIAN_POINT('',(4.445087190011,4.500000000039,
    11.960591692553));
#4706 = DIRECTION('',(0.,1.,0.));
#4707 = DIRECTION('',(0.,-0.,1.));
#4708 = ADVANCED_FACE('',(#4709),#4715,.F.);
#4709 = FACE_BOUND('',#4710,.T.);
#4710 = EDGE_LOOP('',(#4711,#4712,#4713,#4714));
#4711 = ORIENTED_EDGE('',*,*,#31,.F.);
#4712 = ORIENTED_EDGE('',*,*,#165,.F.);
#4713 = ORIENTED_EDGE('',*,*,#236,.F.);
#4714 = ORIENTED_EDGE('',*,*,#4565,.T.);
#4715 = CYLINDRICAL_SURFACE('',#4716,1.);
#4716 = AXIS2_PLACEMENT_3D('',#4717,#4718,#4719);
#4717 = CARTESIAN_POINT('',(37.388082724909,18.1,0.850879197383));
#4718 = DIRECTION('',(0.,0.,1.));
#4719 = DIRECTION('',(0.,1.,0.));
#4720 = ADVANCED_FACE('',(#4721),#4727,.F.);
#4721 = FACE_BOUND('',#4722,.F.);
#4722 = EDGE_LOOP('',(#4723,#4724,#4725,#4726));
#4723 = ORIENTED_EDGE('',*,*,#174,.F.);
#4724 = ORIENTED_EDGE('',*,*,#304,.T.);
#4725 = ORIENTED_EDGE('',*,*,#4580,.T.);
#4726 = ORIENTED_EDGE('',*,*,#150,.F.);
#4727 = CYLINDRICAL_SURFACE('',#4728,1.);
#4728 = AXIS2_PLACEMENT_3D('',#4729,#4730,#4731);
#4729 = CARTESIAN_POINT('',(8.603075604643,18.1,5.78211603587));
#4730 = DIRECTION('',(0.,0.,1.));
#4731 = DIRECTION('',(0.,1.,0.));
#4732 = ADVANCED_FACE('',(#4733),#4739,.F.);
#4733 = FACE_BOUND('',#4734,.T.);
#4734 = EDGE_LOOP('',(#4735,#4736,#4737,#4738));
#4735 = ORIENTED_EDGE('',*,*,#48,.F.);
#4736 = ORIENTED_EDGE('',*,*,#4558,.F.);
#4737 = ORIENTED_EDGE('',*,*,#1278,.F.);
#4738 = ORIENTED_EDGE('',*,*,#4625,.T.);
#4739 = CYLINDRICAL_SURFACE('',#4740,1.);
#4740 = AXIS2_PLACEMENT_3D('',#4741,#4742,#4743);
#4741 = CARTESIAN_POINT('',(37.388082724909,2.7,0.850879197383));
#4742 = DIRECTION('',(0.,0.,1.));
#4743 = DIRECTION('',(1.,0.,-0.));
#4744 = ADVANCED_FACE('',(#4745),#4751,.T.);
#4745 = FACE_BOUND('',#4746,.F.);
#4746 = EDGE_LOOP('',(#4747,#4748,#4749,#4750));
#4747 = ORIENTED_EDGE('',*,*,#1476,.T.);
#4748 = ORIENTED_EDGE('',*,*,#4654,.T.);
#4749 = ORIENTED_EDGE('',*,*,#133,.T.);
#4750 = ORIENTED_EDGE('',*,*,#4587,.F.);
#4751 = CYLINDRICAL_SURFACE('',#4752,1.);
#4752 = AXIS2_PLACEMENT_3D('',#4753,#4754,#4755);
#4753 = CARTESIAN_POINT('',(6.603075604643,17.299999999946,16.9));
#4754 = DIRECTION('',(0.,0.,-1.));
#4755 = DIRECTION('',(0.,-1.,0.));
#4756 = ADVANCED_FACE('',(#4757),#4763,.F.);
#4757 = FACE_BOUND('',#4758,.F.);
#4758 = EDGE_LOOP('',(#4759,#4760,#4761,#4762));
#4759 = ORIENTED_EDGE('',*,*,#1360,.T.);
#4760 = ORIENTED_EDGE('',*,*,#4632,.T.);
#4761 = ORIENTED_EDGE('',*,*,#65,.T.);
#4762 = ORIENTED_EDGE('',*,*,#4603,.F.);
#4763 = CYLINDRICAL_SURFACE('',#4764,1.);
#4764 = AXIS2_PLACEMENT_3D('',#4765,#4766,#4767);
#4765 = CARTESIAN_POINT('',(8.603075604643,2.7,16.9));
#4766 = DIRECTION('',(-0.,-0.,-1.));
#4767 = DIRECTION('',(0.,-1.,0.));
#4768 = ADVANCED_FACE('',(#4769),#4775,.F.);
#4769 = FACE_BOUND('',#4770,.F.);
#4770 = EDGE_LOOP('',(#4771,#4772,#4773,#4774));
#4771 = ORIENTED_EDGE('',*,*,#1622,.T.);
#4772 = ORIENTED_EDGE('',*,*,#4676,.T.);
#4773 = ORIENTED_EDGE('',*,*,#116,.T.);
#4774 = ORIENTED_EDGE('',*,*,#4647,.F.);
#4775 = CYLINDRICAL_SURFACE('',#4776,1.);
#4776 = AXIS2_PLACEMENT_3D('',#4777,#4778,#4779);
#4777 = CARTESIAN_POINT('',(2.184894899425,15.299999999946,16.9));
#4778 = DIRECTION('',(-0.,-0.,-1.));
#4779 = DIRECTION('',(0.,-1.,0.));
#4780 = ADVANCED_FACE('',(#4781),#4787,.T.);
#4781 = FACE_BOUND('',#4782,.F.);
#4782 = EDGE_LOOP('',(#4783,#4784,#4785,#4786));
#4783 = ORIENTED_EDGE('',*,*,#1424,.T.);
#4784 = ORIENTED_EDGE('',*,*,#4610,.T.);
#4785 = ORIENTED_EDGE('',*,*,#82,.T.);
#4786 = ORIENTED_EDGE('',*,*,#4691,.F.);
#4787 = CYLINDRICAL_SURFACE('',#4788,1.);
#4788 = AXIS2_PLACEMENT_3D('',#4789,#4790,#4791);
#4789 = CARTESIAN_POINT('',(6.603075604643,3.500000000039,16.9));
#4790 = DIRECTION('',(0.,0.,-1.));
#4791 = DIRECTION('',(0.,-1.,0.));
#4792 = ADVANCED_FACE('',(#4793),#4799,.F.);
#4793 = FACE_BOUND('',#4794,.F.);
#4794 = EDGE_LOOP('',(#4795,#4796,#4797,#4798));
#4795 = ORIENTED_EDGE('',*,*,#1588,.T.);
#4796 = ORIENTED_EDGE('',*,*,#4698,.T.);
#4797 = ORIENTED_EDGE('',*,*,#99,.T.);
#4798 = ORIENTED_EDGE('',*,*,#4669,.F.);
#4799 = CYLINDRICAL_SURFACE('',#4800,1.);
#4800 = AXIS2_PLACEMENT_3D('',#4801,#4802,#4803);
#4801 = CARTESIAN_POINT('',(2.184894899425,5.500000000039,16.9));
#4802 = DIRECTION('',(-0.,-0.,-1.));
#4803 = DIRECTION('',(0.,-1.,0.));
#4804 = ( GEOMETRIC_REPRESENTATION_CONTEXT(3) 
GLOBAL_UNCERTAINTY_ASSIGNED_CONTEXT((#4808)) 
GLOBAL_UNIT_ASSIGNED_CONTEXT((#4805,#4806,#4807)) REPRESENTATION_CONTEXT
('Context #1','3D Context with UNIT and UNCERTAINTY') );
#4805 = ( LENGTH_UNIT() NAMED_UNIT(*) SI_UNIT(.MILLI.,.METRE.) );
#4806 = ( NAMED_UNIT(*) PLANE_ANGLE_UNIT() SI_UNIT($,.RADIAN.) );
#4807 = ( NAMED_UNIT(*) SI_UNIT($,.STERADIAN.) SOLID_ANGLE_UNIT() );
#4808 = UNCERTAINTY_MEASURE_WITH_UNIT(LENGTH_MEASURE(1.E-04),#4805,
  'distance_accuracy_value','confusion accuracy');
#4809 = PRODUCT_RELATED_PRODUCT_CATEGORY('part',$,(#7));
#4810 = MECHANICAL_DESIGN_GEOMETRIC_PRESENTATION_REPRESENTATION('',(
    #4811),#4804);
#4811 = STYLED_ITEM('color',(#4812),#15);
#4812 = PRESENTATION_STYLE_ASSIGNMENT((#4813,#4819));
#4813 = SURFACE_STYLE_USAGE(.BOTH.,#4814);
#4814 = SURFACE_SIDE_STYLE('',(#4815));
#4815 = SURFACE_STYLE_FILL_AREA(#4816);
#4816 = FILL_AREA_STYLE('',(#4817));
#4817 = FILL_AREA_STYLE_COLOUR('',#4818);
#4818 = COLOUR_RGB('',0.447058818107,0.474509808674,0.501960817233);
#4819 = CURVE_STYLE('',#4820,POSITIVE_LENGTH_MEASURE(0.1),#4821);
#4820 = DRAUGHTING_PRE_DEFINED_CURVE_FONT('continuous');
#4821 = COLOUR_RGB('',9.803921802644E-02,9.803921802644E-02,
  9.803921802644E-02);
ENDSEC;
END-ISO-10303-21;
