ISO-10303-21;
HEADER;
FILE_DESCRIPTION (( 'STEP AP214' ),
    '1' );
FILE_NAME ('2450AT42E010BE.STEP',
    '2020-06-16T18:57:04',
    ( '' ),
    ( '' ),
    'SwSTEP 2.0',
    'SolidWorks 2017',
    '' );
FILE_SCHEMA (( 'AUTOMOTIVE_DESIGN' ));
ENDSEC;

DATA;
#1 = CARTESIAN_POINT ( 'NONE',  ( 0.0000000000000000000, 0.0000000000000000000, 0.5000000000000001100 ) ) ;
#2 = CARTESIAN_POINT ( 'NONE',  ( 0.0000000000000000000, 1.700000000000000000, -0.5000000000000001100 ) ) ;
#3 = LINE ( 'NONE', #104, #750 ) ;
#4 = EDGE_CURVE ( 'NONE', #357, #1129, #1191, .T. ) ;
#5 = ADVANCED_FACE ( 'NONE', ( #1257 ), #1840, .T. ) ;
#6 = VECTOR ( 'NONE', #993, 1000.000000000000000 ) ;
#7 = DIRECTION ( 'NONE',  ( 1.000000000000000000, 0.0000000000000000000, -0.0000000000000000000 ) ) ;
#8 = AXIS2_PLACEMENT_3D ( 'NONE', #237, #1293, #1443 ) ;
#9 = VECTOR ( 'NONE', #169, 1000.000000000000000 ) ;
#10 = LINE ( 'NONE', #1390, #1583 ) ;
#11 = DIRECTION ( 'NONE',  ( 1.000000000000000000, 0.0000000000000000000, 0.0000000000000000000 ) ) ;
#12 = VERTEX_POINT ( 'NONE', #352 ) ;
#13 = FACE_OUTER_BOUND ( 'NONE', #1247, .T. ) ;
#14 = DIRECTION ( 'NONE',  ( 0.0000000000000000000, 0.0000000000000000000, -1.000000000000000000 ) ) ;
#15 = ORIENTED_EDGE ( 'NONE', *, *, #489, .F. ) ;
#16 = ORIENTED_EDGE ( 'NONE', *, *, #687, .T. ) ;
#18 = ORIENTED_EDGE ( 'NONE', *, *, #1059, .T. ) ;
#17 = ADVANCED_FACE ( 'NONE', ( #1742 ), #815, .F. ) ;
#19 = EDGE_CURVE ( 'NONE', #736, #346, #777, .T. ) ;
#20 = DIRECTION ( 'NONE',  ( 0.0000000000000000000, -1.000000000000000000, -1.548860246407863600E-016 ) ) ;
#21 = VERTEX_POINT ( 'NONE', #661 ) ;
#22 = PLANE ( 'NONE',  #428 ) ;
#23 = PRODUCT_DEFINITION_FORMATION_WITH_SPECIFIED_SOURCE ( 'ANY', '', #1585, .NOT_KNOWN. ) ;
#24 = CARTESIAN_POINT ( 'NONE',  ( 1.000000000000000900, 0.2999999999999999900, -0.5000000000000001100 ) ) ;
#25 = DIRECTION ( 'NONE',  ( -0.0000000000000000000, 1.000000000000000000, -0.0000000000000000000 ) ) ;
#26 = VECTOR ( 'NONE', #1342, 1000.000000000000000 ) ;
#27 = ORIENTED_EDGE ( 'NONE', *, *, #945, .T. ) ;
#28 = VECTOR ( 'NONE', #725, 1000.000000000000000 ) ;
#29 = ORIENTED_EDGE ( 'NONE', *, *, #99, .T. ) ;
#30 = VECTOR ( 'NONE', #1016, 1000.000000000000000 ) ;
#31 = DIRECTION ( 'NONE',  ( -0.0000000000000000000, -1.000000000000000000, -0.0000000000000000000 ) ) ;
#32 = EDGE_CURVE ( 'NONE', #448, #830, #595, .T. ) ;
#33 = FACE_OUTER_BOUND ( 'NONE', #317, .T. ) ;
#34 = VECTOR ( 'NONE', #1584, 1000.000000000000000 ) ;
#35 = AXIS2_PLACEMENT_3D ( 'NONE', #543, #1021, #1883 ) ;
#36 = FACE_OUTER_BOUND ( 'NONE', #620, .T. ) ;
#37 = ADVANCED_FACE ( 'NONE', ( #1145 ), #1250, .T. ) ;
#38 = EDGE_LOOP ( 'NONE', ( #335, #41, #1749, #1083 ) ) ;
#39 = CARTESIAN_POINT ( 'NONE',  ( 1.000000000000000900, 0.0000000000000000000, -1.000000000000000000 ) ) ;
#40 = CARTESIAN_POINT ( 'NONE',  ( 0.0000000000000000000, 1.700000000000000000, -1.000000000000000000 ) ) ;
#41 = ORIENTED_EDGE ( 'NONE', *, *, #801, .T. ) ;
#42 = ORIENTED_EDGE ( 'NONE', *, *, #397, .T. ) ;
#43 = CARTESIAN_POINT ( 'NONE',  ( 0.0000000000000000000, 1.700000000000000000, 0.5000000000000001100 ) ) ;
#44 = ORIENTED_EDGE ( 'NONE', *, *, #1154, .F. ) ;
#45 = EDGE_CURVE ( 'NONE', #787, #1173, #879, .T. ) ;
#46 = CARTESIAN_POINT ( 'NONE',  ( 1.000000000000001100, 0.0000000000000000000, 1.000000000000000200 ) ) ;
#47 = CARTESIAN_POINT ( 'NONE',  ( -0.4499999999999996800, 1.694999999999999800, 0.2499999999999999400 ) ) ;
#48 = ADVANCED_FACE ( 'NONE', ( #948 ), #668, .F. ) ;
#49 = CARTESIAN_POINT ( 'NONE',  ( 1.000000000000001100, 7.085164807134503000, 1.000000000000000200 ) ) ;
#50 = VECTOR ( 'NONE', #253, 1000.000000000000000 ) ;
#51 = ORIENTED_EDGE ( 'NONE', *, *, #1027, .F. ) ;
#52 = DIRECTION ( 'NONE',  ( -0.0000000000000000000, 0.0000000000000000000, -1.000000000000000000 ) ) ;
#53 = LINE ( 'NONE', #1142, #1919 ) ;
#54 = CARTESIAN_POINT ( 'NONE',  ( -1.949999999999999700, 1.694999999999999800, 0.2499999999999999400 ) ) ;
#55 = LINE ( 'NONE', #829, #1348 ) ;
#56 = VECTOR ( 'NONE', #260, 1000.000000000000000 ) ;
#57 = CARTESIAN_POINT ( 'NONE',  ( 1.000000000000000900, 0.3000000000000001000, -0.6999999999999998400 ) ) ;
#58 = EDGE_CURVE ( 'NONE', #701, #484, #213, .T. ) ;
#59 = LINE ( 'NONE', #1950, #1514 ) ;
#60 = CARTESIAN_POINT ( 'NONE',  ( 2.500000000000000400, 0.2999999999999999900, 0.5000000000000001100 ) ) ;
#61 = CARTESIAN_POINT ( 'NONE',  ( -2.499999999999999600, 0.0000000000000000000, -0.0000000000000000000 ) ) ;
#62 = VECTOR ( 'NONE', #1640, 1000.000000000000000 ) ;
#63 =( GEOMETRIC_REPRESENTATION_CONTEXT ( 3 ) GLOBAL_UNCERTAINTY_ASSIGNED_CONTEXT ( ( #616 ) ) GLOBAL_UNIT_ASSIGNED_CONTEXT ( ( #1862, #354, #1435 ) ) REPRESENTATION_CONTEXT ( 'NONE', 'WORKASPACE' ) );
#64 = ORIENTED_EDGE ( 'NONE', *, *, #45, .F. ) ;
#65 = ORIENTED_EDGE ( 'NONE', *, *, #945, .F. ) ;
#66 = ORIENTED_EDGE ( 'NONE', *, *, #1059, .F. ) ;
#67 = DIRECTION ( 'NONE',  ( 0.0000000000000000000, 0.0000000000000000000, 1.000000000000000000 ) ) ;
#68 = ORIENTED_EDGE ( 'NONE', *, *, #537, .T. ) ;
#69 = CARTESIAN_POINT ( 'NONE',  ( -2.499999999999999600, 1.700000000000000200, -0.4999999999999998900 ) ) ;
#70 = ORIENTED_EDGE ( 'NONE', *, *, #1165, .F. ) ;
#71 = PLANE ( 'NONE',  #1242 ) ;
#72 = EDGE_CURVE ( 'NONE', #1881, #433, #184, .T. ) ;
#73 = CARTESIAN_POINT ( 'NONE',  ( -2.499999999999999600, 1.700000000000000200, -0.6999999999999998400 ) ) ;
#74 = DIRECTION ( 'NONE',  ( 1.000000000000000000, -0.0000000000000000000, 0.0000000000000000000 ) ) ;
#75 = CARTESIAN_POINT ( 'NONE',  ( -1.949999999999999700, 1.700000000000000000, -0.2500000000000000600 ) ) ;
#76 = FACE_OUTER_BOUND ( 'NONE', #1096, .T. ) ;
#77 = CARTESIAN_POINT ( 'NONE',  ( -0.4499999999999996800, 0.1138611699158101900, 0.2499999999999999400 ) ) ;
#78 = FACE_OUTER_BOUND ( 'NONE', #793, .T. ) ;
#79 = DIRECTION ( 'NONE',  ( 0.0000000000000000000, 0.0000000000000000000, 1.000000000000000000 ) ) ;
#80 = VECTOR ( 'NONE', #962, 1000.000000000000000 ) ;
#81 = DIRECTION ( 'NONE',  ( -0.0000000000000000000, -1.000000000000000000, -0.0000000000000000000 ) ) ;
#82 = CARTESIAN_POINT ( 'NONE',  ( -1.949999999999999700, 1.700000000000000000, 0.2499999999999999400 ) ) ;
#83 = EDGE_CURVE ( 'NONE', #1150, #977, #1875, .T. ) ;
#84 = LINE ( 'NONE', #390, #854 ) ;
#85 = DIRECTION ( 'NONE',  ( 0.0000000000000000000, 0.0000000000000000000, 1.000000000000000000 ) ) ;
#86 = MECHANICAL_DESIGN_GEOMETRIC_PRESENTATION_REPRESENTATION (  '', ( #389 ), #626 ) ;
#87 = EDGE_LOOP ( 'NONE', ( #123, #1656, #833, #68, #1347, #1340 ) ) ;
#88 = DIRECTION ( 'NONE',  ( 0.0000000000000000000, 0.0000000000000000000, 1.000000000000000000 ) ) ;
#89 = ORIENTED_EDGE ( 'NONE', *, *, #466, .F. ) ;
#90 = ORIENTED_EDGE ( 'NONE', *, *, #1192, .T. ) ;
#91 = CARTESIAN_POINT ( 'NONE',  ( 1.000000000000001100, 0.2999999999999999300, -1.084202172485504700E-016 ) ) ;
#92 = ORIENTED_EDGE ( 'NONE', *, *, #1154, .T. ) ;
#93 = ORIENTED_EDGE ( 'NONE', *, *, #232, .F. ) ;
#94 = DIRECTION ( 'NONE',  ( -0.0000000000000000000, 1.000000000000000000, -0.0000000000000000000 ) ) ;
#95 = ORIENTED_EDGE ( 'NONE', *, *, #1761, .F. ) ;
#96 = ORIENTED_EDGE ( 'NONE', *, *, #1225, .T. ) ;
#97 = CARTESIAN_POINT ( 'NONE',  ( 1.000000000000000900, 7.085164807134503000, -1.000000000000000000 ) ) ;
#98 = DIRECTION ( 'NONE',  ( 0.0000000000000000000, -1.000000000000000000, 0.0000000000000000000 ) ) ;
#99 = EDGE_CURVE ( 'NONE', #187, #438, #377, .T. ) ;
#100 = PLANE ( 'NONE',  #959 ) ;
#101 = LINE ( 'NONE', #697, #1665 ) ;
#102 = DIRECTION ( 'NONE',  ( 0.0000000000000000000, 7.744301232039319100E-017, -1.000000000000000000 ) ) ;
#103 = VECTOR ( 'NONE', #724, 1000.000000000000000 ) ;
#104 = CARTESIAN_POINT ( 'NONE',  ( 2.500000000000000400, 1.700000000000000200, -0.6999999999999998400 ) ) ;
#105 = VECTOR ( 'NONE', #364, 1000.000000000000000 ) ;
#106 = DIRECTION ( 'NONE',  ( 1.000000000000000000, 0.0000000000000000000, -4.336808689942018700E-016 ) ) ;
#107 = LINE ( 'NONE', #82, #307 ) ;
#108 = DIRECTION ( 'NONE',  ( -0.0000000000000000000, -1.000000000000000000, -0.0000000000000000000 ) ) ;
#109 = PLANE ( 'NONE',  #528 ) ;
#110 = LINE ( 'NONE', #813, #1278 ) ;
#111 = EDGE_CURVE ( 'NONE', #1611, #1724, #1493, .T. ) ;
#112 = ORIENTED_EDGE ( 'NONE', *, *, #957, .F. ) ;
#113 = DIRECTION ( 'NONE',  ( 0.0000000000000000000, -1.000000000000000000, 0.0000000000000000000 ) ) ;
#114 = VECTOR ( 'NONE', #1432, 1000.000000000000000 ) ;
#115 = VERTEX_POINT ( 'NONE', #1769 ) ;
#116 = CARTESIAN_POINT ( 'NONE',  ( -2.499999999999999600, 7.085164807134503000, -0.4999999999999998900 ) ) ;
#117 = EDGE_LOOP ( 'NONE', ( #1520, #597, #1069, #221, #1705, #503, #1220, #139 ) ) ;
#118 = VERTEX_POINT ( 'NONE', #386 ) ;
#119 = CARTESIAN_POINT ( 'NONE',  ( 0.0000000000000000000, 1.700000000000000000, -0.5000000000000001100 ) ) ;
#120 = EDGE_LOOP ( 'NONE', ( #1471, #1929, #617, #44 ) ) ;
#121 = CARTESIAN_POINT ( 'NONE',  ( 0.0000000000000000000, 0.0000000000000000000, -0.5000000000000001100 ) ) ;
#122 = ORIENTED_EDGE ( 'NONE', *, *, #891, .F. ) ;
#123 = ORIENTED_EDGE ( 'NONE', *, *, #814, .T. ) ;
#124 = ORIENTED_EDGE ( 'NONE', *, *, #1860, .T. ) ;
#125 = CARTESIAN_POINT ( 'NONE',  ( -0.9999999999999997800, 1.700000000000000000, -0.6999999999999998400 ) ) ;
#126 = PLANE ( 'NONE',  #179 ) ;
#127 = EDGE_CURVE ( 'NONE', #491, #588, #732, .T. ) ;
#128 = DIRECTION ( 'NONE',  ( -1.000000000000000000, 0.0000000000000000000, 0.0000000000000000000 ) ) ;
#129 = LINE ( 'NONE', #1605, #1297 ) ;
#130 = PLANE ( 'NONE',  #1700 ) ;
#131 = ORIENTED_EDGE ( 'NONE', *, *, #1835, .F. ) ;
#132 = DIRECTION ( 'NONE',  ( 0.0000000000000000000, 0.0000000000000000000, 1.000000000000000000 ) ) ;
#133 = VECTOR ( 'NONE', #1135, 1000.000000000000000 ) ;
#134 = VECTOR ( 'NONE', #195, 1000.000000000000000 ) ;
#135 = DIRECTION ( 'NONE',  ( 0.0000000000000000000, -1.548860246407863600E-016, 1.000000000000000000 ) ) ;
#136 = VECTOR ( 'NONE', #1895, 1000.000000000000000 ) ;
#137 = DIRECTION ( 'NONE',  ( 1.445602896647339400E-016, -0.0000000000000000000, 1.000000000000000000 ) ) ;
#138 = DIRECTION ( 'NONE',  ( 1.000000000000000000, -0.0000000000000000000, 0.0000000000000000000 ) ) ;
#139 = ORIENTED_EDGE ( 'NONE', *, *, #1265, .T. ) ;
#140 = ORIENTED_EDGE ( 'NONE', *, *, #1512, .F. ) ;
#141 = VERTEX_POINT ( 'NONE', #627 ) ;
#142 = ORIENTED_EDGE ( 'NONE', *, *, #1803, .F. ) ;
#143 = EDGE_CURVE ( 'NONE', #188, #796, #1355, .T. ) ;
#144 = CARTESIAN_POINT ( 'NONE',  ( -1.949999999999999700, 1.700000000000000000, 0.2499999999999999400 ) ) ;
#145 = MANIFOLD_SOLID_BREP ( 'Housing', #1777 ) ;
#146 = ORIENTED_EDGE ( 'NONE', *, *, #1027, .T. ) ;
#147 = AXIS2_PLACEMENT_3D ( 'NONE', #1759, #1888, #1907 ) ;
#148 = ORIENTED_EDGE ( 'NONE', *, *, #1047, .T. ) ;
#149 = DIRECTION ( 'NONE',  ( 0.0000000000000000000, -1.000000000000000000, -1.548860246407863600E-016 ) ) ;
#150 = CARTESIAN_POINT ( 'NONE',  ( -1.949999999999999700, 1.700000000000000000, -0.2500000000000000600 ) ) ;
#151 = EDGE_LOOP ( 'NONE', ( #292, #196, #312, #1792, #1635, #758 ) ) ;
#152 = CARTESIAN_POINT ( 'NONE',  ( -1.949999999999999700, 1.694999999999999800, -0.2500000000000000600 ) ) ;
#153 = FACE_OUTER_BOUND ( 'NONE', #716, .T. ) ;
#154 = ORIENTED_EDGE ( 'NONE', *, *, #1052, .F. ) ;
#155 = AXIS2_PLACEMENT_3D ( 'NONE', #73, #1153, #531 ) ;
#156 = VECTOR ( 'NONE', #1152, 1000.000000000000000 ) ;
#157 = PLANE ( 'NONE',  #602 ) ;
#158 = LINE ( 'NONE', #849, #1765 ) ;
#159 = DIRECTION ( 'NONE',  ( -0.0000000000000000000, -1.000000000000000000, -0.0000000000000000000 ) ) ;
#160 = VECTOR ( 'NONE', #159, 1000.000000000000000 ) ;
#161 = VECTOR ( 'NONE', #1190, 1000.000000000000000 ) ;
#162 = ADVANCED_FACE ( 'NONE', ( #13 ), #1429, .F. ) ;
#163 = ORIENTED_EDGE ( 'NONE', *, *, #845, .F. ) ;
#164 = VERTEX_POINT ( 'NONE', #207 ) ;
#165 = EDGE_LOOP ( 'NONE', ( #529, #527, #1216, #286 ) ) ;
#166 = AXIS2_PLACEMENT_3D ( 'NONE', #673, #1149, #1281 ) ;
#167 = ORIENTED_EDGE ( 'NONE', *, *, #1905, .T. ) ;
#168 = PRESENTATION_LAYER_ASSIGNMENT (  '', '', ( #1961 ) ) ;
#169 = DIRECTION ( 'NONE',  ( 1.000000000000000000, 0.0000000000000000000, 0.0000000000000000000 ) ) ;
#170 = ADVANCED_FACE ( 'NONE', ( #828 ), #1957, .T. ) ;
#171 = CARTESIAN_POINT ( 'NONE',  ( 1.000000000000001100, 0.0000000000000000000, 1.000000000000000200 ) ) ;
#172 = EDGE_LOOP ( 'NONE', ( #1720, #1125, #146, #1852 ) ) ;
#173 = CARTESIAN_POINT ( 'NONE',  ( -2.499999999999999600, 1.700000000000000000, -1.000000000000000000 ) ) ;
#174 = LINE ( 'NONE', #1174, #103 ) ;
#175 = EDGE_CURVE ( 'NONE', #1284, #1147, #1379, .T. ) ;
#176 = EDGE_LOOP ( 'NONE', ( #905, #66, #938, #714 ) ) ;
#177 = FACE_OUTER_BOUND ( 'NONE', #151, .T. ) ;
#178 = DIRECTION ( 'NONE',  ( -0.0000000000000000000, 1.000000000000000000, -0.0000000000000000000 ) ) ;
#179 = AXIS2_PLACEMENT_3D ( 'NONE', #1801, #1058, #1501 ) ;
#180 = LINE ( 'NONE', #152, #541 ) ;
#181 = ADVANCED_FACE ( 'NONE', ( #975 ), #1637, .T. ) ;
#182 = LINE ( 'NONE', #569, #136 ) ;
#183 = DIRECTION ( 'NONE',  ( 0.0000000000000000000, 0.0000000000000000000, -1.000000000000000000 ) ) ;
#184 = LINE ( 'NONE', #690, #1651 ) ;
#185 = DIRECTION ( 'NONE',  ( 0.0000000000000000000, 0.0000000000000000000, -1.000000000000000000 ) ) ;
#186 = EDGE_LOOP ( 'NONE', ( #1138, #96, #1168, #380, #1074, #1341 ) ) ;
#187 = VERTEX_POINT ( 'NONE', #1924 ) ;
#188 = VERTEX_POINT ( 'NONE', #581 ) ;
#189 = ORIENTED_EDGE ( 'NONE', *, *, #1942, .F. ) ;
#190 = EDGE_CURVE ( 'NONE', #1295, #1606, #925, .T. ) ;
#191 = ORIENTED_EDGE ( 'NONE', *, *, #869, .T. ) ;
#192 = ADVANCED_FACE ( 'NONE', ( #900 ), #1354, .F. ) ;
#193 = CARTESIAN_POINT ( 'NONE',  ( 1.000000000000000900, 1.700000000000000200, -0.6999999999999998400 ) ) ;
#194 = PRODUCT_DEFINITION_CONTEXT ( 'detailed design', #1057, 'design' ) ;
#195 = DIRECTION ( 'NONE',  ( -1.000000000000000000, -0.0000000000000000000, -0.0000000000000000000 ) ) ;
#196 = ORIENTED_EDGE ( 'NONE', *, *, #1014, .T. ) ;
#197 = DIRECTION ( 'NONE',  ( -1.000000000000000000, 0.0000000000000000000, -0.0000000000000000000 ) ) ;
#198 = CARTESIAN_POINT ( 'NONE',  ( 0.0000000000000000000, 1.700000000000000000, 0.0000000000000000000 ) ) ;
#199 = CARTESIAN_POINT ( 'NONE',  ( 1.000000000000000900, 1.700000000000000200, -1.000000000000000000 ) ) ;
#200 = VECTOR ( 'NONE', #1847, 1000.000000000000000 ) ;
#201 = ADVANCED_FACE ( 'NONE', ( #1790 ), #1504, .T. ) ;
#202 = COLOUR_RGB ( '',0.7921568627450980000, 0.8196078431372548800, 0.9333333333333333500 ) ;
#203 =( LENGTH_UNIT ( ) NAMED_UNIT ( * ) SI_UNIT ( .MILLI., .METRE. ) );
#204 = AXIS2_PLACEMENT_3D ( 'NONE', #40, #1424, #197 ) ;
#205 = LINE ( 'NONE', #943, #9 ) ;
#206 = CARTESIAN_POINT ( 'NONE',  ( 1.445602896647338700E-016, 0.0000000000000000000, 0.9999999999999995600 ) ) ;
#207 = CARTESIAN_POINT ( 'NONE',  ( 2.500000000000000400, 1.700000000000000000, -1.000000000000000000 ) ) ;
#208 = CARTESIAN_POINT ( 'NONE',  ( -2.499999999999999600, 1.700000000000000200, -0.6999999999999998400 ) ) ;
#209 = FACE_OUTER_BOUND ( 'NONE', #1122, .T. ) ;
#210 = AXIS2_PLACEMENT_3D ( 'NONE', #1581, #1738, #1588 ) ;
#211 = VECTOR ( 'NONE', #1782, 1000.000000000000000 ) ;
#212 = CARTESIAN_POINT ( 'NONE',  ( -0.9999999999999993300, 0.2999999999999999300, 0.5000000000000001100 ) ) ;
#213 = LINE ( 'NONE', #1447, #285 ) ;
#214 =( NAMED_UNIT ( * ) PLANE_ANGLE_UNIT ( ) SI_UNIT ( $, .RADIAN. ) );
#215 = DIRECTION ( 'NONE',  ( -1.000000000000000000, 0.0000000000000000000, 0.0000000000000000000 ) ) ;
#216 = PLANE ( 'NONE',  #919 ) ;
#217 = VERTEX_POINT ( 'NONE', #731 ) ;
#218 = VERTEX_POINT ( 'NONE', #1039 ) ;
#219 = CARTESIAN_POINT ( 'NONE',  ( -0.9999999999999993300, 0.0000000000000000000, 0.0000000000000000000 ) ) ;
#220 = ORIENTED_EDGE ( 'NONE', *, *, #1082, .T. ) ;
#221 = ORIENTED_EDGE ( 'NONE', *, *, #1686, .F. ) ;
#222 = EDGE_CURVE ( 'NONE', #115, #1286, #1695, .T. ) ;
#223 = CARTESIAN_POINT ( 'NONE',  ( 2.500000000000000400, 1.700000000000000000, 0.5000000000000001100 ) ) ;
#224 = DIRECTION ( 'NONE',  ( 0.0000000000000000000, 0.0000000000000000000, -1.000000000000000000 ) ) ;
#225 = CARTESIAN_POINT ( 'NONE',  ( 2.500000000000000400, 1.700000000000000000, -0.6999999999999998400 ) ) ;
#226 = CARTESIAN_POINT ( 'NONE',  ( 2.500000000000000400, 1.700000000000000000, -1.000000000000000000 ) ) ;
#227 = CARTESIAN_POINT ( 'NONE',  ( -1.949999999999999700, 1.694999999999999800, -0.2500000000000000600 ) ) ;
#228 = VERTEX_POINT ( 'NONE', #1797 ) ;
#229 = FILL_AREA_STYLE_COLOUR ( '', #650 ) ;
#230 = VECTOR ( 'NONE', #1036, 1000.000000000000000 ) ;
#231 = CARTESIAN_POINT ( 'NONE',  ( -2.499999999999999600, 0.2999999999999999900, 0.6999999999999998400 ) ) ;
#232 = EDGE_CURVE ( 'NONE', #1193, #1752, #431, .T. ) ;
#233 = LINE ( 'NONE', #1812, #134 ) ;
#234 = EDGE_CURVE ( 'NONE', #1061, #484, #999, .T. ) ;
#235 = LINE ( 'NONE', #1482, #1789 ) ;
#236 = PLANE ( 'NONE',  #1006 ) ;
#237 = CARTESIAN_POINT ( 'NONE',  ( -0.9999999999999997800, 1.700000000000000000, 0.0000000000000000000 ) ) ;
#238 = DIRECTION ( 'NONE',  ( 0.0000000000000000000, 0.0000000000000000000, -1.000000000000000000 ) ) ;
#239 = ORIENTED_EDGE ( 'NONE', *, *, #175, .T. ) ;
#240 = ORIENTED_EDGE ( 'NONE', *, *, #498, .T. ) ;
#241 = DIRECTION ( 'NONE',  ( -0.0000000000000000000, -1.000000000000000000, -0.0000000000000000000 ) ) ;
#242 = ORIENTED_EDGE ( 'NONE', *, *, #1814, .F. ) ;
#243 = DIRECTION ( 'NONE',  ( 0.0000000000000000000, 1.000000000000000000, 0.0000000000000000000 ) ) ;
#244 = EDGE_CURVE ( 'NONE', #228, #12, #571, .T. ) ;
#245 = DIRECTION ( 'NONE',  ( 1.000000000000000000, -0.0000000000000000000, 0.0000000000000000000 ) ) ;
#246 = CARTESIAN_POINT ( 'NONE',  ( 1.000000000000000900, 0.2999999999999999300, -0.5000000000000001100 ) ) ;
#247 = PRESENTATION_LAYER_ASSIGNMENT (  '', '', ( #721 ) ) ;
#248 = DIRECTION ( 'NONE',  ( 1.000000000000000000, -0.0000000000000000000, 0.0000000000000000000 ) ) ;
#249 = LINE ( 'NONE', #1886, #1483 ) ;
#250 =( NAMED_UNIT ( * ) SI_UNIT ( $, .STERADIAN. ) SOLID_ANGLE_UNIT ( ) );
#251 = EDGE_LOOP ( 'NONE', ( #1053, #837, #505, #27, #902, #481 ) ) ;
#252 = LINE ( 'NONE', #368, #1085 ) ;
#253 = DIRECTION ( 'NONE',  ( 0.0000000000000000000, 7.744301232039319100E-017, -1.000000000000000000 ) ) ;
#254 = LINE ( 'NONE', #297, #1647 ) ;
#255 = EDGE_CURVE ( 'NONE', #315, #977, #1719, .T. ) ;
#256 = FACE_OUTER_BOUND ( 'NONE', #511, .T. ) ;
#257 = LINE ( 'NONE', #208, #636 ) ;
#258 = AXIS2_PLACEMENT_3D ( 'NONE', #1337, #1343, #1460 ) ;
#259 = VECTOR ( 'NONE', #888, 1000.000000000000000 ) ;
#260 = DIRECTION ( 'NONE',  ( -0.0000000000000000000, -1.000000000000000000, -0.0000000000000000000 ) ) ;
#261 = ORIENTED_EDGE ( 'NONE', *, *, #1287, .F. ) ;
#262 = EDGE_LOOP ( 'NONE', ( #1850, #1474, #949, #863 ) ) ;
#263 = CLOSED_SHELL ( 'NONE', ( #1834, #1081, #5, #1422, #170, #1825, #1545, #192 ) ) ;
#264 = FILL_AREA_STYLE_COLOUR ( '', #202 ) ;
#265 = ORIENTED_EDGE ( 'NONE', *, *, #384, .F. ) ;
#266 = CARTESIAN_POINT ( 'NONE',  ( 2.500000000000000400, 0.3000000000000001000, -0.6999999999999998400 ) ) ;
#267 = VERTEX_POINT ( 'NONE', #144 ) ;
#268 = DIRECTION ( 'NONE',  ( 1.000000000000000000, 0.0000000000000000000, -0.0000000000000000000 ) ) ;
#269 = DIRECTION ( 'NONE',  ( 1.000000000000000000, 0.0000000000000000000, 0.0000000000000000000 ) ) ;
#270 = EDGE_CURVE ( 'NONE', #1939, #217, #1279, .T. ) ;
#271 = CARTESIAN_POINT ( 'NONE',  ( -2.499999999999999600, 1.700000000000000000, 0.0000000000000000000 ) ) ;
#272 = AXIS2_PLACEMENT_3D ( 'NONE', #1868, #987, #387 ) ;
#273 = CARTESIAN_POINT ( 'NONE',  ( -0.9999999999999997800, 1.700000000000000000, -1.000000000000000000 ) ) ;
#274 = CARTESIAN_POINT ( 'NONE',  ( 1.000000000000001100, 7.085164807134503000, 0.7000000000000009500 ) ) ;
#275 = CARTESIAN_POINT ( 'NONE',  ( -2.499999999999999600, 1.700000000000000000, 0.7000000000000000700 ) ) ;
#276 = LINE ( 'NONE', #1325, #702 ) ;
#277 = DIRECTION ( 'NONE',  ( 0.0000000000000000000, -0.0000000000000000000, -1.000000000000000000 ) ) ;
#278 = ORIENTED_EDGE ( 'NONE', *, *, #1352, .F. ) ;
#279 = VECTOR ( 'NONE', #1560, 1000.000000000000000 ) ;
#280 = DIRECTION ( 'NONE',  ( 0.0000000000000000000, 1.000000000000000000, 0.0000000000000000000 ) ) ;
#281 = CARTESIAN_POINT ( 'NONE',  ( 0.0000000000000000000, 0.0000000000000000000, 0.0000000000000000000 ) ) ;
#282 = FACE_OUTER_BOUND ( 'NONE', #165, .T. ) ;
#283 = EDGE_CURVE ( 'NONE', #1543, #448, #1468, .T. ) ;
#284 = CARTESIAN_POINT ( 'NONE',  ( -2.499999999999999600, 0.3000000000000001000, -0.6999999999999998400 ) ) ;
#285 = VECTOR ( 'NONE', #224, 1000.000000000000000 ) ;
#286 = ORIENTED_EDGE ( 'NONE', *, *, #1455, .F. ) ;
#287 = ORIENTED_EDGE ( 'NONE', *, *, #1490, .T. ) ;
#288 = VERTEX_POINT ( 'NONE', #1918 ) ;
#289 = ORIENTED_EDGE ( 'NONE', *, *, #1573, .F. ) ;
#290 = ORIENTED_EDGE ( 'NONE', *, *, #1352, .T. ) ;
#291 = DIRECTION ( 'NONE',  ( 0.0000000000000000000, 0.0000000000000000000, 1.000000000000000000 ) ) ;
#292 = ORIENTED_EDGE ( 'NONE', *, *, #579, .F. ) ;
#293 = ORIENTED_EDGE ( 'NONE', *, *, #1537, .T. ) ;
#294 = ORIENTED_EDGE ( 'NONE', *, *, #998, .T. ) ;
#295 = DIRECTION ( 'NONE',  ( -0.0000000000000000000, -1.000000000000000000, -0.0000000000000000000 ) ) ;
#296 = DIRECTION ( 'NONE',  ( 0.0000000000000000000, 1.000000000000000000, -0.0000000000000000000 ) ) ;
#297 = CARTESIAN_POINT ( 'NONE',  ( 0.0000000000000000000, 0.0000000000000000000, -1.000000000000000000 ) ) ;
#298 = EDGE_CURVE ( 'NONE', #858, #1338, #329, .T. ) ;
#299 = DIRECTION ( 'NONE',  ( 1.000000000000000000, -0.0000000000000000000, -0.0000000000000000000 ) ) ;
#300 = FACE_OUTER_BOUND ( 'NONE', #1677, .T. ) ;
#301 = FILL_AREA_STYLE_COLOUR ( '', #1711 ) ;
#302 = PRESENTATION_LAYER_ASSIGNMENT (  '', '', ( #755 ) ) ;
#303 = CARTESIAN_POINT ( 'NONE',  ( -0.9999999999999997800, 7.085164807134503000, -0.5000000000000001100 ) ) ;
#304 = VECTOR ( 'NONE', #1553, 1000.000000000000000 ) ;
#305 = LINE ( 'NONE', #1829, #895 ) ;
#306 = CARTESIAN_POINT ( 'NONE',  ( -0.4499999999999996800, 1.700000000000000000, 0.2499999999999999400 ) ) ;
#307 = VECTOR ( 'NONE', #1439, 1000.000000000000000 ) ;
#308 = VECTOR ( 'NONE', #625, 1000.000000000000000 ) ;
#309 = ORIENTED_EDGE ( 'NONE', *, *, #1732, .F. ) ;
#310 = AXIS2_PLACEMENT_3D ( 'NONE', #727, #113, #277 ) ;
#311 = CARTESIAN_POINT ( 'NONE',  ( -0.9999999999999997800, 0.0000000000000000000, -0.5000000000000001100 ) ) ;
#312 = ORIENTED_EDGE ( 'NONE', *, *, #1414, .T. ) ;
#313 = ORIENTED_EDGE ( 'NONE', *, *, #1671, .F. ) ;
#314 = AXIS2_PLACEMENT_3D ( 'NONE', #871, #1479, #1185 ) ;
#315 = VERTEX_POINT ( 'NONE', #1489 ) ;
#316 = DIRECTION ( 'NONE',  ( -1.000000000000000000, 0.0000000000000000000, 0.0000000000000000000 ) ) ;
#317 = EDGE_LOOP ( 'NONE', ( #1774, #1496, #1499, #1558 ) ) ;
#318 = ADVANCED_FACE ( 'NONE', ( #36 ), #1183, .T. ) ;
#319 = CARTESIAN_POINT ( 'NONE',  ( -2.499999999999999600, 0.0000000000000000000, -0.4999999999999998900 ) ) ;
#320 = CARTESIAN_POINT ( 'NONE',  ( 1.000000000000000900, 1.700000000000000200, -0.6999999999999998400 ) ) ;
#321 = EDGE_CURVE ( 'NONE', #12, #1099, #1628, .T. ) ;
#322 = CARTESIAN_POINT ( 'NONE',  ( -1.949999999999999700, 0.1138611699158101900, 0.2499999999999999400 ) ) ;
#323 = VECTOR ( 'NONE', #412, 1000.000000000000000 ) ;
#324 = ADVANCED_FACE ( 'NONE', ( #612 ), #426, .F. ) ;
#325 = SURFACE_STYLE_FILL_AREA ( #340 ) ;
#326 = DIRECTION ( 'NONE',  ( 0.0000000000000000000, 7.744301232039319100E-017, -1.000000000000000000 ) ) ;
#327 = LINE ( 'NONE', #936, #1064 ) ;
#328 = CARTESIAN_POINT ( 'NONE',  ( 0.0000000000000000000, 1.700000000000000000, -0.6999999999999998400 ) ) ;
#329 = LINE ( 'NONE', #1346, #211 ) ;
#330 = PRESENTATION_STYLE_ASSIGNMENT (( #924 ) ) ;
#331 = EDGE_CURVE ( 'NONE', #681, #1028, #1925, .T. ) ;
#332 = EDGE_LOOP ( 'NONE', ( #1598, #287, #1857, #1728 ) ) ;
#333 = CARTESIAN_POINT ( 'NONE',  ( -2.499999999999999600, 1.700000000000000000, 0.7000000000000000700 ) ) ;
#334 = ORIENTED_EDGE ( 'NONE', *, *, #397, .F. ) ;
#335 = ORIENTED_EDGE ( 'NONE', *, *, #439, .F. ) ;
#336 = EDGE_CURVE ( 'NONE', #664, #228, #1873, .T. ) ;
#337 = ADVANCED_FACE ( 'NONE', ( #756 ), #1532, .F. ) ;
#338 = CARTESIAN_POINT ( 'NONE',  ( -0.9999999999999997800, 0.0000000000000000000, -1.000000000000000000 ) ) ;
#339 = VERTEX_POINT ( 'NONE', #171 ) ;
#340 = FILL_AREA_STYLE ('',( #351 ) ) ;
#341 = PLANE ( 'NONE',  #1384 ) ;
#342 = ADVANCED_FACE ( 'NONE', ( #775 ), #764, .F. ) ;
#343 = PLANE ( 'NONE',  #1116 ) ;
#344 = VECTOR ( 'NONE', #1869, 1000.000000000000000 ) ;
#345 = EDGE_CURVE ( 'NONE', #1569, #977, #730, .T. ) ;
#346 = VERTEX_POINT ( 'NONE', #1241 ) ;
#347 = FACE_OUTER_BOUND ( 'NONE', #120, .T. ) ;
#348 = DIRECTION ( 'NONE',  ( 0.0000000000000000000, 7.744301232039319100E-017, -1.000000000000000000 ) ) ;
#349 = AXIS2_PLACEMENT_3D ( 'NONE', #1032, #1643, #268 ) ;
#350 = VECTOR ( 'NONE', #149, 1000.000000000000000 ) ;
#351 = FILL_AREA_STYLE_COLOUR ( '', #1273 ) ;
#352 = CARTESIAN_POINT ( 'NONE',  ( -0.4499999999999996800, 1.700000000000000000, 0.2499999999999999400 ) ) ;
#353 = VECTOR ( 'NONE', #1399, 1000.000000000000000 ) ;
#354 =( NAMED_UNIT ( * ) PLANE_ANGLE_UNIT ( ) SI_UNIT ( $, .RADIAN. ) );
#355 = ADVANCED_FACE ( 'NONE', ( #477 ), #917, .T. ) ;
#356 = VERTEX_POINT ( 'NONE', #319 ) ;
#357 = VERTEX_POINT ( 'NONE', #1222 ) ;
#358 = EDGE_CURVE ( 'NONE', #1813, #693, #1826, .T. ) ;
#359 = CARTESIAN_POINT ( 'NONE',  ( -0.4499999999999996800, 1.700000000000000000, -0.2500000000000000600 ) ) ;
#360 = ORIENTED_EDGE ( 'NONE', *, *, #601, .F. ) ;
#361 = CARTESIAN_POINT ( 'NONE',  ( -0.9999999999999997800, 1.700000000000000000, -1.000000000000000000 ) ) ;
#362 = AXIS2_PLACEMENT_3D ( 'NONE', #694, #372, #381 ) ;
#363 = CARTESIAN_POINT ( 'NONE',  ( 1.000000000000000900, 0.0000000000000000000, -0.5000000000000001100 ) ) ;
#364 = DIRECTION ( 'NONE',  ( 0.0000000000000000000, 0.0000000000000000000, 1.000000000000000000 ) ) ;
#365 = DIRECTION ( 'NONE',  ( 0.0000000000000000000, -1.000000000000000000, -7.744301232039319100E-017 ) ) ;
#366 = EDGE_CURVE ( 'NONE', #1005, #1359, #1444, .T. ) ;
#367 = VECTOR ( 'NONE', #94, 1000.000000000000000 ) ;
#368 = CARTESIAN_POINT ( 'NONE',  ( -0.9999999999999993300, 1.700000000000000000, 0.9999999999999997800 ) ) ;
#369 = AXIS2_PLACEMENT_3D ( 'NONE', #1205, #135, #899 ) ;
#370 = VECTOR ( 'NONE', #1106, 1000.000000000000000 ) ;
#371 = CARTESIAN_POINT ( 'NONE',  ( -2.499999999999999600, 0.0000000000000000000, 1.000000000000000000 ) ) ;
#372 = DIRECTION ( 'NONE',  ( 1.000000000000000000, -0.0000000000000000000, 0.0000000000000000000 ) ) ;
#373 = FACE_OUTER_BOUND ( 'NONE', #457, .T. ) ;
#374 = UNCERTAINTY_MEASURE_WITH_UNIT (LENGTH_MEASURE( 1.000000000000000100E-005 ), #203, 'distance_accuracy_value', 'NONE');
#375 = LINE ( 'NONE', #1546, #518 ) ;
#376 = ORIENTED_EDGE ( 'NONE', *, *, #1889, .T. ) ;
#377 = LINE ( 'NONE', #212, #1235 ) ;
#378 = CARTESIAN_POINT ( 'NONE',  ( 1.000000000000000900, 1.700000000000000200, -1.000000000000000000 ) ) ;
#379 = SURFACE_STYLE_USAGE ( .BOTH. , #972 ) ;
#380 = ORIENTED_EDGE ( 'NONE', *, *, #58, .F. ) ;
#381 = DIRECTION ( 'NONE',  ( 0.0000000000000000000, 0.0000000000000000000, -1.000000000000000000 ) ) ;
#382 = VERTEX_POINT ( 'NONE', #467 ) ;
#383 = ORIENTED_EDGE ( 'NONE', *, *, #579, .T. ) ;
#384 = EDGE_CURVE ( 'NONE', #1952, #712, #1603, .T. ) ;
#385 = CARTESIAN_POINT ( 'NONE',  ( 2.500000000000000400, 0.0000000000000000000, -0.5000000000000001100 ) ) ;
#386 = CARTESIAN_POINT ( 'NONE',  ( -0.9999999999999993300, 1.700000000000000000, 0.9999999999999997800 ) ) ;
#387 = DIRECTION ( 'NONE',  ( -1.000000000000000000, 0.0000000000000000000, -0.0000000000000000000 ) ) ;
#388 = CARTESIAN_POINT ( 'NONE',  ( -0.9999999999999997800, 7.085164807134503000, -1.000000000000000000 ) ) ;
#389 = STYLED_ITEM ( 'NONE', ( #652 ), #971 ) ;
#390 = CARTESIAN_POINT ( 'NONE',  ( -1.949999999999999700, 0.1138611699158101900, 0.2499999999999999400 ) ) ;
#391 = CARTESIAN_POINT ( 'NONE',  ( -2.499999999999999600, 0.0000000000000000000, -0.4999999999999998900 ) ) ;
#392 = CARTESIAN_POINT ( 'NONE',  ( 2.500000000000000400, 7.085164807134503000, 0.4999999999999995600 ) ) ;
#393 = LINE ( 'NONE', #1770, #1413 ) ;
#394 = CARTESIAN_POINT ( 'NONE',  ( 1.000000000000001100, 0.0000000000000000000, 0.5000000000000001100 ) ) ;
#395 = EDGE_LOOP ( 'NONE', ( #131, #548, #163, #572 ) ) ;
#396 = FACE_OUTER_BOUND ( 'NONE', #832, .T. ) ;
#397 = EDGE_CURVE ( 'NONE', #1697, #115, #1374, .T. ) ;
#398 = VECTOR ( 'NONE', #729, 1000.000000000000000 ) ;
#399 = CARTESIAN_POINT ( 'NONE',  ( 1.000000000000001100, 1.700000000000000200, 1.000000000000000200 ) ) ;
#400 = VECTOR ( 'NONE', #1741, 1000.000000000000000 ) ;
#401 = CARTESIAN_POINT ( 'NONE',  ( -2.499999999999999600, 0.2999999999999999300, -0.4999999999999998900 ) ) ;
#402 = CARTESIAN_POINT ( 'NONE',  ( 2.500000000000000400, 0.0000000000000000000, 0.0000000000000000000 ) ) ;
#403 = LINE ( 'NONE', #1427, #1166 ) ;
#404 = PRODUCT_RELATED_PRODUCT_CATEGORY ( 'part', '', ( #1585 ) ) ;
#405 = VERTEX_POINT ( 'NONE', #150 ) ;
#406 = ORIENTED_EDGE ( 'NONE', *, *, #190, .F. ) ;
#407 = CARTESIAN_POINT ( 'NONE',  ( -7.500000000000000000, 1.700000000000000000, 0.7000000000000000700 ) ) ;
#408 = ORIENTED_EDGE ( 'NONE', *, *, #358, .F. ) ;
#409 = CARTESIAN_POINT ( 'NONE',  ( -7.500000000000000000, 0.2999999999999999900, 0.6999999999999998400 ) ) ;
#410 = EDGE_LOOP ( 'NONE', ( #1381, #649, #459, #1357 ) ) ;
#411 = CARTESIAN_POINT ( 'NONE',  ( 1.000000000000000900, 0.0000000000000000000, -0.5000000000000001100 ) ) ;
#412 = DIRECTION ( 'NONE',  ( -0.0000000000000000000, -0.0000000000000000000, 1.000000000000000000 ) ) ;
#413 = EDGE_CURVE ( 'NONE', #1939, #1611, #59, .T. ) ;
#414 = UNCERTAINTY_MEASURE_WITH_UNIT (LENGTH_MEASURE( 1.000000000000000100E-005 ), #744, 'distance_accuracy_value', 'NONE');
#415 = DIRECTION ( 'NONE',  ( 0.0000000000000000000, -1.000000000000000000, -1.548860246407863600E-016 ) ) ;
#416 = DIRECTION ( 'NONE',  ( 0.0000000000000000000, 0.0000000000000000000, -1.000000000000000000 ) ) ;
#417 = CARTESIAN_POINT ( 'NONE',  ( -1.949999999999999700, 1.700000000000000000, 0.2499999999999999400 ) ) ;
#418 = PRESENTATION_STYLE_ASSIGNMENT (( #988 ) ) ;
#419 = DIRECTION ( 'NONE',  ( 0.0000000000000000000, -1.548860246407863600E-016, 1.000000000000000000 ) ) ;
#420 = LINE ( 'NONE', #1616, #1020 ) ;
#421 = PLANE ( 'NONE',  #1849 ) ;
#422 = FACE_OUTER_BOUND ( 'NONE', #850, .T. ) ;
#423 = EDGE_CURVE ( 'NONE', #736, #1481, #10, .T. ) ;
#424 = CARTESIAN_POINT ( 'NONE',  ( -1.949999999999999700, 1.694999999999999800, 0.2499999999999999400 ) ) ;
#425 = LINE ( 'NONE', #121, #1844 ) ;
#426 = PLANE ( 'NONE',  #582 ) ;
#427 = FACE_OUTER_BOUND ( 'NONE', #1538, .T. ) ;
#428 = AXIS2_PLACEMENT_3D ( 'NONE', #1842, #786, #804 ) ;
#429 = CARTESIAN_POINT ( 'NONE',  ( 1.000000000000001100, 1.700000000000000000, 0.0000000000000000000 ) ) ;
#430 = ORIENTED_EDGE ( 'NONE', *, *, #1547, .T. ) ;
#431 = LINE ( 'NONE', #284, #659 ) ;
#432 = CARTESIAN_POINT ( 'NONE',  ( 1.000000000000000700, 1.700000000000000000, -1.000000000000000000 ) ) ;
#433 = VERTEX_POINT ( 'NONE', #1815 ) ;
#434 = ORIENTED_EDGE ( 'NONE', *, *, #111, .T. ) ;
#435 = CLOSED_SHELL ( 'NONE', ( #487, #342, #778, #324, #1252, #1696, #337, #162 ) ) ;
#436 = CARTESIAN_POINT ( 'NONE',  ( 1.000000000000000900, 1.700000000000000000, -0.6999999999999998400 ) ) ;
#437 = EDGE_LOOP ( 'NONE', ( #15, #645, #51, #819, #978, #1434, #124, #1523 ) ) ;
#438 = VERTEX_POINT ( 'NONE', #1076 ) ;
#439 = EDGE_CURVE ( 'NONE', #923, #405, #570, .T. ) ;
#440 = SURFACE_SIDE_STYLE ('',( #1629 ) ) ;
#441 = CARTESIAN_POINT ( 'NONE',  ( 2.500000000000000400, 7.085164807134503000, -0.5000000000000001100 ) ) ;
#442 = EDGE_CURVE ( 'NONE', #1495, #1657, #1718, .T. ) ;
#443 = CARTESIAN_POINT ( 'NONE',  ( -2.499999999999999600, 1.700000000000000000, 0.7000000000000000700 ) ) ;
#444 = SURFACE_STYLE_FILL_AREA ( #1798 ) ;
#445 = DIRECTION ( 'NONE',  ( 0.0000000000000000000, -1.000000000000000000, -7.744301232039319100E-017 ) ) ;
#446 = LINE ( 'NONE', #1136, #344 ) ;
#447 = CARTESIAN_POINT ( 'NONE',  ( -7.500000000000000000, 1.700000000000000200, -0.6999999999999998400 ) ) ;
#448 = VERTEX_POINT ( 'NONE', #768 ) ;
#449 = LINE ( 'NONE', #696, #515 ) ;
#450 = VECTOR ( 'NONE', #1221, 1000.000000000000000 ) ;
#451 = CARTESIAN_POINT ( 'NONE',  ( -2.499999999999999600, 0.2999999999999999900, 0.6999999999999998400 ) ) ;
#452 = CARTESIAN_POINT ( 'NONE',  ( 1.445602896647340600E-016, 0.0000000000000000000, 1.000000000000000400 ) ) ;
#453 = LINE ( 'NONE', #226, #1717 ) ;
#454 = EDGE_CURVE ( 'NONE', #1954, #356, #1674, .T. ) ;
#455 = CARTESIAN_POINT ( 'NONE',  ( -2.499999999999999600, 1.700000000000000000, -1.000000000000000000 ) ) ;
#456 = LINE ( 'NONE', #1698, #1214 ) ;
#457 = EDGE_LOOP ( 'NONE', ( #1714, #140, #1518, #90 ) ) ;
#458 = AXIS2_PLACEMENT_3D ( 'NONE', #1037, #137, #1920 ) ;
#459 = ORIENTED_EDGE ( 'NONE', *, *, #244, .T. ) ;
#460 = ORIENTED_EDGE ( 'NONE', *, *, #942, .T. ) ;
#461 = DIRECTION ( 'NONE',  ( 0.0000000000000000000, -1.000000000000000000, 0.0000000000000000000 ) ) ;
#462 = VERTEX_POINT ( 'NONE', #1521 ) ;
#463 = DIRECTION ( 'NONE',  ( 0.0000000000000000000, 1.000000000000000000, 0.0000000000000000000 ) ) ;
#464 = SURFACE_STYLE_USAGE ( .BOTH. , #1368 ) ;
#465 = PLANE ( 'NONE',  #1077 ) ;
#466 = EDGE_CURVE ( 'NONE', #1362, #1070, #110, .T. ) ;
#467 = CARTESIAN_POINT ( 'NONE',  ( 2.500000000000000400, 0.0000000000000000000, 1.000000000000000000 ) ) ;
#468 = SURFACE_STYLE_FILL_AREA ( #1710 ) ;
#469 = ADVANCED_FACE ( 'NONE', ( #877 ), #1420, .F. ) ;
#470 = CARTESIAN_POINT ( 'NONE',  ( -2.499999999999999600, 0.2999999999999999900, 0.6999999999999998400 ) ) ;
#471 = LINE ( 'NONE', #1743, #304 ) ;
#472 = LINE ( 'NONE', #1267, #770 ) ;
#473 = CARTESIAN_POINT ( 'NONE',  ( 2.500000000000000400, 1.700000000000000000, 0.0000000000000000000 ) ) ;
#474 = VECTOR ( 'NONE', #1781, 1000.000000000000000 ) ;
#475 = APPLICATION_PROTOCOL_DEFINITION ( 'draft international standard', 'automotive_design', 1998, #1669 ) ;
#476 = EDGE_CURVE ( 'NONE', #1129, #701, #375, .T. ) ;
#477 = FACE_OUTER_BOUND ( 'NONE', #38, .T. ) ;
#478 = VECTOR ( 'NONE', #1202, 1000.000000000000000 ) ;
#479 = ADVANCED_FACE ( 'NONE', ( #282 ), #341, .T. ) ;
#480 = ORIENTED_EDGE ( 'NONE', *, *, #1151, .T. ) ;
#481 = ORIENTED_EDGE ( 'NONE', *, *, #1586, .F. ) ;
#482 = VERTEX_POINT ( 'NONE', #1245 ) ;
#483 = DIRECTION ( 'NONE',  ( -0.0000000000000000000, 1.000000000000000000, -0.0000000000000000000 ) ) ;
#484 = VERTEX_POINT ( 'NONE', #508 ) ;
#485 = ORIENTED_EDGE ( 'NONE', *, *, #32, .T. ) ;
#486 = CARTESIAN_POINT ( 'NONE',  ( 1.000000000000000900, 0.2999999999999999300, -0.5000000000000001100 ) ) ;
#487 = ADVANCED_FACE ( 'NONE', ( #427 ), #1126, .T. ) ;
#488 = CARTESIAN_POINT ( 'NONE',  ( -0.4499999999999996800, 1.700000000000000000, -0.2500000000000000600 ) ) ;
#489 = EDGE_CURVE ( 'NONE', #438, #1005, #1068, .T. ) ;
#490 = VECTOR ( 'NONE', #887, 1000.000000000000000 ) ;
#491 = VERTEX_POINT ( 'NONE', #193 ) ;
#492 = VECTOR ( 'NONE', #241, 1000.000000000000000 ) ;
#493 = VECTOR ( 'NONE', #1112, 1000.000000000000000 ) ;
#494 = LINE ( 'NONE', #1066, #1488 ) ;
#495 = ADVANCED_FACE ( 'NONE', ( #1141 ), #22, .F. ) ;
#496 = VECTOR ( 'NONE', #1351, 1000.000000000000000 ) ;
#497 = VECTOR ( 'NONE', #1706, 1000.000000000000000 ) ;
#498 = EDGE_CURVE ( 'NONE', #787, #1362, #1233, .T. ) ;
#499 = ORIENTED_EDGE ( 'NONE', *, *, #439, .T. ) ;
#500 = ORIENTED_EDGE ( 'NONE', *, *, #358, .T. ) ;
#501 = ORIENTED_EDGE ( 'NONE', *, *, #1547, .F. ) ;
#502 = CARTESIAN_POINT ( 'NONE',  ( -2.499999999999999600, 0.2999999999999999300, -0.5000000000000001100 ) ) ;
#503 = ORIENTED_EDGE ( 'NONE', *, *, #1933, .T. ) ;
#504 = DIRECTION ( 'NONE',  ( -1.000000000000000000, 0.0000000000000000000, -0.0000000000000000000 ) ) ;
#505 = ORIENTED_EDGE ( 'NONE', *, *, #83, .F. ) ;
#506 = CARTESIAN_POINT ( 'NONE',  ( -0.9999999999999997800, 1.700000000000000200, -0.6999999999999998400 ) ) ;
#507 = FILL_AREA_STYLE_COLOUR ( '', #1802 ) ;
#508 = CARTESIAN_POINT ( 'NONE',  ( -2.499999999999999600, 0.0000000000000000000, -1.000000000000000000 ) ) ;
#509 = CARTESIAN_POINT ( 'NONE',  ( 1.000000000000000700, 1.700000000000000000, -1.000000000000000000 ) ) ;
#510 = EDGE_CURVE ( 'NONE', #1724, #118, #1045, .T. ) ;
#511 = EDGE_LOOP ( 'NONE', ( #600, #142, #242, #784 ) ) ;
#512 = DIRECTION ( 'NONE',  ( 0.0000000000000000000, 0.0000000000000000000, 1.000000000000000000 ) ) ;
#513 = LINE ( 'NONE', #865, #367 ) ;
#514 = PLANE ( 'NONE',  #8 ) ;
#515 = VECTOR ( 'NONE', #245, 1000.000000000000000 ) ;
#516 = VECTOR ( 'NONE', #1570, 1000.000000000000000 ) ;
#517 = DIRECTION ( 'NONE',  ( 0.0000000000000000000, 0.0000000000000000000, 1.000000000000000000 ) ) ;
#518 = VECTOR ( 'NONE', #1266, 1000.000000000000000 ) ;
#519 = UNCERTAINTY_MEASURE_WITH_UNIT (LENGTH_MEASURE( 1.000000000000000100E-005 ), #1478, 'distance_accuracy_value', 'NONE');
#520 = ORIENTED_EDGE ( 'NONE', *, *, #321, .F. ) ;
#521 = ORIENTED_EDGE ( 'NONE', *, *, #698, .T. ) ;
#522 = EDGE_CURVE ( 'NONE', #1095, #187, #456, .T. ) ;
#523 = EDGE_LOOP ( 'NONE', ( #901, #1519, #154, #1830 ) ) ;
#524 = ORIENTED_EDGE ( 'NONE', *, *, #1452, .F. ) ;
#525 = DIRECTION ( 'NONE',  ( -1.000000000000000000, 0.0000000000000000000, 1.445602896647339900E-016 ) ) ;
#526 = DIRECTION ( 'NONE',  ( 1.000000000000000000, 0.0000000000000000000, 0.0000000000000000000 ) ) ;
#527 = ORIENTED_EDGE ( 'NONE', *, *, #984, .F. ) ;
#528 = AXIS2_PLACEMENT_3D ( 'NONE', #275, #1329, #1170 ) ;
#529 = ORIENTED_EDGE ( 'NONE', *, *, #814, .F. ) ;
#530 = DIRECTION ( 'NONE',  ( -0.0000000000000000000, -1.000000000000000000, -0.0000000000000000000 ) ) ;
#531 = DIRECTION ( 'NONE',  ( -1.000000000000000000, 0.0000000000000000000, -0.0000000000000000000 ) ) ;
#532 = CARTESIAN_POINT ( 'NONE',  ( -0.9999999999999993300, 1.700000000000000200, 1.000000000000000200 ) ) ;
#533 = EDGE_CURVE ( 'NONE', #218, #1284, #257, .T. ) ;
#534 = ORIENTED_EDGE ( 'NONE', *, *, #270, .T. ) ;
#535 = CARTESIAN_POINT ( 'NONE',  ( 2.500000000000000400, 0.2999999999999999900, 0.6999999999999998400 ) ) ;
#536 = CARTESIAN_POINT ( 'NONE',  ( -2.499999999999999600, 1.700000000000000200, -0.6999999999999998400 ) ) ;
#537 = EDGE_CURVE ( 'NONE', #21, #339, #1951, .T. ) ;
#538 =( LENGTH_UNIT ( ) NAMED_UNIT ( * ) SI_UNIT ( .MILLI., .METRE. ) );
#539 = DIRECTION ( 'NONE',  ( 0.0000000000000000000, 0.0000000000000000000, -1.000000000000000000 ) ) ;
#540 = DIRECTION ( 'NONE',  ( -1.000000000000000000, 0.0000000000000000000, 0.0000000000000000000 ) ) ;
#541 = VECTOR ( 'NONE', #749, 1000.000000000000000 ) ;
#542 = LINE ( 'NONE', #61, #34 ) ;
#543 = CARTESIAN_POINT ( 'NONE',  ( 0.0000000000000000000, 1.700000000000000000, 0.0000000000000000000 ) ) ;
#544 = VERTEX_POINT ( 'NONE', #363 ) ;
#545 = ORIENTED_EDGE ( 'NONE', *, *, #1405, .F. ) ;
#546 = ORIENTED_EDGE ( 'NONE', *, *, #1877, .T. ) ;
#547 = CARTESIAN_POINT ( 'NONE',  ( -1.949999999999999700, 1.694999999999999800, 0.2499999999999999400 ) ) ;
#548 = ORIENTED_EDGE ( 'NONE', *, *, #1455, .T. ) ;
#549 = DIRECTION ( 'NONE',  ( -1.000000000000000000, -0.0000000000000000000, -0.0000000000000000000 ) ) ;
#550 = ORIENTED_EDGE ( 'NONE', *, *, #669, .T. ) ;
#551 = ORIENTED_EDGE ( 'NONE', *, *, #533, .T. ) ;
#552 = EDGE_CURVE ( 'NONE', #1913, #1099, #403, .T. ) ;
#553 = CARTESIAN_POINT ( 'NONE',  ( -0.4499999999999996800, 1.694999999999999800, 0.2499999999999999400 ) ) ;
#554 = CARTESIAN_POINT ( 'NONE',  ( -0.9999999999999997800, 1.700000000000000200, -1.000000000000000000 ) ) ;
#555 = CARTESIAN_POINT ( 'NONE',  ( 2.500000000000000400, 1.700000000000000000, 0.7000000000000000700 ) ) ;
#556 = DIRECTION ( 'NONE',  ( 1.000000000000000000, -0.0000000000000000000, -0.0000000000000000000 ) ) ;
#557 = ADVANCED_BREP_SHAPE_REPRESENTATION ( '2450AT42E010BE', ( #145, #1210, #1574, #1526, #1607, #971, #1055 ), #1893 ) ;
#558 = CARTESIAN_POINT ( 'NONE',  ( 2.500000000000000400, 0.0000000000000000000, 0.5000000000000001100 ) ) ;
#559 = SHAPE_DEFINITION_REPRESENTATION ( #1932, #557 ) ;
#560 = PLANE ( 'NONE',  #894 ) ;
#561 = DIRECTION ( 'NONE',  ( 1.000000000000000000, 0.0000000000000000000, -1.445602896647339900E-016 ) ) ;
#562 = ORIENTED_EDGE ( 'NONE', *, *, #1814, .T. ) ;
#563 = FACE_OUTER_BOUND ( 'NONE', #251, .T. ) ;
#564 = EDGE_CURVE ( 'NONE', #141, #1485, #1807, .T. ) ;
#565 = PLANE ( 'NONE',  #35 ) ;
#566 = DIRECTION ( 'NONE',  ( 1.000000000000000000, 0.0000000000000000000, 0.0000000000000000000 ) ) ;
#567 = AXIS2_PLACEMENT_3D ( 'NONE', #1042, #1506, #1199 ) ;
#568 = VECTOR ( 'NONE', #1307, 1000.000000000000000 ) ;
#569 = CARTESIAN_POINT ( 'NONE',  ( 1.000000000000001100, 0.2999999999999999300, 0.9999999999999997800 ) ) ;
#570 = LINE ( 'NONE', #1060, #1119 ) ;
#571 = LINE ( 'NONE', #1934, #161 ) ;
#572 = ORIENTED_EDGE ( 'NONE', *, *, #1038, .F. ) ;
#573 = DIRECTION ( 'NONE',  ( -0.0000000000000000000, -1.000000000000000000, -0.0000000000000000000 ) ) ;
#574 = ORIENTED_EDGE ( 'NONE', *, *, #771, .T. ) ;
#575 = ORIENTED_EDGE ( 'NONE', *, *, #1636, .T. ) ;
#576 = CARTESIAN_POINT ( 'NONE',  ( -0.4499999999999996800, 1.694999999999999800, -0.2500000000000000600 ) ) ;
#577 = ORIENTED_EDGE ( 'NONE', *, *, #1302, .F. ) ;
#578 = DIRECTION ( 'NONE',  ( 0.0000000000000000000, 0.0000000000000000000, -1.000000000000000000 ) ) ;
#579 = EDGE_CURVE ( 'NONE', #491, #1264, #1904, .T. ) ;
#580 = ORIENTED_EDGE ( 'NONE', *, *, #860, .F. ) ;
#581 = CARTESIAN_POINT ( 'NONE',  ( -1.949999999999999700, 1.694999999999999800, -0.2500000000000000600 ) ) ;
#582 = AXIS2_PLACEMENT_3D ( 'NONE', #473, #1805, #934 ) ;
#583 = AXIS2_PLACEMENT_3D ( 'NONE', #1595, #98, #867 ) ;
#584 = CARTESIAN_POINT ( 'NONE',  ( 0.0000000000000000000, 0.2999999999999999300, 0.5000000000000001100 ) ) ;
#585 = LINE ( 'NONE', #1203, #1891 ) ;
#586 = ORIENTED_EDGE ( 'NONE', *, *, #1823, .F. ) ;
#587 = LINE ( 'NONE', #1861, #80 ) ;
#588 = VERTEX_POINT ( 'NONE', #1690 ) ;
#589 = EDGE_CURVE ( 'NONE', #357, #1557, #1464, .T. ) ;
#590 = VECTOR ( 'NONE', #623, 1000.000000000000000 ) ;
#591 = DIRECTION ( 'NONE',  ( -1.000000000000000000, 0.0000000000000000000, 0.0000000000000000000 ) ) ;
#592 = LINE ( 'NONE', #555, #496 ) ;
#593 = PRESENTATION_LAYER_ASSIGNMENT (  '', '', ( #389 ) ) ;
#594 = CARTESIAN_POINT ( 'NONE',  ( 0.0000000000000000000, 0.0000000000000000000, 0.0000000000000000000 ) ) ;
#595 = LINE ( 'NONE', #944, #1046 ) ;
#596 = FILL_AREA_STYLE_COLOUR ( '', #1554 ) ;
#597 = ORIENTED_EDGE ( 'NONE', *, *, #827, .T. ) ;
#598 = DIRECTION ( 'NONE',  ( 0.0000000000000000000, 1.000000000000000000, -0.0000000000000000000 ) ) ;
#599 = ORIENTED_EDGE ( 'NONE', *, *, #244, .F. ) ;
#600 = ORIENTED_EDGE ( 'NONE', *, *, #111, .F. ) ;
#601 = EDGE_CURVE ( 'NONE', #796, #787, #158, .T. ) ;
#602 = AXIS2_PLACEMENT_3D ( 'NONE', #1223, #316, #1375 ) ;
#603 =( NAMED_UNIT ( * ) SI_UNIT ( $, .STERADIAN. ) SOLID_ANGLE_UNIT ( ) );
#604 = PRESENTATION_STYLE_ASSIGNMENT (( #464 ) ) ;
#605 = PLANE ( 'NONE',  #1613 ) ;
#606 = CARTESIAN_POINT ( 'NONE',  ( -1.949999999999999700, 1.694999999999999800, 0.2499999999999999400 ) ) ;
#607 = ORIENTED_EDGE ( 'NONE', *, *, #283, .T. ) ;
#608 = LINE ( 'NONE', #417, #323 ) ;
#609 = LINE ( 'NONE', #333, #1824 ) ;
#610 = DIRECTION ( 'NONE',  ( -1.000000000000000000, 0.0000000000000000000, -0.0000000000000000000 ) ) ;
#611 = FACE_OUTER_BOUND ( 'NONE', #186, .T. ) ;
#612 = FACE_OUTER_BOUND ( 'NONE', #1259, .T. ) ;
#613 = VECTOR ( 'NONE', #25, 1000.000000000000000 ) ;
#614 =( NAMED_UNIT ( * ) SI_UNIT ( $, .STERADIAN. ) SOLID_ANGLE_UNIT ( ) );
#615 = ORIENTED_EDGE ( 'NONE', *, *, #1502, .T. ) ;
#616 = UNCERTAINTY_MEASURE_WITH_UNIT (LENGTH_MEASURE( 1.000000000000000100E-005 ), #1862, 'distance_accuracy_value', 'NONE');
#617 = ORIENTED_EDGE ( 'NONE', *, *, #1549, .F. ) ;
#618 = CARTESIAN_POINT ( 'NONE',  ( -0.9999999999999993300, 0.2999999999999999900, 0.6999999999999998400 ) ) ;
#619 = EDGE_LOOP ( 'NONE', ( #1386, #577, #1288, #1209 ) ) ;
#620 = EDGE_LOOP ( 'NONE', ( #931, #1093, #1110, #1795, #406, #1476 ) ) ;
#621 = ORIENTED_EDGE ( 'NONE', *, *, #1671, .T. ) ;
#622 = ADVANCED_FACE ( 'NONE', ( #209 ), #1008, .T. ) ;
#623 = DIRECTION ( 'NONE',  ( -0.0000000000000000000, -0.0000000000000000000, 1.000000000000000000 ) ) ;
#624 = EDGE_CURVE ( 'NONE', #664, #267, #84, .T. ) ;
#625 = DIRECTION ( 'NONE',  ( 0.0000000000000000000, 0.0000000000000000000, 1.000000000000000000 ) ) ;
#626 =( GEOMETRIC_REPRESENTATION_CONTEXT ( 3 ) GLOBAL_UNCERTAINTY_ASSIGNED_CONTEXT ( ( #1000 ) ) GLOBAL_UNIT_ASSIGNED_CONTEXT ( ( #1370, #1664, #637 ) ) REPRESENTATION_CONTEXT ( 'NONE', 'WORKASPACE' ) );
#627 = CARTESIAN_POINT ( 'NONE',  ( 1.000000000000000900, 0.0000000000000000000, -1.000000000000000000 ) ) ;
#628 = DIRECTION ( 'NONE',  ( -1.000000000000000000, -0.0000000000000000000, -0.0000000000000000000 ) ) ;
#629 = SURFACE_STYLE_FILL_AREA ( #1766 ) ;
#630 = ORIENTED_EDGE ( 'NONE', *, *, #127, .T. ) ;
#631 = ADVANCED_FACE ( 'NONE', ( #611 ), #1285, .T. ) ;
#632 = FACE_OUTER_BOUND ( 'NONE', #117, .T. ) ;
#633 = DIRECTION ( 'NONE',  ( -0.0000000000000000000, -1.000000000000000000, -0.0000000000000000000 ) ) ;
#634 = LINE ( 'NONE', #1392, #1186 ) ;
#635 = EDGE_CURVE ( 'NONE', #1359, #1551, #1373, .T. ) ;
#636 = VECTOR ( 'NONE', #178, 1000.000000000000000 ) ;
#637 =( NAMED_UNIT ( * ) SI_UNIT ( $, .STERADIAN. ) SOLID_ANGLE_UNIT ( ) );
#638 = VECTOR ( 'NONE', #876, 1000.000000000000000 ) ;
#639 = EDGE_CURVE ( 'NONE', #267, #12, #107, .T. ) ;
#640 = ORIENTED_EDGE ( 'NONE', *, *, #1272, .F. ) ;
#641 = EDGE_LOOP ( 'NONE', ( #1660, #92, #1473, #1219 ) ) ;
#642 = VERTEX_POINT ( 'NONE', #75 ) ;
#644 = ADVANCED_FACE ( 'NONE', ( #1555 ), #824, .F. ) ;
#643 = VERTEX_POINT ( 'NONE', #817 ) ;
#645 = ORIENTED_EDGE ( 'NONE', *, *, #1086, .F. ) ;
#646 = EDGE_CURVE ( 'NONE', #1680, #218, #1067, .T. ) ;
#647 = VECTOR ( 'NONE', #1780, 1000.000000000000000 ) ;
#648 = ADVANCED_FACE ( 'NONE', ( #967 ), #514, .T. ) ;
#649 = ORIENTED_EDGE ( 'NONE', *, *, #336, .T. ) ;
#650 = COLOUR_RGB ( '',0.7921568627450980000, 0.8196078431372548800, 0.9333333333333333500 ) ;
#651 = CARTESIAN_POINT ( 'NONE',  ( -0.4499999999999996800, 1.700000000000000000, 0.2499999999999999400 ) ) ;
#652 = PRESENTATION_STYLE_ASSIGNMENT (( #1397 ) ) ;
#653 = DIRECTION ( 'NONE',  ( -0.0000000000000000000, 0.0000000000000000000, 1.000000000000000000 ) ) ;
#654 = DIRECTION ( 'NONE',  ( -0.0000000000000000000, -1.000000000000000000, -0.0000000000000000000 ) ) ;
#655 = VECTOR ( 'NONE', #102, 1000.000000000000000 ) ;
#656 = VECTOR ( 'NONE', #1117, 1000.000000000000000 ) ;
#657 = ADVANCED_FACE ( 'NONE', ( #256 ), #1716, .T. ) ;
#658 = EDGE_CURVE ( 'NONE', #462, #1360, #898, .T. ) ;
#659 = VECTOR ( 'NONE', #1035, 1000.000000000000000 ) ;
#660 =( NAMED_UNIT ( * ) SI_UNIT ( $, .STERADIAN. ) SOLID_ANGLE_UNIT ( ) );
#661 = CARTESIAN_POINT ( 'NONE',  ( 1.000000000000001100, 1.700000000000000200, 1.000000000000000200 ) ) ;
#662 = CARTESIAN_POINT ( 'NONE',  ( 2.500000000000000400, 0.0000000000000000000, -1.000000000000000000 ) ) ;
#663 = ORIENTED_EDGE ( 'NONE', *, *, #717, .T. ) ;
#664 = VERTEX_POINT ( 'NONE', #54 ) ;
#665 = ORIENTED_EDGE ( 'NONE', *, *, #635, .T. ) ;
#666 = ORIENTED_EDGE ( 'NONE', *, *, #1860, .F. ) ;
#667 = ORIENTED_EDGE ( 'NONE', *, *, #1139, .T. ) ;
#668 = PLANE ( 'NONE',  #272 ) ;
#669 = EDGE_CURVE ( 'NONE', #693, #1040, #1949, .T. ) ;
#670 = EDGE_LOOP ( 'NONE', ( #1563, #1009, #1171, #1908 ) ) ;
#671 = LINE ( 'NONE', #1915, #647 ) ;
#672 = EDGE_CURVE ( 'NONE', #164, #1589, #453, .T. ) ;
#673 = CARTESIAN_POINT ( 'NONE',  ( 0.0000000000000000000, 1.700000000000000000, 0.5000000000000001100 ) ) ;
#674 = DIRECTION ( 'NONE',  ( -0.0000000000000000000, -1.000000000000000000, -0.0000000000000000000 ) ) ;
#675 = CARTESIAN_POINT ( 'NONE',  ( -2.499999999999999600, 0.0000000000000000000, -0.5000000000000001100 ) ) ;
#676 = AXIS2_PLACEMENT_3D ( 'NONE', #409, #1328, #709 ) ;
#677 = LINE ( 'NONE', #432, #1510 ) ;
#678 = VECTOR ( 'NONE', #14, 1000.000000000000000 ) ;
#679 = CARTESIAN_POINT ( 'NONE',  ( -2.499999999999999600, 1.700000000000000000, 0.7000000000000000700 ) ) ;
#680 = CARTESIAN_POINT ( 'NONE',  ( -2.499999999999999600, 1.700000000000000000, 0.0000000000000000000 ) ) ;
#681 = VERTEX_POINT ( 'NONE', #983 ) ;
#682 = ORIENTED_EDGE ( 'NONE', *, *, #1477, .T. ) ;
#683 = ORIENTED_EDGE ( 'NONE', *, *, #1490, .F. ) ;
#684 = ORIENTED_EDGE ( 'NONE', *, *, #860, .T. ) ;
#685 =( NAMED_UNIT ( * ) PLANE_ANGLE_UNIT ( ) SI_UNIT ( $, .RADIAN. ) );
#686 = EDGE_LOOP ( 'NONE', ( #1572, #64, #360, #18 ) ) ;
#687 = EDGE_CURVE ( 'NONE', #1606, #1813, #542, .T. ) ;
#688 = DIRECTION ( 'NONE',  ( 1.000000000000000000, 0.0000000000000000000, 0.0000000000000000000 ) ) ;
#689 = EDGE_LOOP ( 'NONE', ( #1369, #1050, #982, #309, #1884, #782, #1051, #524, #1312, #1955, #1522, #1722 ) ) ;
#690 = CARTESIAN_POINT ( 'NONE',  ( 1.445602896647340600E-016, 1.700000000000000000, 1.000000000000000400 ) ) ;
#691 = PLANE ( 'NONE',  #676 ) ;
#692 = STYLED_ITEM ( 'NONE', ( #1943 ), #1607 ) ;
#693 = VERTEX_POINT ( 'NONE', #1276 ) ;
#694 = CARTESIAN_POINT ( 'NONE',  ( -0.9999999999999993300, 7.085164807134503000, 1.000000000000000200 ) ) ;
#695 = CARTESIAN_POINT ( 'NONE',  ( -1.949999999999999700, 1.700000000000000000, -0.2500000000000000600 ) ) ;
#696 = CARTESIAN_POINT ( 'NONE',  ( 0.0000000000000000000, 1.700000000000000000, -1.000000000000000000 ) ) ;
#697 = CARTESIAN_POINT ( 'NONE',  ( 2.500000000000000400, 1.700000000000000200, -0.5000000000000001100 ) ) ;
#698 = EDGE_CURVE ( 'NONE', #217, #462, #1277, .T. ) ;
#699 = ADVANCED_FACE ( 'NONE', ( #1331 ), #71, .T. ) ;
#700 = LINE ( 'NONE', #388, #747 ) ;
#701 = VERTEX_POINT ( 'NONE', #675 ) ;
#702 = VECTOR ( 'NONE', #556, 1000.000000000000000 ) ;
#703 = CARTESIAN_POINT ( 'NONE',  ( -0.9999999999999993300, 1.699999999999999700, 0.7000000000000000700 ) ) ;
#704 = VECTOR ( 'NONE', #1084, 1000.000000000000000 ) ;
#705 = FACE_OUTER_BOUND ( 'NONE', #780, .T. ) ;
#706 = DIRECTION ( 'NONE',  ( 1.000000000000000000, 1.119518429354559900E-032, -1.445602896647339400E-016 ) ) ;
#707 = VECTOR ( 'NONE', #759, 1000.000000000000000 ) ;
#708 = CARTESIAN_POINT ( 'NONE',  ( 1.000000000000000900, 7.085164807134503000, -1.000000000000000000 ) ) ;
#709 = DIRECTION ( 'NONE',  ( 0.0000000000000000000, 7.744301232039319100E-017, -1.000000000000000000 ) ) ;
#710 = VERTEX_POINT ( 'NONE', #411 ) ;
#711 = PLANE ( 'NONE',  #258 ) ;
#712 = VERTEX_POINT ( 'NONE', #1162 ) ;
#713 = ORIENTED_EDGE ( 'NONE', *, *, #669, .F. ) ;
#714 = ORIENTED_EDGE ( 'NONE', *, *, #1272, .T. ) ;
#715 = CARTESIAN_POINT ( 'NONE',  ( 2.500000000000000400, 1.700000000000000000, 1.000000000000000000 ) ) ;
#716 = EDGE_LOOP ( 'NONE', ( #1454, #1449, #1630, #861 ) ) ;
#717 = EDGE_CURVE ( 'NONE', #346, #806, #918, .T. ) ;
#718 = CARTESIAN_POINT ( 'NONE',  ( -2.499999999999999600, 1.700000000000000000, 0.5000000000000001100 ) ) ;
#719 = ORIENTED_EDGE ( 'NONE', *, *, #1344, .T. ) ;
#720 = PLANE ( 'NONE',  #583 ) ;
#721 = STYLED_ITEM ( 'NONE', ( #418 ), #1574 ) ;
#722 = ORIENTED_EDGE ( 'NONE', *, *, #743, .F. ) ;
#723 = CARTESIAN_POINT ( 'NONE',  ( 1.445602896647340600E-016, 1.700000000000000000, 1.000000000000000400 ) ) ;
#724 = DIRECTION ( 'NONE',  ( 1.000000000000000000, -0.0000000000000000000, -0.0000000000000000000 ) ) ;
#725 = DIRECTION ( 'NONE',  ( 0.0000000000000000000, -7.744301232039319100E-017, 1.000000000000000000 ) ) ;
#726 = EDGE_CURVE ( 'NONE', #21, #1019, #1353, .T. ) ;
#727 = CARTESIAN_POINT ( 'NONE',  ( 0.0000000000000000000, 0.0000000000000000000, 0.0000000000000000000 ) ) ;
#728 = ORIENTED_EDGE ( 'NONE', *, *, #19, .F. ) ;
#729 = DIRECTION ( 'NONE',  ( -0.0000000000000000000, -1.000000000000000000, -0.0000000000000000000 ) ) ;
#730 = LINE ( 'NONE', #328, #707 ) ;
#731 = CARTESIAN_POINT ( 'NONE',  ( -0.9999999999999991100, 0.2999999999999999900, 0.6999999999999998400 ) ) ;
#732 = LINE ( 'NONE', #536, #1772 ) ;
#733 = EDGE_LOOP ( 'NONE', ( #979, #89, #1383, #1699 ) ) ;
#734 = VERTEX_POINT ( 'NONE', #1921 ) ;
#735 = EDGE_LOOP ( 'NONE', ( #1559, #964, #1701, #1928 ) ) ;
#736 = VERTEX_POINT ( 'NONE', #873 ) ;
#737 = CARTESIAN_POINT ( 'NONE',  ( -2.499999999999999600, 0.2999999999999999300, -1.084202172485504700E-016 ) ) ;
#738 = EDGE_LOOP ( 'NONE', ( #928, #1237, #663, #1389, #1953, #1098 ) ) ;
#739 = DIRECTION ( 'NONE',  ( -0.0000000000000000000, -1.000000000000000000, -0.0000000000000000000 ) ) ;
#740 = EDGE_CURVE ( 'NONE', #1028, #1589, #1423, .T. ) ;
#741 = EDGE_LOOP ( 'NONE', ( #1723, #65, #1827, #1217 ) ) ;
#742 = DIRECTION ( 'NONE',  ( 0.0000000000000000000, 0.0000000000000000000, 1.000000000000000000 ) ) ;
#743 = EDGE_CURVE ( 'NONE', #462, #693, #875, .T. ) ;
#744 =( LENGTH_UNIT ( ) NAMED_UNIT ( * ) SI_UNIT ( .MILLI., .METRE. ) );
#745 = ORIENTED_EDGE ( 'NONE', *, *, #564, .T. ) ;
#746 = CARTESIAN_POINT ( 'NONE',  ( -2.499999999999999600, 1.700000000000000000, 1.000000000000000000 ) ) ;
#747 = VECTOR ( 'NONE', #81, 1000.000000000000000 ) ;
#748 = APPLICATION_PROTOCOL_DEFINITION ( 'draft international standard', 'automotive_design', 1998, #1057 ) ;
#749 = DIRECTION ( 'NONE',  ( -1.000000000000000000, -0.0000000000000000000, -0.0000000000000000000 ) ) ;
#750 = VECTOR ( 'NONE', #1164, 1000.000000000000000 ) ;
#751 = EDGE_CURVE ( 'NONE', #382, #1428, #1625, .T. ) ;
#752 = LINE ( 'NONE', #303, #450 ) ;
#753 = DIRECTION ( 'NONE',  ( 1.000000000000000000, -0.0000000000000000000, -0.0000000000000000000 ) ) ;
#754 = LINE ( 'NONE', #703, #350 ) ;
#755 = STYLED_ITEM ( 'NONE', ( #604 ), #557 ) ;
#756 = FACE_OUTER_BOUND ( 'NONE', #776, .T. ) ;
#757 = DIRECTION ( 'NONE',  ( 1.000000000000000000, -0.0000000000000000000, -0.0000000000000000000 ) ) ;
#758 = ORIENTED_EDGE ( 'NONE', *, *, #1391, .F. ) ;
#759 = DIRECTION ( 'NONE',  ( -1.000000000000000000, 0.0000000000000000000, 0.0000000000000000000 ) ) ;
#760 = ORIENTED_EDGE ( 'NONE', *, *, #1823, .T. ) ;
#761 = EDGE_LOOP ( 'NONE', ( #70, #289, #785, #1530 ) ) ;
#762 = CARTESIAN_POINT ( 'NONE',  ( -2.499999999999999600, 0.0000000000000000000, 0.5000000000000001100 ) ) ;
#763 = EDGE_CURVE ( 'NONE', #1881, #1481, #1024, .T. ) ;
#764 = PLANE ( 'NONE',  #1675 ) ;
#765 = CARTESIAN_POINT ( 'NONE',  ( 2.500000000000000400, 1.700000000000000000, 0.0000000000000000000 ) ) ;
#766 = LINE ( 'NONE', #69, #1415 ) ;
#767 = ADVANCED_FACE ( 'NONE', ( #1163 ), #1757, .F. ) ;
#768 = CARTESIAN_POINT ( 'NONE',  ( -2.499999999999999600, 1.700000000000000200, -0.6999999999999998400 ) ) ;
#769 = LINE ( 'NONE', #708, #230 ) ;
#770 = VECTOR ( 'NONE', #1433, 1000.000000000000000 ) ;
#771 = EDGE_CURVE ( 'NONE', #1061, #1401, #1806, .T. ) ;
#772 = FACE_OUTER_BOUND ( 'NONE', #1317, .T. ) ;
#773 = AXIS2_PLACEMENT_3D ( 'NONE', #911, #1087, #1683 ) ;
#774 = DIRECTION ( 'NONE',  ( -0.0000000000000000000, -1.000000000000000000, -0.0000000000000000000 ) ) ;
#775 = FACE_OUTER_BOUND ( 'NONE', #738, .T. ) ;
#776 = EDGE_LOOP ( 'NONE', ( #1451, #148, #1909, #728 ) ) ;
#777 = LINE ( 'NONE', #1123, #1539 ) ;
#778 = ADVANCED_FACE ( 'NONE', ( #705 ), #1773, .T. ) ;
#779 = ORIENTED_EDGE ( 'NONE', *, *, #827, .F. ) ;
#780 = EDGE_LOOP ( 'NONE', ( #1930, #1550, #1048, #1200 ) ) ;
#781 = ORIENTED_EDGE ( 'NONE', *, *, #763, .F. ) ;
#782 = ORIENTED_EDGE ( 'NONE', *, *, #635, .F. ) ;
#783 = DIRECTION ( 'NONE',  ( 0.0000000000000000000, -7.744301232039319100E-017, 1.000000000000000000 ) ) ;
#784 = ORIENTED_EDGE ( 'NONE', *, *, #510, .F. ) ;
#785 = ORIENTED_EDGE ( 'NONE', *, *, #986, .F. ) ;
#786 = DIRECTION ( 'NONE',  ( 0.0000000000000000000, 0.0000000000000000000, 1.000000000000000000 ) ) ;
#787 = VERTEX_POINT ( 'NONE', #1619 ) ;
#788 = CARTESIAN_POINT ( 'NONE',  ( 1.000000000000000900, 1.700000000000000000, 0.7000000000000000700 ) ) ;
#789 = EDGE_CURVE ( 'NONE', #710, #1028, #425, .T. ) ;
#790 = CARTESIAN_POINT ( 'NONE',  ( -0.4499999999999996800, 1.694999999999999800, 0.2499999999999999400 ) ) ;
#791 = AXIS2_PLACEMENT_3D ( 'NONE', #1132, #1568, #512 ) ;
#792 = VECTOR ( 'NONE', #291, 1000.000000000000000 ) ;
#793 = EDGE_LOOP ( 'NONE', ( #909, #1851, #574, #1853 ) ) ;
#794 = CARTESIAN_POINT ( 'NONE',  ( -2.499999999999999600, 1.700000000000000000, 0.0000000000000000000 ) ) ;
#795 = VECTOR ( 'NONE', #1465, 1000.000000000000000 ) ;
#796 = VERTEX_POINT ( 'NONE', #547 ) ;
#797 = LINE ( 'NONE', #651, #893 ) ;
#798 = DIRECTION ( 'NONE',  ( -1.000000000000000000, 0.0000000000000000000, 1.445602896647339400E-016 ) ) ;
#799 = FACE_OUTER_BOUND ( 'NONE', #523, .T. ) ;
#800 = ADVANCED_FACE ( 'NONE', ( #1602 ), #109, .T. ) ;
#801 = EDGE_CURVE ( 'NONE', #923, #664, #235, .T. ) ;
#802 = LINE ( 'NONE', #1927, #1901 ) ;
#803 = CARTESIAN_POINT ( 'NONE',  ( -0.9999999999999997800, 0.3000000000000001000, -0.6999999999999998400 ) ) ;
#804 = DIRECTION ( 'NONE',  ( 1.000000000000000000, 0.0000000000000000000, -0.0000000000000000000 ) ) ;
#805 = ORIENTED_EDGE ( 'NONE', *, *, #984, .T. ) ;
#806 = VERTEX_POINT ( 'NONE', #1180 ) ;
#807 = EDGE_LOOP ( 'NONE', ( #521, #1935, #882, #534 ) ) ;
#808 = EDGE_LOOP ( 'NONE', ( #666, #956, #834, #950 ) ) ;
#809 = CARTESIAN_POINT ( 'NONE',  ( -2.499999999999999600, 0.3000000000000001000, -0.6999999999999998400 ) ) ;
#810 = ORIENTED_EDGE ( 'NONE', *, *, #489, .T. ) ;
#811 =( NAMED_UNIT ( * ) PLANE_ANGLE_UNIT ( ) SI_UNIT ( $, .RADIAN. ) );
#812 = ADVANCED_FACE ( 'NONE', ( #996 ), #711, .T. ) ;
#813 = CARTESIAN_POINT ( 'NONE',  ( -0.4499999999999996800, 1.694999999999999800, -0.2500000000000000600 ) ) ;
#814 = EDGE_CURVE ( 'NONE', #858, #482, #182, .T. ) ;
#815 = PLANE ( 'NONE',  #1356 ) ;
#816 =( NAMED_UNIT ( * ) SI_UNIT ( $, .STERADIAN. ) SOLID_ANGLE_UNIT ( ) );
#817 = CARTESIAN_POINT ( 'NONE',  ( 2.500000000000000400, 1.700000000000000000, 0.7000000000000000700 ) ) ;
#818 = MECHANICAL_DESIGN_GEOMETRIC_PRESENTATION_REPRESENTATION (  '', ( #692 ), #1627 ) ;
#819 = ORIENTED_EDGE ( 'NONE', *, *, #1597, .F. ) ;
#820 = LINE ( 'NONE', #1612, #156 ) ;
#821 = CARTESIAN_POINT ( 'NONE',  ( 0.0000000000000000000, 0.2999999999999999300, -0.5000000000000001100 ) ) ;
#822 = LINE ( 'NONE', #223, #1211 ) ;
#823 = FILL_AREA_STYLE ('',( #507 ) ) ;
#824 = PLANE ( 'NONE',  #362 ) ;
#825 = VECTOR ( 'NONE', #1475, 1000.000000000000000 ) ;
#826 = VECTOR ( 'NONE', #633, 1000.000000000000000 ) ;
#827 = EDGE_CURVE ( 'NONE', #115, #1752, #1692, .T. ) ;
#828 = FACE_OUTER_BOUND ( 'NONE', #1509, .T. ) ;
#829 = CARTESIAN_POINT ( 'NONE',  ( -0.9999999999999997800, 0.0000000000000000000, 0.0000000000000000000 ) ) ;
#830 = VERTEX_POINT ( 'NONE', #1753 ) ;
#831 = ORIENTED_EDGE ( 'NONE', *, *, #717, .F. ) ;
#832 = EDGE_LOOP ( 'NONE', ( #265, #805, #1261, #376 ) ) ;
#833 = ORIENTED_EDGE ( 'NONE', *, *, #726, .F. ) ;
#834 = ORIENTED_EDGE ( 'NONE', *, *, #915, .T. ) ;
#835 = ORIENTED_EDGE ( 'NONE', *, *, #1014, .F. ) ;
#836 = DIRECTION ( 'NONE',  ( 0.0000000000000000000, 7.744301232039319100E-017, -1.000000000000000000 ) ) ;
#837 = ORIENTED_EDGE ( 'NONE', *, *, #255, .T. ) ;
#838 = ORIENTED_EDGE ( 'NONE', *, *, #915, .F. ) ;
#839 = CARTESIAN_POINT ( 'NONE',  ( -0.9999999999999997800, 1.700000000000000200, -1.000000000000000000 ) ) ;
#840 = DIRECTION ( 'NONE',  ( 0.0000000000000000000, 0.0000000000000000000, 1.000000000000000000 ) ) ;
#841 = CARTESIAN_POINT ( 'NONE',  ( -2.499999999999999600, 0.2999999999999999900, 0.6999999999999998400 ) ) ;
#842 = CARTESIAN_POINT ( 'NONE',  ( -0.9999999999999997800, 1.700000000000000000, -0.6999999999999998400 ) ) ;
#843 = PLANE ( 'NONE',  #1577 ) ;
#844 = VECTOR ( 'NONE', #1349, 1000.000000000000000 ) ;
#845 = EDGE_CURVE ( 'NONE', #643, #1702, #592, .T. ) ;
#846 = ORIENTED_EDGE ( 'NONE', *, *, #552, .F. ) ;
#847 = CARTESIAN_POINT ( 'NONE',  ( -0.9999999999999997800, 0.0000000000000000000, -0.5000000000000001100 ) ) ;
#848 = LINE ( 'NONE', #737, #28 ) ;
#849 = CARTESIAN_POINT ( 'NONE',  ( -1.949999999999999700, 1.694999999999999800, 0.2499999999999999400 ) ) ;
#850 = EDGE_LOOP ( 'NONE', ( #835, #630, #1431, #93 ) ) ;
#851 = LINE ( 'NONE', #385, #994 ) ;
#852 = PLANE ( 'NONE',  #147 ) ;
#853 = LINE ( 'NONE', #1388, #1843 ) ;
#854 = VECTOR ( 'NONE', #243, 1000.000000000000000 ) ;
#855 = CARTESIAN_POINT ( 'NONE',  ( -0.9999999999999993300, 7.085164807134503000, 0.7000000000000009500 ) ) ;
#856 = DIRECTION ( 'NONE',  ( 1.445602896647339900E-016, -0.0000000000000000000, 1.000000000000000000 ) ) ;
#857 = VECTOR ( 'NONE', #295, 1000.000000000000000 ) ;
#858 = VERTEX_POINT ( 'NONE', #910 ) ;
#859 = VERTEX_POINT ( 'NONE', #1941 ) ;
#860 = EDGE_CURVE ( 'NONE', #1724, #217, #754, .T. ) ;
#861 = ORIENTED_EDGE ( 'NONE', *, *, #1905, .F. ) ;
#862 = PLANE ( 'NONE',  #1726 ) ;
#863 = ORIENTED_EDGE ( 'NONE', *, *, #1225, .F. ) ;
#864 = CARTESIAN_POINT ( 'NONE',  ( -0.9999999999999997800, 7.085164807134503000, -1.000000000000000000 ) ) ;
#865 = CARTESIAN_POINT ( 'NONE',  ( 2.500000000000000400, 1.700000000000000200, -0.6999999999999998400 ) ) ;
#866 = DIRECTION ( 'NONE',  ( -4.336808689942018700E-016, 0.0000000000000000000, -1.000000000000000000 ) ) ;
#867 = DIRECTION ( 'NONE',  ( 0.0000000000000000000, -0.0000000000000000000, -1.000000000000000000 ) ) ;
#868 = DIRECTION ( 'NONE',  ( 1.000000000000000000, 0.0000000000000000000, -1.445602896647339200E-016 ) ) ;
#869 = EDGE_CURVE ( 'NONE', #357, #1791, #802, .T. ) ;
#870 = FACE_OUTER_BOUND ( 'NONE', #807, .T. ) ;
#871 = CARTESIAN_POINT ( 'NONE',  ( -1.949999999999999700, 1.694999999999999800, 0.2499999999999999400 ) ) ;
#872 = CARTESIAN_POINT ( 'NONE',  ( 2.500000000000000400, 0.2999999999999999300, 0.4999999999999995600 ) ) ;
#873 = CARTESIAN_POINT ( 'NONE',  ( 1.000000000000001100, 1.700000000000000000, 0.7000000000000000700 ) ) ;
#874 = LINE ( 'NONE', #765, #133 ) ;
#875 = LINE ( 'NONE', #1176, #56 ) ;
#876 = DIRECTION ( 'NONE',  ( 1.000000000000000000, 0.0000000000000000000, 0.0000000000000000000 ) ) ;
#877 = FACE_OUTER_BOUND ( 'NONE', #87, .T. ) ;
#878 = EDGE_LOOP ( 'NONE', ( #550, #1828, #16, #500 ) ) ;
#879 = LINE ( 'NONE', #790, #613 ) ;
#880 = CARTESIAN_POINT ( 'NONE',  ( 0.0000000000000000000, 1.700000000000000000, -1.000000000000000000 ) ) ;
#881 = EDGE_CURVE ( 'NONE', #382, #1172, #1231, .T. ) ;
#882 = ORIENTED_EDGE ( 'NONE', *, *, #966, .T. ) ;
#883 = DIRECTION ( 'NONE',  ( -0.0000000000000000000, 0.0000000000000000000, -1.000000000000000000 ) ) ;
#884 = EDGE_LOOP ( 'NONE', ( #278, #1811, #745, #313 ) ) ;
#885 = EDGE_CURVE ( 'NONE', #484, #1100, #254, .T. ) ;
#886 = ORIENTED_EDGE ( 'NONE', *, *, #1477, .F. ) ;
#887 = DIRECTION ( 'NONE',  ( 0.0000000000000000000, 7.744301232039319100E-017, -1.000000000000000000 ) ) ;
#888 = DIRECTION ( 'NONE',  ( -0.0000000000000000000, -1.000000000000000000, -0.0000000000000000000 ) ) ;
#889 = CARTESIAN_POINT ( 'NONE',  ( -0.9999999999999997800, 1.700000000000000000, 0.0000000000000000000 ) ) ;
#890 = LINE ( 'NONE', #1003, #492 ) ;
#891 = EDGE_CURVE ( 'NONE', #681, #1385, #1691, .T. ) ;
#892 = CARTESIAN_POINT ( 'NONE',  ( -2.499999999999999600, 1.700000000000000200, -0.6999999999999998400 ) ) ;
#893 = VECTOR ( 'NONE', #1130, 1000.000000000000000 ) ;
#894 = AXIS2_PLACEMENT_3D ( 'NONE', #1155, #1161, #1614 ) ;
#895 = VECTOR ( 'NONE', #930, 1000.000000000000000 ) ;
#896 = DIRECTION ( 'NONE',  ( -1.000000000000000000, 0.0000000000000000000, 0.0000000000000000000 ) ) ;
#897 = CARTESIAN_POINT ( 'NONE',  ( 0.0000000000000000000, 1.694999999999999800, 0.0000000000000000000 ) ) ;
#898 = LINE ( 'NONE', #1133, #568 ) ;
#899 = DIRECTION ( 'NONE',  ( 0.0000000000000000000, -1.000000000000000000, -1.548860246407863600E-016 ) ) ;
#900 = FACE_OUTER_BOUND ( 'NONE', #332, .T. ) ;
#901 = ORIENTED_EDGE ( 'NONE', *, *, #99, .F. ) ;
#902 = ORIENTED_EDGE ( 'NONE', *, *, #1302, .T. ) ;
#903 = ORIENTED_EDGE ( 'NONE', *, *, #639, .T. ) ;
#904 =( LENGTH_UNIT ( ) NAMED_UNIT ( * ) SI_UNIT ( .MILLI., .METRE. ) );
#905 = ORIENTED_EDGE ( 'NONE', *, *, #986, .T. ) ;
#906 = FILL_AREA_STYLE ('',( #596 ) ) ;
#907 = EDGE_CURVE ( 'NONE', #187, #1359, #1534, .T. ) ;
#908 = DIRECTION ( 'NONE',  ( -1.000000000000000000, 0.0000000000000000000, 0.0000000000000000000 ) ) ;
#909 = ORIENTED_EDGE ( 'NONE', *, *, #885, .F. ) ;
#910 = CARTESIAN_POINT ( 'NONE',  ( 1.000000000000001100, 0.2999999999999999300, 0.5000000000000001100 ) ) ;
#911 = CARTESIAN_POINT ( 'NONE',  ( -7.500000000000000000, 1.700000000000000000, 0.7000000000000000700 ) ) ;
#912 = VECTOR ( 'NONE', #1268, 1000.000000000000000 ) ;
#913 = CARTESIAN_POINT ( 'NONE',  ( 2.500000000000000400, 1.700000000000000000, 0.7000000000000000700 ) ) ;
#914 = FACE_OUTER_BOUND ( 'NONE', #437, .T. ) ;
#915 = EDGE_CURVE ( 'NONE', #1441, #1954, #752, .T. ) ;
#916 = FACE_OUTER_BOUND ( 'NONE', #733, .T. ) ;
#917 = PLANE ( 'NONE',  #935 ) ;
#918 = LINE ( 'NONE', #91, #655 ) ;
#919 = AXIS2_PLACEMENT_3D ( 'NONE', #1562, #1292, #526 ) ;
#920 = ADVANCED_FACE ( 'NONE', ( #1462 ), #1948, .F. ) ;
#921 = VECTOR ( 'NONE', #774, 1000.000000000000000 ) ;
#922 = DIRECTION ( 'NONE',  ( 1.000000000000000000, 0.0000000000000000000, 0.0000000000000000000 ) ) ;
#923 = VERTEX_POINT ( 'NONE', #1511 ) ;
#924 = SURFACE_STYLE_USAGE ( .BOTH. , #440 ) ;
#925 = LINE ( 'NONE', #746, #857 ) ;
#926 = DIRECTION ( 'NONE',  ( 0.0000000000000000000, 0.0000000000000000000, 1.000000000000000000 ) ) ;
#927 = ORIENTED_EDGE ( 'NONE', *, *, #589, .T. ) ;
#928 = ORIENTED_EDGE ( 'NONE', *, *, #1872, .F. ) ;
#929 = PRODUCT_CONTEXT ( 'NONE', #1669, 'mechanical' ) ;
#930 = DIRECTION ( 'NONE',  ( 0.0000000000000000000, -1.000000000000000000, -1.548860246407863600E-016 ) ) ;
#931 = ORIENTED_EDGE ( 'NONE', *, *, #413, .F. ) ;
#932 = EDGE_CURVE ( 'NONE', #346, #734, #494, .T. ) ;
#933 = ADVANCED_FACE ( 'NONE', ( #373 ), #1644, .T. ) ;
#934 = DIRECTION ( 'NONE',  ( 0.0000000000000000000, 0.0000000000000000000, 1.000000000000000000 ) ) ;
#935 = AXIS2_PLACEMENT_3D ( 'NONE', #322, #1080, #926 ) ;
#936 = CARTESIAN_POINT ( 'NONE',  ( 1.000000000000000900, 7.085164807134503000, -0.6999999999999998400 ) ) ;
#937 = DIRECTION ( 'NONE',  ( 0.0000000000000000000, -1.000000000000000000, -7.744301232039319100E-017 ) ) ;
#938 = ORIENTED_EDGE ( 'NONE', *, *, #143, .F. ) ;
#939 = FACE_OUTER_BOUND ( 'NONE', #1810, .T. ) ;
#940 = ADVANCED_FACE ( 'NONE', ( #799 ), #126, .T. ) ;
#941 = VECTOR ( 'NONE', #1604, 1000.000000000000000 ) ;
#942 = EDGE_CURVE ( 'NONE', #1362, #188, #180, .T. ) ;
#943 = CARTESIAN_POINT ( 'NONE',  ( -2.499999999999999600, 1.700000000000000000, 0.7000000000000000700 ) ) ;
#944 = CARTESIAN_POINT ( 'NONE',  ( -2.499999999999999600, 1.700000000000000000, -0.6999999999999998400 ) ) ;
#945 = EDGE_CURVE ( 'NONE', #1150, #1033, #677, .T. ) ;
#946 = CARTESIAN_POINT ( 'NONE',  ( -0.9999999999999993300, 1.700000000000000000, 0.0000000000000000000 ) ) ;
#947 = VECTOR ( 'NONE', #1593, 1000.000000000000000 ) ;
#948 = FACE_OUTER_BOUND ( 'NONE', #1784, .T. ) ;
#949 = ORIENTED_EDGE ( 'NONE', *, *, #771, .F. ) ;
#950 = ORIENTED_EDGE ( 'NONE', *, *, #454, .T. ) ;
#951 = CARTESIAN_POINT ( 'NONE',  ( -0.9999999999999997800, 0.0000000000000000000, -1.000000000000000000 ) ) ;
#952 = ORIENTED_EDGE ( 'NONE', *, *, #1648, .F. ) ;
#953 = ORIENTED_EDGE ( 'NONE', *, *, #881, .T. ) ;
#954 = ADVANCED_FACE ( 'NONE', ( #33 ), #1799, .F. ) ;
#955 = DIRECTION ( 'NONE',  ( 0.0000000000000000000, 0.0000000000000000000, 1.000000000000000000 ) ) ;
#956 = ORIENTED_EDGE ( 'NONE', *, *, #1512, .T. ) ;
#957 = EDGE_CURVE ( 'NONE', #1592, #806, #1255, .T. ) ;
#958 = DIRECTION ( 'NONE',  ( 0.0000000000000000000, 0.0000000000000000000, -1.000000000000000000 ) ) ;
#959 = AXIS2_PLACEMENT_3D ( 'NONE', #116, #566, #1029 ) ;
#960 = LINE ( 'NONE', #1492, #844 ) ;
#961 = ADVANCED_FACE ( 'NONE', ( #1022 ), #605, .F. ) ;
#962 = DIRECTION ( 'NONE',  ( -0.0000000000000000000, 1.000000000000000000, 0.0000000000000000000 ) ) ;
#963 = VECTOR ( 'NONE', #1282, 1000.000000000000000 ) ;
#964 = ORIENTED_EDGE ( 'NONE', *, *, #885, .T. ) ;
#965 = LINE ( 'NONE', #839, #1330 ) ;
#966 = EDGE_CURVE ( 'NONE', #1360, #1939, #1946, .T. ) ;
#967 = FACE_OUTER_BOUND ( 'NONE', #1544, .T. ) ;
#968 = DIRECTION ( 'NONE',  ( 0.0000000000000000000, -1.000000000000000000, -7.744301232039319100E-017 ) ) ;
#969 = CARTESIAN_POINT ( 'NONE',  ( -7.500000000000000000, 1.700000000000000200, -0.6999999999999998400 ) ) ;
#970 = VECTOR ( 'NONE', #1380, 1000.000000000000000 ) ;
#971 = MANIFOLD_SOLID_BREP ( 'Pin 2', #435 ) ;
#972 = SURFACE_SIDE_STYLE ('',( #468 ) ) ;
#973 = MECHANICAL_DESIGN_GEOMETRIC_PRESENTATION_REPRESENTATION (  '', ( #1218 ), #1778 ) ;
#974 = DIRECTION ( 'NONE',  ( 0.0000000000000000000, 7.744301232039319100E-017, -1.000000000000000000 ) ) ;
#975 = FACE_OUTER_BOUND ( 'NONE', #172, .T. ) ;
#976 = DIRECTION ( 'NONE',  ( 0.0000000000000000000, -1.000000000000000000, -7.744301232039319100E-017 ) ) ;
#977 = VERTEX_POINT ( 'NONE', #320 ) ;
#978 = ORIENTED_EDGE ( 'NONE', *, *, #533, .F. ) ;
#979 = ORIENTED_EDGE ( 'NONE', *, *, #1165, .T. ) ;
#980 = DIRECTION ( 'NONE',  ( 1.000000000000000000, 0.0000000000000000000, 0.0000000000000000000 ) ) ;
#981 = ORIENTED_EDGE ( 'NONE', *, *, #321, .T. ) ;
#982 = ORIENTED_EDGE ( 'NONE', *, *, #1889, .F. ) ;
#983 = CARTESIAN_POINT ( 'NONE',  ( 2.500000000000000400, 0.3000000000000001000, -0.5000000000000002200 ) ) ;
#984 = EDGE_CURVE ( 'NONE', #1952, #858, #1899, .T. ) ;
#985 = DIRECTION ( 'NONE',  ( 0.0000000000000000000, 1.000000000000000000, -0.0000000000000000000 ) ) ;
#986 = EDGE_CURVE ( 'NONE', #642, #288, #1398, .T. ) ;
#987 = DIRECTION ( 'NONE',  ( 0.0000000000000000000, 0.0000000000000000000, -1.000000000000000000 ) ) ;
#988 = SURFACE_STYLE_USAGE ( .BOTH. , #1124 ) ;
#989 = DIRECTION ( 'NONE',  ( 0.0000000000000000000, 7.744301232039319100E-017, -1.000000000000000000 ) ) ;
#990 = AXIS2_PLACEMENT_3D ( 'NONE', #1736, #238, #1898 ) ;
#991 = ORIENTED_EDGE ( 'NONE', *, *, #4, .T. ) ;
#992 = LINE ( 'NONE', #1470, #1041 ) ;
#993 = DIRECTION ( 'NONE',  ( -0.0000000000000000000, 1.000000000000000000, -0.0000000000000000000 ) ) ;
#994 = VECTOR ( 'NONE', #1012, 1000.000000000000000 ) ;
#995 = VECTOR ( 'NONE', #1494, 1000.000000000000000 ) ;
#996 = FACE_OUTER_BOUND ( 'NONE', #1727, .T. ) ;
#997 = SURFACE_SIDE_STYLE ('',( #629 ) ) ;
#998 = EDGE_CURVE ( 'NONE', #1070, #642, #853, .T. ) ;
#999 = LINE ( 'NONE', #455, #259 ) ;
#1000 = UNCERTAINTY_MEASURE_WITH_UNIT (LENGTH_MEASURE( 1.000000000000000100E-005 ), #1370, 'distance_accuracy_value', 'NONE');
#1001 = PLANE ( 'NONE',  #1712 ) ;
#1002 = ORIENTED_EDGE ( 'NONE', *, *, #942, .F. ) ;
#1003 = CARTESIAN_POINT ( 'NONE',  ( 1.000000000000001100, 1.700000000000000000, 0.5000000000000001100 ) ) ;
#1004 = ORIENTED_EDGE ( 'NONE', *, *, #601, .T. ) ;
#1005 = VERTEX_POINT ( 'NONE', #762 ) ;
#1006 = AXIS2_PLACEMENT_3D ( 'NONE', #1448, #539, #1740 ) ;
#1007 = ORIENTED_EDGE ( 'NONE', *, *, #1364, .T. ) ;
#1008 = PLANE ( 'NONE',  #1143 ) ;
#1009 = ORIENTED_EDGE ( 'NONE', *, *, #1872, .T. ) ;
#1010 = PLANE ( 'NONE',  #1197 ) ;
#1011 = ORIENTED_EDGE ( 'NONE', *, *, #1414, .F. ) ;
#1012 = DIRECTION ( 'NONE',  ( -0.0000000000000000000, -0.0000000000000000000, -1.000000000000000000 ) ) ;
#1013 = DIRECTION ( 'NONE',  ( 0.0000000000000000000, 1.000000000000000000, -0.0000000000000000000 ) ) ;
#1014 = EDGE_CURVE ( 'NONE', #491, #1193, #327, .T. ) ;
#1015 = DIRECTION ( 'NONE',  ( 1.000000000000000000, -0.0000000000000000000, 0.0000000000000000000 ) ) ;
#1016 = DIRECTION ( 'NONE',  ( 0.0000000000000000000, 7.744301232039319100E-017, -1.000000000000000000 ) ) ;
#1017 = AXIS2_PLACEMENT_3D ( 'NONE', #1956, #445, #1361 ) ;
#1018 = CARTESIAN_POINT ( 'NONE',  ( -0.9999999999999997800, 0.2999999999999999300, -1.000000000000000400 ) ) ;
#1019 = VERTEX_POINT ( 'NONE', #788 ) ;
#1020 = VECTOR ( 'NONE', #1015, 1000.000000000000000 ) ;
#1021 = DIRECTION ( 'NONE',  ( 0.0000000000000000000, 1.000000000000000000, -0.0000000000000000000 ) ) ;
#1022 = FACE_OUTER_BOUND ( 'NONE', #878, .T. ) ;
#1023 = CARTESIAN_POINT ( 'NONE',  ( -0.4499999999999996800, 1.694999999999999800, -0.2500000000000000600 ) ) ;
#1024 = LINE ( 'NONE', #1467, #825 ) ;
#1025 = VECTOR ( 'NONE', #185, 1000.000000000000000 ) ;
#1026 = DIRECTION ( 'NONE',  ( 0.0000000000000000000, 0.0000000000000000000, -1.000000000000000000 ) ) ;
#1027 = EDGE_CURVE ( 'NONE', #1882, #859, #305, .T. ) ;
#1028 = VERTEX_POINT ( 'NONE', #1230 ) ;
#1029 = DIRECTION ( 'NONE',  ( 0.0000000000000000000, 0.0000000000000000000, -1.000000000000000000 ) ) ;
#1030 = ORIENTED_EDGE ( 'NONE', *, *, #1192, .F. ) ;
#1031 = EDGE_LOOP ( 'NONE', ( #846, #167, #499, #501 ) ) ;
#1032 = CARTESIAN_POINT ( 'NONE',  ( 1.000000000000000900, 7.085164807134503000, -0.5000000000000001100 ) ) ;
#1033 = VERTEX_POINT ( 'NONE', #1091 ) ;
#1034 = ORIENTED_EDGE ( 'NONE', *, *, #1102, .T. ) ;
#1035 = DIRECTION ( 'NONE',  ( 1.000000000000000000, 0.0000000000000000000, 0.0000000000000000000 ) ) ;
#1036 = DIRECTION ( 'NONE',  ( -0.0000000000000000000, -1.000000000000000000, -0.0000000000000000000 ) ) ;
#1037 = CARTESIAN_POINT ( 'NONE',  ( -0.9999999999999997800, 7.085164807134503000, -0.5000000000000001100 ) ) ;
#1038 = EDGE_CURVE ( 'NONE', #1019, #643, #205, .T. ) ;
#1039 = CARTESIAN_POINT ( 'NONE',  ( -2.499999999999999600, 0.3000000000000001000, -0.6999999999999998400 ) ) ;
#1040 = VERTEX_POINT ( 'NONE', #1248 ) ;
#1041 = VECTOR ( 'NONE', #706, 1000.000000000000000 ) ;
#1042 = CARTESIAN_POINT ( 'NONE',  ( 1.000000000000001100, 7.085164807134503000, 1.000000000000000200 ) ) ;
#1043 = LINE ( 'NONE', #794, #370 ) ;
#1044 = CARTESIAN_POINT ( 'NONE',  ( 0.0000000000000000000, 1.700000000000000000, 0.7000000000000000700 ) ) ;
#1045 = LINE ( 'NONE', #946, #656 ) ;
#1046 = VECTOR ( 'NONE', #1103, 1000.000000000000000 ) ;
#1047 = EDGE_CURVE ( 'NONE', #1481, #734, #1871, .T. ) ;
#1048 = ORIENTED_EDGE ( 'NONE', *, *, #72, .T. ) ;
#1049 = DIRECTION ( 'NONE',  ( 0.0000000000000000000, 0.0000000000000000000, 1.000000000000000000 ) ) ;
#1050 = ORIENTED_EDGE ( 'NONE', *, *, #1265, .F. ) ;
#1051 = ORIENTED_EDGE ( 'NONE', *, *, #366, .F. ) ;
#1052 = EDGE_CURVE ( 'NONE', #859, #1095, #1804, .T. ) ;
#1053 = ORIENTED_EDGE ( 'NONE', *, *, #1549, .T. ) ;
#1054 = ORIENTED_EDGE ( 'NONE', *, *, #476, .T. ) ;
#1055 = AXIS2_PLACEMENT_3D ( 'NONE', #1626, #1363, #1658 ) ;
#1056 = DIRECTION ( 'NONE',  ( -1.000000000000000000, 0.0000000000000000000, 1.445602896647339900E-016 ) ) ;
#1057 = APPLICATION_CONTEXT ( 'automotive_design' ) ;
#1058 = DIRECTION ( 'NONE',  ( 0.0000000000000000000, -1.000000000000000000, -7.744301232039319100E-017 ) ) ;
#1059 = EDGE_CURVE ( 'NONE', #796, #288, #634, .T. ) ;
#1060 = CARTESIAN_POINT ( 'NONE',  ( -1.949999999999999700, 0.1138611699158101900, -0.2500000000000000600 ) ) ;
#1061 = VERTEX_POINT ( 'NONE', #173 ) ;
#1062 = FACE_OUTER_BOUND ( 'NONE', #410, .T. ) ;
#1063 = MECHANICAL_DESIGN_GEOMETRIC_PRESENTATION_REPRESENTATION (  '', ( #1961 ), #1169 ) ;
#1064 = VECTOR ( 'NONE', #1670, 1000.000000000000000 ) ;
#1065 =( NAMED_UNIT ( * ) PLANE_ANGLE_UNIT ( ) SI_UNIT ( $, .RADIAN. ) );
#1066 = CARTESIAN_POINT ( 'NONE',  ( -7.500000000000000000, 0.2999999999999999900, 0.6999999999999998400 ) ) ;
#1067 = LINE ( 'NONE', #231, #1672 ) ;
#1068 = LINE ( 'NONE', #1270, #826 ) ;
#1069 = ORIENTED_EDGE ( 'NONE', *, *, #1487, .T. ) ;
#1070 = VERTEX_POINT ( 'NONE', #488 ) ;
#1071 = SURFACE_SIDE_STYLE ('',( #1212 ) ) ;
#1072 = VERTEX_POINT ( 'NONE', #24 ) ;
#1073 = EDGE_CURVE ( 'NONE', #1882, #1495, #609, .T. ) ;
#1074 = ORIENTED_EDGE ( 'NONE', *, *, #476, .F. ) ;
#1075 = ADVANCED_FACE ( 'NONE', ( #1580 ), #465, .F. ) ;
#1076 = CARTESIAN_POINT ( 'NONE',  ( -2.499999999999999600, 0.2999999999999999900, 0.5000000000000001100 ) ) ;
#1077 = AXIS2_PLACEMENT_3D ( 'NONE', #2, #183, #610 ) ;
#1078 = EDGE_LOOP ( 'NONE', ( #1339, #1436, #927, #1240 ) ) ;
#1079 = CARTESIAN_POINT ( 'NONE',  ( -1.949999999999999700, 1.700000000000000000, 0.2499999999999999400 ) ) ;
#1080 = DIRECTION ( 'NONE',  ( -1.000000000000000000, 0.0000000000000000000, 0.0000000000000000000 ) ) ;
#1081 = ADVANCED_FACE ( 'NONE', ( #772 ), #157, .F. ) ;
#1082 = EDGE_CURVE ( 'NONE', #1286, #544, #233, .T. ) ;
#1083 = ORIENTED_EDGE ( 'NONE', *, *, #1502, .F. ) ;
#1084 = DIRECTION ( 'NONE',  ( -1.000000000000000000, -2.798796073386400600E-032, 3.614007241618349800E-016 ) ) ;
#1085 = VECTOR ( 'NONE', #573, 1000.000000000000000 ) ;
#1086 = EDGE_CURVE ( 'NONE', #859, #438, #1737, .T. ) ;
#1087 = DIRECTION ( 'NONE',  ( 0.0000000000000000000, -1.548860246407863600E-016, 1.000000000000000000 ) ) ;
#1088 = VECTOR ( 'NONE', #20, 1000.000000000000000 ) ;
#1089 = AXIS2_PLACEMENT_3D ( 'NONE', #392, #1294, #1303 ) ;
#1090 = VECTOR ( 'NONE', #299, 1000.000000000000000 ) ;
#1091 = CARTESIAN_POINT ( 'NONE',  ( 1.000000000000000700, 0.0000000000000000000, -1.000000000000000000 ) ) ;
#1092 = ADVANCED_FACE ( 'NONE', ( #1923 ), #343, .F. ) ;
#1093 = ORIENTED_EDGE ( 'NONE', *, *, #966, .F. ) ;
#1094 = CARTESIAN_POINT ( 'NONE',  ( -0.4499999999999996800, 1.694999999999999800, 0.2499999999999999400 ) ) ;
#1095 = VERTEX_POINT ( 'NONE', #618 ) ;
#1096 = EDGE_LOOP ( 'NONE', ( #189, #42, #1195, #220 ) ) ;
#1097 = CLOSED_SHELL ( 'NONE', ( #631, #1075, #648, #1756, #1668, #1564, #17, #1092 ) ) ;
#1098 = ORIENTED_EDGE ( 'NONE', *, *, #1609, .F. ) ;
#1099 = VERTEX_POINT ( 'NONE', #359 ) ;
#1100 = VERTEX_POINT ( 'NONE', #951 ) ;
#1101 = ORIENTED_EDGE ( 'NONE', *, *, #1364, .F. ) ;
#1102 = EDGE_CURVE ( 'NONE', #1569, #164, #874, .T. ) ;
#1103 = DIRECTION ( 'NONE',  ( 0.0000000000000000000, -1.000000000000000000, 0.0000000000000000000 ) ) ;
#1104 = CARTESIAN_POINT ( 'NONE',  ( -0.9999999999999997800, 0.2999999999999999300, -1.084202172485504700E-016 ) ) ;
#1105 = ADVANCED_FACE ( 'NONE', ( #632 ), #1704, .F. ) ;
#1106 = DIRECTION ( 'NONE',  ( 0.0000000000000000000, 0.0000000000000000000, -1.000000000000000000 ) ) ;
#1107 = FACE_OUTER_BOUND ( 'NONE', #619, .T. ) ;
#1108 = DIRECTION ( 'NONE',  ( -1.000000000000000000, 0.0000000000000000000, 0.0000000000000000000 ) ) ;
#1109 = VECTOR ( 'NONE', #416, 1000.000000000000000 ) ;
#1110 = ORIENTED_EDGE ( 'NONE', *, *, #1405, .T. ) ;
#1111 = LINE ( 'NONE', #1856, #200 ) ;
#1112 = DIRECTION ( 'NONE',  ( -0.0000000000000000000, -0.0000000000000000000, -1.000000000000000000 ) ) ;
#1113 = VECTOR ( 'NONE', #783, 1000.000000000000000 ) ;
#1114 = CARTESIAN_POINT ( 'NONE',  ( 0.0000000000000000000, 0.2999999999999999300, -0.5000000000000001100 ) ) ;
#1115 = PLANE ( 'NONE',  #1466 ) ;
#1116 = AXIS2_PLACEMENT_3D ( 'NONE', #1403, #968, #1693 ) ;
#1117 = DIRECTION ( 'NONE',  ( 0.0000000000000000000, 0.0000000000000000000, 1.000000000000000000 ) ) ;
#1118 = VECTOR ( 'NONE', #1916, 1000.000000000000000 ) ;
#1119 = VECTOR ( 'NONE', #463, 1000.000000000000000 ) ;
#1120 = EDGE_LOOP ( 'NONE', ( #1794, #1382, #1310, #1146, #665, #1450 ) ) ;
#1121 = CARTESIAN_POINT ( 'NONE',  ( -0.9999999999999997800, 0.0000000000000000000, -1.000000000000000000 ) ) ;
#1122 = EDGE_LOOP ( 'NONE', ( #334, #1011, #1198, #779 ) ) ;
#1123 = CARTESIAN_POINT ( 'NONE',  ( 1.000000000000001100, 1.699999999999999700, 0.7000000000000000700 ) ) ;
#1124 = SURFACE_SIDE_STYLE ('',( #1182 ) ) ;
#1125 = ORIENTED_EDGE ( 'NONE', *, *, #1073, .F. ) ;
#1126 = PLANE ( 'NONE',  #1863 ) ;
#1127 = ORIENTED_EDGE ( 'NONE', *, *, #270, .F. ) ;
#1128 = ORIENTED_EDGE ( 'NONE', *, *, #83, .T. ) ;
#1129 = VERTEX_POINT ( 'NONE', #502 ) ;
#1130 = DIRECTION ( 'NONE',  ( 0.0000000000000000000, 0.0000000000000000000, -1.000000000000000000 ) ) ;
#1131 = ORIENTED_EDGE ( 'NONE', *, *, #698, .F. ) ;
#1132 = CARTESIAN_POINT ( 'NONE',  ( 0.0000000000000000000, 0.0000000000000000000, 0.0000000000000000000 ) ) ;
#1133 = CARTESIAN_POINT ( 'NONE',  ( 0.0000000000000000000, 0.2999999999999999300, 0.5000000000000001100 ) ) ;
#1134 = AXIS2_PLACEMENT_3D ( 'NONE', #407, #419, #415 ) ;
#1135 = DIRECTION ( 'NONE',  ( 0.0000000000000000000, 0.0000000000000000000, -1.000000000000000000 ) ) ;
#1136 = CARTESIAN_POINT ( 'NONE',  ( 1.000000000000000900, 1.700000000000000000, -0.5000000000000001100 ) ) ;
#1137 = VECTOR ( 'NONE', #1309, 1000.000000000000000 ) ;
#1138 = ORIENTED_EDGE ( 'NONE', *, *, #32, .F. ) ;
#1139 = EDGE_CURVE ( 'NONE', #1485, #1954, #1689, .T. ) ;
#1140 = CARTESIAN_POINT ( 'NONE',  ( 1.000000000000001100, 0.0000000000000000000, 0.5000000000000001100 ) ) ;
#1141 = FACE_OUTER_BOUND ( 'NONE', #884, .T. ) ;
#1142 = CARTESIAN_POINT ( 'NONE',  ( -1.949999999999999700, 1.700000000000000000, 0.2499999999999999400 ) ) ;
#1143 = AXIS2_PLACEMENT_3D ( 'NONE', #841, #365, #974 ) ;
#1144 = CARTESIAN_POINT ( 'NONE',  ( 1.445602896647338700E-016, 1.700000000000000000, 0.9999999999999995600 ) ) ;
#1145 = FACE_OUTER_BOUND ( 'NONE', #1936, .T. ) ;
#1146 = ORIENTED_EDGE ( 'NONE', *, *, #907, .T. ) ;
#1147 = VERTEX_POINT ( 'NONE', #506 ) ;
#1148 = EDGE_LOOP ( 'NONE', ( #1311, #1831, #1654, #1703, #1283, #1290, #1406, #1855, #1771, #1848, #383, #290 ) ) ;
#1149 = DIRECTION ( 'NONE',  ( 0.0000000000000000000, 0.0000000000000000000, -1.000000000000000000 ) ) ;
#1150 = VERTEX_POINT ( 'NONE', #509 ) ;
#1151 = EDGE_CURVE ( 'NONE', #830, #1557, #472, .T. ) ;
#1152 = DIRECTION ( 'NONE',  ( 1.000000000000000000, 0.0000000000000000000, 0.0000000000000000000 ) ) ;
#1153 = DIRECTION ( 'NONE',  ( 0.0000000000000000000, 0.0000000000000000000, -1.000000000000000000 ) ) ;
#1154 = EDGE_CURVE ( 'NONE', #681, #1072, #1253, .T. ) ;
#1155 = CARTESIAN_POINT ( 'NONE',  ( 0.0000000000000000000, 1.694999999999999800, 0.0000000000000000000 ) ) ;
#1156 = DIRECTION ( 'NONE',  ( 0.0000000000000000000, 7.744301232039319100E-017, -1.000000000000000000 ) ) ;
#1157 = LINE ( 'NONE', #1940, #490 ) ;
#1158 = PLANE ( 'NONE',  #990 ) ;
#1159 = DIRECTION ( 'NONE',  ( 4.336808689942018700E-016, 0.0000000000000000000, 1.000000000000000000 ) ) ;
#1160 = LINE ( 'NONE', #715, #1137 ) ;
#1161 = DIRECTION ( 'NONE',  ( 0.0000000000000000000, -1.000000000000000000, 0.0000000000000000000 ) ) ;
#1162 = CARTESIAN_POINT ( 'NONE',  ( 2.500000000000000400, 0.0000000000000000000, 0.4999999999999995600 ) ) ;
#1163 = FACE_OUTER_BOUND ( 'NONE', #1681, .T. ) ;
#1164 = DIRECTION ( 'NONE',  ( -0.0000000000000000000, 1.000000000000000000, -0.0000000000000000000 ) ) ;
#1165 = EDGE_CURVE ( 'NONE', #1173, #1070, #797, .T. ) ;
#1166 = VECTOR ( 'NONE', #1540, 1000.000000000000000 ) ;
#1167 = DIRECTION ( 'NONE',  ( -1.000000000000000000, 0.0000000000000000000, 0.0000000000000000000 ) ) ;
#1168 = ORIENTED_EDGE ( 'NONE', *, *, #234, .T. ) ;
#1169 =( GEOMETRIC_REPRESENTATION_CONTEXT ( 3 ) GLOBAL_UNCERTAINTY_ASSIGNED_CONTEXT ( ( #519 ) ) GLOBAL_UNIT_ASSIGNED_CONTEXT ( ( #1478, #685, #250 ) ) REPRESENTATION_CONTEXT ( 'NONE', 'WORKASPACE' ) );
#1170 = DIRECTION ( 'NONE',  ( 0.0000000000000000000, -1.000000000000000000, -1.548860246407863600E-016 ) ) ;
#1171 = ORIENTED_EDGE ( 'NONE', *, *, #72, .F. ) ;
#1172 = VERTEX_POINT ( 'NONE', #46 ) ;
#1173 = VERTEX_POINT ( 'NONE', #1575 ) ;
#1174 = CARTESIAN_POINT ( 'NONE',  ( 1.000000000000001100, 0.0000000000000000000, 1.000000000000000200 ) ) ;
#1175 = CARTESIAN_POINT ( 'NONE',  ( -2.499999999999999600, 1.700000000000000200, -0.6999999999999998400 ) ) ;
#1176 = CARTESIAN_POINT ( 'NONE',  ( -0.9999999999999993300, 1.700000000000000000, 0.5000000000000001100 ) ) ;
#1177 = EDGE_CURVE ( 'NONE', #1678, #1147, #1785, .T. ) ;
#1178 = AXIS2_PLACEMENT_3D ( 'NONE', #680, #540, #1887 ) ;
#1179 = PLANE ( 'NONE',  #349 ) ;
#1180 = CARTESIAN_POINT ( 'NONE',  ( 1.000000000000001100, 0.2999999999999998800, 0.5000000000000001100 ) ) ;
#1181 = UNCERTAINTY_MEASURE_WITH_UNIT (LENGTH_MEASURE( 1.000000000000000100E-005 ), #904, 'distance_accuracy_value', 'NONE');
#1182 = SURFACE_STYLE_FILL_AREA ( #823 ) ;
#1183 = PLANE ( 'NONE',  #1959 ) ;
#1184 = FACE_OUTER_BOUND ( 'NONE', #1911, .T. ) ;
#1185 = DIRECTION ( 'NONE',  ( -0.0000000000000000000, 0.0000000000000000000, 1.000000000000000000 ) ) ;
#1186 = VECTOR ( 'NONE', #483, 1000.000000000000000 ) ;
#1187 = DIRECTION ( 'NONE',  ( 0.0000000000000000000, 0.0000000000000000000, -1.000000000000000000 ) ) ;
#1188 = DIRECTION ( 'NONE',  ( 1.445602896647339200E-016, -0.0000000000000000000, 1.000000000000000000 ) ) ;
#1189 = EDGE_CURVE ( 'NONE', #544, #141, #1867, .T. ) ;
#1190 = DIRECTION ( 'NONE',  ( 0.0000000000000000000, 1.000000000000000000, 0.0000000000000000000 ) ) ;
#1191 = LINE ( 'NONE', #1114, #497 ) ;
#1192 = EDGE_CURVE ( 'NONE', #218, #1239, #1229, .T. ) ;
#1193 = VERTEX_POINT ( 'NONE', #57 ) ;
#1194 = ORIENTED_EDGE ( 'NONE', *, *, #510, .T. ) ;
#1195 = ORIENTED_EDGE ( 'NONE', *, *, #222, .T. ) ;
#1196 = DIRECTION ( 'NONE',  ( -1.000000000000000000, 0.0000000000000000000, 1.445602896647339200E-016 ) ) ;
#1197 = AXIS2_PLACEMENT_3D ( 'NONE', #77, #1610, #1026 ) ;
#1198 = ORIENTED_EDGE ( 'NONE', *, *, #232, .T. ) ;
#1199 = DIRECTION ( 'NONE',  ( -1.000000000000000000, 0.0000000000000000000, -0.0000000000000000000 ) ) ;
#1200 = ORIENTED_EDGE ( 'NONE', *, *, #1609, .T. ) ;
#1201 = CARTESIAN_POINT ( 'NONE',  ( -1.949999999999999700, 0.1138611699158101900, 0.2499999999999999400 ) ) ;
#1202 = DIRECTION ( 'NONE',  ( -0.0000000000000000000, -1.000000000000000000, -0.0000000000000000000 ) ) ;
#1203 = CARTESIAN_POINT ( 'NONE',  ( -2.499999999999999600, 7.085164807134503000, -0.4999999999999998900 ) ) ;
#1204 = EDGE_CURVE ( 'NONE', #1239, #1147, #587, .T. ) ;
#1205 = CARTESIAN_POINT ( 'NONE',  ( -2.499999999999999600, 1.700000000000000000, 0.7000000000000000700 ) ) ;
#1206 = LINE ( 'NONE', #889, #792 ) ;
#1207 = VECTOR ( 'NONE', #1208, 1000.000000000000000 ) ;
#1208 = DIRECTION ( 'NONE',  ( 1.000000000000000000, -0.0000000000000000000, 0.0000000000000000000 ) ) ;
#1209 = ORIENTED_EDGE ( 'NONE', *, *, #740, .F. ) ;
#1210 = MANIFOLD_SOLID_BREP ( 'Pin 1 Mark', #1819 ) ;
#1211 = VECTOR ( 'NONE', #31, 1000.000000000000000 ) ;
#1212 = SURFACE_STYLE_FILL_AREA ( #906 ) ;
#1213 = CARTESIAN_POINT ( 'NONE',  ( -7.500000000000000000, 0.2999999999999999900, 0.6999999999999998400 ) ) ;
#1214 = VECTOR ( 'NONE', #1565, 1000.000000000000000 ) ;
#1215 = EDGE_CURVE ( 'NONE', #1592, #1428, #822, .T. ) ;
#1216 = ORIENTED_EDGE ( 'NONE', *, *, #1933, .F. ) ;
#1217 = ORIENTED_EDGE ( 'NONE', *, *, #672, .T. ) ;
#1218 = STYLED_ITEM ( 'NONE', ( #1623 ), #1210 ) ;
#1219 = ORIENTED_EDGE ( 'NONE', *, *, #789, .T. ) ;
#1220 = ORIENTED_EDGE ( 'NONE', *, *, #384, .T. ) ;
#1221 = DIRECTION ( 'NONE',  ( -0.0000000000000000000, -1.000000000000000000, -0.0000000000000000000 ) ) ;
#1222 = CARTESIAN_POINT ( 'NONE',  ( -0.9999999999999997800, 0.2999999999999999900, -0.5000000000000001100 ) ) ;
#1223 = CARTESIAN_POINT ( 'NONE',  ( 2.500000000000000400, 1.700000000000000000, 0.0000000000000000000 ) ) ;
#1224 = LINE ( 'NONE', #361, #1367 ) ;
#1225 = EDGE_CURVE ( 'NONE', #448, #1061, #1043, .T. ) ;
#1226 = CARTESIAN_POINT ( 'NONE',  ( 2.500000000000000400, 7.085164807134503000, 0.4999999999999995600 ) ) ;
#1227 = VECTOR ( 'NONE', #85, 1000.000000000000000 ) ;
#1228 = PRESENTATION_LAYER_ASSIGNMENT (  '', '', ( #692 ) ) ;
#1229 = LINE ( 'NONE', #809, #1600 ) ;
#1230 = CARTESIAN_POINT ( 'NONE',  ( 2.500000000000000400, 0.0000000000000000000, -0.5000000000000001100 ) ) ;
#1231 = LINE ( 'NONE', #452, #1256 ) ;
#1232 = ADVANCED_FACE ( 'NONE', ( #916 ), #1001, .F. ) ;
#1233 = LINE ( 'NONE', #1094, #1536 ) ;
#1234 = EDGE_LOOP ( 'NONE', ( #1335, #991, #1054, #1299 ) ) ;
#1235 = VECTOR ( 'NONE', #908, 1000.000000000000000 ) ;
#1236 = EDGE_LOOP ( 'NONE', ( #240, #460, #1566, #1004 ) ) ;
#1237 = ORIENTED_EDGE ( 'NONE', *, *, #19, .T. ) ;
#1238 = EDGE_CURVE ( 'NONE', #1657, #21, #1821, .T. ) ;
#1239 = VERTEX_POINT ( 'NONE', #803 ) ;
#1240 = ORIENTED_EDGE ( 'NONE', *, *, #1151, .F. ) ;
#1241 = CARTESIAN_POINT ( 'NONE',  ( 1.000000000000000900, 0.2999999999999999900, 0.6999999999999998400 ) ) ;
#1242 = AXIS2_PLACEMENT_3D ( 'NONE', #1144, #1188, #868 ) ;
#1243 = ORIENTED_EDGE ( 'NONE', *, *, #1177, .F. ) ;
#1244 = ADVANCED_FACE ( 'NONE', ( #422 ), #1313, .T. ) ;
#1245 = CARTESIAN_POINT ( 'NONE',  ( 1.000000000000000900, 0.2999999999999999900, 0.6999999999999998400 ) ) ;
#1246 = LINE ( 'NONE', #274, #26 ) ;
#1247 = EDGE_LOOP ( 'NONE', ( #1498, #831, #1631, #719 ) ) ;
#1248 = CARTESIAN_POINT ( 'NONE',  ( -0.9999999999999993300, 0.0000000000000000000, 0.9999999999999997800 ) ) ;
#1249 = LINE ( 'NONE', #1878, #1109 ) ;
#1250 = PLANE ( 'NONE',  #166 ) ;
#1251 = PRESENTATION_LAYER_ASSIGNMENT (  '', '', ( #1332 ) ) ;
#1252 = ADVANCED_FACE ( 'NONE', ( #1396 ), #843, .T. ) ;
#1253 = LINE ( 'NONE', #821, #279 ) ;
#1254 = CARTESIAN_POINT ( 'NONE',  ( -0.9999999999999993300, 0.0000000000000000000, 1.000000000000000200 ) ) ;
#1255 = LINE ( 'NONE', #584, #995 ) ;
#1256 = VECTOR ( 'NONE', #1056, 1000.000000000000000 ) ;
#1257 = FACE_OUTER_BOUND ( 'NONE', #741, .T. ) ;
#1258 = DIRECTION ( 'NONE',  ( -0.0000000000000000000, 1.000000000000000000, -0.0000000000000000000 ) ) ;
#1259 = EDGE_LOOP ( 'NONE', ( #1688, #1378, #781, #293, #1407, #1376 ) ) ;
#1260 = ORIENTED_EDGE ( 'NONE', *, *, #672, .F. ) ;
#1261 = ORIENTED_EDGE ( 'NONE', *, *, #298, .T. ) ;
#1262 = ADVANCED_FACE ( 'NONE', ( #396 ), #1876, .F. ) ;
#1263 = DIRECTION ( 'NONE',  ( -1.000000000000000000, 0.0000000000000000000, 0.0000000000000000000 ) ) ;
#1264 = VERTEX_POINT ( 'NONE', #378 ) ;
#1265 = EDGE_CURVE ( 'NONE', #712, #1286, #851, .T. ) ;
#1266 = DIRECTION ( 'NONE',  ( -0.0000000000000000000, -1.000000000000000000, -0.0000000000000000000 ) ) ;
#1267 = CARTESIAN_POINT ( 'NONE',  ( -7.500000000000000000, 0.3000000000000001000, -0.6999999999999998400 ) ) ;
#1268 = DIRECTION ( 'NONE',  ( -0.0000000000000000000, -1.000000000000000000, -0.0000000000000000000 ) ) ;
#1269 = ADVANCED_FACE ( 'NONE', ( #1184 ), #1599, .F. ) ;
#1270 = CARTESIAN_POINT ( 'NONE',  ( -2.499999999999999600, 7.085164807134503000, 0.5000000000000001100 ) ) ;
#1271 = FACE_OUTER_BOUND ( 'NONE', #1684, .T. ) ;
#1272 = EDGE_CURVE ( 'NONE', #188, #642, #1922, .T. ) ;
#1273 = COLOUR_RGB ( '',0.5019607843137254800, 0.0000000000000000000, 0.0000000000000000000 ) ;
#1274 = DIRECTION ( 'NONE',  ( 0.0000000000000000000, -1.000000000000000000, -1.548860246407863600E-016 ) ) ;
#1275 = DIRECTION ( 'NONE',  ( 0.0000000000000000000, 0.0000000000000000000, -1.000000000000000000 ) ) ;
#1276 = CARTESIAN_POINT ( 'NONE',  ( -0.9999999999999993300, 0.0000000000000000000, 0.5000000000000001100 ) ) ;
#1277 = LINE ( 'NONE', #1731, #1739 ) ;
#1278 = VECTOR ( 'NONE', #1258, 1000.000000000000000 ) ;
#1279 = LINE ( 'NONE', #1213, #1090 ) ;
#1280 = DIRECTION ( 'NONE',  ( -1.000000000000000000, 0.0000000000000000000, 0.0000000000000000000 ) ) ;
#1281 = DIRECTION ( 'NONE',  ( -1.000000000000000000, 0.0000000000000000000, -0.0000000000000000000 ) ) ;
#1282 = DIRECTION ( 'NONE',  ( -1.000000000000000000, 0.0000000000000000000, 1.445602896647339200E-016 ) ) ;
#1283 = ORIENTED_EDGE ( 'NONE', *, *, #442, .T. ) ;
#1284 = VERTEX_POINT ( 'NONE', #1748 ) ;
#1285 = PLANE ( 'NONE',  #1178 ) ;
#1286 = VERTEX_POINT ( 'NONE', #1890 ) ;
#1287 = EDGE_CURVE ( 'NONE', #1150, #164, #449, .T. ) ;
#1288 = ORIENTED_EDGE ( 'NONE', *, *, #1750, .T. ) ;
#1289 = CARTESIAN_POINT ( 'NONE',  ( -0.9999999999999993300, 0.0000000000000000000, 0.5000000000000001100 ) ) ;
#1290 = ORIENTED_EDGE ( 'NONE', *, *, #1238, .T. ) ;
#1291 = EDGE_CURVE ( 'NONE', #1775, #1172, #1945, .T. ) ;
#1292 = DIRECTION ( 'NONE',  ( -0.0000000000000000000, 0.0000000000000000000, 1.000000000000000000 ) ) ;
#1293 = DIRECTION ( 'NONE',  ( 1.000000000000000000, 0.0000000000000000000, 0.0000000000000000000 ) ) ;
#1294 = DIRECTION ( 'NONE',  ( -3.614007241618349800E-016, 0.0000000000000000000, -1.000000000000000000 ) ) ;
#1295 = VERTEX_POINT ( 'NONE', #1442 ) ;
#1296 = CARTESIAN_POINT ( 'NONE',  ( 2.500000000000000400, 0.2999999999999999900, 0.6999999999999998400 ) ) ;
#1297 = VECTOR ( 'NONE', #74, 1000.000000000000000 ) ;
#1298 = DIRECTION ( 'NONE',  ( 0.0000000000000000000, 1.000000000000000000, -0.0000000000000000000 ) ) ;
#1299 = ORIENTED_EDGE ( 'NONE', *, *, #1776, .T. ) ;
#1300 = LINE ( 'NONE', #535, #30 ) ;
#1301 = CARTESIAN_POINT ( 'NONE',  ( 2.500000000000000400, 1.700000000000000000, 0.7000000000000000700 ) ) ;
#1302 = EDGE_CURVE ( 'NONE', #1033, #710, #1579, .T. ) ;
#1303 = DIRECTION ( 'NONE',  ( -1.000000000000000000, 0.0000000000000000000, 3.614007241618349800E-016 ) ) ;
#1304 = VECTOR ( 'NONE', #1318, 1000.000000000000000 ) ;
#1305 = DIRECTION ( 'NONE',  ( 0.0000000000000000000, 0.0000000000000000000, -1.000000000000000000 ) ) ;
#1306 = AXIS2_PLACEMENT_3D ( 'NONE', #1201, #1426, #1576 ) ;
#1307 = DIRECTION ( 'NONE',  ( -1.000000000000000000, 0.0000000000000000000, 0.0000000000000000000 ) ) ;
#1308 = FILL_AREA_STYLE_COLOUR ( '', #1926 ) ;
#1309 = DIRECTION ( 'NONE',  ( -0.0000000000000000000, -1.000000000000000000, -0.0000000000000000000 ) ) ;
#1310 = ORIENTED_EDGE ( 'NONE', *, *, #522, .T. ) ;
#1311 = ORIENTED_EDGE ( 'NONE', *, *, #1177, .T. ) ;
#1312 = ORIENTED_EDGE ( 'NONE', *, *, #454, .F. ) ;
#1313 = PLANE ( 'NONE',  #155 ) ;
#1314 = ORIENTED_EDGE ( 'NONE', *, *, #366, .T. ) ;
#1315 = PLANE ( 'NONE',  #1336 ) ;
#1316 = ADVANCED_FACE ( 'NONE', ( #177 ), #1733, .F. ) ;
#1317 = EDGE_LOOP ( 'NONE', ( #1446, #683, #122, #1516, #1430, #1260 ) ) ;
#1318 = DIRECTION ( 'NONE',  ( 0.0000000000000000000, 7.744301232039319100E-017, -1.000000000000000000 ) ) ;
#1319 = EDGE_CURVE ( 'NONE', #1100, #1791, #55, .T. ) ;
#1320 = SURFACE_STYLE_USAGE ( .BOTH. , #997 ) ;
#1321 = CARTESIAN_POINT ( 'NONE',  ( 1.000000000000000900, 0.2999999999999999300, -1.000000000000000400 ) ) ;
#1322 = AXIS2_PLACEMENT_3D ( 'NONE', #1858, #1298, #1735 ) ;
#1323 = DIRECTION ( 'NONE',  ( 0.0000000000000000000, 0.0000000000000000000, -1.000000000000000000 ) ) ;
#1324 = DIRECTION ( 'NONE',  ( 0.0000000000000000000, 0.0000000000000000000, -1.000000000000000000 ) ) ;
#1325 = CARTESIAN_POINT ( 'NONE',  ( -7.500000000000000000, 0.3000000000000001000, -0.6999999999999998400 ) ) ;
#1326 = DIRECTION ( 'NONE',  ( -0.0000000000000000000, -1.000000000000000000, -0.0000000000000000000 ) ) ;
#1327 = PRESENTATION_STYLE_ASSIGNMENT (( #1320 ) ) ;
#1328 = DIRECTION ( 'NONE',  ( 0.0000000000000000000, -1.000000000000000000, -7.744301232039319100E-017 ) ) ;
#1329 = DIRECTION ( 'NONE',  ( 0.0000000000000000000, -1.548860246407863600E-016, 1.000000000000000000 ) ) ;
#1330 = VECTOR ( 'NONE', #1280, 1000.000000000000000 ) ;
#1331 = FACE_OUTER_BOUND ( 'NONE', #1608, .T. ) ;
#1332 = STYLED_ITEM ( 'NONE', ( #330 ), #145 ) ;
#1333 = VECTOR ( 'NONE', #7, 1000.000000000000000 ) ;
#1334 = PLANE ( 'NONE',  #1134 ) ;
#1335 = ORIENTED_EDGE ( 'NONE', *, *, #869, .F. ) ;
#1336 = AXIS2_PLACEMENT_3D ( 'NONE', #1892, #1902, #840 ) ;
#1337 = CARTESIAN_POINT ( 'NONE',  ( -0.9999999999999993300, 1.700000000000000000, 0.0000000000000000000 ) ) ;
#1338 = VERTEX_POINT ( 'NONE', #1140 ) ;
#1339 = ORIENTED_EDGE ( 'NONE', *, *, #1796, .T. ) ;
#1340 = ORIENTED_EDGE ( 'NONE', *, *, #298, .F. ) ;
#1341 = ORIENTED_EDGE ( 'NONE', *, *, #1796, .F. ) ;
#1342 = DIRECTION ( 'NONE',  ( 0.0000000000000000000, 1.000000000000000000, 1.548860246407863600E-016 ) ) ;
#1343 = DIRECTION ( 'NONE',  ( 1.000000000000000000, 0.0000000000000000000, 0.0000000000000000000 ) ) ;
#1344 = EDGE_CURVE ( 'NONE', #734, #1592, #1300, .T. ) ;
#1345 = FACE_OUTER_BOUND ( 'NONE', #1472, .T. ) ;
#1346 = CARTESIAN_POINT ( 'NONE',  ( 1.000000000000001100, 7.085164807134503000, 0.5000000000000001100 ) ) ;
#1347 = ORIENTED_EDGE ( 'NONE', *, *, #1732, .T. ) ;
#1348 = VECTOR ( 'NONE', #67, 1000.000000000000000 ) ;
#1349 = DIRECTION ( 'NONE',  ( 1.000000000000000000, -0.0000000000000000000, -3.614007241618349800E-016 ) ) ;
#1350 = UNCERTAINTY_MEASURE_WITH_UNIT (LENGTH_MEASURE( 1.000000000000000100E-005 ), #538, 'distance_accuracy_value', 'NONE');
#1351 = DIRECTION ( 'NONE',  ( 0.0000000000000000000, -1.000000000000000000, -1.548860246407863600E-016 ) ) ;
#1352 = EDGE_CURVE ( 'NONE', #1264, #1678, #965, .T. ) ;
#1353 = LINE ( 'NONE', #1870, #1649 ) ;
#1354 = PLANE ( 'NONE',  #1561 ) ;
#1355 = LINE ( 'NONE', #424, #62 ) ;
#1356 = AXIS2_PLACEMENT_3D ( 'NONE', #969, #52, #215 ) ;
#1357 = ORIENTED_EDGE ( 'NONE', *, *, #639, .F. ) ;
#1358 = DIRECTION ( 'NONE',  ( -0.0000000000000000000, -1.000000000000000000, -0.0000000000000000000 ) ) ;
#1359 = VERTEX_POINT ( 'NONE', #1289 ) ;
#1360 = VERTEX_POINT ( 'NONE', #1624 ) ;
#1361 = DIRECTION ( 'NONE',  ( 0.0000000000000000000, 7.744301232039319100E-017, -1.000000000000000000 ) ) ;
#1362 = VERTEX_POINT ( 'NONE', #1023 ) ;
#1363 = DIRECTION ( 'NONE',  ( 0.0000000000000000000, 0.0000000000000000000, 1.000000000000000000 ) ) ;
#1364 = EDGE_CURVE ( 'NONE', #118, #1040, #252, .T. ) ;
#1365 = CARTESIAN_POINT ( 'NONE',  ( -0.9999999999999993300, 1.700000000000000200, 1.000000000000000200 ) ) ;
#1366 = LINE ( 'NONE', #125, #1641 ) ;
#1367 = VECTOR ( 'NONE', #674, 1000.000000000000000 ) ;
#1368 = SURFACE_SIDE_STYLE ('',( #444 ) ) ;
#1369 = ORIENTED_EDGE ( 'NONE', *, *, #1082, .F. ) ;
#1370 =( LENGTH_UNIT ( ) NAMED_UNIT ( * ) SI_UNIT ( .MILLI., .METRE. ) );
#1371 = LINE ( 'NONE', #1321, #1897 ) ;
#1372 = DIRECTION ( 'NONE',  ( 0.0000000000000000000, 1.000000000000000000, 1.548860246407863600E-016 ) ) ;
#1373 = LINE ( 'NONE', #1725, #400 ) ;
#1374 = LINE ( 'NONE', #486, #970 ) ;
#1375 = DIRECTION ( 'NONE',  ( 0.0000000000000000000, 0.0000000000000000000, 1.000000000000000000 ) ) ;
#1376 = ORIENTED_EDGE ( 'NONE', *, *, #1215, .F. ) ;
#1377 = EDGE_CURVE ( 'NONE', #1551, #339, #174, .T. ) ;
#1378 = ORIENTED_EDGE ( 'NONE', *, *, #1047, .F. ) ;
#1379 = LINE ( 'NONE', #892, #638 ) ;
#1380 = DIRECTION ( 'NONE',  ( 1.000000000000000000, 0.0000000000000000000, 0.0000000000000000000 ) ) ;
#1381 = ORIENTED_EDGE ( 'NONE', *, *, #624, .F. ) ;
#1382 = ORIENTED_EDGE ( 'NONE', *, *, #1708, .T. ) ;
#1383 = ORIENTED_EDGE ( 'NONE', *, *, #498, .F. ) ;
#1384 = AXIS2_PLACEMENT_3D ( 'NONE', #1832, #937, #348 ) ;
#1385 = VERTEX_POINT ( 'NONE', #266 ) ;
#1386 = ORIENTED_EDGE ( 'NONE', *, *, #789, .F. ) ;
#1387 = ADVANCED_FACE ( 'NONE', ( #1529 ), #1334, .F. ) ;
#1388 = CARTESIAN_POINT ( 'NONE',  ( -1.949999999999999700, 1.700000000000000000, -0.2500000000000000600 ) ) ;
#1389 = ORIENTED_EDGE ( 'NONE', *, *, #1761, .T. ) ;
#1390 = CARTESIAN_POINT ( 'NONE',  ( 0.0000000000000000000, 1.700000000000000000, 0.7000000000000000700 ) ) ;
#1391 = EDGE_CURVE ( 'NONE', #1264, #141, #769, .T. ) ;
#1392 = CARTESIAN_POINT ( 'NONE',  ( -1.949999999999999700, 1.694999999999999800, 0.2499999999999999400 ) ) ;
#1393 = VECTOR ( 'NONE', #1787, 1000.000000000000000 ) ;
#1394 = ADVANCED_FACE ( 'NONE', ( #914 ), #100, .F. ) ;
#1395 = VECTOR ( 'NONE', #1326, 1000.000000000000000 ) ;
#1396 = FACE_OUTER_BOUND ( 'NONE', #670, .T. ) ;
#1397 = SURFACE_STYLE_USAGE ( .BOTH. , #1071 ) ;
#1398 = LINE ( 'NONE', #1079, #590 ) ;
#1399 = DIRECTION ( 'NONE',  ( -1.000000000000000000, -0.0000000000000000000, -0.0000000000000000000 ) ) ;
#1400 = VECTOR ( 'NONE', #1615, 1000.000000000000000 ) ;
#1401 = VERTEX_POINT ( 'NONE', #273 ) ;
#1402 = ORIENTED_EDGE ( 'NONE', *, *, #743, .T. ) ;
#1403 = CARTESIAN_POINT ( 'NONE',  ( -7.500000000000000000, 0.2999999999999999900, 0.6999999999999998400 ) ) ;
#1404 = ORIENTED_EDGE ( 'NONE', *, *, #1694, .T. ) ;
#1405 = EDGE_CURVE ( 'NONE', #1360, #1813, #1667, .T. ) ;
#1406 = ORIENTED_EDGE ( 'NONE', *, *, #726, .T. ) ;
#1407 = ORIENTED_EDGE ( 'NONE', *, *, #751, .T. ) ;
#1408 = AXIS2_PLACEMENT_3D ( 'NONE', #1768, #106, #866 ) ;
#1409 = ORIENTED_EDGE ( 'NONE', *, *, #658, .F. ) ;
#1410 = CARTESIAN_POINT ( 'NONE',  ( 2.500000000000000400, 7.085164807134503000, -0.5000000000000001100 ) ) ;
#1411 = ADVANCED_FACE ( 'NONE', ( #1484 ), #1617, .F. ) ;
#1412 = DIRECTION ( 'NONE',  ( 0.0000000000000000000, 0.0000000000000000000, -1.000000000000000000 ) ) ;
#1413 = VECTOR ( 'NONE', #108, 1000.000000000000000 ) ;
#1414 = EDGE_CURVE ( 'NONE', #1193, #1697, #1371, .T. ) ;
#1415 = VECTOR ( 'NONE', #653, 1000.000000000000000 ) ;
#1416 = ORIENTED_EDGE ( 'NONE', *, *, #1204, .T. ) ;
#1417 = PLANE ( 'NONE',  #791 ) ;
#1418 = AXIS2_PLACEMENT_3D ( 'NONE', #897, #461, #1788 ) ;
#1419 = LINE ( 'NONE', #695, #1763 ) ;
#1420 = PLANE ( 'NONE',  #1734 ) ;
#1421 = VECTOR ( 'NONE', #922, 1000.000000000000000 ) ;
#1422 = ADVANCED_FACE ( 'NONE', ( #563 ), #1762, .F. ) ;
#1423 = LINE ( 'NONE', #1903, #474 ) ;
#1424 = DIRECTION ( 'NONE',  ( 0.0000000000000000000, 0.0000000000000000000, -1.000000000000000000 ) ) ;
#1425 = VECTOR ( 'NONE', #654, 1000.000000000000000 ) ;
#1426 = DIRECTION ( 'NONE',  ( 0.0000000000000000000, 0.0000000000000000000, 1.000000000000000000 ) ) ;
#1427 = CARTESIAN_POINT ( 'NONE',  ( -0.4499999999999996800, 0.1138611699158101900, -0.2500000000000000600 ) ) ;
#1428 = VERTEX_POINT ( 'NONE', #558 ) ;
#1429 = PLANE ( 'NONE',  #1622 ) ;
#1430 = ORIENTED_EDGE ( 'NONE', *, *, #740, .T. ) ;
#1431 = ORIENTED_EDGE ( 'NONE', *, *, #1487, .F. ) ;
#1432 = DIRECTION ( 'NONE',  ( 4.336808689942018700E-016, 0.0000000000000000000, 1.000000000000000000 ) ) ;
#1433 = DIRECTION ( 'NONE',  ( 1.000000000000000000, -0.0000000000000000000, -0.0000000000000000000 ) ) ;
#1434 = ORIENTED_EDGE ( 'NONE', *, *, #646, .F. ) ;
#1435 =( NAMED_UNIT ( * ) SI_UNIT ( $, .STERADIAN. ) SOLID_ANGLE_UNIT ( ) );
#1436 = ORIENTED_EDGE ( 'NONE', *, *, #4, .F. ) ;
#1437 = DIRECTION ( 'NONE',  ( 0.0000000000000000000, 0.0000000000000000000, 1.000000000000000000 ) ) ;
#1438 =( LENGTH_UNIT ( ) NAMED_UNIT ( * ) SI_UNIT ( .MILLI., .METRE. ) );
#1439 = DIRECTION ( 'NONE',  ( 1.000000000000000000, 0.0000000000000000000, 0.0000000000000000000 ) ) ;
#1440 = EDGE_CURVE ( 'NONE', #315, #1385, #276, .T. ) ;
#1441 = VERTEX_POINT ( 'NONE', #1910 ) ;
#1442 = CARTESIAN_POINT ( 'NONE',  ( -2.499999999999999600, 1.700000000000000000, 1.000000000000000000 ) ) ;
#1443 = DIRECTION ( 'NONE',  ( 0.0000000000000000000, 0.0000000000000000000, -1.000000000000000000 ) ) ;
#1444 = LINE ( 'NONE', #1655, #1556 ) ;
#1445 = DIRECTION ( 'NONE',  ( 0.0000000000000000000, 0.0000000000000000000, -1.000000000000000000 ) ) ;
#1446 = ORIENTED_EDGE ( 'NONE', *, *, #1102, .F. ) ;
#1447 = CARTESIAN_POINT ( 'NONE',  ( -2.499999999999999600, 0.0000000000000000000, -0.0000000000000000000 ) ) ;
#1448 = CARTESIAN_POINT ( 'NONE',  ( 0.0000000000000000000, 1.700000000000000000, -1.000000000000000000 ) ) ;
#1449 = ORIENTED_EDGE ( 'NONE', *, *, #336, .F. ) ;
#1450 = ORIENTED_EDGE ( 'NONE', *, *, #1661, .F. ) ;
#1451 = ORIENTED_EDGE ( 'NONE', *, *, #423, .T. ) ;
#1452 = EDGE_CURVE ( 'NONE', #356, #1005, #1820, .T. ) ;
#1453 = CARTESIAN_POINT ( 'NONE',  ( -0.9999999999999993300, 1.700000000000000000, 0.7000000000000000700 ) ) ;
#1454 = ORIENTED_EDGE ( 'NONE', *, *, #1636, .F. ) ;
#1455 = EDGE_CURVE ( 'NONE', #482, #1702, #820, .T. ) ;
#1456 = DIRECTION ( 'NONE',  ( -1.000000000000000000, 0.0000000000000000000, -0.0000000000000000000 ) ) ;
#1457 = ADVANCED_FACE ( 'NONE', ( #1865 ), #1158, .T. ) ;
#1458 = CARTESIAN_POINT ( 'NONE',  ( 1.000000000000001100, 0.0000000000000000000, -0.0000000000000000000 ) ) ;
#1459 = LINE ( 'NONE', #855, #795 ) ;
#1460 = DIRECTION ( 'NONE',  ( 0.0000000000000000000, 0.0000000000000000000, -1.000000000000000000 ) ) ;
#1461 = FACE_OUTER_BOUND ( 'NONE', #735, .T. ) ;
#1462 = FACE_OUTER_BOUND ( 'NONE', #1236, .T. ) ;
#1463 = DIRECTION ( 'NONE',  ( 0.0000000000000000000, -7.744301232039319100E-017, 1.000000000000000000 ) ) ;
#1464 = LINE ( 'NONE', #1104, #516 ) ;
#1465 = DIRECTION ( 'NONE',  ( 0.0000000000000000000, -1.000000000000000000, -1.548860246407863600E-016 ) ) ;
#1466 = AXIS2_PLACEMENT_3D ( 'NONE', #198, #1013, #88 ) ;
#1467 = CARTESIAN_POINT ( 'NONE',  ( 2.500000000000000400, 1.700000000000000000, 0.0000000000000000000 ) ) ;
#1468 = LINE ( 'NONE', #1508, #1491 ) ;
#1469 =( NAMED_UNIT ( * ) SI_UNIT ( $, .STERADIAN. ) SOLID_ANGLE_UNIT ( ) );
#1470 = CARTESIAN_POINT ( 'NONE',  ( -0.9999999999999997800, 0.2999999999999999300, -0.5000000000000001100 ) ) ;
#1471 = ORIENTED_EDGE ( 'NONE', *, *, #891, .T. ) ;
#1472 = EDGE_LOOP ( 'NONE', ( #981, #430, #615, #903 ) ) ;
#1473 = ORIENTED_EDGE ( 'NONE', *, *, #1586, .T. ) ;
#1474 = ORIENTED_EDGE ( 'NONE', *, *, #1877, .F. ) ;
#1475 = DIRECTION ( 'NONE',  ( 0.0000000000000000000, 0.0000000000000000000, -1.000000000000000000 ) ) ;
#1476 = ORIENTED_EDGE ( 'NONE', *, *, #1803, .T. ) ;
#1477 = EDGE_CURVE ( 'NONE', #1775, #1428, #420, .T. ) ;
#1478 =( LENGTH_UNIT ( ) NAMED_UNIT ( * ) SI_UNIT ( .MILLI., .METRE. ) );
#1479 = DIRECTION ( 'NONE',  ( -1.000000000000000000, 0.0000000000000000000, -0.0000000000000000000 ) ) ;
#1480 = AXIS2_PLACEMENT_3D ( 'NONE', #723, #856, #561 ) ;
#1481 = VERTEX_POINT ( 'NONE', #1301 ) ;
#1482 = CARTESIAN_POINT ( 'NONE',  ( -1.949999999999999700, 1.694999999999999800, 0.2499999999999999400 ) ) ;
#1483 = VECTOR ( 'NONE', #1196, 1000.000000000000000 ) ;
#1484 = FACE_OUTER_BOUND ( 'NONE', #176, .T. ) ;
#1485 = VERTEX_POINT ( 'NONE', #1754 ) ;
#1486 = DIRECTION ( 'NONE',  ( -0.0000000000000000000, -1.000000000000000000, -0.0000000000000000000 ) ) ;
#1487 = EDGE_CURVE ( 'NONE', #1752, #588, #513, .T. ) ;
#1488 = VECTOR ( 'NONE', #757, 1000.000000000000000 ) ;
#1489 = CARTESIAN_POINT ( 'NONE',  ( 1.000000000000000900, 0.3000000000000001000, -0.6999999999999998400 ) ) ;
#1490 = EDGE_CURVE ( 'NONE', #1385, #1569, #3, .T. ) ;
#1491 = VECTOR ( 'NONE', #1621, 1000.000000000000000 ) ;
#1492 = CARTESIAN_POINT ( 'NONE',  ( 2.500000000000000400, 0.0000000000000000000, 0.4999999999999995600 ) ) ;
#1493 = LINE ( 'NONE', #1044, #1808 ) ;
#1494 = DIRECTION ( 'NONE',  ( -1.000000000000000000, 0.0000000000000000000, 0.0000000000000000000 ) ) ;
#1495 = VERTEX_POINT ( 'NONE', #1453 ) ;
#1496 = ORIENTED_EDGE ( 'NONE', *, *, #1661, .T. ) ;
#1497 = ORIENTED_EDGE ( 'NONE', *, *, #190, .T. ) ;
#1498 = ORIENTED_EDGE ( 'NONE', *, *, #957, .T. ) ;
#1499 = ORIENTED_EDGE ( 'NONE', *, *, #1377, .T. ) ;
#1500 = CARTESIAN_POINT ( 'NONE',  ( -1.949999999999999700, 1.694999999999999800, -0.2500000000000000600 ) ) ;
#1501 = DIRECTION ( 'NONE',  ( 0.0000000000000000000, 7.744301232039319100E-017, -1.000000000000000000 ) ) ;
#1502 = EDGE_CURVE ( 'NONE', #405, #267, #608, .T. ) ;
#1503 = FILL_AREA_STYLE ('',( #1308 ) ) ;
#1504 = PLANE ( 'NONE',  #310 ) ;
#1505 = LINE ( 'NONE', #1500, #1864 ) ;
#1506 = DIRECTION ( 'NONE',  ( 0.0000000000000000000, 0.0000000000000000000, -1.000000000000000000 ) ) ;
#1507 = LINE ( 'NONE', #47, #1760 ) ;
#1508 = CARTESIAN_POINT ( 'NONE',  ( 0.0000000000000000000, 1.700000000000000000, -0.6999999999999998400 ) ) ;
#1509 = EDGE_LOOP ( 'NONE', ( #1896, #1034, #261, #1128 ) ) ;
#1510 = VECTOR ( 'NONE', #1486, 1000.000000000000000 ) ;
#1511 = CARTESIAN_POINT ( 'NONE',  ( -1.949999999999999700, 1.694999999999999800, -0.2500000000000000600 ) ) ;
#1512 = EDGE_CURVE ( 'NONE', #1680, #1441, #992, .T. ) ;
#1513 = DIRECTION ( 'NONE',  ( 1.000000000000000000, 0.0000000000000000000, 0.0000000000000000000 ) ) ;
#1514 = VECTOR ( 'NONE', #1372, 1000.000000000000000 ) ;
#1515 = AXIS2_PLACEMENT_3D ( 'NONE', #1410, #1263, #517 ) ;
#1516 = ORIENTED_EDGE ( 'NONE', *, *, #331, .T. ) ;
#1517 =( GEOMETRIC_REPRESENTATION_CONTEXT ( 3 ) GLOBAL_UNCERTAINTY_ASSIGNED_CONTEXT ( ( #1181 ) ) GLOBAL_UNIT_ASSIGNED_CONTEXT ( ( #904, #1947, #614 ) ) REPRESENTATION_CONTEXT ( 'NONE', 'WORKASPACE' ) );
#1518 = ORIENTED_EDGE ( 'NONE', *, *, #646, .T. ) ;
#1519 = ORIENTED_EDGE ( 'NONE', *, *, #522, .F. ) ;
#1520 = ORIENTED_EDGE ( 'NONE', *, *, #222, .F. ) ;
#1521 = CARTESIAN_POINT ( 'NONE',  ( -0.9999999999999993300, 0.2999999999999999300, 0.5000000000000001100 ) ) ;
#1522 = ORIENTED_EDGE ( 'NONE', *, *, #564, .F. ) ;
#1523 = ORIENTED_EDGE ( 'NONE', *, *, #1452, .T. ) ;
#1524 = AXIS2_PLACEMENT_3D ( 'NONE', #1917, #598, #1049 ) ;
#1525 = ADVANCED_FACE ( 'NONE', ( #1578, #1620 ), #565, .T. ) ;
#1526 = MANIFOLD_SOLID_BREP ( 'Pin 1', #1744 ) ;
#1527 = LINE ( 'NONE', #1018, #50 ) ;
#1528 = CARTESIAN_POINT ( 'NONE',  ( -2.499999999999999600, 0.2999999999999999900, 0.6999999999999998400 ) ) ;
#1529 = FACE_OUTER_BOUND ( 'NONE', #1541, .T. ) ;
#1530 = ORIENTED_EDGE ( 'NONE', *, *, #998, .F. ) ;
#1531 = VECTOR ( 'NONE', #1729, 1000.000000000000000 ) ;
#1532 = PLANE ( 'NONE',  #773 ) ;
#1533 =( NAMED_UNIT ( * ) PLANE_ANGLE_UNIT ( ) SI_UNIT ( $, .RADIAN. ) );
#1534 = LINE ( 'NONE', #1653, #398 ) ;
#1535 = ADVANCED_FACE ( 'NONE', ( #1271 ), #1010, .T. ) ;
#1536 = VECTOR ( 'NONE', #958, 1000.000000000000000 ) ;
#1537 = EDGE_CURVE ( 'NONE', #1881, #382, #1160, .T. ) ;
#1538 = EDGE_LOOP ( 'NONE', ( #112, #1879, #886, #95 ) ) ;
#1539 = VECTOR ( 'NONE', #1274, 1000.000000000000000 ) ;
#1540 = DIRECTION ( 'NONE',  ( 0.0000000000000000000, 1.000000000000000000, 0.0000000000000000000 ) ) ;
#1541 = EDGE_LOOP ( 'NONE', ( #684, #1127, #1747, #434 ) ) ;
#1542 = ORIENTED_EDGE ( 'NONE', *, *, #552, .T. ) ;
#1543 = VERTEX_POINT ( 'NONE', #842 ) ;
#1544 = EDGE_LOOP ( 'NONE', ( #586, #1779, #191, #1745, #952, #546 ) ) ;
#1545 = ADVANCED_FACE ( 'NONE', ( #347 ), #852, .F. ) ;
#1546 = CARTESIAN_POINT ( 'NONE',  ( -2.499999999999999600, 1.700000000000000000, -0.5000000000000001100 ) ) ;
#1547 = EDGE_CURVE ( 'NONE', #1099, #405, #1419, .T. ) ;
#1548 = FACE_OUTER_BOUND ( 'NONE', #641, .T. ) ;
#1549 = EDGE_CURVE ( 'NONE', #1072, #315, #471, .T. ) ;
#1550 = ORIENTED_EDGE ( 'NONE', *, *, #1537, .F. ) ;
#1551 = VERTEX_POINT ( 'NONE', #1254 ) ;
#1552 = ADVANCED_FACE ( 'NONE', ( #1062 ), #1679, .T. ) ;
#1553 = DIRECTION ( 'NONE',  ( -4.336808689942018700E-016, 7.744301232039319100E-017, -1.000000000000000000 ) ) ;
#1554 = COLOUR_RGB ( '',0.7921568627450980000, 0.8196078431372548800, 0.9333333333333333500 ) ;
#1555 = FACE_OUTER_BOUND ( 'NONE', #1120, .T. ) ;
#1556 = VECTOR ( 'NONE', #753, 1000.000000000000000 ) ;
#1557 = VERTEX_POINT ( 'NONE', #1591 ) ;
#1558 = ORIENTED_EDGE ( 'NONE', *, *, #537, .F. ) ;
#1559 = ORIENTED_EDGE ( 'NONE', *, *, #58, .T. ) ;
#1560 = DIRECTION ( 'NONE',  ( -1.000000000000000000, 0.0000000000000000000, 0.0000000000000000000 ) ) ;
#1561 = AXIS2_PLACEMENT_3D ( 'NONE', #447, #883, #128 ) ;
#1562 = CARTESIAN_POINT ( 'NONE',  ( -1.949999999999999700, 1.694999999999999800, 0.2499999999999999400 ) ) ;
#1563 = ORIENTED_EDGE ( 'NONE', *, *, #423, .F. ) ;
#1564 = ADVANCED_FACE ( 'NONE', ( #1461 ), #1417, .F. ) ;
#1565 = DIRECTION ( 'NONE',  ( 0.0000000000000000000, 7.744301232039319100E-017, -1.000000000000000000 ) ) ;
#1566 = ORIENTED_EDGE ( 'NONE', *, *, #143, .T. ) ;
#1567 = DIRECTION ( 'NONE',  ( -0.0000000000000000000, 0.0000000000000000000, 1.000000000000000000 ) ) ;
#1568 = DIRECTION ( 'NONE',  ( 0.0000000000000000000, 1.000000000000000000, -0.0000000000000000000 ) ) ;
#1569 = VERTEX_POINT ( 'NONE', #225 ) ;
#1570 = DIRECTION ( 'NONE',  ( 0.0000000000000000000, 7.744301232039319100E-017, -1.000000000000000000 ) ) ;
#1571 = ADVANCED_FACE ( 'NONE', ( #1841 ), #216, .F. ) ;
#1572 = ORIENTED_EDGE ( 'NONE', *, *, #1573, .T. ) ;
#1573 = EDGE_CURVE ( 'NONE', #288, #1173, #53, .T. ) ;
#1574 = MANIFOLD_SOLID_BREP ( 'Pin 4', #1097 ) ;
#1575 = CARTESIAN_POINT ( 'NONE',  ( -0.4499999999999996800, 1.700000000000000000, 0.2499999999999999400 ) ) ;
#1576 = DIRECTION ( 'NONE',  ( 1.000000000000000000, 0.0000000000000000000, -0.0000000000000000000 ) ) ;
#1577 = AXIS2_PLACEMENT_3D ( 'NONE', #1885, #985, #79 ) ;
#1578 = FACE_BOUND ( 'NONE', #761, .T. ) ;
#1579 = LINE ( 'NONE', #1900, #1715 ) ;
#1580 = FACE_OUTER_BOUND ( 'NONE', #1234, .T. ) ;
#1581 = CARTESIAN_POINT ( 'NONE',  ( -0.9999999999999993300, 7.085164807134503000, 0.5000000000000001100 ) ) ;
#1582 = CARTESIAN_POINT ( 'NONE',  ( 1.000000000000001100, 1.700000000000000000, -4.336808689942023700E-016 ) ) ;
#1583 = VECTOR ( 'NONE', #1662, 1000.000000000000000 ) ;
#1584 = DIRECTION ( 'NONE',  ( 0.0000000000000000000, 0.0000000000000000000, -1.000000000000000000 ) ) ;
#1585 = PRODUCT ( '2450AT42E010BE', '2450AT42E010BE', '', ( #929 ) ) ;
#1586 = EDGE_CURVE ( 'NONE', #1072, #710, #446, .T. ) ;
#1587 = EDGE_LOOP ( 'NONE', ( #485, #480, #760, #607 ) ) ;
#1588 = DIRECTION ( 'NONE',  ( -1.000000000000000000, 0.0000000000000000000, -0.0000000000000000000 ) ) ;
#1589 = VERTEX_POINT ( 'NONE', #662 ) ;
#1590 = MECHANICAL_DESIGN_GEOMETRIC_PRESENTATION_REPRESENTATION (  '', ( #1332 ), #1836 ) ;
#1591 = CARTESIAN_POINT ( 'NONE',  ( -1.000000000000000000, 0.3000000000000001000, -0.6999999999999998400 ) ) ;
#1592 = VERTEX_POINT ( 'NONE', #60 ) ;
#1593 = DIRECTION ( 'NONE',  ( 0.0000000000000000000, 0.0000000000000000000, 1.000000000000000000 ) ) ;
#1594 = DIRECTION ( 'NONE',  ( 1.000000000000000000, 0.0000000000000000000, 0.0000000000000000000 ) ) ;
#1595 = CARTESIAN_POINT ( 'NONE',  ( 0.0000000000000000000, 1.700000000000000000, 0.0000000000000000000 ) ) ;
#1596 = LINE ( 'NONE', #1751, #1207 ) ;
#1597 = EDGE_CURVE ( 'NONE', #1284, #1882, #766, .T. ) ;
#1598 = ORIENTED_EDGE ( 'NONE', *, *, #1440, .T. ) ;
#1599 = PLANE ( 'NONE',  #210 ) ;
#1600 = VECTOR ( 'NONE', #980, 1000.000000000000000 ) ;
#1601 = CARTESIAN_POINT ( 'NONE',  ( 2.500000000000000400, 0.2999999999999999900, 0.6999999999999998400 ) ) ;
#1602 = FACE_OUTER_BOUND ( 'NONE', #395, .T. ) ;
#1603 = LINE ( 'NONE', #1226, #921 ) ;
#1604 = DIRECTION ( 'NONE',  ( 0.0000000000000000000, 0.0000000000000000000, 1.000000000000000000 ) ) ;
#1605 = CARTESIAN_POINT ( 'NONE',  ( 0.0000000000000000000, 0.0000000000000000000, -1.000000000000000000 ) ) ;
#1606 = VERTEX_POINT ( 'NONE', #371 ) ;
#1607 = MANIFOLD_SOLID_BREP ( 'Pin 3', #263 ) ;
#1608 = EDGE_LOOP ( 'NONE', ( #1958, #1101, #562, #1497 ) ) ;
#1609 = EDGE_CURVE ( 'NONE', #433, #1172, #1111, .T. ) ;
#1610 = DIRECTION ( 'NONE',  ( 1.000000000000000000, -0.0000000000000000000, 0.0000000000000000000 ) ) ;
#1611 = VERTEX_POINT ( 'NONE', #679 ) ;
#1612 = CARTESIAN_POINT ( 'NONE',  ( -2.499999999999999600, 0.2999999999999999900, 0.6999999999999998400 ) ) ;
#1613 = AXIS2_PLACEMENT_3D ( 'NONE', #281, #1938, #132 ) ;
#1614 = DIRECTION ( 'NONE',  ( 0.0000000000000000000, -0.0000000000000000000, -1.000000000000000000 ) ) ;
#1615 = DIRECTION ( 'NONE',  ( 1.000000000000000000, -0.0000000000000000000, 0.0000000000000000000 ) ) ;
#1616 = CARTESIAN_POINT ( 'NONE',  ( 0.0000000000000000000, 0.0000000000000000000, 0.5000000000000001100 ) ) ;
#1617 = PLANE ( 'NONE',  #314 ) ;
#1618 = CARTESIAN_POINT ( 'NONE',  ( 2.500000000000000400, 0.3000000000000001000, -0.6999999999999998400 ) ) ;
#1619 = CARTESIAN_POINT ( 'NONE',  ( -0.4499999999999996800, 1.694999999999999800, 0.2499999999999999400 ) ) ;
#1620 = FACE_OUTER_BOUND ( 'NONE', #1148, .T. ) ;
#1621 = DIRECTION ( 'NONE',  ( -1.000000000000000000, 0.0000000000000000000, 0.0000000000000000000 ) ) ;
#1622 = AXIS2_PLACEMENT_3D ( 'NONE', #1906, #976, #836 ) ;
#1623 = PRESENTATION_STYLE_ASSIGNMENT (( #1845 ) ) ;
#1624 = CARTESIAN_POINT ( 'NONE',  ( -2.499999999999999600, 0.2999999999999998800, 0.5000000000000001100 ) ) ;
#1625 = LINE ( 'NONE', #402, #1118 ) ;
#1626 = CARTESIAN_POINT ( 'NONE',  ( 0.0000000000000000000, 0.0000000000000000000, 0.0000000000000000000 ) ) ;
#1627 =( GEOMETRIC_REPRESENTATION_CONTEXT ( 3 ) GLOBAL_UNCERTAINTY_ASSIGNED_CONTEXT ( ( #1859 ) ) GLOBAL_UNIT_ASSIGNED_CONTEXT ( ( #1438, #811, #816 ) ) REPRESENTATION_CONTEXT ( 'NONE', 'WORKASPACE' ) );
#1628 = LINE ( 'NONE', #306, #678 ) ;
#1629 = SURFACE_STYLE_FILL_AREA ( #1503 ) ;
#1630 = ORIENTED_EDGE ( 'NONE', *, *, #801, .F. ) ;
#1631 = ORIENTED_EDGE ( 'NONE', *, *, #932, .T. ) ;
#1632 = CARTESIAN_POINT ( 'NONE',  ( 2.500000000000000400, 1.700000000000000000, 1.000000000000000000 ) ) ;
#1633 = ORIENTED_EDGE ( 'NONE', *, *, #1204, .F. ) ;
#1634 = CARTESIAN_POINT ( 'NONE',  ( 2.500000000000000400, 0.2999999999999999900, 0.6999999999999998400 ) ) ;
#1635 = ORIENTED_EDGE ( 'NONE', *, *, #1189, .T. ) ;
#1636 = EDGE_CURVE ( 'NONE', #228, #1913, #1507, .T. ) ;
#1637 = PLANE ( 'NONE',  #369 ) ;
#1638 = AXIS2_PLACEMENT_3D ( 'NONE', #864, #269, #1324 ) ;
#1639 = PLANE ( 'NONE',  #458 ) ;
#1640 = DIRECTION ( 'NONE',  ( -0.0000000000000000000, -0.0000000000000000000, 1.000000000000000000 ) ) ;
#1641 = VECTOR ( 'NONE', #280, 1000.000000000000000 ) ;
#1642 = FACE_OUTER_BOUND ( 'NONE', #262, .T. ) ;
#1643 = DIRECTION ( 'NONE',  ( 0.0000000000000000000, 0.0000000000000000000, 1.000000000000000000 ) ) ;
#1644 = PLANE ( 'NONE',  #1017 ) ;
#1645 = VECTOR ( 'NONE', #1567, 1000.000000000000000 ) ;
#1646 = EDGE_CURVE ( 'NONE', #1040, #1606, #1894, .T. ) ;
#1647 = VECTOR ( 'NONE', #138, 1000.000000000000000 ) ;
#1648 = EDGE_CURVE ( 'NONE', #1401, #1100, #1224, .T. ) ;
#1649 = VECTOR ( 'NONE', #578, 1000.000000000000000 ) ;
#1650 = CARTESIAN_POINT ( 'NONE',  ( -0.9999999999999997800, 0.0000000000000000000, -0.5000000000000001100 ) ) ;
#1651 = VECTOR ( 'NONE', #525, 1000.000000000000000 ) ;
#1652 = PRODUCT_DEFINITION ( 'UNKNOWN', '', #23, #194 ) ;
#1653 = CARTESIAN_POINT ( 'NONE',  ( -0.9999999999999993300, 7.085164807134503000, 0.5000000000000001100 ) ) ;
#1654 = ORIENTED_EDGE ( 'NONE', *, *, #1597, .T. ) ;
#1655 = CARTESIAN_POINT ( 'NONE',  ( -0.9999999999999993300, 0.0000000000000000000, 0.5000000000000001100 ) ) ;
#1656 = ORIENTED_EDGE ( 'NONE', *, *, #1835, .T. ) ;
#1657 = VERTEX_POINT ( 'NONE', #532 ) ;
#1658 = DIRECTION ( 'NONE',  ( 1.000000000000000000, 0.0000000000000000000, 0.0000000000000000000 ) ) ;
#1659 = DIRECTION ( 'NONE',  ( 0.0000000000000000000, 7.744301232039319100E-017, -1.000000000000000000 ) ) ;
#1660 = ORIENTED_EDGE ( 'NONE', *, *, #331, .F. ) ;
#1661 = EDGE_CURVE ( 'NONE', #1657, #1551, #1713, .T. ) ;
#1662 = DIRECTION ( 'NONE',  ( 1.000000000000000000, 0.0000000000000000000, 0.0000000000000000000 ) ) ;
#1663 = AXIS2_PLACEMENT_3D ( 'NONE', #97, #1167, #1437 ) ;
#1664 =( NAMED_UNIT ( * ) PLANE_ANGLE_UNIT ( ) SI_UNIT ( $, .RADIAN. ) );
#1665 = VECTOR ( 'NONE', #1305, 1000.000000000000000 ) ;
#1666 = DIRECTION ( 'NONE',  ( 1.000000000000000000, 0.0000000000000000000, 0.0000000000000000000 ) ) ;
#1667 = LINE ( 'NONE', #718, #1395 ) ;
#1668 = ADVANCED_FACE ( 'NONE', ( #1642 ), #1115, .T. ) ;
#1669 = APPLICATION_CONTEXT ( 'automotive_design' ) ;
#1670 = DIRECTION ( 'NONE',  ( 0.0000000000000000000, -1.000000000000000000, 0.0000000000000000000 ) ) ;
#1671 = EDGE_CURVE ( 'NONE', #1678, #1485, #700, .T. ) ;
#1672 = VECTOR ( 'NONE', #1156, 1000.000000000000000 ) ;
#1673 = DIRECTION ( 'NONE',  ( 0.0000000000000000000, 0.0000000000000000000, -1.000000000000000000 ) ) ;
#1674 = LINE ( 'NONE', #311, #1846 ) ;
#1675 = AXIS2_PLACEMENT_3D ( 'NONE', #1809, #1666, #1673 ) ;
#1676 = VECTOR ( 'NONE', #1944, 1000.000000000000000 ) ;
#1677 = EDGE_LOOP ( 'NONE', ( #1633, #1030, #551, #239 ) ) ;
#1678 = VERTEX_POINT ( 'NONE', #554 ) ;
#1679 = PLANE ( 'NONE',  #1306 ) ;
#1680 = VERTEX_POINT ( 'NONE', #401 ) ;
#1681 = EDGE_LOOP ( 'NONE', ( #1404, #1416, #1243, #621, #667, #838 ) ) ;
#1682 = ADVANCED_FACE ( 'NONE', ( #153 ), #560, .T. ) ;
#1683 = DIRECTION ( 'NONE',  ( 0.0000000000000000000, -1.000000000000000000, -1.548860246407863600E-016 ) ) ;
#1684 = EDGE_LOOP ( 'NONE', ( #599, #575, #1542, #520 ) ) ;
#1685 = CARTESIAN_POINT ( 'NONE',  ( -2.499999999999999600, 0.2999999999999999300, -1.084202172485504700E-016 ) ) ;
#1686 = EDGE_CURVE ( 'NONE', #643, #588, #101, .T. ) ;
#1687 = ADVANCED_FACE ( 'NONE', ( #300 ), #862, .T. ) ;
#1688 = ORIENTED_EDGE ( 'NONE', *, *, #1344, .F. ) ;
#1689 = LINE ( 'NONE', #1121, #105 ) ;
#1690 = CARTESIAN_POINT ( 'NONE',  ( 2.500000000000000400, 1.700000000000000200, -0.6999999999999998400 ) ) ;
#1691 = LINE ( 'NONE', #1634, #1786 ) ;
#1692 = LINE ( 'NONE', #1601, #1304 ) ;
#1693 = DIRECTION ( 'NONE',  ( 0.0000000000000000000, 7.744301232039319100E-017, -1.000000000000000000 ) ) ;
#1694 = EDGE_CURVE ( 'NONE', #1441, #1239, #1527, .T. ) ;
#1695 = LINE ( 'NONE', #441, #478 ) ;
#1696 = ADVANCED_FACE ( 'NONE', ( #939 ), #1315, .F. ) ;
#1697 = VERTEX_POINT ( 'NONE', #246 ) ;
#1698 = CARTESIAN_POINT ( 'NONE',  ( -0.9999999999999993300, 0.2999999999999999300, 0.9999999999999997800 ) ) ;
#1699 = ORIENTED_EDGE ( 'NONE', *, *, #45, .T. ) ;
#1700 = AXIS2_PLACEMENT_3D ( 'NONE', #594, #296, #1783 ) ;
#1701 = ORIENTED_EDGE ( 'NONE', *, *, #1319, .T. ) ;
#1702 = VERTEX_POINT ( 'NONE', #1296 ) ;
#1703 = ORIENTED_EDGE ( 'NONE', *, *, #1073, .T. ) ;
#1704 = PLANE ( 'NONE',  #1515 ) ;
#1705 = ORIENTED_EDGE ( 'NONE', *, *, #845, .T. ) ;
#1706 = DIRECTION ( 'NONE',  ( -1.000000000000000000, 0.0000000000000000000, 0.0000000000000000000 ) ) ;
#1707 = ADVANCED_FACE ( 'NONE', ( #1345 ), #720, .F. ) ;
#1708 = EDGE_CURVE ( 'NONE', #1495, #1095, #1459, .T. ) ;
#1709 = CARTESIAN_POINT ( 'NONE',  ( -0.9999999999999997800, 1.700000000000000200, -1.000000000000000000 ) ) ;
#1710 = FILL_AREA_STYLE ('',( #229 ) ) ;
#1711 = COLOUR_RGB ( '',0.7921568627450980000, 0.8196078431372548800, 0.9333333333333333500 ) ;
#1712 = AXIS2_PLACEMENT_3D ( 'NONE', #553, #1594, #1445 ) ;
#1713 = LINE ( 'NONE', #1730, #912 ) ;
#1714 = ORIENTED_EDGE ( 'NONE', *, *, #1694, .F. ) ;
#1715 = VECTOR ( 'NONE', #1159, 1000.000000000000000 ) ;
#1716 = PLANE ( 'NONE',  #1322 ) ;
#1717 = VECTOR ( 'NONE', #530, 1000.000000000000000 ) ;
#1718 = LINE ( 'NONE', #1365, #308 ) ;
#1719 = LINE ( 'NONE', #436, #1676 ) ;
#1720 = ORIENTED_EDGE ( 'NONE', *, *, #1708, .F. ) ;
#1721 = DIRECTION ( 'NONE',  ( 1.000000000000000000, 0.0000000000000000000, 0.0000000000000000000 ) ) ;
#1722 = ORIENTED_EDGE ( 'NONE', *, *, #1189, .F. ) ;
#1723 = ORIENTED_EDGE ( 'NONE', *, *, #1750, .F. ) ;
#1724 = VERTEX_POINT ( 'NONE', #1755 ) ;
#1725 = CARTESIAN_POINT ( 'NONE',  ( -0.9999999999999993300, 0.0000000000000000000, 1.000000000000000200 ) ) ;
#1726 = AXIS2_PLACEMENT_3D ( 'NONE', #1175, #1323, #1456 ) ;
#1727 = EDGE_LOOP ( 'NONE', ( #580, #1194, #1007, #713, #722, #1131 ) ) ;
#1728 = ORIENTED_EDGE ( 'NONE', *, *, #255, .F. ) ;
#1729 = DIRECTION ( 'NONE',  ( 1.000000000000000000, 0.0000000000000000000, 0.0000000000000000000 ) ) ;
#1730 = CARTESIAN_POINT ( 'NONE',  ( -0.9999999999999993300, 7.085164807134503000, 1.000000000000000200 ) ) ;
#1731 = CARTESIAN_POINT ( 'NONE',  ( -0.9999999999999993300, 0.2999999999999999300, -1.084202172485504700E-016 ) ) ;
#1732 = EDGE_CURVE ( 'NONE', #339, #1338, #1249, .T. ) ;
#1733 = PLANE ( 'NONE',  #1663 ) ;
#1734 = AXIS2_PLACEMENT_3D ( 'NONE', #49, #1108, #955 ) ;
#1735 = DIRECTION ( 'NONE',  ( 0.0000000000000000000, 0.0000000000000000000, 1.000000000000000000 ) ) ;
#1736 = CARTESIAN_POINT ( 'NONE',  ( -1.949999999999999700, 0.1138611699158101900, -0.2500000000000000600 ) ) ;
#1737 = LINE ( 'NONE', #470, #1764 ) ;
#1738 = DIRECTION ( 'NONE',  ( 0.0000000000000000000, 0.0000000000000000000, -1.000000000000000000 ) ) ;
#1739 = VECTOR ( 'NONE', #989, 1000.000000000000000 ) ;
#1740 = DIRECTION ( 'NONE',  ( -1.000000000000000000, 0.0000000000000000000, -0.0000000000000000000 ) ) ;
#1741 = DIRECTION ( 'NONE',  ( -0.0000000000000000000, -0.0000000000000000000, 1.000000000000000000 ) ) ;
#1742 = FACE_OUTER_BOUND ( 'NONE', #1587, .T. ) ;
#1743 = CARTESIAN_POINT ( 'NONE',  ( 1.000000000000001100, 0.2999999999999999300, -5.421010862427528100E-016 ) ) ;
#1744 = CLOSED_SHELL ( 'NONE', ( #812, #37, #318, #699, #657, #961, #1387, #1746 ) ) ;
#1745 = ORIENTED_EDGE ( 'NONE', *, *, #1319, .F. ) ;
#1746 = ADVANCED_FACE ( 'NONE', ( #870 ), #691, .F. ) ;
#1747 = ORIENTED_EDGE ( 'NONE', *, *, #413, .T. ) ;
#1748 = CARTESIAN_POINT ( 'NONE',  ( -2.499999999999999600, 1.700000000000000200, -0.6999999999999998400 ) ) ;
#1749 = ORIENTED_EDGE ( 'NONE', *, *, #624, .T. ) ;
#1750 = EDGE_CURVE ( 'NONE', #1033, #1589, #129, .T. ) ;
#1751 = CARTESIAN_POINT ( 'NONE',  ( 0.0000000000000000000, 0.0000000000000000000, -0.5000000000000001100 ) ) ;
#1752 = VERTEX_POINT ( 'NONE', #1618 ) ;
#1753 = CARTESIAN_POINT ( 'NONE',  ( -2.499999999999999600, 0.3000000000000001000, -0.6999999999999998400 ) ) ;
#1754 = CARTESIAN_POINT ( 'NONE',  ( -0.9999999999999997800, 0.0000000000000000000, -1.000000000000000000 ) ) ;
#1755 = CARTESIAN_POINT ( 'NONE',  ( -0.9999999999999991100, 1.700000000000000000, 0.7000000000000000700 ) ) ;
#1756 = ADVANCED_FACE ( 'NONE', ( #78 ), #236, .T. ) ;
#1757 = PLANE ( 'NONE',  #1638 ) ;
#1758 = LINE ( 'NONE', #429, #1393 ) ;
#1759 = CARTESIAN_POINT ( 'NONE',  ( -7.500000000000000000, 0.2999999999999999900, 0.6999999999999998400 ) ) ;
#1760 = VECTOR ( 'NONE', #1275, 1000.000000000000000 ) ;
#1761 = EDGE_CURVE ( 'NONE', #806, #1775, #890, .T. ) ;
#1762 = PLANE ( 'NONE',  #1408 ) ;
#1763 = VECTOR ( 'NONE', #549, 1000.000000000000000 ) ;
#1764 = VECTOR ( 'NONE', #326, 1000.000000000000000 ) ;
#1765 = VECTOR ( 'NONE', #1880, 1000.000000000000000 ) ;
#1766 = FILL_AREA_STYLE ('',( #264 ) ) ;
#1767 = VECTOR ( 'NONE', #1960, 1000.000000000000000 ) ;
#1768 = CARTESIAN_POINT ( 'NONE',  ( 1.000000000000001100, 1.700000000000000000, -4.336808689942023700E-016 ) ) ;
#1769 = CARTESIAN_POINT ( 'NONE',  ( 2.500000000000000400, 0.3000000000000001000, -0.5000000000000002200 ) ) ;
#1770 = CARTESIAN_POINT ( 'NONE',  ( 1.000000000000000900, 7.085164807134503000, -0.5000000000000001100 ) ) ;
#1771 = ORIENTED_EDGE ( 'NONE', *, *, #1686, .T. ) ;
#1772 = VECTOR ( 'NONE', #688, 1000.000000000000000 ) ;
#1773 = PLANE ( 'NONE',  #1480 ) ;
#1774 = ORIENTED_EDGE ( 'NONE', *, *, #1238, .F. ) ;
#1775 = VERTEX_POINT ( 'NONE', #394 ) ;
#1776 = EDGE_CURVE ( 'NONE', #701, #1791, #1596, .T. ) ;
#1777 = CLOSED_SHELL ( 'NONE', ( #1874, #1316, #495, #767, #1817, #1394, #1269, #644, #954, #469, #1262, #1105, #201, #1525, #479, #800, #940, #181, #933, #1687, #622, #1244, #1232, #1571, #1411, #48, #920 ) ) ;
#1778 =( GEOMETRIC_REPRESENTATION_CONTEXT ( 3 ) GLOBAL_UNCERTAINTY_ASSIGNED_CONTEXT ( ( #374 ) ) GLOBAL_UNIT_ASSIGNED_CONTEXT ( ( #203, #214, #660 ) ) REPRESENTATION_CONTEXT ( 'NONE', 'WORKASPACE' ) );
#1779 = ORIENTED_EDGE ( 'NONE', *, *, #589, .F. ) ;
#1780 = DIRECTION ( 'NONE',  ( 0.0000000000000000000, 0.0000000000000000000, -1.000000000000000000 ) ) ;
#1781 = DIRECTION ( 'NONE',  ( 0.0000000000000000000, 0.0000000000000000000, -1.000000000000000000 ) ) ;
#1782 = DIRECTION ( 'NONE',  ( -0.0000000000000000000, -1.000000000000000000, -0.0000000000000000000 ) ) ;
#1783 = DIRECTION ( 'NONE',  ( 0.0000000000000000000, 0.0000000000000000000, 1.000000000000000000 ) ) ;
#1784 = EDGE_LOOP ( 'NONE', ( #294, #640, #1002, #1866 ) ) ;
#1785 = LINE ( 'NONE', #1709, #1645 ) ;
#1786 = VECTOR ( 'NONE', #1659, 1000.000000000000000 ) ;
#1787 = DIRECTION ( 'NONE',  ( 0.0000000000000000000, 0.0000000000000000000, 1.000000000000000000 ) ) ;
#1788 = DIRECTION ( 'NONE',  ( 0.0000000000000000000, -0.0000000000000000000, -1.000000000000000000 ) ) ;
#1789 = VECTOR ( 'NONE', #1914, 1000.000000000000000 ) ;
#1790 = FACE_OUTER_BOUND ( 'NONE', #689, .T. ) ;
#1791 = VERTEX_POINT ( 'NONE', #847 ) ;
#1792 = ORIENTED_EDGE ( 'NONE', *, *, #1942, .T. ) ;
#1793 = DIRECTION ( 'NONE',  ( -1.000000000000000000, 0.0000000000000000000, -0.0000000000000000000 ) ) ;
#1794 = ORIENTED_EDGE ( 'NONE', *, *, #442, .F. ) ;
#1795 = ORIENTED_EDGE ( 'NONE', *, *, #687, .F. ) ;
#1796 = EDGE_CURVE ( 'NONE', #830, #1129, #848, .T. ) ;
#1797 = CARTESIAN_POINT ( 'NONE',  ( -0.4499999999999996800, 1.694999999999999800, 0.2499999999999999400 ) ) ;
#1798 = FILL_AREA_STYLE ('',( #301 ) ) ;
#1799 = PLANE ( 'NONE',  #567 ) ;
#1800 = FACE_OUTER_BOUND ( 'NONE', #808, .T. ) ;
#1801 = CARTESIAN_POINT ( 'NONE',  ( -2.499999999999999600, 0.2999999999999999900, 0.6999999999999998400 ) ) ;
#1802 = COLOUR_RGB ( '',0.7921568627450980000, 0.8196078431372548800, 0.9333333333333333500 ) ;
#1803 = EDGE_CURVE ( 'NONE', #1295, #1611, #671, .T. ) ;
#1804 = LINE ( 'NONE', #1528, #1421 ) ;
#1805 = DIRECTION ( 'NONE',  ( -1.000000000000000000, 0.0000000000000000000, 0.0000000000000000000 ) ) ;
#1806 = LINE ( 'NONE', #880, #1400 ) ;
#1807 = LINE ( 'NONE', #338, #353 ) ;
#1808 = VECTOR ( 'NONE', #1513, 1000.000000000000000 ) ;
#1809 = CARTESIAN_POINT ( 'NONE',  ( 1.000000000000001100, 1.700000000000000000, 0.0000000000000000000 ) ) ;
#1810 = EDGE_LOOP ( 'NONE', ( #682, #1839, #953, #1931 ) ) ;
#1811 = ORIENTED_EDGE ( 'NONE', *, *, #1391, .T. ) ;
#1812 = CARTESIAN_POINT ( 'NONE',  ( 1.000000000000000900, 0.0000000000000000000, -0.5000000000000001100 ) ) ;
#1813 = VERTEX_POINT ( 'NONE', #1937 ) ;
#1814 = EDGE_CURVE ( 'NONE', #118, #1295, #249, .T. ) ;
#1815 = CARTESIAN_POINT ( 'NONE',  ( 1.000000000000001100, 1.700000000000000000, 1.000000000000000200 ) ) ;
#1816 = MECHANICAL_DESIGN_GEOMETRIC_PRESENTATION_REPRESENTATION (  '', ( #721 ), #63 ) ;
#1817 = ADVANCED_FACE ( 'NONE', ( #1800 ), #1639, .F. ) ;
#1818 = CARTESIAN_POINT ( 'NONE',  ( 2.500000000000000400, 1.700000000000000000, -0.5000000000000001100 ) ) ;
#1819 = CLOSED_SHELL ( 'NONE', ( #1682, #1707, #1457, #355, #1552, #1535 ) ) ;
#1820 = LINE ( 'NONE', #391, #1227 ) ;
#1821 = LINE ( 'NONE', #399, #1531 ) ;
#1822 = CARTESIAN_POINT ( 'NONE',  ( 2.500000000000000400, 0.2999999999999999300, 0.4999999999999995600 ) ) ;
#1823 = EDGE_CURVE ( 'NONE', #1557, #1543, #1366, .T. ) ;
#1824 = VECTOR ( 'NONE', #11, 1000.000000000000000 ) ;
#1825 = ADVANCED_FACE ( 'NONE', ( #1107 ), #130, .F. ) ;
#1826 = LINE ( 'NONE', #1, #1767 ) ;
#1827 = ORIENTED_EDGE ( 'NONE', *, *, #1287, .T. ) ;
#1828 = ORIENTED_EDGE ( 'NONE', *, *, #1646, .T. ) ;
#1829 = CARTESIAN_POINT ( 'NONE',  ( -2.499999999999999600, 1.700000000000000000, 0.7000000000000000700 ) ) ;
#1830 = ORIENTED_EDGE ( 'NONE', *, *, #1086, .T. ) ;
#1831 = ORIENTED_EDGE ( 'NONE', *, *, #175, .F. ) ;
#1832 = CARTESIAN_POINT ( 'NONE',  ( -2.499999999999999600, 0.2999999999999999900, 0.6999999999999998400 ) ) ;
#1833 = ORIENTED_EDGE ( 'NONE', *, *, #907, .F. ) ;
#1834 = ADVANCED_FACE ( 'NONE', ( #1548 ), #421, .F. ) ;
#1835 = EDGE_CURVE ( 'NONE', #482, #1019, #1246, .T. ) ;
#1836 =( GEOMETRIC_REPRESENTATION_CONTEXT ( 3 ) GLOBAL_UNCERTAINTY_ASSIGNED_CONTEXT ( ( #1350 ) ) GLOBAL_UNIT_ASSIGNED_CONTEXT ( ( #538, #1533, #1469 ) ) REPRESENTATION_CONTEXT ( 'NONE', 'WORKASPACE' ) );
#1837 = CARTESIAN_POINT ( 'NONE',  ( 1.000000000000001100, 7.085164807134503000, 1.000000000000000200 ) ) ;
#1838 = MECHANICAL_DESIGN_GEOMETRIC_PRESENTATION_REPRESENTATION (  '', ( #755 ), #1517 ) ;
#1839 = ORIENTED_EDGE ( 'NONE', *, *, #751, .F. ) ;
#1840 = PLANE ( 'NONE',  #204 ) ;
#1841 = FACE_OUTER_BOUND ( 'NONE', #686, .T. ) ;
#1842 = CARTESIAN_POINT ( 'NONE',  ( -0.9999999999999997800, 7.085164807134503000, -1.000000000000000000 ) ) ;
#1843 = VECTOR ( 'NONE', #628, 1000.000000000000000 ) ;
#1844 = VECTOR ( 'NONE', #248, 1000.000000000000000 ) ;
#1845 = SURFACE_STYLE_USAGE ( .BOTH. , #1854 ) ;
#1846 = VECTOR ( 'NONE', #798, 1000.000000000000000 ) ;
#1847 = DIRECTION ( 'NONE',  ( -0.0000000000000000000, -1.000000000000000000, -0.0000000000000000000 ) ) ;
#1848 = ORIENTED_EDGE ( 'NONE', *, *, #127, .F. ) ;
#1849 = AXIS2_PLACEMENT_3D ( 'NONE', #119, #1187, #1793 ) ;
#1850 = ORIENTED_EDGE ( 'NONE', *, *, #283, .F. ) ;
#1851 = ORIENTED_EDGE ( 'NONE', *, *, #234, .F. ) ;
#1852 = ORIENTED_EDGE ( 'NONE', *, *, #1052, .T. ) ;
#1853 = ORIENTED_EDGE ( 'NONE', *, *, #1648, .T. ) ;
#1854 = SURFACE_SIDE_STYLE ('',( #325 ) ) ;
#1855 = ORIENTED_EDGE ( 'NONE', *, *, #1038, .T. ) ;
#1856 = CARTESIAN_POINT ( 'NONE',  ( 1.000000000000001100, 1.700000000000000000, 1.000000000000000200 ) ) ;
#1857 = ORIENTED_EDGE ( 'NONE', *, *, #345, .T. ) ;
#1858 = CARTESIAN_POINT ( 'NONE',  ( 0.0000000000000000000, 1.700000000000000000, 0.0000000000000000000 ) ) ;
#1859 = UNCERTAINTY_MEASURE_WITH_UNIT (LENGTH_MEASURE( 1.000000000000000100E-005 ), #1438, 'distance_accuracy_value', 'NONE');
#1860 = EDGE_CURVE ( 'NONE', #1680, #356, #585, .T. ) ;
#1861 = CARTESIAN_POINT ( 'NONE',  ( -0.9999999999999997800, 7.085164807134503000, -0.6999999999999998400 ) ) ;
#1862 =( LENGTH_UNIT ( ) NAMED_UNIT ( * ) SI_UNIT ( .MILLI., .METRE. ) );
#1863 = AXIS2_PLACEMENT_3D ( 'NONE', #43, #1412, #504 ) ;
#1864 = VECTOR ( 'NONE', #896, 1000.000000000000000 ) ;
#1865 = FACE_OUTER_BOUND ( 'NONE', #1031, .T. ) ;
#1866 = ORIENTED_EDGE ( 'NONE', *, *, #466, .T. ) ;
#1867 = LINE ( 'NONE', #39, #493 ) ;
#1868 = CARTESIAN_POINT ( 'NONE',  ( -1.949999999999999700, 1.694999999999999800, -0.2500000000000000600 ) ) ;
#1869 = DIRECTION ( 'NONE',  ( -0.0000000000000000000, -1.000000000000000000, -0.0000000000000000000 ) ) ;
#1870 = CARTESIAN_POINT ( 'NONE',  ( 1.000000000000001100, 1.700000000000000200, 1.000000000000000200 ) ) ;
#1871 = LINE ( 'NONE', #913, #1088 ) ;
#1872 = EDGE_CURVE ( 'NONE', #736, #433, #1758, .T. ) ;
#1873 = LINE ( 'NONE', #606, #1333 ) ;
#1874 = ADVANCED_FACE ( 'NONE', ( #76 ), #1179, .F. ) ;
#1875 = LINE ( 'NONE', #1582, #114 ) ;
#1876 = PLANE ( 'NONE',  #1089 ) ;
#1877 = EDGE_CURVE ( 'NONE', #1401, #1543, #1206, .T. ) ;
#1878 = CARTESIAN_POINT ( 'NONE',  ( 1.000000000000001100, 0.0000000000000000000, 1.000000000000000200 ) ) ;
#1879 = ORIENTED_EDGE ( 'NONE', *, *, #1215, .T. ) ;
#1880 = DIRECTION ( 'NONE',  ( 1.000000000000000000, 0.0000000000000000000, 0.0000000000000000000 ) ) ;
#1881 = VERTEX_POINT ( 'NONE', #1632 ) ;
#1882 = VERTEX_POINT ( 'NONE', #443 ) ;
#1883 = DIRECTION ( 'NONE',  ( 0.0000000000000000000, 0.0000000000000000000, 1.000000000000000000 ) ) ;
#1884 = ORIENTED_EDGE ( 'NONE', *, *, #1377, .F. ) ;
#1885 = CARTESIAN_POINT ( 'NONE',  ( 0.0000000000000000000, 1.700000000000000000, 0.0000000000000000000 ) ) ;
#1886 = CARTESIAN_POINT ( 'NONE',  ( 1.445602896647338700E-016, 1.700000000000000000, 0.9999999999999995600 ) ) ;
#1887 = DIRECTION ( 'NONE',  ( 0.0000000000000000000, 0.0000000000000000000, 1.000000000000000000 ) ) ;
#1888 = DIRECTION ( 'NONE',  ( 0.0000000000000000000, -1.000000000000000000, -7.744301232039319100E-017 ) ) ;
#1889 = EDGE_CURVE ( 'NONE', #1338, #712, #960, .T. ) ;
#1890 = CARTESIAN_POINT ( 'NONE',  ( 2.500000000000000400, 0.0000000000000000000, -0.5000000000000001100 ) ) ;
#1891 = VECTOR ( 'NONE', #1358, 1000.000000000000000 ) ;
#1892 = CARTESIAN_POINT ( 'NONE',  ( 0.0000000000000000000, 0.0000000000000000000, 0.0000000000000000000 ) ) ;
#1893 =( GEOMETRIC_REPRESENTATION_CONTEXT ( 3 ) GLOBAL_UNCERTAINTY_ASSIGNED_CONTEXT ( ( #414 ) ) GLOBAL_UNIT_ASSIGNED_CONTEXT ( ( #744, #1065, #603 ) ) REPRESENTATION_CONTEXT ( 'NONE', 'WORKASPACE' ) );
#1894 = LINE ( 'NONE', #206, #963 ) ;
#1895 = DIRECTION ( 'NONE',  ( 0.0000000000000000000, -7.744301232039319100E-017, 1.000000000000000000 ) ) ;
#1896 = ORIENTED_EDGE ( 'NONE', *, *, #345, .F. ) ;
#1897 = VECTOR ( 'NONE', #1463, 1000.000000000000000 ) ;
#1898 = DIRECTION ( 'NONE',  ( -1.000000000000000000, 0.0000000000000000000, -0.0000000000000000000 ) ) ;
#1899 = LINE ( 'NONE', #1822, #704 ) ;
#1900 = CARTESIAN_POINT ( 'NONE',  ( 1.000000000000001100, 0.0000000000000000000, -4.336808689942023700E-016 ) ) ;
#1901 = VECTOR ( 'NONE', #739, 1000.000000000000000 ) ;
#1902 = DIRECTION ( 'NONE',  ( 0.0000000000000000000, 1.000000000000000000, -0.0000000000000000000 ) ) ;
#1903 = CARTESIAN_POINT ( 'NONE',  ( 2.500000000000000400, 0.0000000000000000000, 0.0000000000000000000 ) ) ;
#1904 = LINE ( 'NONE', #199, #1025 ) ;
#1905 = EDGE_CURVE ( 'NONE', #1913, #923, #1505, .T. ) ;
#1906 = CARTESIAN_POINT ( 'NONE',  ( -7.500000000000000000, 0.2999999999999999900, 0.6999999999999998400 ) ) ;
#1907 = DIRECTION ( 'NONE',  ( 0.0000000000000000000, 7.744301232039319100E-017, -1.000000000000000000 ) ) ;
#1908 = ORIENTED_EDGE ( 'NONE', *, *, #763, .T. ) ;
#1909 = ORIENTED_EDGE ( 'NONE', *, *, #932, .F. ) ;
#1910 = CARTESIAN_POINT ( 'NONE',  ( -0.9999999999999997800, 0.2999999999999999300, -0.5000000000000001100 ) ) ;
#1911 = EDGE_LOOP ( 'NONE', ( #1833, #29, #810, #1314 ) ) ;
#1912 = PRESENTATION_LAYER_ASSIGNMENT (  '', '', ( #1218 ) ) ;
#1913 = VERTEX_POINT ( 'NONE', #576 ) ;
#1914 = DIRECTION ( 'NONE',  ( 0.0000000000000000000, 0.0000000000000000000, 1.000000000000000000 ) ) ;
#1915 = CARTESIAN_POINT ( 'NONE',  ( -2.499999999999999600, 1.700000000000000000, 0.0000000000000000000 ) ) ;
#1916 = DIRECTION ( 'NONE',  ( 0.0000000000000000000, 0.0000000000000000000, -1.000000000000000000 ) ) ;
#1917 = CARTESIAN_POINT ( 'NONE',  ( 0.0000000000000000000, 1.700000000000000000, 0.0000000000000000000 ) ) ;
#1918 = CARTESIAN_POINT ( 'NONE',  ( -1.949999999999999700, 1.700000000000000000, 0.2499999999999999400 ) ) ;
#1919 = VECTOR ( 'NONE', #1721, 1000.000000000000000 ) ;
#1920 = DIRECTION ( 'NONE',  ( 1.000000000000000000, 0.0000000000000000000, -1.445602896647339400E-016 ) ) ;
#1921 = CARTESIAN_POINT ( 'NONE',  ( 2.500000000000000400, 0.2999999999999999900, 0.6999999999999998400 ) ) ;
#1922 = LINE ( 'NONE', #227, #6 ) ;
#1923 = FACE_OUTER_BOUND ( 'NONE', #1078, .T. ) ;
#1924 = CARTESIAN_POINT ( 'NONE',  ( -0.9999999999999993300, 0.2999999999999999300, 0.5000000000000001100 ) ) ;
#1925 = LINE ( 'NONE', #1818, #160 ) ;
#1926 = COLOUR_RGB ( '',1.000000000000000000, 1.000000000000000000, 1.000000000000000000 ) ;
#1927 = CARTESIAN_POINT ( 'NONE',  ( -0.9999999999999997800, 1.700000000000000000, -0.5000000000000001100 ) ) ;
#1928 = ORIENTED_EDGE ( 'NONE', *, *, #1776, .F. ) ;
#1929 = ORIENTED_EDGE ( 'NONE', *, *, #1440, .F. ) ;
#1930 = ORIENTED_EDGE ( 'NONE', *, *, #881, .F. ) ;
#1931 = ORIENTED_EDGE ( 'NONE', *, *, #1291, .F. ) ;
#1932 = PRODUCT_DEFINITION_SHAPE ( 'NONE', 'NONE',  #1652 ) ;
#1933 = EDGE_CURVE ( 'NONE', #1702, #1952, #1157, .T. ) ;
#1934 = CARTESIAN_POINT ( 'NONE',  ( -0.4499999999999996800, 0.1138611699158101900, 0.2499999999999999400 ) ) ;
#1935 = ORIENTED_EDGE ( 'NONE', *, *, #658, .T. ) ;
#1936 = EDGE_LOOP ( 'NONE', ( #1409, #1402, #408, #545 ) ) ;
#1937 = CARTESIAN_POINT ( 'NONE',  ( -2.499999999999999600, 0.0000000000000000000, 0.5000000000000001100 ) ) ;
#1938 = DIRECTION ( 'NONE',  ( 0.0000000000000000000, 1.000000000000000000, -0.0000000000000000000 ) ) ;
#1939 = VERTEX_POINT ( 'NONE', #451 ) ;
#1940 = CARTESIAN_POINT ( 'NONE',  ( 2.500000000000000400, 0.2999999999999999900, 0.6999999999999998400 ) ) ;
#1941 = CARTESIAN_POINT ( 'NONE',  ( -2.499999999999999600, 0.2999999999999999900, 0.6999999999999998400 ) ) ;
#1942 = EDGE_CURVE ( 'NONE', #1697, #544, #393, .T. ) ;
#1943 = PRESENTATION_STYLE_ASSIGNMENT (( #379 ) ) ;
#1944 = DIRECTION ( 'NONE',  ( 0.0000000000000000000, 1.000000000000000000, 0.0000000000000000000 ) ) ;
#1945 = LINE ( 'NONE', #1458, #941 ) ;
#1946 = LINE ( 'NONE', #1685, #1113 ) ;
#1947 =( NAMED_UNIT ( * ) PLANE_ANGLE_UNIT ( ) SI_UNIT ( $, .RADIAN. ) );
#1948 = PLANE ( 'NONE',  #1418 ) ;
#1949 = LINE ( 'NONE', #219, #947 ) ;
#1950 = CARTESIAN_POINT ( 'NONE',  ( -2.499999999999999600, 1.699999999999999700, 0.7000000000000000700 ) ) ;
#1951 = LINE ( 'NONE', #1837, #1425 ) ;
#1952 = VERTEX_POINT ( 'NONE', #872 ) ;
#1953 = ORIENTED_EDGE ( 'NONE', *, *, #1291, .T. ) ;
#1954 = VERTEX_POINT ( 'NONE', #1650 ) ;
#1955 = ORIENTED_EDGE ( 'NONE', *, *, #1139, .F. ) ;
#1956 = CARTESIAN_POINT ( 'NONE',  ( -2.499999999999999600, 0.2999999999999999900, 0.6999999999999998400 ) ) ;
#1957 = PLANE ( 'NONE',  #1524 ) ;
#1958 = ORIENTED_EDGE ( 'NONE', *, *, #1646, .F. ) ;
#1959 = AXIS2_PLACEMENT_3D ( 'NONE', #271, #591, #742 ) ;
#1960 = DIRECTION ( 'NONE',  ( 1.000000000000000000, -0.0000000000000000000, 0.0000000000000000000 ) ) ;
#1961 = STYLED_ITEM ( 'NONE', ( #1327 ), #1526 ) ;
ENDSEC;
END-ISO-10303-21;
