ISO-10303-21;
HEADER;
FILE_DESCRIPTION (( 'STEP AP214' ),
    '1' );
FILE_NAME ('LTRBR37G-4R4S-0125-0.STEP',
    '2024-04-29T21:13:18',
    ( 'Mobilap' ),
    ( '' ),
    'SwSTEP 2.0',
    'SolidWorks 2018',
    '' );
FILE_SCHEMA (( 'AUTOMOTIVE_DESIGN' ));
ENDSEC;

DATA;
#1 = ORIENTED_EDGE ( 'NONE', *, *, #2080, .T. ) ;
#2 = ORIENTED_EDGE ( 'NONE', *, *, #1475, .T. ) ;
#3 = LINE ( 'NONE', #826, #2306 ) ;
#4 = VECTOR ( 'NONE', #3707, 1000.000000000000000 ) ;
#5 = DIRECTION ( 'NONE',  ( 0.0000000000000000000, 0.0000000000000000000, -1.000000000000000000 ) ) ;
#6 = FACE_OUTER_BOUND ( 'NONE', #2139, .T. ) ;
#7 = APPLICATION_CONTEXT ( 'automotive_design' ) ;
#8 = DIRECTION ( 'NONE',  ( 0.0000000000000000000, 1.000000000000000000, 0.0000000000000000000 ) ) ;
#9 = EDGE_CURVE ( 'NONE', #4200, #490, #21, .T. ) ;
#10 = CARTESIAN_POINT ( 'NONE',  ( 0.2801399107849885106, 0.05000000000000000278, -0.2783841551168639850 ) ) ;
#11 = ORIENTED_EDGE ( 'NONE', *, *, #2263, .F. ) ;
#12 = LINE ( 'NONE', #558, #5782 ) ;
#13 = VECTOR ( 'NONE', #777, 1000.000000000000000 ) ;
#14 = ORIENTED_EDGE ( 'NONE', *, *, #1450, .T. ) ;
#15 = DIRECTION ( 'NONE',  ( 0.0000000000000000000, -1.000000000000000000, 0.0000000000000000000 ) ) ;
#16 = COLOUR_RGB ( '',1.000000000000000000, 1.000000000000000000, 1.000000000000000000 ) ;
#17 = LINE ( 'NONE', #3464, #4867 ) ;
#18 = EDGE_CURVE ( 'NONE', #3912, #5264, #2447, .T. ) ;
#19 = DIRECTION ( 'NONE',  ( 0.0000000000000000000, 0.0000000000000000000, 1.000000000000000000 ) ) ;
#20 = MECHANICAL_DESIGN_GEOMETRIC_PRESENTATION_REPRESENTATION (  '', ( #5025 ), #320 ) ;
#21 = LINE ( 'NONE', #575, #4723 ) ;
#22 = CARTESIAN_POINT ( 'NONE',  ( 0.0000000000000000000, 0.05000000000000000278, 0.3099999999999999978 ) ) ;
#23 = ORIENTED_EDGE ( 'NONE', *, *, #5162, .F. ) ;
#24 =( NAMED_UNIT ( * ) SI_UNIT ( $, .STERADIAN. ) SOLID_ANGLE_UNIT ( ) );
#25 = EDGE_CURVE ( 'NONE', #5044, #388, #3526, .T. ) ;
#26 = ORIENTED_EDGE ( 'NONE', *, *, #1751, .F. ) ;
#27 = ORIENTED_EDGE ( 'NONE', *, *, #3047, .T. ) ;
#28 = DIRECTION ( 'NONE',  ( 0.0000000000000000000, 0.0000000000000000000, 1.000000000000000000 ) ) ;
#29 = AXIS2_PLACEMENT_3D ( 'NONE', #3683, #1401, #4587 ) ;
#30 = ORIENTED_EDGE ( 'NONE', *, *, #4638, .F. ) ;
#31 = VECTOR ( 'NONE', #862, 1000.000000000000000 ) ;
#32 = EDGE_CURVE ( 'NONE', #1175, #91, #1087, .T. ) ;
#33 = PLANE ( 'NONE',  #1945 ) ;
#34 = FACE_OUTER_BOUND ( 'NONE', #1124, .T. ) ;
#35 = SURFACE_SIDE_STYLE ('',( #1156 ) ) ;
#36 = FACE_OUTER_BOUND ( 'NONE', #563, .T. ) ;
#37 = PLANE ( 'NONE',  #5246 ) ;
#38 = SURFACE_STYLE_FILL_AREA ( #3845 ) ;
#39 = DIRECTION ( 'NONE',  ( -1.000000000000000000, 0.0000000000000000000, 4.216341781888070115E-16 ) ) ;
#40 = EDGE_CURVE ( 'NONE', #5861, #3095, #4586, .T. ) ;
#41 = VECTOR ( 'NONE', #1665, 1000.000000000000000 ) ;
#42 = ORIENTED_EDGE ( 'NONE', *, *, #4000, .F. ) ;
#43 = ORIENTED_EDGE ( 'NONE', *, *, #4289, .T. ) ;
#44 = DIRECTION ( 'NONE',  ( 1.000000000000000000, 0.0000000000000000000, 0.0000000000000000000 ) ) ;
#45 = CARTESIAN_POINT ( 'NONE',  ( -0.4949999999999999956, 0.0000000000000000000, 0.2100000000000000200 ) ) ;
#46 = LINE ( 'NONE', #3097, #3558 ) ;
#47 = ORIENTED_EDGE ( 'NONE', *, *, #2621, .T. ) ;
#48 = LINE ( 'NONE', #4516, #2216 ) ;
#49 = ORIENTED_EDGE ( 'NONE', *, *, #1933, .F. ) ;
#50 = EDGE_CURVE ( 'NONE', #1020, #2807, #1238, .T. ) ;
#51 = ORIENTED_EDGE ( 'NONE', *, *, #3619, .F. ) ;
#52 = DIRECTION ( 'NONE',  ( -1.000000000000000000, 0.0000000000000000000, 1.236370898448382038E-15 ) ) ;
#53 = CARTESIAN_POINT ( 'NONE',  ( 0.05000000000000000278, -6.776263578034400401E-18, -0.1499999999999999944 ) ) ;
#54 = LINE ( 'NONE', #441, #4757 ) ;
#55 = PLANE ( 'NONE',  #3608 ) ;
#56 = ORIENTED_EDGE ( 'NONE', *, *, #1890, .T. ) ;
#57 = DIRECTION ( 'NONE',  ( 0.0000000000000000000, 0.0000000000000000000, 1.000000000000000000 ) ) ;
#58 = ORIENTED_EDGE ( 'NONE', *, *, #3030, .F. ) ;
#59 = VERTEX_POINT ( 'NONE', #1532 ) ;
#60 = VERTEX_POINT ( 'NONE', #3585 ) ;
#61 = EDGE_CURVE ( 'NONE', #923, #2021, #822, .T. ) ;
#62 = DIRECTION ( 'NONE',  ( -1.000000000000000000, 0.0000000000000000000, 0.0000000000000000000 ) ) ;
#63 = FACE_OUTER_BOUND ( 'NONE', #1637, .T. ) ;
#64 = FACE_OUTER_BOUND ( 'NONE', #5611, .T. ) ;
#65 = LINE ( 'NONE', #5004, #4772 ) ;
#66 = DIRECTION ( 'NONE',  ( -1.000000000000000000, 0.0000000000000000000, -9.346570452461239128E-17 ) ) ;
#67 = ORIENTED_EDGE ( 'NONE', *, *, #3650, .F. ) ;
#68 = ORIENTED_EDGE ( 'NONE', *, *, #3079, .T. ) ;
#69 = PRESENTATION_LAYER_ASSIGNMENT (  '', '', ( #5397 ) ) ;
#70 = EDGE_LOOP ( 'NONE', ( #3381, #5117, #1281, #3618 ) ) ;
#71 = FACE_OUTER_BOUND ( 'NONE', #134, .T. ) ;
#72 = VECTOR ( 'NONE', #3881, 1000.000000000000000 ) ;
#73 = ORIENTED_EDGE ( 'NONE', *, *, #2042, .T. ) ;
#74 = ADVANCED_FACE ( 'NONE', ( #4305 ), #5306, .F. ) ;
#75 = DIRECTION ( 'NONE',  ( -0.0000000000000000000, 1.000000000000000000, 0.0000000000000000000 ) ) ;
#76 = VERTEX_POINT ( 'NONE', #4841 ) ;
#77 = LINE ( 'NONE', #3679, #3604 ) ;
#78 = LINE ( 'NONE', #195, #889 ) ;
#79 = LINE ( 'NONE', #4557, #4788 ) ;
#80 = EDGE_CURVE ( 'NONE', #256, #4556, #2181, .T. ) ;
#81 = VECTOR ( 'NONE', #3789, 1000.000000000000000 ) ;
#82 = VERTEX_POINT ( 'NONE', #1197 ) ;
#83 = DIRECTION ( 'NONE',  ( 1.000000000000000000, 0.0000000000000000000, -1.279960898073166052E-15 ) ) ;
#84 = DIRECTION ( 'NONE',  ( 0.0000000000000000000, 0.0000000000000000000, -1.000000000000000000 ) ) ;
#85 = ORIENTED_EDGE ( 'NONE', *, *, #3691, .T. ) ;
#86 = CARTESIAN_POINT ( 'NONE',  ( -0.05000000000000000278, 0.0000000000000000000, -0.05000000000000000278 ) ) ;
#87 = ORIENTED_EDGE ( 'NONE', *, *, #1647, .T. ) ;
#88 = AXIS2_PLACEMENT_3D ( 'NONE', #3561, #3125, #384 ) ;
#89 = DIRECTION ( 'NONE',  ( -0.7071067811865475727, 0.0000000000000000000, 0.7071067811865475727 ) ) ;
#90 = LINE ( 'NONE', #651, #4801 ) ;
#91 = VERTEX_POINT ( 'NONE', #1649 ) ;
#92 = EDGE_CURVE ( 'NONE', #3143, #5542, #2028, .T. ) ;
#93 = STYLED_ITEM ( 'NONE', ( #210 ), #3795 ) ;
#94 = ADVANCED_FACE ( 'NONE', ( #3245 ), #5247, .F. ) ;
#95 = FACE_OUTER_BOUND ( 'NONE', #610, .T. ) ;
#96 = CARTESIAN_POINT ( 'NONE',  ( -0.1053477934590670018, 0.2500000000000000000, 0.0000000000000000000 ) ) ;
#97 = LINE ( 'NONE', #1408, #1179 ) ;
#98 = ORIENTED_EDGE ( 'NONE', *, *, #3614, .T. ) ;
#99 = ADVANCED_FACE ( 'NONE', ( #5377 ), #2944, .T. ) ;
#100 = LINE ( 'NONE', #937, #2399 ) ;
#101 = PLANE ( 'NONE',  #5173 ) ;
#102 = DIRECTION ( 'NONE',  ( 0.0000000000000000000, 1.000000000000000000, 0.0000000000000000000 ) ) ;
#103 = EDGE_LOOP ( 'NONE', ( #4708, #2347, #5512, #1527 ) ) ;
#104 = VECTOR ( 'NONE', #3917, 1000.000000000000000 ) ;
#105 = EDGE_CURVE ( 'NONE', #59, #4988, #2947, .T. ) ;
#106 = ORIENTED_EDGE ( 'NONE', *, *, #1544, .F. ) ;
#107 = DIRECTION ( 'NONE',  ( 0.0000000000000000000, -1.000000000000000000, 0.0000000000000000000 ) ) ;
#108 =( NAMED_UNIT ( * ) SI_UNIT ( $, .STERADIAN. ) SOLID_ANGLE_UNIT ( ) );
#109 = ORIENTED_EDGE ( 'NONE', *, *, #3635, .T. ) ;
#110 = ORIENTED_EDGE ( 'NONE', *, *, #5671, .F. ) ;
#111 = ORIENTED_EDGE ( 'NONE', *, *, #1868, .F. ) ;
#112 = VERTEX_POINT ( 'NONE', #1139 ) ;
#113 = EDGE_CURVE ( 'NONE', #3949, #4101, #528, .T. ) ;
#114 = PLANE ( 'NONE',  #1009 ) ;
#115 = CARTESIAN_POINT ( 'NONE',  ( 0.5000000000000000000, -6.776263578034400401E-18, 0.5000000000000000000 ) ) ;
#116 = ORIENTED_EDGE ( 'NONE', *, *, #4025, .F. ) ;
#117 = VERTEX_POINT ( 'NONE', #3870 ) ;
#118 = VERTEX_POINT ( 'NONE', #2461 ) ;
#119 = DIRECTION ( 'NONE',  ( 0.0000000000000000000, 1.000000000000000000, 0.0000000000000000000 ) ) ;
#120 = DIRECTION ( 'NONE',  ( 0.0000000000000000000, -1.000000000000000000, 0.0000000000000000000 ) ) ;
#121 = CARTESIAN_POINT ( 'NONE',  ( -0.2100000000000000200, 0.05000000000000000278, -0.2100000000000000200 ) ) ;
#122 = ADVANCED_FACE ( 'NONE', ( #5648 ), #3896, .T. ) ;
#123 = EDGE_CURVE ( 'NONE', #2338, #5153, #2801, .T. ) ;
#124 = ADVANCED_FACE ( 'NONE', ( #1755 ), #5667, .T. ) ;
#125 = VECTOR ( 'NONE', #5875, 1000.000000000000000 ) ;
#126 = CARTESIAN_POINT ( 'NONE',  ( 0.0000000000000000000, 0.05000000000000000278, 0.0000000000000000000 ) ) ;
#127 = DIRECTION ( 'NONE',  ( 0.0000000000000000000, 0.0000000000000000000, 1.000000000000000000 ) ) ;
#128 = ORIENTED_EDGE ( 'NONE', *, *, #5859, .T. ) ;
#129 = EDGE_LOOP ( 'NONE', ( #3067, #1902, #3239, #3429 ) ) ;
#130 = LINE ( 'NONE', #808, #4850 ) ;
#131 = FACE_OUTER_BOUND ( 'NONE', #5188, .T. ) ;
#132 = VECTOR ( 'NONE', #4474, 1000.000000000000000 ) ;
#133 = PLANE ( 'NONE',  #529 ) ;
#134 = EDGE_LOOP ( 'NONE', ( #3995, #2603, #1259, #431 ) ) ;
#135 = ORIENTED_EDGE ( 'NONE', *, *, #113, .T. ) ;
#136 = LINE ( 'NONE', #5092, #2436 ) ;
#137 = VECTOR ( 'NONE', #5269, 1000.000000000000000 ) ;
#138 = VERTEX_POINT ( 'NONE', #619 ) ;
#139 = DIRECTION ( 'NONE',  ( 0.0000000000000000000, -1.000000000000000000, 0.0000000000000000000 ) ) ;
#140 = SURFACE_SIDE_STYLE ('',( #223 ) ) ;
#141 = EDGE_CURVE ( 'NONE', #4993, #5764, #1596, .T. ) ;
#142 = CARTESIAN_POINT ( 'NONE',  ( -0.04999999999999939909, 0.0000000000000000000, 0.5000000000000000000 ) ) ;
#143 = VECTOR ( 'NONE', #3094, 1000.000000000000000 ) ;
#144 = COLOUR_RGB ( '',1.000000000000000000, 1.000000000000000000, 1.000000000000000000 ) ;
#145 = VECTOR ( 'NONE', #3444, 1000.000000000000000 ) ;
#146 = DIRECTION ( 'NONE',  ( -0.0000000000000000000, 1.000000000000000000, 0.0000000000000000000 ) ) ;
#147 = CARTESIAN_POINT ( 'NONE',  ( -0.1187308496519079853, 0.05000000000000000278, 0.2146867790523304953 ) ) ;
#148 = ORIENTED_EDGE ( 'NONE', *, *, #2511, .F. ) ;
#149 = ORIENTED_EDGE ( 'NONE', *, *, #2738, .F. ) ;
#150 = EDGE_CURVE ( 'NONE', #4593, #5046, #5082, .T. ) ;
#151 = VERTEX_POINT ( 'NONE', #5806 ) ;
#152 = CARTESIAN_POINT ( 'NONE',  ( 0.2100000000000000200, 0.05000000000000000278, 0.4949999999999999956 ) ) ;
#153 = DIRECTION ( 'NONE',  ( 1.000000000000000000, 0.0000000000000000000, 0.0000000000000000000 ) ) ;
#154 = ADVANCED_FACE ( 'NONE', ( #221 ), #2681, .T. ) ;
#155 = ORIENTED_EDGE ( 'NONE', *, *, #2599, .T. ) ;
#156 = CARTESIAN_POINT ( 'NONE',  ( 0.5000000000000000000, 0.2500000000000000000, 0.5000000000000000000 ) ) ;
#157 = CARTESIAN_POINT ( 'NONE',  ( 0.3099999999999999978, -6.776263578034400401E-18, 0.4949999999999999956 ) ) ;
#158 = VECTOR ( 'NONE', #838, 1000.000000000000000 ) ;
#159 = AXIS2_PLACEMENT_3D ( 'NONE', #5420, #2715, #5882 ) ;
#160 =( NAMED_UNIT ( * ) SI_UNIT ( $, .STERADIAN. ) SOLID_ANGLE_UNIT ( ) );
#161 = DIRECTION ( 'NONE',  ( 1.000000000000000000, 0.0000000000000000000, -4.755272686339930310E-16 ) ) ;
#162 = AXIS2_PLACEMENT_3D ( 'NONE', #2885, #139, #3348 ) ;
#163 = LINE ( 'NONE', #1434, #1539 ) ;
#164 = VECTOR ( 'NONE', #5177, 1000.000000000000000 ) ;
#165 = DIRECTION ( 'NONE',  ( 0.0000000000000000000, 1.000000000000000000, 0.0000000000000000000 ) ) ;
#166 = CARTESIAN_POINT ( 'NONE',  ( -0.1324024845846042131, 0.05000000000000000278, -0.04827599225835989966 ) ) ;
#167 = LINE ( 'NONE', #3403, #2046 ) ;
#168 = AXIS2_PLACEMENT_3D ( 'NONE', #3133, #4046, #1306 ) ;
#169 = LINE ( 'NONE', #266, #2469 ) ;
#170 = ORIENTED_EDGE ( 'NONE', *, *, #2135, .F. ) ;
#171 = ORIENTED_EDGE ( 'NONE', *, *, #5219, .T. ) ;
#172 = DIRECTION ( 'NONE',  ( 0.0000000000000000000, -1.000000000000000000, 0.0000000000000000000 ) ) ;
#173 = VECTOR ( 'NONE', #2639, 1000.000000000000000 ) ;
#174 = CARTESIAN_POINT ( 'NONE',  ( -0.4899999999999999911, 0.05000000000000000278, 0.3204630797616150328 ) ) ;
#175 = VERTEX_POINT ( 'NONE', #4444 ) ;
#176 = AXIS2_PLACEMENT_3D ( 'NONE', #1291, #4487, #1769 ) ;
#177 = LINE ( 'NONE', #877, #3563 ) ;
#178 = VERTEX_POINT ( 'NONE', #2050 ) ;
#179 = CARTESIAN_POINT ( 'NONE',  ( -0.4650000000000000244, 0.05000000000000000278, 0.5000000000000000000 ) ) ;
#180 = DIRECTION ( 'NONE',  ( 0.0000000000000000000, 1.000000000000000000, 0.0000000000000000000 ) ) ;
#181 = ORIENTED_EDGE ( 'NONE', *, *, #2271, .T. ) ;
#182 = DIRECTION ( 'NONE',  ( 0.0000000000000000000, 1.000000000000000000, 0.0000000000000000000 ) ) ;
#183 = PLANE ( 'NONE',  #581 ) ;
#184 = ORIENTED_EDGE ( 'NONE', *, *, #5510, .T. ) ;
#185 = FACE_OUTER_BOUND ( 'NONE', #269, .T. ) ;
#186 = EDGE_CURVE ( 'NONE', #4993, #3930, #4954, .T. ) ;
#187 = ADVANCED_FACE ( 'NONE', ( #2676 ), #1471, .F. ) ;
#188 = ORIENTED_EDGE ( 'NONE', *, *, #4903, .F. ) ;
#189 = EDGE_LOOP ( 'NONE', ( #3714, #5776, #2133, #5775, #2589, #3705 ) ) ;
#190 = VERTEX_POINT ( 'NONE', #4747 ) ;
#191 = VERTEX_POINT ( 'NONE', #1368 ) ;
#192 = EDGE_CURVE ( 'NONE', #4922, #4983, #79, .T. ) ;
#193 = DIRECTION ( 'NONE',  ( 0.0000000000000000000, 0.0000000000000000000, -1.000000000000000000 ) ) ;
#194 =( NAMED_UNIT ( * ) SI_UNIT ( $, .STERADIAN. ) SOLID_ANGLE_UNIT ( ) );
#195 = CARTESIAN_POINT ( 'NONE',  ( -0.5000000000000000000, 0.05000000000000000278, 0.4650000000000000244 ) ) ;
#196 = MECHANICAL_DESIGN_GEOMETRIC_PRESENTATION_REPRESENTATION (  '', ( #5206 ), #526 ) ;
#197 = SURFACE_SIDE_STYLE ('',( #2666 ) ) ;
#199 = MANIFOLD_SOLID_BREP ( 'NONE', #1462 ) ;
#198 = CARTESIAN_POINT ( 'NONE',  ( -0.1053477934590670018, 0.2500000000000000000, -0.3021996039790479927 ) ) ;
#200 = DIRECTION ( 'NONE',  ( 0.0000000000000000000, 1.000000000000000000, 0.0000000000000000000 ) ) ;
#201 = VECTOR ( 'NONE', #2115, 1000.000000000000000 ) ;
#202 = PRESENTATION_STYLE_ASSIGNMENT (( #2483 ) ) ;
#203 = CARTESIAN_POINT ( 'NONE',  ( -0.5000000000000000000, 0.05000000000000000278, -0.4650000000000000244 ) ) ;
#204 = VECTOR ( 'NONE', #450, 1000.000000000000000 ) ;
#205 = EDGE_CURVE ( 'NONE', #4483, #264, #891, .T. ) ;
#206 = EDGE_LOOP ( 'NONE', ( #340, #5649, #2112, #1865 ) ) ;
#207 = PRESENTATION_LAYER_ASSIGNMENT (  '', '', ( #5531 ) ) ;
#208 = CARTESIAN_POINT ( 'NONE',  ( 0.1324024845846046294, 0.05000000000000000278, -0.04827599225835989966 ) ) ;
#209 = ORIENTED_EDGE ( 'NONE', *, *, #3489, .F. ) ;
#210 = PRESENTATION_STYLE_ASSIGNMENT (( #3400 ) ) ;
#211 = FACE_OUTER_BOUND ( 'NONE', #1705, .T. ) ;
#212 = UNCERTAINTY_MEASURE_WITH_UNIT (LENGTH_MEASURE( 1.000000000000000082E-05 ), #2591, 'distance_accuracy_value', 'NONE');
#213 = VERTEX_POINT ( 'NONE', #2051 ) ;
#214 = EDGE_CURVE ( 'NONE', #3713, #3484, #3177, .T. ) ;
#215 = ORIENTED_EDGE ( 'NONE', *, *, #5462, .T. ) ;
#216 = FACE_OUTER_BOUND ( 'NONE', #5364, .T. ) ;
#217 = LINE ( 'NONE', #2444, #3883 ) ;
#218 = CARTESIAN_POINT ( 'NONE',  ( 0.0000000000000000000, 0.2500000000000000000, 0.2146867790523304953 ) ) ;
#219 = CARTESIAN_POINT ( 'NONE',  ( -0.1053477934590670018, 0.2500000000000000000, -0.1758845661859115006 ) ) ;
#220 = ADVANCED_FACE ( 'NONE', ( #3610 ), #5248, .F. ) ;
#221 = FACE_OUTER_BOUND ( 'NONE', #5895, .T. ) ;
#222 = DIRECTION ( 'NONE',  ( 1.000000000000000000, 0.0000000000000000000, 0.0000000000000000000 ) ) ;
#223 = SURFACE_STYLE_FILL_AREA ( #2886 ) ;
#224 = ORIENTED_EDGE ( 'NONE', *, *, #3916, .F. ) ;
#225 = CARTESIAN_POINT ( 'NONE',  ( 0.2801399107849885106, 0.05000000000000000278, -0.2783841551168639850 ) ) ;
#226 = DIRECTION ( 'NONE',  ( 0.0000000000000000000, 0.0000000000000000000, 1.000000000000000000 ) ) ;
#227 = EDGE_CURVE ( 'NONE', #5535, #1692, #2520, .T. ) ;
#228 = CARTESIAN_POINT ( 'NONE',  ( -0.3099999999999999978, 0.0000000000000000000, 0.4949999999999999956 ) ) ;
#229 = PLANE ( 'NONE',  #2036 ) ;
#230 = ORIENTED_EDGE ( 'NONE', *, *, #3312, .F. ) ;
#231 = DIRECTION ( 'NONE',  ( -1.000000000000000000, 0.0000000000000000000, 1.215054158819962036E-15 ) ) ;
#232 = ORIENTED_EDGE ( 'NONE', *, *, #2613, .T. ) ;
#233 = DIRECTION ( 'NONE',  ( 1.000000000000000000, 0.0000000000000000000, -2.168404344971010446E-15 ) ) ;
#234 = EDGE_CURVE ( 'NONE', #2778, #3143, #4371, .T. ) ;
#235 = AXIS2_PLACEMENT_3D ( 'NONE', #3261, #4174, #1438 ) ;
#236 = VECTOR ( 'NONE', #5633, 1000.000000000000000 ) ;
#237 = ORIENTED_EDGE ( 'NONE', *, *, #5320, .T. ) ;
#238 = CARTESIAN_POINT ( 'NONE',  ( -0.4899999999999999911, 0.05000000000000000278, 0.3204630797616150328 ) ) ;
#239 =( LENGTH_UNIT ( ) NAMED_UNIT ( * ) SI_UNIT ( .MILLI., .METRE. ) );
#240 = LINE ( 'NONE', #1203, #4971 ) ;
#241 = DIRECTION ( 'NONE',  ( 0.0000000000000000000, -1.000000000000000000, 0.0000000000000000000 ) ) ;
#242 = LINE ( 'NONE', #270, #2539 ) ;
#243 = EDGE_CURVE ( 'NONE', #1659, #3979, #4232, .T. ) ;
#244 = VECTOR ( 'NONE', #932, 1000.000000000000000 ) ;
#245 = DIRECTION ( 'NONE',  ( -0.8471602077226362271, 0.0000000000000000000, -0.5313375409768631430 ) ) ;
#246 = VERTEX_POINT ( 'NONE', #719 ) ;
#247 = DIRECTION ( 'NONE',  ( -0.0000000000000000000, 1.000000000000000000, 0.0000000000000000000 ) ) ;
#248 =( GEOMETRIC_REPRESENTATION_CONTEXT ( 3 ) GLOBAL_UNCERTAINTY_ASSIGNED_CONTEXT ( ( #4636 ) ) GLOBAL_UNIT_ASSIGNED_CONTEXT ( ( #5573, #2849, #108 ) ) REPRESENTATION_CONTEXT ( 'NONE', 'WORKASPACE' ) );
#249 = DIRECTION ( 'NONE',  ( 0.0000000000000000000, 0.0000000000000000000, -1.000000000000000000 ) ) ;
#250 = FACE_OUTER_BOUND ( 'NONE', #4139, .T. ) ;
#251 = ADVANCED_FACE ( 'NONE', ( #1825 ), #4356, .T. ) ;
#252 = ORIENTED_EDGE ( 'NONE', *, *, #5472, .T. ) ;
#253 = DIRECTION ( 'NONE',  ( 0.0000000000000000000, 0.0000000000000000000, 1.000000000000000000 ) ) ;
#254 = LINE ( 'NONE', #4793, #4982 ) ;
#255 = CARTESIAN_POINT ( 'NONE',  ( 0.1187308496519081935, 0.2500000000000000000, 0.3487332069152305203 ) ) ;
#256 = VERTEX_POINT ( 'NONE', #1166 ) ;
#257 = ORIENTED_EDGE ( 'NONE', *, *, #4834, .F. ) ;
#258 = DIRECTION ( 'NONE',  ( -1.000000000000000000, 0.0000000000000000000, 0.0000000000000000000 ) ) ;
#259 = PLANE ( 'NONE',  #2464 ) ;
#260 = CARTESIAN_POINT ( 'NONE',  ( -0.2100000000000000200, -6.776263578034400401E-18, -0.2100000000000000200 ) ) ;
#261 = DIRECTION ( 'NONE',  ( -0.0000000000000000000, 1.000000000000000000, 0.0000000000000000000 ) ) ;
#262 = VERTEX_POINT ( 'NONE', #3932 ) ;
#263 = ORIENTED_EDGE ( 'NONE', *, *, #954, .T. ) ;
#264 = VERTEX_POINT ( 'NONE', #260 ) ;
#265 = DIRECTION ( 'NONE',  ( 0.0000000000000000000, 0.0000000000000000000, -1.000000000000000000 ) ) ;
#266 = CARTESIAN_POINT ( 'NONE',  ( 0.2825860074852225012, 0.05000000000000000278, 0.4505528074687949469 ) ) ;
#267 = CARTESIAN_POINT ( 'NONE',  ( -0.05000000000000000278, 0.05000000000000000278, -0.3021996039790479927 ) ) ;
#268 = CARTESIAN_POINT ( 'NONE',  ( 0.2933618639406084805, 0.2500000000000000000, 0.4800000000000000377 ) ) ;
#269 = EDGE_LOOP ( 'NONE', ( #4881, #5183, #3819, #1423 ) ) ;
#270 = CARTESIAN_POINT ( 'NONE',  ( -0.3099999999999999978, -6.776263578034400401E-18, 0.5000000000000000000 ) ) ;
#271 = VERTEX_POINT ( 'NONE', #3455 ) ;
#272 = VERTEX_POINT ( 'NONE', #3439 ) ;
#273 = DIRECTION ( 'NONE',  ( -8.559490835411880276E-16, 0.0000000000000000000, 1.000000000000000000 ) ) ;
#274 = CARTESIAN_POINT ( 'NONE',  ( 0.4949999999999999956, 0.05000000000000000278, -0.2100000000000000200 ) ) ;
#275 = EDGE_CURVE ( 'NONE', #4195, #2650, #1673, .T. ) ;
#276 = VECTOR ( 'NONE', #893, 1000.000000000000000 ) ;
#277 = LINE ( 'NONE', #1207, #2848 ) ;
#278 = DIRECTION ( 'NONE',  ( 0.0000000000000000000, 0.0000000000000000000, -1.000000000000000000 ) ) ;
#279 = CARTESIAN_POINT ( 'NONE',  ( 0.2933618639406084805, 0.2500000000000000000, 0.4437942073613649896 ) ) ;
#280 = CARTESIAN_POINT ( 'NONE',  ( 0.05000000000000000278, 0.05000000000000000278, 0.05000000000000000278 ) ) ;
#281 = ADVANCED_FACE ( 'NONE', ( #591 ), #2571, .F. ) ;
#282 = ORIENTED_EDGE ( 'NONE', *, *, #2324, .T. ) ;
#283 = EDGE_CURVE ( 'NONE', #1554, #5106, #2870, .T. ) ;
#284 = EDGE_LOOP ( 'NONE', ( #1857, #864, #5394, #4142 ) ) ;
#285 = ORIENTED_EDGE ( 'NONE', *, *, #5383, .T. ) ;
#286 = LINE ( 'NONE', #308, #5005 ) ;
#287 = AXIS2_PLACEMENT_3D ( 'NONE', #126, #146, #3354 ) ;
#288 = CARTESIAN_POINT ( 'NONE',  ( 0.4949999999999999956, 0.0000000000000000000, 0.3099999999999999978 ) ) ;
#289 = VECTOR ( 'NONE', #1280, 1000.000000000000000 ) ;
#290 = DIRECTION ( 'NONE',  ( 1.000000000000000000, 0.0000000000000000000, 0.0000000000000000000 ) ) ;
#291 = DIRECTION ( 'NONE',  ( 0.0000000000000000000, 0.0000000000000000000, 1.000000000000000000 ) ) ;
#292 = ORIENTED_EDGE ( 'NONE', *, *, #105, .T. ) ;
#293 = CARTESIAN_POINT ( 'NONE',  ( -0.3202182358878855606, 0.2500000000000000000, 0.0000000000000000000 ) ) ;
#294 = DIRECTION ( 'NONE',  ( 0.0000000000000000000, -1.000000000000000000, 0.0000000000000000000 ) ) ;
#295 = ORIENTED_EDGE ( 'NONE', *, *, #3238, .T. ) ;
#296 = DIRECTION ( 'NONE',  ( -0.0000000000000000000, 1.000000000000000000, 0.0000000000000000000 ) ) ;
#297 = VERTEX_POINT ( 'NONE', #3480 ) ;
#298 = VECTOR ( 'NONE', #3528, 1000.000000000000000 ) ;
#299 = DIRECTION ( 'NONE',  ( 0.0000000000000000000, 0.0000000000000000000, -1.000000000000000000 ) ) ;
#300 = LINE ( 'NONE', #4345, #2871 ) ;
#301 = SURFACE_STYLE_USAGE ( .BOTH. , #3040 ) ;
#302 = AXIS2_PLACEMENT_3D ( 'NONE', #5292, #5741, #3027 ) ;
#303 = ORIENTED_EDGE ( 'NONE', *, *, #1171, .T. ) ;
#304 = PLANE ( 'NONE',  #3698 ) ;
#305 = CARTESIAN_POINT ( 'NONE',  ( 0.0000000000000000000, 0.2500000000000000000, 0.2146867790523304953 ) ) ;
#306 = CARTESIAN_POINT ( 'NONE',  ( -0.04999999999999939909, 0.05000000000000000278, 0.5000000000000000000 ) ) ;
#307 = ORIENTED_EDGE ( 'NONE', *, *, #61, .T. ) ;
#308 = CARTESIAN_POINT ( 'NONE',  ( 9.813898975084309034E-17, 0.05000000000000000278, 0.2100000000000000200 ) ) ;
#309 = DIRECTION ( 'NONE',  ( 0.0000000000000000000, 1.000000000000000000, 0.0000000000000000000 ) ) ;
#310 = EDGE_CURVE ( 'NONE', #3921, #466, #5296, .T. ) ;
#311 = PLANE ( 'NONE',  #2299 ) ;
#312 = CARTESIAN_POINT ( 'NONE',  ( 0.5000000000000000000, 0.0000000000000000000, 0.5000000000000000000 ) ) ;
#313 = CARTESIAN_POINT ( 'NONE',  ( -0.2897406927382009667, 0.2500000000000000000, -0.4544952042952180027 ) ) ;
#314 = ORIENTED_EDGE ( 'NONE', *, *, #1570, .F. ) ;
#315 = LINE ( 'NONE', #3111, #2754 ) ;
#316 = PLANE ( 'NONE',  #3676 ) ;
#317 = VECTOR ( 'NONE', #2771, 1000.000000000000000 ) ;
#318 = CARTESIAN_POINT ( 'NONE',  ( 0.05000000000000000278, 0.05000000000000000278, 0.5000000000000000000 ) ) ;
#319 = VECTOR ( 'NONE', #5591, 1000.000000000000000 ) ;
#320 =( GEOMETRIC_REPRESENTATION_CONTEXT ( 3 ) GLOBAL_UNCERTAINTY_ASSIGNED_CONTEXT ( ( #674 ) ) GLOBAL_UNIT_ASSIGNED_CONTEXT ( ( #239, #3438, #718 ) ) REPRESENTATION_CONTEXT ( 'NONE', 'WORKASPACE' ) );
#321 = LINE ( 'NONE', #152, #1543 ) ;
#322 = CARTESIAN_POINT ( 'NONE',  ( 1.073360150760649981E-15, 0.0000000000000000000, 0.4949999999999999956 ) ) ;
#323 = DIRECTION ( 'NONE',  ( 0.0000000000000000000, -1.000000000000000000, 0.0000000000000000000 ) ) ;
#324 = CARTESIAN_POINT ( 'NONE',  ( 0.05000000000000000278, 0.05000000000000000278, 0.05000000000000000278 ) ) ;
#325 = DIRECTION ( 'NONE',  ( -1.000000000000000000, 0.0000000000000000000, -9.346570452461239128E-17 ) ) ;
#326 = LINE ( 'NONE', #1640, #1404 ) ;
#327 = ORIENTED_EDGE ( 'NONE', *, *, #3389, .T. ) ;
#328 = ORIENTED_EDGE ( 'NONE', *, *, #4346, .F. ) ;
#329 = VECTOR ( 'NONE', #2166, 1000.000000000000000 ) ;
#330 = DIRECTION ( 'NONE',  ( 0.5313375409768632540, 0.0000000000000000000, -0.8471602077226363381 ) ) ;
#331 = EDGE_CURVE ( 'NONE', #742, #1516, #5440, .T. ) ;
#332 = DIRECTION ( 'NONE',  ( -1.000000000000000000, 0.0000000000000000000, 0.0000000000000000000 ) ) ;
#333 = CARTESIAN_POINT ( 'NONE',  ( -0.4949999999999999956, 0.05000000000000000278, 0.2100000000000000200 ) ) ;
#334 = EDGE_LOOP ( 'NONE', ( #393, #1204, #5719, #2148 ) ) ;
#335 = STYLED_ITEM ( 'NONE', ( #3671 ), #3369 ) ;
#336 = LINE ( 'NONE', #1285, #1412 ) ;
#337 = CARTESIAN_POINT ( 'NONE',  ( 0.0000000000000000000, 0.0000000000000000000, -0.3099999999999999978 ) ) ;
#338 = VERTEX_POINT ( 'NONE', #2593 ) ;
#339 = ORIENTED_EDGE ( 'NONE', *, *, #5118, .T. ) ;
#340 = ORIENTED_EDGE ( 'NONE', *, *, #935, .F. ) ;
#341 = ORIENTED_EDGE ( 'NONE', *, *, #2738, .T. ) ;
#342 = CARTESIAN_POINT ( 'NONE',  ( -0.4949999999999999956, 0.05000000000000000278, -0.3099999999999999978 ) ) ;
#343 = EDGE_CURVE ( 'NONE', #666, #5861, #4104, .T. ) ;
#344 = DIRECTION ( 'NONE',  ( 1.000000000000000000, 0.0000000000000000000, 0.0000000000000000000 ) ) ;
#345 = LINE ( 'NONE', #4519, #5052 ) ;
#346 =( NAMED_UNIT ( * ) PLANE_ANGLE_UNIT ( ) SI_UNIT ( $, .RADIAN. ) );
#347 = ORIENTED_EDGE ( 'NONE', *, *, #2283, .T. ) ;
#348 = ORIENTED_EDGE ( 'NONE', *, *, #4619, .F. ) ;
#349 = VERTEX_POINT ( 'NONE', #778 ) ;
#350 = CARTESIAN_POINT ( 'NONE',  ( -0.2933618639406079809, 0.2500000000000000000, 0.4800000000000000377 ) ) ;
#351 = PLANE ( 'NONE',  #4890 ) ;
#352 = ORIENTED_EDGE ( 'NONE', *, *, #3141, .T. ) ;
#353 = EDGE_CURVE ( 'NONE', #5418, #2297, #2595, .T. ) ;
#354 = DIRECTION ( 'NONE',  ( 1.000000000000000000, 0.0000000000000000000, -1.084202172485503818E-16 ) ) ;
#355 = CARTESIAN_POINT ( 'NONE',  ( 0.2100000000000000200, -6.776263578034400401E-18, -0.4949999999999999956 ) ) ;
#356 = CARTESIAN_POINT ( 'NONE',  ( 0.0000000000000000000, 0.05000000000000000278, 0.0000000000000000000 ) ) ;
#357 = LINE ( 'NONE', #4649, #2654 ) ;
#358 = DIRECTION ( 'NONE',  ( 0.0000000000000000000, -9.510545372679860126E-17, 1.000000000000000000 ) ) ;
#359 = ADVANCED_FACE ( 'NONE', ( #2741 ), #4872, .T. ) ;
#360 = DIRECTION ( 'NONE',  ( 0.0000000000000000000, -1.000000000000000000, 0.0000000000000000000 ) ) ;
#361 = EDGE_CURVE ( 'NONE', #4295, #949, #4865, .T. ) ;
#362 = SURFACE_STYLE_USAGE ( .BOTH. , #3108 ) ;
#363 = VERTEX_POINT ( 'NONE', #3070 ) ;
#364 = VECTOR ( 'NONE', #4819, 1000.000000000000000 ) ;
#365 = LINE ( 'NONE', #5165, #1432 ) ;
#366 = DIRECTION ( 'NONE',  ( 0.0000000000000000000, 1.000000000000000000, 0.0000000000000000000 ) ) ;
#367 = LINE ( 'NONE', #4103, #1433 ) ;
#368 = CARTESIAN_POINT ( 'NONE',  ( 0.3099999999999999978, 0.05000000000000000278, 0.0000000000000000000 ) ) ;
#369 = ORIENTED_EDGE ( 'NONE', *, *, #2065, .T. ) ;
#370 = DIRECTION ( 'NONE',  ( 1.000000000000000000, 0.0000000000000000000, 8.733850833911000162E-16 ) ) ;
#371 = ORIENTED_EDGE ( 'NONE', *, *, #729, .F. ) ;
#372 = LINE ( 'NONE', #179, #514 ) ;
#373 = FACE_OUTER_BOUND ( 'NONE', #5544, .T. ) ;
#374 = DIRECTION ( 'NONE',  ( -1.215054158819962036E-15, 0.0000000000000000000, -1.000000000000000000 ) ) ;
#375 = CARTESIAN_POINT ( 'NONE',  ( -0.5000000000000000000, -6.776263578034400401E-18, 0.05000000000000070360 ) ) ;
#376 = ORIENTED_EDGE ( 'NONE', *, *, #2452, .T. ) ;
#377 = EDGE_CURVE ( 'NONE', #4823, #5257, #3805, .T. ) ;
#378 = DIRECTION ( 'NONE',  ( 0.0000000000000000000, -1.000000000000000000, 0.0000000000000000000 ) ) ;
#379 = AXIS2_PLACEMENT_3D ( 'NONE', #5300, #3032, #290 ) ;
#380 = DIRECTION ( 'NONE',  ( -0.0000000000000000000, 1.000000000000000000, 0.0000000000000000000 ) ) ;
#381 = VECTOR ( 'NONE', #3661, 1000.000000000000000 ) ;
#382 = FACE_OUTER_BOUND ( 'NONE', #1484, .T. ) ;
#383 = DIRECTION ( 'NONE',  ( 0.0000000000000000000, 0.0000000000000000000, -1.000000000000000000 ) ) ;
#384 = DIRECTION ( 'NONE',  ( 1.000000000000000000, 0.0000000000000000000, 0.0000000000000000000 ) ) ;
#385 = DIRECTION ( 'NONE',  ( 1.000000000000000000, 0.0000000000000000000, 0.0000000000000000000 ) ) ;
#386 = SURFACE_STYLE_FILL_AREA ( #1557 ) ;
#387 = CARTESIAN_POINT ( 'NONE',  ( 0.05000000000000000278, 0.05000000000000000278, -0.5000000000000000000 ) ) ;
#388 = VERTEX_POINT ( 'NONE', #800 ) ;
#389 = DIRECTION ( 'NONE',  ( 0.0000000000000000000, 0.0000000000000000000, 1.000000000000000000 ) ) ;
#390 = DIRECTION ( 'NONE',  ( -9.346570452461239128E-17, 0.0000000000000000000, 1.000000000000000000 ) ) ;
#391 = CARTESIAN_POINT ( 'NONE',  ( 0.4899999999999999911, 0.05000000000000000278, 0.05000000000000000278 ) ) ;
#392 = CARTESIAN_POINT ( 'NONE',  ( -0.2825860074852220016, 0.2500000000000000000, 0.4505528074687949469 ) ) ;
#393 = ORIENTED_EDGE ( 'NONE', *, *, #5286, .T. ) ;
#394 = ADVANCED_FACE ( 'NONE', ( #2440 ), #2610, .F. ) ;
#395 = MECHANICAL_DESIGN_GEOMETRIC_PRESENTATION_REPRESENTATION (  '', ( #5397 ), #701 ) ;
#396 = ORIENTED_EDGE ( 'NONE', *, *, #2837, .T. ) ;
#397 = CARTESIAN_POINT ( 'NONE',  ( 0.05000000000000000278, 0.05000000000000000278, 0.1355136704081486010 ) ) ;
#398 =( NAMED_UNIT ( * ) SI_UNIT ( $, .STERADIAN. ) SOLID_ANGLE_UNIT ( ) );
#399 = DIRECTION ( 'NONE',  ( 0.0000000000000000000, 0.0000000000000000000, 1.000000000000000000 ) ) ;
#400 = SURFACE_SIDE_STYLE ('',( #5820 ) ) ;
#401 = PLANE ( 'NONE',  #1217 ) ;
#402 = ORIENTED_EDGE ( 'NONE', *, *, #4382, .F. ) ;
#403 = FACE_OUTER_BOUND ( 'NONE', #4092, .T. ) ;
#405 = EDGE_CURVE ( 'NONE', #4564, #3222, #3669, .T. ) ;
#404 = LINE ( 'NONE', #2155, #5881 ) ;
#406 = DIRECTION ( 'NONE',  ( 0.0000000000000000000, 0.0000000000000000000, -1.000000000000000000 ) ) ;
#407 = MANIFOLD_SOLID_BREP ( 'NONE', #3782 ) ;
#408 = VECTOR ( 'NONE', #1369, 1000.000000000000000 ) ;
#409 = ORIENTED_EDGE ( 'NONE', *, *, #50, .F. ) ;
#410 = CARTESIAN_POINT ( 'NONE',  ( 0.0000000000000000000, 0.2500000000000000000, -0.5000000000000000000 ) ) ;
#411 = DIRECTION ( 'NONE',  ( -0.0000000000000000000, 1.000000000000000000, 0.0000000000000000000 ) ) ;
#412 = VECTOR ( 'NONE', #887, 1000.000000000000000 ) ;
#413 = DIRECTION ( 'NONE',  ( 1.000000000000000000, 0.0000000000000000000, 0.0000000000000000000 ) ) ;
#414 = AXIS2_PLACEMENT_3D ( 'NONE', #531, #4180, #1449 ) ;
#415 = EDGE_CURVE ( 'NONE', #1992, #5448, #5506, .T. ) ;
#416 = PRESENTATION_STYLE_ASSIGNMENT (( #2450 ) ) ;
#417 = ORIENTED_EDGE ( 'NONE', *, *, #3129, .F. ) ;
#418 = DIRECTION ( 'NONE',  ( 0.0000000000000000000, -1.000000000000000000, 0.0000000000000000000 ) ) ;
#419 = UNCERTAINTY_MEASURE_WITH_UNIT (LENGTH_MEASURE( 1.000000000000000082E-05 ), #5488, 'distance_accuracy_value', 'NONE');
#420 = DIRECTION ( 'NONE',  ( 0.0000000000000000000, 0.0000000000000000000, 1.000000000000000000 ) ) ;
#421 = FACE_OUTER_BOUND ( 'NONE', #4342, .T. ) ;
#422 = CARTESIAN_POINT ( 'NONE',  ( -0.4949999999999999956, -6.776263578034400401E-18, 0.2100000000000000200 ) ) ;
#423 = VERTEX_POINT ( 'NONE', #844 ) ;
#424 = CARTESIAN_POINT ( 'NONE',  ( -0.05000000000000000278, -6.776263578034400401E-18, -0.05000000000000000278 ) ) ;
#425 = ORIENTED_EDGE ( 'NONE', *, *, #1588, .F. ) ;
#426 = EDGE_CURVE ( 'NONE', #4410, #2900, #1889, .T. ) ;
#427 = VERTEX_POINT ( 'NONE', #3117 ) ;
#428 = ADVANCED_FACE ( 'NONE', ( #1230, #5371 ), #4486, .T. ) ;
#429 = AXIS2_PLACEMENT_3D ( 'NONE', #4282, #3853, #1108 ) ;
#430 = CARTESIAN_POINT ( 'NONE',  ( 0.05000000000000000278, 0.0000000000000000000, -0.1499999999999999944 ) ) ;
#431 = ORIENTED_EDGE ( 'NONE', *, *, #1327, .T. ) ;
#432 = VERTEX_POINT ( 'NONE', #2574 ) ;
#433 = DIRECTION ( 'NONE',  ( -1.000000000000000000, 0.0000000000000000000, -9.510545372679860126E-17 ) ) ;
#434 = ORIENTED_EDGE ( 'NONE', *, *, #3312, .T. ) ;
#435 = CARTESIAN_POINT ( 'NONE',  ( -0.1053477934590670018, 0.2500000000000000000, 0.0000000000000000000 ) ) ;
#436 = AXIS2_PLACEMENT_3D ( 'NONE', #3868, #2525, #2500 ) ;
#437 = ORIENTED_EDGE ( 'NONE', *, *, #3857, .T. ) ;
#438 = DIRECTION ( 'NONE',  ( 0.0000000000000000000, -1.000000000000000000, 0.0000000000000000000 ) ) ;
#439 = VERTEX_POINT ( 'NONE', #741 ) ;
#440 = PLANE ( 'NONE',  #3515 ) ;
#441 = CARTESIAN_POINT ( 'NONE',  ( 0.0000000000000000000, 0.2500000000000000000, 0.3487332069152305203 ) ) ;
#442 = CARTESIAN_POINT ( 'NONE',  ( 0.0000000000000000000, 0.05000000000000000278, 0.3099999999999999978 ) ) ;
#443 = EDGE_CURVE ( 'NONE', #3068, #1569, #3096, .T. ) ;
#444 = VECTOR ( 'NONE', #3172, 1000.000000000000000 ) ;
#445 = CARTESIAN_POINT ( 'NONE',  ( 0.2825860074852225012, 0.2500000000000000000, 0.4505528074687949469 ) ) ;
#446 = LINE ( 'NONE', #2119, #3936 ) ;
#447 = LINE ( 'NONE', #2004, #2850 ) ;
#448 = ORIENTED_EDGE ( 'NONE', *, *, #4541, .F. ) ;
#449 = ORIENTED_EDGE ( 'NONE', *, *, #648, .T. ) ;
#450 = DIRECTION ( 'NONE',  ( 0.0000000000000000000, -1.000000000000000000, 0.0000000000000000000 ) ) ;
#451 = VECTOR ( 'NONE', #1275, 1000.000000000000000 ) ;
#452 = LINE ( 'NONE', #4908, #5007 ) ;
#453 = EDGE_CURVE ( 'NONE', #1264, #2073, #4162, .T. ) ;
#454 = DIRECTION ( 'NONE',  ( 0.0000000000000000000, 0.0000000000000000000, -1.000000000000000000 ) ) ;
#455 = AXIS2_PLACEMENT_3D ( 'NONE', #2510, #2079, #5255 ) ;
#456 = ORIENTED_EDGE ( 'NONE', *, *, #5831, .T. ) ;
#457 = AXIS2_PLACEMENT_3D ( 'NONE', #1620, #2533, #5709 ) ;
#458 = CARTESIAN_POINT ( 'NONE',  ( 0.0000000000000000000, 0.05000000000000000278, 0.3099999999999999978 ) ) ;
#459 = ORIENTED_EDGE ( 'NONE', *, *, #5086, .F. ) ;
#460 = VECTOR ( 'NONE', #4825, 1000.000000000000000 ) ;
#461 = CARTESIAN_POINT ( 'NONE',  ( 0.05000000000000000278, 0.0000000000000000000, -0.5000000000000000000 ) ) ;
#462 = LINE ( 'NONE', #5708, #5014 ) ;
#463 = EDGE_CURVE ( 'NONE', #4922, #349, #520, .T. ) ;
#464 = DIRECTION ( 'NONE',  ( 0.0000000000000000000, -1.000000000000000000, 0.0000000000000000000 ) ) ;
#465 = AXIS2_PLACEMENT_3D ( 'NONE', #4417, #1695, #4868 ) ;
#466 = VERTEX_POINT ( 'NONE', #3028 ) ;
#467 = ORIENTED_EDGE ( 'NONE', *, *, #5369, .T. ) ;
#468 = CARTESIAN_POINT ( 'NONE',  ( 0.1499999999999999944, 0.05000000000000000278, -0.05000000000000000278 ) ) ;
#469 = CARTESIAN_POINT ( 'NONE',  ( -0.3099999999999999978, 0.05000000000000000278, 0.0000000000000000000 ) ) ;
#470 = DIRECTION ( 'NONE',  ( 0.0000000000000000000, 0.0000000000000000000, 1.000000000000000000 ) ) ;
#471 = EDGE_LOOP ( 'NONE', ( #2252, #919, #4832, #1762 ) ) ;
#472 = DIRECTION ( 'NONE',  ( -1.000000000000000000, 0.0000000000000000000, 0.0000000000000000000 ) ) ;
#473 = EDGE_CURVE ( 'NONE', #1986, #588, #4439, .T. ) ;
#474 = CARTESIAN_POINT ( 'NONE',  ( 0.1053477934590670018, 0.2500000000000000000, -0.1758845661859115006 ) ) ;
#475 = FACE_OUTER_BOUND ( 'NONE', #1941, .T. ) ;
#476 = SURFACE_SIDE_STYLE ('',( #3145 ) ) ;
#477 = CARTESIAN_POINT ( 'NONE',  ( -0.2100000000000000200, -6.776263578034400401E-18, 0.4949999999999999956 ) ) ;
#478 = DIRECTION ( 'NONE',  ( 0.0000000000000000000, -1.000000000000000000, 0.0000000000000000000 ) ) ;
#479 = EDGE_CURVE ( 'NONE', #3143, #423, #2175, .T. ) ;
#480 = VERTEX_POINT ( 'NONE', #2143 ) ;
#481 = PLANE ( 'NONE',  #2824 ) ;
#482 = ORIENTED_EDGE ( 'NONE', *, *, #4594, .T. ) ;
#483 = CARTESIAN_POINT ( 'NONE',  ( 0.1187308496519081935, 0.2500000000000000000, 0.0000000000000000000 ) ) ;
#484 = DIRECTION ( 'NONE',  ( 1.000000000000000000, 0.0000000000000000000, 0.0000000000000000000 ) ) ;
#485 = DIRECTION ( 'NONE',  ( 0.0000000000000000000, -1.000000000000000000, 0.0000000000000000000 ) ) ;
#486 = LINE ( 'NONE', #3583, #1703 ) ;
#487 = CARTESIAN_POINT ( 'NONE',  ( -0.2933618639406079809, 0.05000000000000000278, 0.4800000000000000377 ) ) ;
#488 = ORIENTED_EDGE ( 'NONE', *, *, #2796, .T. ) ;
#489 = LINE ( 'NONE', #5375, #5178 ) ;
#490 = VERTEX_POINT ( 'NONE', #3481 ) ;
#491 = ORIENTED_EDGE ( 'NONE', *, *, #2047, .T. ) ;
#492 = PLANE ( 'NONE',  #29 ) ;
#493 = VERTEX_POINT ( 'NONE', #1209 ) ;
#494 = EDGE_CURVE ( 'NONE', #5483, #4564, #814, .T. ) ;
#495 = EDGE_LOOP ( 'NONE', ( #2651, #2305, #4547, #2304, #295, #1414, #5445, #752, #1715, #303, #1405, #4072 ) ) ;
#496 = AXIS2_PLACEMENT_3D ( 'NONE', #1050, #4247, #1517 ) ;
#497 = DIRECTION ( 'NONE',  ( 1.000000000000000000, 0.0000000000000000000, 0.0000000000000000000 ) ) ;
#498 = CARTESIAN_POINT ( 'NONE',  ( 0.0000000000000000000, 0.05000000000000000278, 0.0000000000000000000 ) ) ;
#499 = FACE_OUTER_BOUND ( 'NONE', #1307, .T. ) ;
#500 = ORIENTED_EDGE ( 'NONE', *, *, #2230, .T. ) ;
#501 = EDGE_LOOP ( 'NONE', ( #916, #1205, #1260, #5294 ) ) ;
#502 = ORIENTED_EDGE ( 'NONE', *, *, #3831, .F. ) ;
#503 =( LENGTH_UNIT ( ) NAMED_UNIT ( * ) SI_UNIT ( .MILLI., .METRE. ) );
#504 = LINE ( 'NONE', #5080, #2782 ) ;
#505 = CARTESIAN_POINT ( 'NONE',  ( 0.1053477934590670018, 0.05000000000000000278, -0.3021996039790479927 ) ) ;
#506 = VECTOR ( 'NONE', #2092, 1000.000000000000000 ) ;
#507 = VECTOR ( 'NONE', #614, 1000.000000000000000 ) ;
#508 = CARTESIAN_POINT ( 'NONE',  ( 0.4650000000000000244, 0.05000000000000000278, -0.5000000000000000000 ) ) ;
#509 = VECTOR ( 'NONE', #4528, 1000.000000000000114 ) ;
#510 = CARTESIAN_POINT ( 'NONE',  ( 0.4949999999999999956, -6.776263578034400401E-18, -0.3099999999999999978 ) ) ;
#511 = ORIENTED_EDGE ( 'NONE', *, *, #2316, .T. ) ;
#512 = EDGE_CURVE ( 'NONE', #4553, #631, #5638, .T. ) ;
#513 = EDGE_LOOP ( 'NONE', ( #5145, #371, #4676, #5230 ) ) ;
#514 = VECTOR ( 'NONE', #3383, 1000.000000000000000 ) ;
#515 = FACE_OUTER_BOUND ( 'NONE', #1605, .T. ) ;
#516 = LINE ( 'NONE', #1249, #4020 ) ;
#517 = EDGE_CURVE ( 'NONE', #3506, #3804, #3092, .T. ) ;
#518 = VERTEX_POINT ( 'NONE', #4873 ) ;
#519 = CARTESIAN_POINT ( 'NONE',  ( 0.1324024845846046294, 0.05000000000000000278, -0.04827599225835989966 ) ) ;
#520 = LINE ( 'NONE', #5742, #4023 ) ;
#521 = CARTESIAN_POINT ( 'NONE',  ( 0.0000000000000000000, 0.2500000000000000000, -0.3021996039790479927 ) ) ;
#522 = DIRECTION ( 'NONE',  ( 0.0000000000000000000, -1.000000000000000000, 0.0000000000000000000 ) ) ;
#523 = VECTOR ( 'NONE', #433, 1000.000000000000000 ) ;
#524 = FACE_OUTER_BOUND ( 'NONE', #3399, .T. ) ;
#525 = CARTESIAN_POINT ( 'NONE',  ( 0.4650000000000000244, 0.05000000000000000278, 0.5000000000000000000 ) ) ;
#526 =( GEOMETRIC_REPRESENTATION_CONTEXT ( 3 ) GLOBAL_UNCERTAINTY_ASSIGNED_CONTEXT ( ( #3854 ) ) GLOBAL_UNIT_ASSIGNED_CONTEXT ( ( #5846, #3139, #398 ) ) REPRESENTATION_CONTEXT ( 'NONE', 'WORKASPACE' ) );
#527 = DIRECTION ( 'NONE',  ( 0.0000000000000000000, 0.0000000000000000000, -1.000000000000000000 ) ) ;
#528 = LINE ( 'NONE', #2919, #5224 ) ;
#529 = AXIS2_PLACEMENT_3D ( 'NONE', #5163, #2441, #5616 ) ;
#530 = VERTEX_POINT ( 'NONE', #5337 ) ;
#531 = CARTESIAN_POINT ( 'NONE',  ( 0.0000000000000000000, -6.776263578034400401E-18, 0.0000000000000000000 ) ) ;
#532 = EDGE_CURVE ( 'NONE', #4988, #3999, #2939, .T. ) ;
#533 = ORIENTED_EDGE ( 'NONE', *, *, #5529, .T. ) ;
#534 = ORIENTED_EDGE ( 'NONE', *, *, #3303, .T. ) ;
#535 = MECHANICAL_DESIGN_GEOMETRIC_PRESENTATION_REPRESENTATION (  '', ( #5531 ), #854 ) ;
#536 = EDGE_LOOP ( 'NONE', ( #1343, #896, #5048, #1786, #1630, #3355, #4514, #4412, #3486, #5229 ) ) ;
#537 = VECTOR ( 'NONE', #1962, 1000.000000000000000 ) ;
#538 = DIRECTION ( 'NONE',  ( 0.0000000000000000000, 0.0000000000000000000, 1.000000000000000000 ) ) ;
#539 = ADVANCED_FACE ( 'NONE', ( #1885 ), #3071, .F. ) ;
#540 = EDGE_CURVE ( 'NONE', #5867, #4312, #5503, .T. ) ;
#541 = PLANE ( 'NONE',  #3460 ) ;
#542 = EDGE_LOOP ( 'NONE', ( #369, #1901, #1499, #2197, #3925, #58, #2386, #1501 ) ) ;
#543 = LINE ( 'NONE', #736, #2965 ) ;
#544 = PLANE ( 'NONE',  #873 ) ;
#545 = FACE_OUTER_BOUND ( 'NONE', #3435, .T. ) ;
#546 = EDGE_CURVE ( 'NONE', #1706, #5546, #516, .T. ) ;
#547 = LINE ( 'NONE', #5465, #1619 ) ;
#548 = ORIENTED_EDGE ( 'NONE', *, *, #532, .T. ) ;
#549 = CARTESIAN_POINT ( 'NONE',  ( 0.4949999999999999956, 0.05000000000000000278, -0.3099999999999999978 ) ) ;
#550 = DIRECTION ( 'NONE',  ( 0.0000000000000000000, -1.000000000000000000, 0.0000000000000000000 ) ) ;
#551 = SURFACE_STYLE_FILL_AREA ( #2001 ) ;
#552 = ORIENTED_EDGE ( 'NONE', *, *, #141, .T. ) ;
#553 = EDGE_CURVE ( 'NONE', #190, #5114, #4158, .T. ) ;
#554 = LINE ( 'NONE', #707, #1629 ) ;
#555 = STYLED_ITEM ( 'NONE', ( #2522 ), #4620 ) ;
#556 = ORIENTED_EDGE ( 'NONE', *, *, #1636, .F. ) ;
#557 = ORIENTED_EDGE ( 'NONE', *, *, #594, .T. ) ;
#558 = CARTESIAN_POINT ( 'NONE',  ( -0.3099999999999999978, 0.05000000000000000278, 0.0000000000000000000 ) ) ;
#559 = DIRECTION ( 'NONE',  ( 0.0000000000000000000, -1.000000000000000000, 0.0000000000000000000 ) ) ;
#560 = ORIENTED_EDGE ( 'NONE', *, *, #3543, .T. ) ;
#561 = ORIENTED_EDGE ( 'NONE', *, *, #5236, .F. ) ;
#562 = ADVANCED_FACE ( 'NONE', ( #373 ), #351, .T. ) ;
#563 = EDGE_LOOP ( 'NONE', ( #3769, #5518, #5651, #986 ) ) ;
#564 = EDGE_CURVE ( 'NONE', #5264, #4988, #3875, .T. ) ;
#565 = ADVANCED_FACE ( 'NONE', ( #5211 ), #2658, .T. ) ;
#566 = DIRECTION ( 'NONE',  ( 1.000000000000000000, 0.0000000000000000000, 0.0000000000000000000 ) ) ;
#567 = FILL_AREA_STYLE_COLOUR ( '', #4251 ) ;
#568 = ORIENTED_EDGE ( 'NONE', *, *, #1698, .T. ) ;
#569 = EDGE_LOOP ( 'NONE', ( #111, #5878, #2555, #5121 ) ) ;
#570 = CARTESIAN_POINT ( 'NONE',  ( 0.4949999999999999956, 0.05000000000000000278, 0.2100000000000000200 ) ) ;
#571 = CARTESIAN_POINT ( 'NONE',  ( 0.5000000000000000000, 0.05000000000000000278, 0.0000000000000000000 ) ) ;
#572 = DIRECTION ( 'NONE',  ( 1.000000000000000000, 0.0000000000000000000, 0.0000000000000000000 ) ) ;
#573 = LINE ( 'NONE', #4960, #4209 ) ;
#574 = LINE ( 'NONE', #3454, #5276 ) ;
#575 = CARTESIAN_POINT ( 'NONE',  ( -0.3202182358878855606, 0.05000000000000000278, -0.4350657705372935058 ) ) ;
#576 = VECTOR ( 'NONE', #4734, 1000.000000000000000 ) ;
#577 = CARTESIAN_POINT ( 'NONE',  ( -0.5000000000000000000, 0.05000000000000000278, 0.3099999999999999978 ) ) ;
#578 = DIRECTION ( 'NONE',  ( -0.0000000000000000000, 1.000000000000000000, 0.0000000000000000000 ) ) ;
#579 = CARTESIAN_POINT ( 'NONE',  ( 0.4899999999999999911, 0.05000000000000000278, 0.2100000000000000200 ) ) ;
#580 = ORIENTED_EDGE ( 'NONE', *, *, #4112, .F. ) ;
#581 = AXIS2_PLACEMENT_3D ( 'NONE', #3833, #3387, #669 ) ;
#582 = DIRECTION ( 'NONE',  ( 0.0000000000000000000, 0.0000000000000000000, 1.000000000000000000 ) ) ;
#583 = ORIENTED_EDGE ( 'NONE', *, *, #2558, .F. ) ;
#584 = FACE_OUTER_BOUND ( 'NONE', #5522, .T. ) ;
#585 = LINE ( 'NONE', #4858, #5285 ) ;
#586 = CARTESIAN_POINT ( 'NONE',  ( 0.5000000000000000000, 0.05000000000000000278, 0.5000000000000000000 ) ) ;
#587 = CARTESIAN_POINT ( 'NONE',  ( 0.0000000000000000000, 0.05000000000000000278, 0.0000000000000000000 ) ) ;
#588 = VERTEX_POINT ( 'NONE', #824 ) ;
#589 = SURFACE_STYLE_FILL_AREA ( #4613 ) ;
#590 = VERTEX_POINT ( 'NONE', #375 ) ;
#591 = FACE_OUTER_BOUND ( 'NONE', #3213, .T. ) ;
#592 = ADVANCED_FACE ( 'NONE', ( #5071 ), #3578, .F. ) ;
#593 = PLANE ( 'NONE',  #4601 ) ;
#594 = EDGE_CURVE ( 'NONE', #1349, #4193, #4943, .T. ) ;
#595 = VECTOR ( 'NONE', #1576, 1000.000000000000000 ) ;
#596 = DIRECTION ( 'NONE',  ( 0.0000000000000000000, 0.0000000000000000000, -1.000000000000000000 ) ) ;
#597 = DIRECTION ( 'NONE',  ( -1.000000000000000000, 0.0000000000000000000, 0.0000000000000000000 ) ) ;
#598 = ADVANCED_FACE ( 'NONE', ( #2667 ), #3140, .T. ) ;
#599 = EDGE_LOOP ( 'NONE', ( #3725, #4591, #1416, #30, #5684, #348, #5088 ) ) ;
#600 = PLANE ( 'NONE',  #4507 ) ;
#601 = VERTEX_POINT ( 'NONE', #2229 ) ;
#602 = AXIS2_PLACEMENT_3D ( 'NONE', #2098, #2545, #5721 ) ;
#603 = CARTESIAN_POINT ( 'NONE',  ( 0.3099999999999999978, 0.0000000000000000000, 0.0000000000000000000 ) ) ;
#604 = PLANE ( 'NONE',  #2707 ) ;
#605 = EDGE_CURVE ( 'NONE', #5861, #518, #2507, .T. ) ;
#606 = FILL_AREA_STYLE_COLOUR ( '', #3589 ) ;
#607 = FILL_AREA_STYLE_COLOUR ( '', #3122 ) ;
#608 = DIRECTION ( 'NONE',  ( 0.0000000000000000000, 0.0000000000000000000, -1.000000000000000000 ) ) ;
#609 = LINE ( 'NONE', #4602, #1379 ) ;
#610 = EDGE_LOOP ( 'NONE', ( #5171, #713, #5238, #3852 ) ) ;
#611 = AXIS2_PLACEMENT_3D ( 'NONE', #1748, #380, #3581 ) ;
#612 = FILL_AREA_STYLE ('',( #5596 ) ) ;
#613 = LINE ( 'NONE', #4136, #317 ) ;
#614 = DIRECTION ( 'NONE',  ( 1.000000000000000000, 0.0000000000000000000, 0.0000000000000000000 ) ) ;
#615 = CARTESIAN_POINT ( 'NONE',  ( 0.5000000000000000000, -6.776263578034400401E-18, -0.5000000000000000000 ) ) ;
#616 = AXIS2_PLACEMENT_3D ( 'NONE', #1719, #4894, #2184 ) ;
#617 = DIRECTION ( 'NONE',  ( 0.0000000000000000000, 0.0000000000000000000, 1.000000000000000000 ) ) ;
#618 = DIRECTION ( 'NONE',  ( 0.0000000000000000000, 1.000000000000000000, 0.0000000000000000000 ) ) ;
#619 = CARTESIAN_POINT ( 'NONE',  ( -0.5000000000000000000, 0.05000000000000000278, 0.05000000000000070360 ) ) ;
#620 = CARTESIAN_POINT ( 'NONE',  ( -0.1053477934590670018, 0.2500000000000000000, -0.1758845661859115006 ) ) ;
#621 =( LENGTH_UNIT ( ) NAMED_UNIT ( * ) SI_UNIT ( .MILLI., .METRE. ) );
#622 = PLANE ( 'NONE',  #5270 ) ;
#623 = ORIENTED_EDGE ( 'NONE', *, *, #2209, .T. ) ;
#624 = ADVANCED_FACE ( 'NONE', ( #211 ), #4333, .T. ) ;
#625 = VECTOR ( 'NONE', #2644, 1000.000000000000000 ) ;
#626 = EDGE_CURVE ( 'NONE', #1047, #5635, #3596, .T. ) ;
#627 = ADVANCED_FACE ( 'NONE', ( #4781 ), #229, .T. ) ;
#628 = ORIENTED_EDGE ( 'NONE', *, *, #2690, .T. ) ;
#629 = DIRECTION ( 'NONE',  ( 0.0000000000000000000, 1.000000000000000000, 0.0000000000000000000 ) ) ;
#630 = CARTESIAN_POINT ( 'NONE',  ( 0.05000000000000000278, 0.05000000000000000278, 0.05000000000000000278 ) ) ;
#631 = VERTEX_POINT ( 'NONE', #5237 ) ;
#632 = DIRECTION ( 'NONE',  ( 0.0000000000000000000, -1.000000000000000000, 0.0000000000000000000 ) ) ;
#633 = ORIENTED_EDGE ( 'NONE', *, *, #4498, .T. ) ;
#634 = ORIENTED_EDGE ( 'NONE', *, *, #4248, .F. ) ;
#635 = ORIENTED_EDGE ( 'NONE', *, *, #4338, .F. ) ;
#636 = DIRECTION ( 'NONE',  ( 0.0000000000000000000, 1.000000000000000000, 0.0000000000000000000 ) ) ;
#637 = VERTEX_POINT ( 'NONE', #1155 ) ;
#638 = VECTOR ( 'NONE', #3116, 1000.000000000000000 ) ;
#639 = ORIENTED_EDGE ( 'NONE', *, *, #3831, .T. ) ;
#640 = EDGE_LOOP ( 'NONE', ( #4284, #2311, #2984, #957 ) ) ;
#641 = ORIENTED_EDGE ( 'NONE', *, *, #1292, .T. ) ;
#642 = AXIS2_PLACEMENT_3D ( 'NONE', #4966, #2250, #5422 ) ;
#643 = DIRECTION ( 'NONE',  ( -1.084202172485503818E-16, 0.0000000000000000000, -1.000000000000000000 ) ) ;
#644 = SURFACE_SIDE_STYLE ('',( #386 ) ) ;
#645 = CARTESIAN_POINT ( 'NONE',  ( 0.05000000000000000278, 0.05000000000000000278, -0.5000000000000000000 ) ) ;
#646 = CARTESIAN_POINT ( 'NONE',  ( 0.1324024845846046294, 0.05000000000000000278, 0.1355136704081486010 ) ) ;
#647 = DIRECTION ( 'NONE',  ( 0.0000000000000000000, 1.000000000000000000, 0.0000000000000000000 ) ) ;
#648 = EDGE_CURVE ( 'NONE', #2962, #2954, #1147, .T. ) ;
#649 = VECTOR ( 'NONE', #3719, 1000.000000000000000 ) ;
#651 = CARTESIAN_POINT ( 'NONE',  ( -0.2897406927382009667, 0.05000000000000000278, -0.4544952042952180027 ) ) ;
#650 = AXIS2_PLACEMENT_3D ( 'NONE', #3226, #2779, #39 ) ;
#652 = CARTESIAN_POINT ( 'NONE',  ( 0.5000000000000000000, 0.2500000000000000000, 0.5000000000000000000 ) ) ;
#653 = ORIENTED_EDGE ( 'NONE', *, *, #4989, .F. ) ;
#654 = LINE ( 'NONE', #2072, #805 ) ;
#655 = VECTOR ( 'NONE', #5580, 1000.000000000000000 ) ;
#656 = EDGE_CURVE ( 'NONE', #5418, #1969, #2371, .T. ) ;
#657 = VECTOR ( 'NONE', #4973, 1000.000000000000000 ) ;
#658 = CARTESIAN_POINT ( 'NONE',  ( -0.3202182358878855606, 0.05000000000000000278, -0.4800000000000000377 ) ) ;
#659 = CARTESIAN_POINT ( 'NONE',  ( 0.5000000000000000000, 0.0000000000000000000, -0.05000000000000000278 ) ) ;
#660 = CARTESIAN_POINT ( 'NONE',  ( -0.1053477934590670018, 0.05000000000000000278, -0.1758845661859115006 ) ) ;
#661 = ADVANCED_FACE ( 'NONE', ( #1004 ), #5711, .F. ) ;
#662 = ORIENTED_EDGE ( 'NONE', *, *, #3373, .F. ) ;
#663 = LINE ( 'NONE', #3346, #5501 ) ;
#664 = VECTOR ( 'NONE', #1268, 1000.000000000000000 ) ;
#665 = VECTOR ( 'NONE', #4425, 1000.000000000000000 ) ;
#666 = VERTEX_POINT ( 'NONE', #1623 ) ;
#667 = CARTESIAN_POINT ( 'NONE',  ( -0.1053477934590670018, 0.05000000000000000278, -0.3021996039790479927 ) ) ;
#668 = EDGE_CURVE ( 'NONE', #432, #1089, #5858, .T. ) ;
#669 = DIRECTION ( 'NONE',  ( 1.000000000000000000, 0.0000000000000000000, 0.0000000000000000000 ) ) ;
#670 = VECTOR ( 'NONE', #1290, 1000.000000000000000 ) ;
#671 = LINE ( 'NONE', #3151, #5507 ) ;
#672 = LINE ( 'NONE', #4202, #5374 ) ;
#673 = VECTOR ( 'NONE', #4765, 1000.000000000000000 ) ;
#674 = UNCERTAINTY_MEASURE_WITH_UNIT (LENGTH_MEASURE( 1.000000000000000082E-05 ), #239, 'distance_accuracy_value', 'NONE');
#675 = EDGE_CURVE ( 'NONE', #975, #4874, #4635, .T. ) ;
#676 = EDGE_LOOP ( 'NONE', ( #534, #5382, #4341, #918, #3628, #5475 ) ) ;
#677 = DIRECTION ( 'NONE',  ( 0.0000000000000000000, -1.000000000000000000, 0.0000000000000000000 ) ) ;
#678 = CARTESIAN_POINT ( 'NONE',  ( -0.2100000000000000200, -6.776263578034400401E-18, -0.2100000000000000200 ) ) ;
#679 = ORIENTED_EDGE ( 'NONE', *, *, #4848, .T. ) ;
#680 = DIRECTION ( 'NONE',  ( 1.000000000000000000, 0.0000000000000000000, 0.0000000000000000000 ) ) ;
#681 = VERTEX_POINT ( 'NONE', #3014 ) ;
#682 = VERTEX_POINT ( 'NONE', #5729 ) ;
#683 =( LENGTH_UNIT ( ) NAMED_UNIT ( * ) SI_UNIT ( .MILLI., .METRE. ) );
#684 = FACE_OUTER_BOUND ( 'NONE', #1990, .T. ) ;
#685 = CARTESIAN_POINT ( 'NONE',  ( -0.5000000000000000000, -6.776263578034400401E-18, -0.3099999999999999978 ) ) ;
#686 = CARTESIAN_POINT ( 'NONE',  ( 0.3099999999999999978, -6.776263578034400401E-18, -0.5000000000000000000 ) ) ;
#687 = EDGE_CURVE ( 'NONE', #1020, #5514, #5561, .T. ) ;
#688 = CARTESIAN_POINT ( 'NONE',  ( -0.2100000000000000200, 0.0000000000000000000, 2.551613733521924712E-16 ) ) ;
#689 = FACE_OUTER_BOUND ( 'NONE', #4677, .T. ) ;
#690 = ORIENTED_EDGE ( 'NONE', *, *, #5462, .F. ) ;
#691 = VECTOR ( 'NONE', #3406, 1000.000000000000000 ) ;
#692 = ADVANCED_FACE ( 'NONE', ( #5706 ), #1195, .F. ) ;
#693 = CARTESIAN_POINT ( 'NONE',  ( 0.05000000000000000278, -6.776263578034400401E-18, -0.5000000000000000000 ) ) ;
#694 = DIRECTION ( 'NONE',  ( 0.0000000000000000000, 0.0000000000000000000, -1.000000000000000000 ) ) ;
#695 = PLANE ( 'NONE',  #1845 ) ;
#696 = FACE_BOUND ( 'NONE', #5245, .T. ) ;
#697 = LINE ( 'NONE', #827, #4185 ) ;
#698 = ORIENTED_EDGE ( 'NONE', *, *, #540, .T. ) ;
#699 = DIRECTION ( 'NONE',  ( 0.0000000000000000000, 0.0000000000000000000, -1.000000000000000000 ) ) ;
#700 = PLANE ( 'NONE',  #1242 ) ;
#701 =( GEOMETRIC_REPRESENTATION_CONTEXT ( 3 ) GLOBAL_UNCERTAINTY_ASSIGNED_CONTEXT ( ( #4809 ) ) GLOBAL_UNIT_ASSIGNED_CONTEXT ( ( #4953, #2234, #5408 ) ) REPRESENTATION_CONTEXT ( 'NONE', 'WORKASPACE' ) );
#702 = LINE ( 'NONE', #4229, #4192 ) ;
#703 = ORIENTED_EDGE ( 'NONE', *, *, #3289, .F. ) ;
#704 = DIRECTION ( 'NONE',  ( -0.0000000000000000000, 1.000000000000000000, 0.0000000000000000000 ) ) ;
#705 = CARTESIAN_POINT ( 'NONE',  ( -0.05000000000000000278, -6.776263578034400401E-18, -0.05000000000000000278 ) ) ;
#706 = CARTESIAN_POINT ( 'NONE',  ( 0.4949999999999999956, -6.776263578034400401E-18, -0.3099999999999999978 ) ) ;
#707 = CARTESIAN_POINT ( 'NONE',  ( -0.1187308496519079853, 0.2500000000000000000, 0.3487332069152305203 ) ) ;
#708 = DIRECTION ( 'NONE',  ( 0.0000000000000000000, -1.000000000000000000, 0.0000000000000000000 ) ) ;
#709 = ORIENTED_EDGE ( 'NONE', *, *, #2003, .F. ) ;
#710 = DIRECTION ( 'NONE',  ( 1.000000000000000000, 0.0000000000000000000, 0.0000000000000000000 ) ) ;
#711 = ORIENTED_EDGE ( 'NONE', *, *, #4415, .T. ) ;
#712 = CARTESIAN_POINT ( 'NONE',  ( 0.0000000000000000000, 0.05000000000000000278, -0.3099999999999999978 ) ) ;
#713 = ORIENTED_EDGE ( 'NONE', *, *, #1033, .F. ) ;
#714 = CARTESIAN_POINT ( 'NONE',  ( 0.05000000000000000278, 0.05000000000000000278, 0.5000000000000000000 ) ) ;
#715 = EDGE_LOOP ( 'NONE', ( #5683, #1963, #2000, #1365 ) ) ;
#716 = EDGE_CURVE ( 'NONE', #3271, #4237, #884, .T. ) ;
#717 = CARTESIAN_POINT ( 'NONE',  ( -0.2933618639406079809, 0.2500000000000000000, 0.0000000000000000000 ) ) ;
#718 =( NAMED_UNIT ( * ) SI_UNIT ( $, .STERADIAN. ) SOLID_ANGLE_UNIT ( ) );
#719 = CARTESIAN_POINT ( 'NONE',  ( -0.3099999999999999978, 0.0000000000000000000, -0.4949999999999999956 ) ) ;
#720 = ADVANCED_FACE ( 'NONE', ( #3297 ), #3035, .T. ) ;
#721 = EDGE_CURVE ( 'NONE', #1206, #118, #5433, .T. ) ;
#722 = AXIS2_PLACEMENT_3D ( 'NONE', #5388, #3147, #484 ) ;
#723 = DIRECTION ( 'NONE',  ( 7.495617633997683500E-47, 1.777753802169510015E-31, 1.000000000000000000 ) ) ;
#724 = LINE ( 'NONE', #5841, #2236 ) ;
#725 = VECTOR ( 'NONE', #4354, 1000.000000000000000 ) ;
#726 = DIRECTION ( 'NONE',  ( 0.0000000000000000000, 1.000000000000000000, 0.0000000000000000000 ) ) ;
#727 = DIRECTION ( 'NONE',  ( 0.0000000000000000000, 0.0000000000000000000, 1.000000000000000000 ) ) ;
#728 = EDGE_LOOP ( 'NONE', ( #3132, #4829, #4654, #1342, #2722, #3835 ) ) ;
#729 = EDGE_CURVE ( 'NONE', #1095, #4375, #735, .T. ) ;
#730 = ORIENTED_EDGE ( 'NONE', *, *, #5748, .F. ) ;
#731 = PRESENTATION_LAYER_ASSIGNMENT (  '', '', ( #93 ) ) ;
#732 = ORIENTED_EDGE ( 'NONE', *, *, #5536, .F. ) ;
#733 = VECTOR ( 'NONE', #265, 1000.000000000000000 ) ;
#734 = LINE ( 'NONE', #477, #4219 ) ;
#735 = LINE ( 'NONE', #5752, #3008 ) ;
#736 = CARTESIAN_POINT ( 'NONE',  ( -0.3099999999999999978, -6.776263578034400401E-18, -0.5000000000000000000 ) ) ;
#737 = EDGE_LOOP ( 'NONE', ( #3293, #2630, #2503, #2256, #2559, #997, #5800, #2638, #1243, #2225, #1568, #396, #4946 ) ) ;
#738 = LINE ( 'NONE', #2340, #1820 ) ;
#739 = VECTOR ( 'NONE', #3892, 1000.000000000000000 ) ;
#740 = CARTESIAN_POINT ( 'NONE',  ( 0.0000000000000000000, 0.2500000000000000000, 0.0000000000000000000 ) ) ;
#741 = CARTESIAN_POINT ( 'NONE',  ( 0.5000000000000000000, 0.05000000000000000278, 0.5000000000000000000 ) ) ;
#742 = VERTEX_POINT ( 'NONE', #5323 ) ;
#743 = VECTOR ( 'NONE', #4743, 1000.000000000000000 ) ;
#744 = CARTESIAN_POINT ( 'NONE',  ( -0.05000000000000000278, -6.776263578034400401E-18, -0.5000000000000000000 ) ) ;
#745 = LINE ( 'NONE', #2906, #3178 ) ;
#746 = PLANE ( 'NONE',  #379 ) ;
#747 = DIRECTION ( 'NONE',  ( 1.000000000000000000, 0.0000000000000000000, 0.0000000000000000000 ) ) ;
#748 = EDGE_CURVE ( 'NONE', #3603, #2338, #585, .T. ) ;
#749 = DIRECTION ( 'NONE',  ( 0.0000000000000000000, -1.000000000000000000, 0.0000000000000000000 ) ) ;
#750 = DIRECTION ( 'NONE',  ( 0.0000000000000000000, 0.0000000000000000000, -1.000000000000000000 ) ) ;
#751 = VERTEX_POINT ( 'NONE', #5772 ) ;
#752 = ORIENTED_EDGE ( 'NONE', *, *, #186, .T. ) ;
#753 = ADVANCED_FACE ( 'NONE', ( #4220 ), #790, .F. ) ;
#754 = VERTEX_POINT ( 'NONE', #3517 ) ;
#755 = EDGE_CURVE ( 'NONE', #5153, #3279, #1946, .T. ) ;
#756 = DIRECTION ( 'NONE',  ( 0.0000000000000000000, -1.000000000000000000, 0.0000000000000000000 ) ) ;
#757 = LINE ( 'NONE', #712, #4244 ) ;
#758 = ORIENTED_EDGE ( 'NONE', *, *, #2851, .T. ) ;
#759 = CARTESIAN_POINT ( 'NONE',  ( 0.0000000000000000000, 0.2500000000000000000, -0.04827599225835989966 ) ) ;
#760 = DIRECTION ( 'NONE',  ( 0.0000000000000000000, 1.000000000000000000, 0.0000000000000000000 ) ) ;
#761 = PRESENTATION_STYLE_ASSIGNMENT (( #5799 ) ) ;
#762 = VECTOR ( 'NONE', #4450, 1000.000000000000000 ) ;
#763 = CARTESIAN_POINT ( 'NONE',  ( 0.2100000000000000200, 0.05000000000000000278, 0.4949999999999999956 ) ) ;
#764 = EDGE_CURVE ( 'NONE', #3574, #5305, #1816, .T. ) ;
#765 = SURFACE_STYLE_FILL_AREA ( #1949 ) ;
#766 = CARTESIAN_POINT ( 'NONE',  ( -0.05000000000000000278, 0.05000000000000000278, 0.3487332069152305203 ) ) ;
#767 = STYLED_ITEM ( 'NONE', ( #761 ), #3158 ) ;
#768 = LINE ( 'NONE', #4221, #5461 ) ;
#769 = VECTOR ( 'NONE', #4327, 1000.000000000000000 ) ;
#770 = ORIENTED_EDGE ( 'NONE', *, *, #1465, .F. ) ;
#771 = CARTESIAN_POINT ( 'NONE',  ( 0.2801399107849885106, 0.2500000000000000000, -0.2783841551168639850 ) ) ;
#772 = LINE ( 'NONE', #4904, #3051 ) ;
#773 =( NAMED_UNIT ( * ) PLANE_ANGLE_UNIT ( ) SI_UNIT ( $, .RADIAN. ) );
#774 = ORIENTED_EDGE ( 'NONE', *, *, #3709, .F. ) ;
#775 = ORIENTED_EDGE ( 'NONE', *, *, #3993, .T. ) ;
#776 = DIRECTION ( 'NONE',  ( -0.0000000000000000000, 1.000000000000000000, 0.0000000000000000000 ) ) ;
#777 = DIRECTION ( 'NONE',  ( -1.000000000000000000, 0.0000000000000000000, 0.0000000000000000000 ) ) ;
#778 = CARTESIAN_POINT ( 'NONE',  ( 0.2100000000000000200, -6.776263578034400401E-18, -0.4949999999999999956 ) ) ;
#779 = ORIENTED_EDGE ( 'NONE', *, *, #3079, .F. ) ;
#780 = EDGE_CURVE ( 'NONE', #751, #4193, #2858, .T. ) ;
#781 = ORIENTED_EDGE ( 'NONE', *, *, #3888, .T. ) ;
#782 = VERTEX_POINT ( 'NONE', #1256 ) ;
#783 = CARTESIAN_POINT ( 'NONE',  ( -0.3202182358878855606, 0.2500000000000000000, -0.4800000000000000377 ) ) ;
#784 = ORIENTED_EDGE ( 'NONE', *, *, #1647, .F. ) ;
#785 = FACE_OUTER_BOUND ( 'NONE', #5429, .T. ) ;
#786 = DIRECTION ( 'NONE',  ( 0.0000000000000000000, 0.0000000000000000000, -1.000000000000000000 ) ) ;
#787 = DIRECTION ( 'NONE',  ( 1.000000000000000000, 0.0000000000000000000, 0.0000000000000000000 ) ) ;
#788 = ORIENTED_EDGE ( 'NONE', *, *, #4311, .T. ) ;
#789 = DIRECTION ( 'NONE',  ( 0.0000000000000000000, 0.0000000000000000000, -1.000000000000000000 ) ) ;
#790 = PLANE ( 'NONE',  #4481 ) ;
#791 = ORIENTED_EDGE ( 'NONE', *, *, #5049, .T. ) ;
#792 = EDGE_LOOP ( 'NONE', ( #1143, #4644, #4985, #1937, #3535, #341, #3682, #1125, #5189 ) ) ;
#793 = EDGE_CURVE ( 'NONE', #4381, #5020, #5139, .T. ) ;
#794 = DIRECTION ( 'NONE',  ( 0.0000000000000000000, 0.0000000000000000000, 1.000000000000000000 ) ) ;
#795 = DIRECTION ( 'NONE',  ( -1.000000000000000000, 0.0000000000000000000, 1.084202172485503818E-16 ) ) ;
#796 = DIRECTION ( 'NONE',  ( -1.000000000000000000, 0.0000000000000000000, 1.295019261579907964E-15 ) ) ;
#797 = FACE_OUTER_BOUND ( 'NONE', #2747, .T. ) ;
#798 = DIRECTION ( 'NONE',  ( 0.0000000000000000000, 0.0000000000000000000, -1.000000000000000000 ) ) ;
#799 = CARTESIAN_POINT ( 'NONE',  ( 0.0000000000000000000, 0.05000000000000000278, 0.0000000000000000000 ) ) ;
#800 = CARTESIAN_POINT ( 'NONE',  ( 0.1053477934590670018, 0.2500000000000000000, -0.3021996039790479927 ) ) ;
#801 = DIRECTION ( 'NONE',  ( 1.000000000000000000, 0.0000000000000000000, 0.0000000000000000000 ) ) ;
#802 = STYLED_ITEM ( 'NONE', ( #1925 ), #1741 ) ;
#803 = EDGE_CURVE ( 'NONE', #988, #1099, #452, .T. ) ;
#804 = ORIENTED_EDGE ( 'NONE', *, *, #1544, .T. ) ;
#805 = VECTOR ( 'NONE', #5241, 1000.000000000000000 ) ;
#806 = LINE ( 'NONE', #1529, #2786 ) ;
#807 = STYLED_ITEM ( 'NONE', ( #416 ), #2474 ) ;
#808 = CARTESIAN_POINT ( 'NONE',  ( 0.1499999999999999944, 0.05000000000000000278, -0.05000000000000000278 ) ) ;
#809 = DIRECTION ( 'NONE',  ( 1.000000000000000000, 0.0000000000000000000, 0.0000000000000000000 ) ) ;
#810 = CARTESIAN_POINT ( 'NONE',  ( 0.05000000000000000278, -6.776263578034400401E-18, -0.1499999999999999944 ) ) ;
#811 = ORIENTED_EDGE ( 'NONE', *, *, #5811, .T. ) ;
#812 = LINE ( 'NONE', #1049, #3235 ) ;
#813 = VECTOR ( 'NONE', #843, 1000.000000000000000 ) ;
#814 = LINE ( 'NONE', #5766, #4293 ) ;
#815 = ORIENTED_EDGE ( 'NONE', *, *, #1563, .T. ) ;
#816 = AXIS2_PLACEMENT_3D ( 'NONE', #410, #4066, #1324 ) ;
#817 = VECTOR ( 'NONE', #389, 1000.000000000000000 ) ;
#818 = VECTOR ( 'NONE', #4625, 1000.000000000000000 ) ;
#819 = CARTESIAN_POINT ( 'NONE',  ( -0.5000000000000000000, 0.05000000000000000278, -0.3099999999999999978 ) ) ;
#820 = ADVANCED_FACE ( 'NONE', ( #3797 ), #2172, .F. ) ;
#821 = AXIS2_PLACEMENT_3D ( 'NONE', #4945, #399, #3598 ) ;
#822 = LINE ( 'NONE', #2113, #5511 ) ;
#823 = FILL_AREA_STYLE_COLOUR ( '', #16 ) ;
#824 = CARTESIAN_POINT ( 'NONE',  ( 0.05000000000000000278, 0.0000000000000000000, 0.05000000000000000278 ) ) ;
#825 = VERTEX_POINT ( 'NONE', #2648 ) ;
#826 = CARTESIAN_POINT ( 'NONE',  ( 1.373945856511804078E-16, 0.05000000000000000278, -0.2100000000000000200 ) ) ;
#827 = CARTESIAN_POINT ( 'NONE',  ( -0.2100000000000000200, -6.776263578034400401E-18, 0.2100000000000000200 ) ) ;
#828 = EDGE_CURVE ( 'NONE', #3579, #3296, #2586, .T. ) ;
#829 = DIRECTION ( 'NONE',  ( 0.0000000000000000000, -1.000000000000000000, 0.0000000000000000000 ) ) ;
#830 = ORIENTED_EDGE ( 'NONE', *, *, #4000, .T. ) ;
#831 = ORIENTED_EDGE ( 'NONE', *, *, #1057, .F. ) ;
#832 = ORIENTED_EDGE ( 'NONE', *, *, #3934, .F. ) ;
#833 = EDGE_CURVE ( 'NONE', #3338, #4261, #2733, .T. ) ;
#834 = LINE ( 'NONE', #3649, #5805 ) ;
#835 =( NAMED_UNIT ( * ) PLANE_ANGLE_UNIT ( ) SI_UNIT ( $, .RADIAN. ) );
#836 = DIRECTION ( 'NONE',  ( 1.000000000000000000, -4.673285226230620180E-16, 0.0000000000000000000 ) ) ;
#837 = CYLINDRICAL_SURFACE ( 'NONE', #4670, 0.03499999999999998251 ) ;
#838 = DIRECTION ( 'NONE',  ( -1.000000000000000000, 0.0000000000000000000, 0.0000000000000000000 ) ) ;
#839 = FACE_OUTER_BOUND ( 'NONE', #4078, .T. ) ;
#840 = STYLED_ITEM ( 'NONE', ( #4739 ), #1651 ) ;
#841 = FACE_OUTER_BOUND ( 'NONE', #5182, .T. ) ;
#842 = DIRECTION ( 'NONE',  ( 0.0000000000000000000, -1.000000000000000000, 0.0000000000000000000 ) ) ;
#843 = DIRECTION ( 'NONE',  ( -1.000000000000000000, 0.0000000000000000000, 1.295019261579907964E-15 ) ) ;
#844 = CARTESIAN_POINT ( 'NONE',  ( 0.3099999999999999978, 0.05000000000000000278, -0.5000000000000000000 ) ) ;
#845 = VECTOR ( 'NONE', #1233, 1000.000000000000000 ) ;
#846 = ORIENTED_EDGE ( 'NONE', *, *, #5089, .F. ) ;
#847 = CARTESIAN_POINT ( 'NONE',  ( 0.4949999999999999956, 0.05000000000000000278, -0.2100000000000000200 ) ) ;
#848 = CARTESIAN_POINT ( 'NONE',  ( 0.0000000000000000000, 0.05000000000000000278, 0.4800000000000000377 ) ) ;
#849 = PRESENTATION_STYLE_ASSIGNMENT (( #3601 ) ) ;
#850 = EDGE_CURVE ( 'NONE', #3804, #5476, #4853, .T. ) ;
#851 = DIRECTION ( 'NONE',  ( 0.0000000000000000000, 1.000000000000000000, 0.0000000000000000000 ) ) ;
#852 = CARTESIAN_POINT ( 'NONE',  ( 0.1053477934590670018, 0.05000000000000000278, -0.3021996039790479927 ) ) ;
#853 = ADVANCED_FACE ( 'NONE', ( #6 ), #5836, .F. ) ;
#854 =( GEOMETRIC_REPRESENTATION_CONTEXT ( 3 ) GLOBAL_UNCERTAINTY_ASSIGNED_CONTEXT ( ( #2783 ) ) GLOBAL_UNIT_ASSIGNED_CONTEXT ( ( #503, #3696, #961 ) ) REPRESENTATION_CONTEXT ( 'NONE', 'WORKASPACE' ) );
#855 = LINE ( 'NONE', #603, #5251 ) ;
#856 = DIRECTION ( 'NONE',  ( 0.0000000000000000000, 1.000000000000000000, 0.0000000000000000000 ) ) ;
#857 = EDGE_LOOP ( 'NONE', ( #5628, #3062, #4199, #2982 ) ) ;
#858 = DIRECTION ( 'NONE',  ( 0.0000000000000000000, 0.0000000000000000000, 1.000000000000000000 ) ) ;
#859 = MANIFOLD_SOLID_BREP ( 'NONE', #2549 ) ;
#860 = EDGE_CURVE ( 'NONE', #490, #59, #1370, .T. ) ;
#861 = CARTESIAN_POINT ( 'NONE',  ( 0.1324024845846046294, 0.2500000000000000000, 0.1355136704081486010 ) ) ;
#862 = DIRECTION ( 'NONE',  ( 0.0000000000000000000, -1.000000000000000000, 0.0000000000000000000 ) ) ;
#863 = ORIENTED_EDGE ( 'NONE', *, *, #3625, .F. ) ;
#864 = ORIENTED_EDGE ( 'NONE', *, *, #803, .F. ) ;
#865 = EDGE_LOOP ( 'NONE', ( #5311, #488, #929, #965 ) ) ;
#866 = PLANE ( 'NONE',  #5484 ) ;
#867 = UNCERTAINTY_MEASURE_WITH_UNIT (LENGTH_MEASURE( 1.000000000000000082E-05 ), #933, 'distance_accuracy_value', 'NONE');
#868 = CARTESIAN_POINT ( 'NONE',  ( -0.04999999999999939909, 0.05000000000000000278, 0.5000000000000000000 ) ) ;
#869 = EDGE_CURVE ( 'NONE', #1699, #2790, #3660, .T. ) ;
#870 =( LENGTH_UNIT ( ) NAMED_UNIT ( * ) SI_UNIT ( .MILLI., .METRE. ) );
#871 = CARTESIAN_POINT ( 'NONE',  ( -0.4949999999999999956, -6.776263578034400401E-18, -0.3099999999999999978 ) ) ;
#872 = EDGE_CURVE ( 'NONE', #5225, #4578, #4702, .T. ) ;
#873 = AXIS2_PLACEMENT_3D ( 'NONE', #3737, #4191, #1461 ) ;
#874 = LINE ( 'NONE', #3544, #5553 ) ;
#875 = LINE ( 'NONE', #1593, #4353 ) ;
#876 = DIRECTION ( 'NONE',  ( 0.0000000000000000000, -1.000000000000000000, 0.0000000000000000000 ) ) ;
#877 = CARTESIAN_POINT ( 'NONE',  ( 0.2100000000000000200, -6.776263578034400401E-18, 0.2100000000000000200 ) ) ;
#878 = CARTESIAN_POINT ( 'NONE',  ( 0.1324024845846046294, 0.05000000000000000278, -0.04827599225835989966 ) ) ;
#879 = ORIENTED_EDGE ( 'NONE', *, *, #4294, .T. ) ;
#880 = ADVANCED_FACE ( 'NONE', ( #1879 ), #2254, .F. ) ;
#881 = ORIENTED_EDGE ( 'NONE', *, *, #426, .F. ) ;
#882 = VECTOR ( 'NONE', #2550, 1000.000000000000000 ) ;
#883 = LINE ( 'NONE', #5450, #1944 ) ;
#884 = LINE ( 'NONE', #2578, #3170 ) ;
#885 = CARTESIAN_POINT ( 'NONE',  ( -0.1324024845846042131, 0.2500000000000000000, 0.1355136704081486010 ) ) ;
#886 = EDGE_CURVE ( 'NONE', #1903, #3181, #4153, .T. ) ;
#887 = DIRECTION ( 'NONE',  ( 0.0000000000000000000, -1.000000000000000000, 0.0000000000000000000 ) ) ;
#888 = ORIENTED_EDGE ( 'NONE', *, *, #3909, .F. ) ;
#889 = VECTOR ( 'NONE', #2946, 1000.000000000000000 ) ;
#890 = CARTESIAN_POINT ( 'NONE',  ( 0.05000000000000000278, 0.05000000000000000278, 0.05000000000000000278 ) ) ;
#891 = LINE ( 'NONE', #5307, #5568 ) ;
#892 = ORIENTED_EDGE ( 'NONE', *, *, #1456, .F. ) ;
#893 = DIRECTION ( 'NONE',  ( 0.0000000000000000000, 0.0000000000000000000, 1.000000000000000000 ) ) ;
#894 = VERTEX_POINT ( 'NONE', #4082 ) ;
#895 = PLANE ( 'NONE',  #4131 ) ;
#896 = ORIENTED_EDGE ( 'NONE', *, *, #4320, .F. ) ;
#897 = ORIENTED_EDGE ( 'NONE', *, *, #4311, .F. ) ;
#898 = CARTESIAN_POINT ( 'NONE',  ( -0.3202182358878855606, 0.2500000000000000000, -0.4350657705372935058 ) ) ;
#899 = DIRECTION ( 'NONE',  ( 0.0000000000000000000, 0.0000000000000000000, -1.000000000000000000 ) ) ;
#900 = CARTESIAN_POINT ( 'NONE',  ( -0.2100000000000000200, -6.776263578034400401E-18, 0.4949999999999999956 ) ) ;
#901 = LINE ( 'NONE', #2956, #5581 ) ;
#902 = ORIENTED_EDGE ( 'NONE', *, *, #981, .F. ) ;
#903 = LINE ( 'NONE', #5329, #5584 ) ;
#905 = EDGE_CURVE ( 'NONE', #3732, #4913, #4288, .T. ) ;
#904 = VECTOR ( 'NONE', #3078, 1000.000000000000000 ) ;
#906 = FACE_OUTER_BOUND ( 'NONE', #4383, .T. ) ;
#907 = PLANE ( 'NONE',  #4045 ) ;
#908 = PRESENTATION_STYLE_ASSIGNMENT (( #1065 ) ) ;
#909 = DIRECTION ( 'NONE',  ( 1.000000000000000000, 0.0000000000000000000, 1.141265444721584103E-15 ) ) ;
#910 = STYLED_ITEM ( 'NONE', ( #2726 ), #5687 ) ;
#911 = EDGE_CURVE ( 'NONE', #2353, #601, #2933, .T. ) ;
#912 = LINE ( 'NONE', #1109, #3201 ) ;
#913 = ORIENTED_EDGE ( 'NONE', *, *, #4490, .T. ) ;
#914 = DIRECTION ( 'NONE',  ( 0.0000000000000000000, -1.000000000000000000, 0.0000000000000000000 ) ) ;
#915 = VECTOR ( 'NONE', #4880, 1000.000000000000000 ) ;
#916 = ORIENTED_EDGE ( 'NONE', *, *, #4197, .T. ) ;
#917 = ORIENTED_EDGE ( 'NONE', *, *, #5405, .F. ) ;
#918 = ORIENTED_EDGE ( 'NONE', *, *, #3204, .T. ) ;
#919 = ORIENTED_EDGE ( 'NONE', *, *, #5442, .F. ) ;
#920 = CARTESIAN_POINT ( 'NONE',  ( -0.1324024845846042131, 0.05000000000000000278, -0.04827599225835989966 ) ) ;
#921 = ORIENTED_EDGE ( 'NONE', *, *, #4255, .F. ) ;
#922 = EDGE_LOOP ( 'NONE', ( #4361, #49, #4940, #1956 ) ) ;
#923 = VERTEX_POINT ( 'NONE', #5439 ) ;
#924 = EDGE_LOOP ( 'NONE', ( #2758, #2989, #2814, #1424 ) ) ;
#925 = VECTOR ( 'NONE', #5784, 1000.000000000000000 ) ;
#926 = ORIENTED_EDGE ( 'NONE', *, *, #1475, .F. ) ;
#927 = PLANE ( 'NONE',  #4626 ) ;
#928 = AXIS2_PLACEMENT_3D ( 'NONE', #1227, #2162, #5336 ) ;
#929 = ORIENTED_EDGE ( 'NONE', *, *, #833, .T. ) ;
#930 = ORIENTED_EDGE ( 'NONE', *, *, #4443, .T. ) ;
#931 = PLANE ( 'NONE',  #5344 ) ;
#932 = DIRECTION ( 'NONE',  ( -1.000000000000000000, 0.0000000000000000000, 0.0000000000000000000 ) ) ;
#933 =( LENGTH_UNIT ( ) NAMED_UNIT ( * ) SI_UNIT ( .MILLI., .METRE. ) );
#934 = DIRECTION ( 'NONE',  ( 0.0000000000000000000, -1.000000000000000000, 0.0000000000000000000 ) ) ;
#935 = EDGE_CURVE ( 'NONE', #151, #3114, #1732, .T. ) ;
#936 = LINE ( 'NONE', #4140, #5621 ) ;
#937 = CARTESIAN_POINT ( 'NONE',  ( 0.2933618639406084805, 0.05000000000000000278, 0.0000000000000000000 ) ) ;
#938 = ORIENTED_EDGE ( 'NONE', *, *, #331, .T. ) ;
#939 = ORIENTED_EDGE ( 'NONE', *, *, #1393, .F. ) ;
#940 = CARTESIAN_POINT ( 'NONE',  ( 0.4949999999999999956, 0.05000000000000000278, -0.2100000000000000200 ) ) ;
#941 = LINE ( 'NONE', #1792, #2011 ) ;
#942 = LINE ( 'NONE', #5102, #4433 ) ;
#943 = PLANE ( 'NONE',  #1775 ) ;
#944 = ORIENTED_EDGE ( 'NONE', *, *, #5169, .T. ) ;
#945 = ORIENTED_EDGE ( 'NONE', *, *, #4811, .F. ) ;
#946 = LINE ( 'NONE', #577, #2017 ) ;
#947 = LINE ( 'NONE', #5335, #5637 ) ;
#948 = VECTOR ( 'NONE', #1683, 1000.000000000000000 ) ;
#949 = VERTEX_POINT ( 'NONE', #890 ) ;
#950 = DIRECTION ( 'NONE',  ( 0.0000000000000000000, -1.000000000000000000, 0.0000000000000000000 ) ) ;
#951 = LINE ( 'NONE', #5524, #817 ) ;
#952 = VECTOR ( 'NONE', #4610, 1000.000000000000000 ) ;
#953 = DIRECTION ( 'NONE',  ( 1.000000000000000000, 0.0000000000000000000, 0.0000000000000000000 ) ) ;
#954 = EDGE_CURVE ( 'NONE', #5751, #5601, #5066, .T. ) ;
#955 = PRESENTATION_LAYER_ASSIGNMENT (  '', '', ( #335 ) ) ;
#956 = VECTOR ( 'NONE', #617, 1000.000000000000000 ) ;
#957 = ORIENTED_EDGE ( 'NONE', *, *, #2383, .T. ) ;
#958 = VERTEX_POINT ( 'NONE', #1831 ) ;
#959 = EDGE_CURVE ( 'NONE', #3338, #3802, #367, .T. ) ;
#960 = CARTESIAN_POINT ( 'NONE',  ( -0.4949999999999999956, 0.05000000000000000278, 1.073360150760649981E-15 ) ) ;
#961 =( NAMED_UNIT ( * ) SI_UNIT ( $, .STERADIAN. ) SOLID_ANGLE_UNIT ( ) );
#962 = ORIENTED_EDGE ( 'NONE', *, *, #3459, .F. ) ;
#963 = ORIENTED_EDGE ( 'NONE', *, *, #3741, .T. ) ;
#964 = DIRECTION ( 'NONE',  ( 1.000000000000000000, 0.0000000000000000000, 0.0000000000000000000 ) ) ;
#965 = ORIENTED_EDGE ( 'NONE', *, *, #3218, .T. ) ;
#966 = VERTEX_POINT ( 'NONE', #5456 ) ;
#967 = VECTOR ( 'NONE', #5428, 1000.000000000000000 ) ;
#968 = EDGE_CURVE ( 'NONE', #5570, #751, #5202, .T. ) ;
#969 = CARTESIAN_POINT ( 'NONE',  ( 0.0000000000000000000, 0.05000000000000000278, -0.5000000000000000000 ) ) ;
#970 = LINE ( 'NONE', #4236, #5527 ) ;
#971 = PLANE ( 'NONE',  #5700 ) ;
#972 = VECTOR ( 'NONE', #3838, 1000.000000000000000 ) ;
#973 = EDGE_CURVE ( 'NONE', #4402, #4913, #2788, .T. ) ;
#974 = LINE ( 'NONE', #3954, #3263 ) ;
#975 = VERTEX_POINT ( 'NONE', #920 ) ;
#976 = DIRECTION ( 'NONE',  ( -1.000000000000000000, 0.0000000000000000000, -1.936075308009829787E-17 ) ) ;
#977 = CARTESIAN_POINT ( 'NONE',  ( 0.5000000000000000000, 0.2500000000000000000, -0.5000000000000000000 ) ) ;
#978 = VECTOR ( 'NONE', #4488, 1000.000000000000000 ) ;
#979 = FACE_OUTER_BOUND ( 'NONE', #2628, .T. ) ;
#980 = VERTEX_POINT ( 'NONE', #1377 ) ;
#981 = EDGE_CURVE ( 'NONE', #4193, #4593, #65, .T. ) ;
#982 = ADVANCED_FACE ( 'NONE', ( #1297 ), #1846, .T. ) ;
#983 = AXIS2_PLACEMENT_3D ( 'NONE', #5319, #3052, #309 ) ;
#984 = CARTESIAN_POINT ( 'NONE',  ( 0.0000000000000000000, 0.05000000000000000278, 0.0000000000000000000 ) ) ;
#985 = DIRECTION ( 'NONE',  ( 1.000000000000000000, 0.0000000000000000000, 0.0000000000000000000 ) ) ;
#986 = ORIENTED_EDGE ( 'NONE', *, *, #2683, .T. ) ;
#987 = ORIENTED_EDGE ( 'NONE', *, *, #2540, .F. ) ;
#988 = VERTEX_POINT ( 'NONE', #3677 ) ;
#989 = VERTEX_POINT ( 'NONE', #940 ) ;
#990 = CARTESIAN_POINT ( 'NONE',  ( 0.3099999999999999978, 0.05000000000000000278, 0.0000000000000000000 ) ) ;
#991 = CARTESIAN_POINT ( 'NONE',  ( -0.4949999999999999956, 0.05000000000000000278, 0.3099999999999999978 ) ) ;
#992 = DIRECTION ( 'NONE',  ( 0.0000000000000000000, 0.0000000000000000000, 1.000000000000000000 ) ) ;
#993 = LINE ( 'NONE', #1711, #1293 ) ;
#994 = CARTESIAN_POINT ( 'NONE',  ( 0.0000000000000000000, 0.2500000000000000000, -0.04827599225835989966 ) ) ;
#995 = PRESENTATION_STYLE_ASSIGNMENT (( #4692 ) ) ;
#996 = CARTESIAN_POINT ( 'NONE',  ( -0.4949999999999999956, 0.05000000000000000278, -0.2100000000000000200 ) ) ;
#997 = ORIENTED_EDGE ( 'NONE', *, *, #1863, .T. ) ;
#998 = EDGE_LOOP ( 'NONE', ( #237, #4339, #2994, #623 ) ) ;
#999 = EDGE_LOOP ( 'NONE', ( #3536, #23, #4758, #4358 ) ) ;
#1000 = EDGE_LOOP ( 'NONE', ( #14, #3726, #917, #2242, #2680 ) ) ;
#1001 = LINE ( 'NONE', #2529, #4510 ) ;
#1002 = ADVANCED_FACE ( 'NONE', ( #2662 ), #481, .F. ) ;
#1003 = FACE_OUTER_BOUND ( 'NONE', #4962, .T. ) ;
#1004 = FACE_OUTER_BOUND ( 'NONE', #2957, .T. ) ;
#1005 = EDGE_CURVE ( 'NONE', #3667, #138, #2364, .T. ) ;
#1006 = ADVANCED_FACE ( 'NONE', ( #3724 ), #5136, .F. ) ;
#1007 = ORIENTED_EDGE ( 'NONE', *, *, #123, .F. ) ;
#1008 = LINE ( 'NONE', #678, #2253 ) ;
#1009 = AXIS2_PLACEMENT_3D ( 'NONE', #1512, #5149, #2423 ) ;
#1010 = DIRECTION ( 'NONE',  ( 1.000000000000000000, 8.735837922282160084E-33, 8.165012460189281423E-49 ) ) ;
#1011 = CARTESIAN_POINT ( 'NONE',  ( -0.5000000000000000000, 0.0000000000000000000, 0.3099999999999999978 ) ) ;
#1012 = EDGE_CURVE ( 'NONE', #2345, #82, #5851, .T. ) ;
#1013 = ORIENTED_EDGE ( 'NONE', *, *, #3030, .T. ) ;
#1014 = MANIFOLD_SOLID_BREP ( 'NONE', #2649 ) ;
#1015 = DIRECTION ( 'NONE',  ( 0.0000000000000000000, 0.0000000000000000000, 1.000000000000000000 ) ) ;
#1016 = EDGE_LOOP ( 'NONE', ( #5870, #926, #3024, #4122 ) ) ;
#1017 = EDGE_CURVE ( 'NONE', #1175, #1554, #4213, .T. ) ;
#1018 = VERTEX_POINT ( 'NONE', #142 ) ;
#1019 = MECHANICAL_DESIGN_GEOMETRIC_PRESENTATION_REPRESENTATION (  '', ( #93 ), #1337 ) ;
#1020 = VERTEX_POINT ( 'NONE', #1052 ) ;
#1021 = CARTESIAN_POINT ( 'NONE',  ( 0.2100000000000000200, 0.0000000000000000000, -9.813898975084309034E-17 ) ) ;
#1022 = CARTESIAN_POINT ( 'NONE',  ( -0.3202182358878855606, 0.05000000000000000278, -0.4800000000000000377 ) ) ;
#1023 = AXIS2_PLACEMENT_3D ( 'NONE', #1595, #1107, #680 ) ;
#1024 = LINE ( 'NONE', #693, #2269 ) ;
#1025 = ORIENTED_EDGE ( 'NONE', *, *, #2983, .F. ) ;
#1026 = DIRECTION ( 'NONE',  ( 0.0000000000000000000, -1.000000000000000000, 0.0000000000000000000 ) ) ;
#1027 = LINE ( 'NONE', #4456, #3965 ) ;
#1028 = CARTESIAN_POINT ( 'NONE',  ( -0.1053477934590670018, 0.05000000000000000278, -0.1758845661859115006 ) ) ;
#1029 = CARTESIAN_POINT ( 'NONE',  ( -0.05000000000000000278, -6.776263578034400401E-18, 0.05000000000000000278 ) ) ;
#1030 = CARTESIAN_POINT ( 'NONE',  ( 0.0000000000000000000, 0.05000000000000000278, 0.0000000000000000000 ) ) ;
#1031 = ADVANCED_FACE ( 'NONE', ( #4628 ), #622, .T. ) ;
#1032 = LINE ( 'NONE', #1236, #4538 ) ;
#1033 = EDGE_CURVE ( 'NONE', #2739, #5072, #5278, .T. ) ;
#1034 = LINE ( 'NONE', #549, #3198 ) ;
#1035 = ORIENTED_EDGE ( 'NONE', *, *, #3543, .F. ) ;
#1036 = ADVANCED_FACE ( 'NONE', ( #1811 ), #2887, .T. ) ;
#1037 = DIRECTION ( 'NONE',  ( 1.000000000000000000, 0.0000000000000000000, 0.0000000000000000000 ) ) ;
#1038 = LINE ( 'NONE', #1021, #3630 ) ;
#1039 = LINE ( 'NONE', #2927, #5743 ) ;
#1040 = EDGE_LOOP ( 'NONE', ( #679, #4990, #5660, #3778 ) ) ;
#1041 = DIRECTION ( 'NONE',  ( 0.0000000000000000000, -1.000000000000000000, 0.0000000000000000000 ) ) ;
#1042 = EDGE_CURVE ( 'NONE', #754, #2479, #1656, .T. ) ;
#1043 = LINE ( 'NONE', #5749, #4549 ) ;
#1044 = CARTESIAN_POINT ( 'NONE',  ( -0.2933618639406079809, 0.05000000000000000278, 0.4800000000000000377 ) ) ;
#1045 = AXIS2_PLACEMENT_3D ( 'NONE', #4810, #5273, #2552 ) ;
#1046 = VERTEX_POINT ( 'NONE', #4285 ) ;
#1047 = VERTEX_POINT ( 'NONE', #2024 ) ;
#1048 = AXIS2_PLACEMENT_3D ( 'NONE', #2553, #3466, #749 ) ;
#1049 = CARTESIAN_POINT ( 'NONE',  ( -0.1324024845846042131, 0.05000000000000000278, -0.04827599225835989966 ) ) ;
#1050 = CARTESIAN_POINT ( 'NONE',  ( 0.5000000000000000000, -6.776263578034400401E-18, 0.05000000000000000278 ) ) ;
#1051 = EDGE_LOOP ( 'NONE', ( #1478, #2193, #2289, #1546, #11, #3955 ) ) ;
#1052 = CARTESIAN_POINT ( 'NONE',  ( 0.2801399107849885106, 0.05000000000000000278, -0.2783841551168639850 ) ) ;
#1053 = ORIENTED_EDGE ( 'NONE', *, *, #626, .F. ) ;
#1054 = ORIENTED_EDGE ( 'NONE', *, *, #1601, .T. ) ;
#1055 = ORIENTED_EDGE ( 'NONE', *, *, #656, .T. ) ;
#1056 = VECTOR ( 'NONE', #2161, 1000.000000000000000 ) ;
#1057 = EDGE_CURVE ( 'NONE', #894, #3271, #447, .T. ) ;
#1058 = EDGE_LOOP ( 'NONE', ( #3592, #2514, #2287, #944 ) ) ;
#1060 = FILL_AREA_STYLE ('',( #607 ) ) ;
#1059 = AXIS2_PLACEMENT_3D ( 'NONE', #5310, #1714, #4888 ) ;
#1061 = ORIENTED_EDGE ( 'NONE', *, *, #92, .F. ) ;
#1063 = EDGE_LOOP ( 'NONE', ( #2265, #2421, #1661, #5252 ) ) ;
#1062 = CARTESIAN_POINT ( 'NONE',  ( 1.962779795016860328E-17, 0.0000000000000000000, -0.2100000000000000200 ) ) ;
#1064 = ADVANCED_FACE ( 'NONE', ( #4088 ), #183, .T. ) ;
#1065 = SURFACE_STYLE_USAGE ( .BOTH. , #3806 ) ;
#1066 = CARTESIAN_POINT ( 'NONE',  ( 0.4650000000000000244, 0.0000000000000000000, -0.5000000000000000000 ) ) ;
#1067 = DIRECTION ( 'NONE',  ( 0.0000000000000000000, 0.0000000000000000000, 1.000000000000000000 ) ) ;
#1068 = ADVANCED_FACE ( 'NONE', ( #4717 ), #1093, .F. ) ;
#1069 = VECTOR ( 'NONE', #5481, 1000.000000000000000 ) ;
#1070 = DIRECTION ( 'NONE',  ( 0.0000000000000000000, 0.0000000000000000000, -1.000000000000000000 ) ) ;
#1071 = FILL_AREA_STYLE_COLOUR ( '', #1625 ) ;
#1072 =( NAMED_UNIT ( * ) SI_UNIT ( $, .STERADIAN. ) SOLID_ANGLE_UNIT ( ) );
#1073 = ORIENTED_EDGE ( 'NONE', *, *, #5617, .T. ) ;
#1074 = EDGE_CURVE ( 'NONE', #4101, #4228, #2981, .T. ) ;
#1075 = ORIENTED_EDGE ( 'NONE', *, *, #517, .F. ) ;
#1076 = LINE ( 'NONE', #4948, #4572 ) ;
#1077 = VECTOR ( 'NONE', #1918, 1000.000000000000000 ) ;
#1078 = DIRECTION ( 'NONE',  ( 0.0000000000000000000, 0.0000000000000000000, 1.000000000000000000 ) ) ;
#1079 = DIRECTION ( 'NONE',  ( -1.000000000000000000, 0.0000000000000000000, 4.216341781888070115E-16 ) ) ;
#1080 = ORIENTED_EDGE ( 'NONE', *, *, #2482, .F. ) ;
#1081 = LINE ( 'NONE', #1936, #3361 ) ;
#1082 = LINE ( 'NONE', #3504, #13 ) ;
#1083 = EDGE_CURVE ( 'NONE', #432, #5402, #4065, .T. ) ;
#1084 = VERTEX_POINT ( 'NONE', #3402 ) ;
#1085 = CARTESIAN_POINT ( 'NONE',  ( 0.4949999999999999956, -6.776263578034400401E-18, 0.3099999999999999978 ) ) ;
#1086 = LINE ( 'NONE', #2336, #3367 ) ;
#1087 = LINE ( 'NONE', #1480, #3372 ) ;
#1088 = PLANE ( 'NONE',  #5714 ) ;
#1089 = VERTEX_POINT ( 'NONE', #3879 ) ;
#1090 = PRESENTATION_LAYER_ASSIGNMENT (  '', '', ( #802 ) ) ;
#1091 = DIRECTION ( 'NONE',  ( 0.0000000000000000000, -1.936075308009829787E-17, 1.000000000000000000 ) ) ;
#1092 = EDGE_CURVE ( 'NONE', #590, #138, #5107, .T. ) ;
#1093 = PLANE ( 'NONE',  #1186 ) ;
#1094 = PRESENTATION_LAYER_ASSIGNMENT (  '', '', ( #807 ) ) ;
#1095 = VERTEX_POINT ( 'NONE', #4330 ) ;
#1096 = ORIENTED_EDGE ( 'NONE', *, *, #1083, .T. ) ;
#1097 = ADVANCED_FACE ( 'NONE', ( #2706 ), #1602, .F. ) ;
#1098 = CARTESIAN_POINT ( 'NONE',  ( 0.5000000000000000000, 0.05000000000000000278, 0.3099999999999999978 ) ) ;
#1099 = VERTEX_POINT ( 'NONE', #2062 ) ;
#1100 = PLANE ( 'NONE',  #2721 ) ;
#1101 = ORIENTED_EDGE ( 'NONE', *, *, #5199, .F. ) ;
#1102 = FACE_OUTER_BOUND ( 'NONE', #640, .T. ) ;
#1103 = SURFACE_SIDE_STYLE ('',( #38 ) ) ;
#1104 = VECTOR ( 'NONE', #2384, 1000.000000000000000 ) ;
#1105 = DIRECTION ( 'NONE',  ( 1.000000000000000000, 0.0000000000000000000, 0.0000000000000000000 ) ) ;
#1106 = LINE ( 'NONE', #2008, #164 ) ;
#1107 = DIRECTION ( 'NONE',  ( -0.0000000000000000000, 1.000000000000000000, 0.0000000000000000000 ) ) ;
#1108 = DIRECTION ( 'NONE',  ( 0.0000000000000000000, 1.000000000000000000, 0.0000000000000000000 ) ) ;
#1109 = CARTESIAN_POINT ( 'NONE',  ( 0.0000000000000000000, 0.0000000000000000000, -0.4949999999999999956 ) ) ;
#1110 = LINE ( 'NONE', #763, #1258 ) ;
#1111 = VERTEX_POINT ( 'NONE', #3419 ) ;
#1112 = VECTOR ( 'NONE', #1274, 1000.000000000000000 ) ;
#1113 = EDGE_CURVE ( 'NONE', #1046, #5257, #5253, .T. ) ;
#1114 = PLANE ( 'NONE',  #3314 ) ;
#1115 = FACE_OUTER_BOUND ( 'NONE', #4063, .T. ) ;
#1116 = ORIENTED_EDGE ( 'NONE', *, *, #3394, .F. ) ;
#1117 = EDGE_CURVE ( 'NONE', #4442, #4160, #554, .T. ) ;
#1118 = ORIENTED_EDGE ( 'NONE', *, *, #5891, .F. ) ;
#1119 = DIRECTION ( 'NONE',  ( 1.000000000000000000, 0.0000000000000000000, 0.0000000000000000000 ) ) ;
#1120 = VECTOR ( 'NONE', #5449, 1000.000000000000000 ) ;
#1121 = DIRECTION ( 'NONE',  ( 0.0000000000000000000, 0.0000000000000000000, -1.000000000000000000 ) ) ;
#1122 = ADVANCED_FACE ( 'NONE', ( #421 ), #2081, .T. ) ;
#1123 = ORIENTED_EDGE ( 'NONE', *, *, #5451, .F. ) ;
#1124 = EDGE_LOOP ( 'NONE', ( #1928, #1771, #502, #2 ) ) ;
#1125 = ORIENTED_EDGE ( 'NONE', *, *, #2917, .T. ) ;
#1126 = ORIENTED_EDGE ( 'NONE', *, *, #4529, .T. ) ;
#1127 = AXIS2_PLACEMENT_3D ( 'NONE', #2013, #172, #3375 ) ;
#1128 =( NAMED_UNIT ( * ) SI_UNIT ( $, .STERADIAN. ) SOLID_ANGLE_UNIT ( ) );
#1129 = DIRECTION ( 'NONE',  ( 0.0000000000000000000, -1.000000000000000000, 0.0000000000000000000 ) ) ;
#1130 = DIRECTION ( 'NONE',  ( -1.000000000000000000, 0.0000000000000000000, 2.168404344971010446E-15 ) ) ;
#1131 = CARTESIAN_POINT ( 'NONE',  ( 0.5000000000000000000, 0.2500000000000000000, -0.5000000000000000000 ) ) ;
#1132 = DIRECTION ( 'NONE',  ( 1.000000000000000000, 0.0000000000000000000, 0.0000000000000000000 ) ) ;
#1133 = CARTESIAN_POINT ( 'NONE',  ( 0.0000000000000000000, 0.05000000000000000278, 0.0000000000000000000 ) ) ;
#1134 = EDGE_CURVE ( 'NONE', #1867, #5615, #254, .T. ) ;
#1135 = DIRECTION ( 'NONE',  ( 0.0000000000000000000, 1.000000000000000000, 0.0000000000000000000 ) ) ;
#1136 = LINE ( 'NONE', #342, #5696 ) ;
#1137 = EDGE_CURVE ( 'NONE', #3137, #1950, #2551, .T. ) ;
#1138 = VECTOR ( 'NONE', #3792, 1000.000000000000000 ) ;
#1139 = CARTESIAN_POINT ( 'NONE',  ( -0.2100000000000000200, 0.0000000000000000000, 0.2100000000000000200 ) ) ;
#1140 = CARTESIAN_POINT ( 'NONE',  ( -0.3099999999999999978, 0.0000000000000000000, 0.0000000000000000000 ) ) ;
#1141 = CARTESIAN_POINT ( 'NONE',  ( 0.2100000000000000200, 0.05000000000000000278, 0.2100000000000000200 ) ) ;
#1142 = CARTESIAN_POINT ( 'NONE',  ( -0.4949999999999999956, 0.0000000000000000000, 0.0000000000000000000 ) ) ;
#1143 = ORIENTED_EDGE ( 'NONE', *, *, #3656, .F. ) ;
#1144 = VERTEX_POINT ( 'NONE', #4813 ) ;
#1145 = VECTOR ( 'NONE', #420, 1000.000000000000000 ) ;
#1146 = CARTESIAN_POINT ( 'NONE',  ( 0.05000000000000000278, 0.05000000000000000278, -0.1499999999999999944 ) ) ;
#1147 = LINE ( 'NONE', #3902, #3728 ) ;
#1148 = VERTEX_POINT ( 'NONE', #1642 ) ;
#1149 = FILL_AREA_STYLE_COLOUR ( '', #4401 ) ;
#1150 = PLANE ( 'NONE',  #455 ) ;
#1151 = EDGE_CURVE ( 'NONE', #3280, #5413, #2403, .T. ) ;
#1152 = DIRECTION ( 'NONE',  ( 0.0000000000000000000, -1.000000000000000000, 0.0000000000000000000 ) ) ;
#1153 = CARTESIAN_POINT ( 'NONE',  ( 0.4899999999999999911, 0.05000000000000000278, -0.2100000000000000200 ) ) ;
#1154 = VERTEX_POINT ( 'NONE', #2106 ) ;
#1155 = CARTESIAN_POINT ( 'NONE',  ( 0.05000000000000000278, 0.0000000000000000000, -0.5000000000000000000 ) ) ;
#1156 = SURFACE_STYLE_FILL_AREA ( #2774 ) ;
#1157 = VECTOR ( 'NONE', #5205, 1000.000000000000000 ) ;
#1158 = ADVANCED_FACE ( 'NONE', ( #3763 ), #5274, .F. ) ;
#1159 = CARTESIAN_POINT ( 'NONE',  ( 0.4899999999999999911, 0.05000000000000000278, 0.3204630797616150328 ) ) ;
#1160 = COLOUR_RGB ( '',1.000000000000000000, 1.000000000000000000, 1.000000000000000000 ) ;
#1161 = EDGE_CURVE ( 'NONE', #3520, #949, #1340, .T. ) ;
#1162 = ORIENTED_EDGE ( 'NONE', *, *, #2668, .T. ) ;
#1163 = PRESENTATION_LAYER_ASSIGNMENT (  '', '', ( #555 ) ) ;
#1164 = DIRECTION ( 'NONE',  ( -1.141265444721584103E-15, 0.0000000000000000000, -1.000000000000000000 ) ) ;
#1165 = CARTESIAN_POINT ( 'NONE',  ( 0.5000000000000000000, 0.05000000000000000278, 0.05000000000000000278 ) ) ;
#1166 = CARTESIAN_POINT ( 'NONE',  ( -0.5000000000000000000, 0.0000000000000000000, 0.05000000000000070360 ) ) ;
#1167 = ORIENTED_EDGE ( 'NONE', *, *, #5405, .T. ) ;
#1168 = EDGE_LOOP ( 'NONE', ( #4761, #5871, #3783, #4093 ) ) ;
#1169 = DIRECTION ( 'NONE',  ( -1.000000000000000000, 0.0000000000000000000, 0.0000000000000000000 ) ) ;
#1170 = DIRECTION ( 'NONE',  ( -2.168404344971010446E-15, 0.0000000000000000000, -1.000000000000000000 ) ) ;
#1171 = EDGE_CURVE ( 'NONE', #1645, #4637, #5893, .T. ) ;
#1172 = AXIS2_PLACEMENT_3D ( 'NONE', #587, #3781, #1037 ) ;
#1173 = DIRECTION ( 'NONE',  ( 1.000000000000000000, 0.0000000000000000000, 0.0000000000000000000 ) ) ;
#1174 = VECTOR ( 'NONE', #2934, 1000.000000000000114 ) ;
#1175 = VERTEX_POINT ( 'NONE', #268 ) ;
#1176 = CARTESIAN_POINT ( 'NONE',  ( 0.2100000000000000200, 0.05000000000000000278, 0.4949999999999999956 ) ) ;
#1177 = VECTOR ( 'NONE', #3537, 1000.000000000000000 ) ;
#1178 = PLANE ( 'NONE',  #4544 ) ;
#1179 = VECTOR ( 'NONE', #497, 1000.000000000000000 ) ;
#1180 = ORIENTED_EDGE ( 'NONE', *, *, #3368, .F. ) ;
#1181 = CYLINDRICAL_SURFACE ( 'NONE', #3091, 0.03499999999999998251 ) ;
#1182 = DIRECTION ( 'NONE',  ( 1.000000000000000000, 7.076028717048548997E-31, 5.952294083477989843E-46 ) ) ;
#1183 = CARTESIAN_POINT ( 'NONE',  ( 0.3099999999999999978, 0.05000000000000000278, 0.5000000000000000000 ) ) ;
#1184 = CARTESIAN_POINT ( 'NONE',  ( 0.4899999999999999911, 0.2500000000000000000, 0.3204630797616150328 ) ) ;
#1185 = ADVANCED_FACE ( 'NONE', ( #4671 ), #3033, .T. ) ;
#1186 = AXIS2_PLACEMENT_3D ( 'NONE', #2930, #1578, #4755 ) ;
#1187 = LINE ( 'NONE', #4731, #2400 ) ;
#1188 = EDGE_LOOP ( 'NONE', ( #2431, #2401, #2581, #5144 ) ) ;
#1189 = PLANE ( 'NONE',  #4102 ) ;
#1190 = VECTOR ( 'NONE', #3900, 1000.000000000000000 ) ;
#1191 = CARTESIAN_POINT ( 'NONE',  ( 9.813898975084309034E-17, 0.05000000000000000278, 0.2100000000000000200 ) ) ;
#1192 = DIRECTION ( 'NONE',  ( 0.0000000000000000000, 0.0000000000000000000, 1.000000000000000000 ) ) ;
#1193 = DIRECTION ( 'NONE',  ( 0.0000000000000000000, 0.0000000000000000000, 1.000000000000000000 ) ) ;
#1194 = ORIENTED_EDGE ( 'NONE', *, *, #3798, .T. ) ;
#1195 = PLANE ( 'NONE',  #3262 ) ;
#1196 = ORIENTED_EDGE ( 'NONE', *, *, #5056, .T. ) ;
#1197 = CARTESIAN_POINT ( 'NONE',  ( -0.05000000000000000278, 0.05000000000000000278, -0.05000000000000000278 ) ) ;
#1198 = VERTEX_POINT ( 'NONE', #1213 ) ;
#1199 = ORIENTED_EDGE ( 'NONE', *, *, #4161, .F. ) ;
#1200 = CARTESIAN_POINT ( 'NONE',  ( 0.0000000000000000000, 0.2500000000000000000, 0.1355136704081486010 ) ) ;
#1201 = VERTEX_POINT ( 'NONE', #766 ) ;
#1202 = EDGE_CURVE ( 'NONE', #4080, #2372, #1043, .T. ) ;
#1203 = CARTESIAN_POINT ( 'NONE',  ( -0.2933618639406079809, 0.2500000000000000000, 0.4800000000000000377 ) ) ;
#1204 = ORIENTED_EDGE ( 'NONE', *, *, #5383, .F. ) ;
#1205 = ORIENTED_EDGE ( 'NONE', *, *, #3888, .F. ) ;
#1206 = VERTEX_POINT ( 'NONE', #4406 ) ;
#1207 = CARTESIAN_POINT ( 'NONE',  ( 0.4949999999999999956, 0.05000000000000000278, 0.3099999999999999978 ) ) ;
#1208 = CARTESIAN_POINT ( 'NONE',  ( 0.2933618639406084805, 0.05000000000000000278, 0.4800000000000000377 ) ) ;
#1209 = CARTESIAN_POINT ( 'NONE',  ( -0.5000000000000000000, 0.05000000000000000278, -0.05000000000000000278 ) ) ;
#1210 = AXIS2_PLACEMENT_3D ( 'NONE', #2569, #3025, #278 ) ;
#1211 = EDGE_CURVE ( 'NONE', #262, #2712, #5746, .T. ) ;
#1212 = AXIS2_PLACEMENT_3D ( 'NONE', #3817, #2913, #165 ) ;
#1213 = CARTESIAN_POINT ( 'NONE',  ( -0.4949999999999999956, 0.05000000000000000278, 0.2100000000000000200 ) ) ;
#1214 = LINE ( 'NONE', #5913, #1069 ) ;
#1215 = CARTESIAN_POINT ( 'NONE',  ( 0.5000000000000000000, 0.0000000000000000000, -0.4650000000000000244 ) ) ;
#1216 = ADVANCED_FACE ( 'NONE', ( #2282 ), #311, .F. ) ;
#1217 = AXIS2_PLACEMENT_3D ( 'NONE', #871, #1318, #4504 ) ;
#1218 = ORIENTED_EDGE ( 'NONE', *, *, #1403, .F. ) ;
#1219 = VECTOR ( 'NONE', #4010, 1000.000000000000000 ) ;
#1220 = LINE ( 'NONE', #1900, #3509 ) ;
#1221 = CARTESIAN_POINT ( 'NONE',  ( 0.2100000000000000200, 0.05000000000000000278, 0.2100000000000000200 ) ) ;
#1222 = COLOUR_RGB ( '',1.000000000000000000, 1.000000000000000000, 1.000000000000000000 ) ;
#1223 = EDGE_LOOP ( 'NONE', ( #703, #5557, #3301, #779 ) ) ;
#1224 = LINE ( 'NONE', #4189, #2312 ) ;
#1225 = LINE ( 'NONE', #3479, #3665 ) ;
#1226 = DIRECTION ( 'NONE',  ( -1.141265444721584103E-15, 0.0000000000000000000, -1.000000000000000000 ) ) ;
#1227 = CARTESIAN_POINT ( 'NONE',  ( 0.0000000000000000000, 0.05000000000000000278, 0.0000000000000000000 ) ) ;
#1228 = CARTESIAN_POINT ( 'NONE',  ( -0.05000000000000000278, 0.05000000000000000278, -0.5000000000000000000 ) ) ;
#1229 = VERTEX_POINT ( 'NONE', #2600 ) ;
#1230 = FACE_OUTER_BOUND ( 'NONE', #2453, .T. ) ;
#1231 = CARTESIAN_POINT ( 'NONE',  ( -0.5000000000000000000, 0.2500000000000000000, 0.0000000000000000000 ) ) ;
#1232 = FACE_OUTER_BOUND ( 'NONE', #3700, .T. ) ;
#1233 = DIRECTION ( 'NONE',  ( -1.000000000000000000, 0.0000000000000000000, 0.0000000000000000000 ) ) ;
#1234 = EDGE_CURVE ( 'NONE', #5710, #5535, #3634, .T. ) ;
#1235 = CARTESIAN_POINT ( 'NONE',  ( 0.2801399107849885106, 0.05000000000000000278, -0.4800000000000000377 ) ) ;
#1236 = CARTESIAN_POINT ( 'NONE',  ( 0.1499999999999999944, 0.05000000000000000278, -0.05000000000000000278 ) ) ;
#1237 = DIRECTION ( 'NONE',  ( -0.8432271980573247117, 0.0000000000000000000, 0.5375573387615438792 ) ) ;
#1238 = LINE ( 'NONE', #3274, #4452 ) ;
#1239 = ORIENTED_EDGE ( 'NONE', *, *, #4207, .T. ) ;
#1240 = DIRECTION ( 'NONE',  ( 1.000000000000000000, 0.0000000000000000000, 0.0000000000000000000 ) ) ;
#1241 = ORIENTED_EDGE ( 'NONE', *, *, #1234, .F. ) ;
#1242 = AXIS2_PLACEMENT_3D ( 'NONE', #4355, #1632, #4804 ) ;
#1243 = ORIENTED_EDGE ( 'NONE', *, *, #755, .T. ) ;
#1244 = AXIS2_PLACEMENT_3D ( 'NONE', #2682, #4077, #1334 ) ;
#1245 = CARTESIAN_POINT ( 'NONE',  ( 0.3099999999999999978, 0.05000000000000000278, -0.5000000000000000000 ) ) ;
#1246 = DIRECTION ( 'NONE',  ( 0.0000000000000000000, 0.0000000000000000000, 1.000000000000000000 ) ) ;
#1247 = CARTESIAN_POINT ( 'NONE',  ( 0.0000000000000000000, 0.0000000000000000000, 0.0000000000000000000 ) ) ;
#1248 = LINE ( 'NONE', #392, #2122 ) ;
#1249 = CARTESIAN_POINT ( 'NONE',  ( 1.962779795016860328E-17, 0.05000000000000000278, -0.2100000000000000200 ) ) ;
#1250 = DIRECTION ( 'NONE',  ( 0.0000000000000000000, 1.000000000000000000, 0.0000000000000000000 ) ) ;
#1251 = VECTOR ( 'NONE', #1015, 1000.000000000000000 ) ;
#1252 = EDGE_CURVE ( 'NONE', #1089, #4271, #3330, .T. ) ;
#1253 = CYLINDRICAL_SURFACE ( 'NONE', #1810, 0.03499999999999998251 ) ;
#1254 = ADVANCED_FACE ( 'NONE', ( #3206 ), #3076, .F. ) ;
#1255 = MECHANICAL_DESIGN_GEOMETRIC_PRESENTATION_REPRESENTATION (  '', ( #335 ), #1565 ) ;
#1256 = CARTESIAN_POINT ( 'NONE',  ( -0.5000000000000000000, 0.05000000000000000278, 0.4650000000000000244 ) ) ;
#1257 = LINE ( 'NONE', #688, #5532 ) ;
#1258 = VECTOR ( 'NONE', #1687, 1000.000000000000000 ) ;
#1259 = ORIENTED_EDGE ( 'NONE', *, *, #4207, .F. ) ;
#1260 = ORIENTED_EDGE ( 'NONE', *, *, #687, .F. ) ;
#1261 = EDGE_CURVE ( 'NONE', #4688, #4840, #5597, .T. ) ;
#1262 = VECTOR ( 'NONE', #5807, 1000.000000000000000 ) ;
#1263 = DIRECTION ( 'NONE',  ( -1.000000000000000000, 0.0000000000000000000, 4.216341781888070115E-16 ) ) ;
#1264 = VERTEX_POINT ( 'NONE', #4449 ) ;
#1265 = VECTOR ( 'NONE', #1782, 1000.000000000000000 ) ;
#1266 = ORIENTED_EDGE ( 'NONE', *, *, #2190, .F. ) ;
#1267 = PLANE ( 'NONE',  #4263 ) ;
#1268 = DIRECTION ( 'NONE',  ( 0.0000000000000000000, -1.000000000000000000, 0.0000000000000000000 ) ) ;
#1269 = FILL_AREA_STYLE ('',( #823 ) ) ;
#1270 = DIRECTION ( 'NONE',  ( 0.0000000000000000000, -1.000000000000000000, 0.0000000000000000000 ) ) ;
#1271 = ORIENTED_EDGE ( 'NONE', *, *, #1327, .F. ) ;
#1272 = EDGE_CURVE ( 'NONE', #1903, #1018, #772, .T. ) ;
#1273 = ORIENTED_EDGE ( 'NONE', *, *, #2996, .F. ) ;
#1274 = DIRECTION ( 'NONE',  ( 0.0000000000000000000, 1.000000000000000000, 0.0000000000000000000 ) ) ;
#1275 = DIRECTION ( 'NONE',  ( 1.000000000000000000, 0.0000000000000000000, 0.0000000000000000000 ) ) ;
#1276 = LINE ( 'NONE', #1827, #2642 ) ;
#1277 = CARTESIAN_POINT ( 'NONE',  ( -0.3099999999999999978, 0.05000000000000000278, -0.5000000000000000000 ) ) ;
#1278 = ORIENTED_EDGE ( 'NONE', *, *, #1519, .T. ) ;
#1279 = DIRECTION ( 'NONE',  ( 1.000000000000000000, 0.0000000000000000000, 0.0000000000000000000 ) ) ;
#1280 = DIRECTION ( 'NONE',  ( 0.0000000000000000000, 0.0000000000000000000, -1.000000000000000000 ) ) ;
#1281 = ORIENTED_EDGE ( 'NONE', *, *, #5631, .F. ) ;
#1282 = ORIENTED_EDGE ( 'NONE', *, *, #5735, .T. ) ;
#1283 = ORIENTED_EDGE ( 'NONE', *, *, #675, .T. ) ;
#1284 = EDGE_CURVE ( 'NONE', #1791, #3280, #4259, .T. ) ;
#1285 = CARTESIAN_POINT ( 'NONE',  ( 0.5000000000000000000, 0.05000000000000000278, -0.3099999999999999978 ) ) ;
#1286 = ADVANCED_FACE ( 'NONE', ( #4127 ), #3102, .F. ) ;
#1287 = CARTESIAN_POINT ( 'NONE',  ( 0.05000000000000000278, -6.776263578034400401E-18, 0.5000000000000000000 ) ) ;
#1288 = UNCERTAINTY_MEASURE_WITH_UNIT (LENGTH_MEASURE( 1.000000000000000082E-05 ), #3085, 'distance_accuracy_value', 'NONE');
#1289 = CARTESIAN_POINT ( 'NONE',  ( 0.4899999999999999911, 0.05000000000000000278, 0.3204630797616150328 ) ) ;
#1290 = DIRECTION ( 'NONE',  ( -1.000000000000000000, 0.0000000000000000000, 1.141265444721584103E-15 ) ) ;
#1291 = CARTESIAN_POINT ( 'NONE',  ( -0.4949999999999999956, -6.776263578034400401E-18, -0.2100000000000000200 ) ) ;
#1292 = EDGE_CURVE ( 'NONE', #3730, #2372, #2897, .T. ) ;
#1293 = VECTOR ( 'NONE', #4886, 1000.000000000000000 ) ;
#1294 = CARTESIAN_POINT ( 'NONE',  ( -0.1324024845846042131, 0.2500000000000000000, -0.04827599225835989966 ) ) ;
#1295 = COLOUR_RGB ( '',1.000000000000000000, 1.000000000000000000, 1.000000000000000000 ) ;
#1296 = DIRECTION ( 'NONE',  ( 0.0000000000000000000, 1.000000000000000000, 0.0000000000000000000 ) ) ;
#1297 = FACE_OUTER_BOUND ( 'NONE', #3928, .T. ) ;
#1298 = CARTESIAN_POINT ( 'NONE',  ( 0.05000000000000000278, 0.05000000000000000278, 0.3487332069152305203 ) ) ;
#1299 = ORIENTED_EDGE ( 'NONE', *, *, #3269, .F. ) ;
#1300 = ORIENTED_EDGE ( 'NONE', *, *, #4294, .F. ) ;
#1301 = FILL_AREA_STYLE ('',( #2217 ) ) ;
#1302 = LINE ( 'NONE', #4944, #4779 ) ;
#1303 = VECTOR ( 'NONE', #2975, 1000.000000000000000 ) ;
#1304 = PLANE ( 'NONE',  #3104 ) ;
#1305 = VERTEX_POINT ( 'NONE', #3560 ) ;
#1306 = DIRECTION ( 'NONE',  ( 1.000000000000000000, 0.0000000000000000000, 0.0000000000000000000 ) ) ;
#1307 = EDGE_LOOP ( 'NONE', ( #4204, #2470, #5685, #5038, #5091, #5343 ) ) ;
#1308 = VECTOR ( 'NONE', #1381, 1000.000000000000000 ) ;
#1309 = VECTOR ( 'NONE', #2880, 1000.000000000000000 ) ;
#1310 = CARTESIAN_POINT ( 'NONE',  ( -0.2100000000000000200, 0.05000000000000000278, 2.551613733521924712E-16 ) ) ;
#1311 = PLANE ( 'NONE',  #2892 ) ;
#1312 = COLOUR_RGB ( '',1.000000000000000000, 1.000000000000000000, 1.000000000000000000 ) ;
#1313 = LINE ( 'NONE', #5585, #81 ) ;
#1314 = CARTESIAN_POINT ( 'NONE',  ( -0.2933618639406079809, 0.05000000000000000278, 0.4800000000000000377 ) ) ;
#1315 = DIRECTION ( 'NONE',  ( 0.0000000000000000000, 1.000000000000000000, 0.0000000000000000000 ) ) ;
#1316 = VERTEX_POINT ( 'NONE', #1277 ) ;
#1317 =( NAMED_UNIT ( * ) SI_UNIT ( $, .STERADIAN. ) SOLID_ANGLE_UNIT ( ) );
#1318 = DIRECTION ( 'NONE',  ( 1.000000000000000000, 0.0000000000000000000, 0.0000000000000000000 ) ) ;
#1319 = ORIENTED_EDGE ( 'NONE', *, *, #1292, .F. ) ;
#1320 = ADVANCED_FACE ( 'NONE', ( #5328 ), #1752, .F. ) ;
#1321 = ORIENTED_EDGE ( 'NONE', *, *, #3775, .F. ) ;
#1322 = EDGE_CURVE ( 'NONE', #4556, #3220, #486, .T. ) ;
#1323 = CARTESIAN_POINT ( 'NONE',  ( 0.0000000000000000000, 0.05000000000000000278, -0.4949999999999999956 ) ) ;
#1324 = DIRECTION ( 'NONE',  ( 1.000000000000000000, 0.0000000000000000000, 0.0000000000000000000 ) ) ;
#1325 = LINE ( 'NONE', #5197, #236 ) ;
#1326 = ORIENTED_EDGE ( 'NONE', *, *, #2587, .T. ) ;
#1327 = EDGE_CURVE ( 'NONE', #3864, #4101, #1848, .T. ) ;
#1328 = AXIS2_PLACEMENT_3D ( 'NONE', #4492, #1394, #4582 ) ;
#1329 = VECTOR ( 'NONE', #5750, 1000.000000000000000 ) ;
#1330 = DIRECTION ( 'NONE',  ( 0.0000000000000000000, 1.000000000000000000, 0.0000000000000000000 ) ) ;
#1331 = PLANE ( 'NONE',  #2055 ) ;
#1332 = VECTOR ( 'NONE', #5486, 1000.000000000000000 ) ;
#1333 = ORIENTED_EDGE ( 'NONE', *, *, #3512, .T. ) ;
#1334 = DIRECTION ( 'NONE',  ( 0.0000000000000000000, 0.0000000000000000000, -1.000000000000000000 ) ) ;
#1335 = VECTOR ( 'NONE', #3655, 1000.000000000000000 ) ;
#1336 = EDGE_CURVE ( 'NONE', #3730, #4022, #3976, .T. ) ;
#1337 =( GEOMETRIC_REPRESENTATION_CONTEXT ( 3 ) GLOBAL_UNCERTAINTY_ASSIGNED_CONTEXT ( ( #2530 ) ) GLOBAL_UNIT_ASSIGNED_CONTEXT ( ( #683, #3874, #1128 ) ) REPRESENTATION_CONTEXT ( 'NONE', 'WORKASPACE' ) );
#1338 = EDGE_LOOP ( 'NONE', ( #1075, #3329, #1073, #5009 ) ) ;
#1339 = DIRECTION ( 'NONE',  ( -1.000000000000000000, 0.0000000000000000000, 0.0000000000000000000 ) ) ;
#1340 = LINE ( 'NONE', #1667, #4821 ) ;
#1341 = PLANE ( 'NONE',  #3412 ) ;
#1342 = ORIENTED_EDGE ( 'NONE', *, *, #2787, .T. ) ;
#1343 = ORIENTED_EDGE ( 'NONE', *, *, #80, .F. ) ;
#1344 = DIRECTION ( 'NONE',  ( 1.000000000000000000, 0.0000000000000000000, 0.0000000000000000000 ) ) ;
#1345 = DIRECTION ( 'NONE',  ( -0.0000000000000000000, 1.000000000000000000, 0.0000000000000000000 ) ) ;
#1346 = ORIENTED_EDGE ( 'NONE', *, *, #1939, .F. ) ;
#1347 = ORIENTED_EDGE ( 'NONE', *, *, #5727, .F. ) ;
#1348 = EDGE_LOOP ( 'NONE', ( #4987, #1326, #4067, #4079, #482, #352, #2171, #4068, #27, #1239, #56, #2852, #1916 ) ) ;
#1349 = VERTEX_POINT ( 'NONE', #4877 ) ;
#1350 = CARTESIAN_POINT ( 'NONE',  ( -0.1324024845846042131, 0.05000000000000000278, 0.1355136704081486010 ) ) ;
#1351 = ORIENTED_EDGE ( 'NONE', *, *, #1708, .T. ) ;
#1352 = EDGE_CURVE ( 'NONE', #5838, #2343, #3836, .T. ) ;
#1353 = DIRECTION ( 'NONE',  ( 0.0000000000000000000, -1.000000000000000000, 0.0000000000000000000 ) ) ;
#1354 = ORIENTED_EDGE ( 'NONE', *, *, #2146, .T. ) ;
#1355 = ORIENTED_EDGE ( 'NONE', *, *, #2395, .F. ) ;
#1356 = EDGE_LOOP ( 'NONE', ( #4137, #1167, #2154, #5444 ) ) ;
#1357 = DIRECTION ( 'NONE',  ( 0.0000000000000000000, 1.000000000000000000, 0.0000000000000000000 ) ) ;
#1358 = EDGE_CURVE ( 'NONE', #2382, #3057, #1548, .T. ) ;
#1359 = PLANE ( 'NONE',  #5221 ) ;
#1360 = FACE_OUTER_BOUND ( 'NONE', #2129, .T. ) ;
#1361 = DIRECTION ( 'NONE',  ( 0.0000000000000000000, 1.000000000000000000, 0.0000000000000000000 ) ) ;
#1362 = PLANE ( 'NONE',  #4720 ) ;
#1363 = ORIENTED_EDGE ( 'NONE', *, *, #2200, .F. ) ;
#1364 = ORIENTED_EDGE ( 'NONE', *, *, #5586, .F. ) ;
#1365 = ORIENTED_EDGE ( 'NONE', *, *, #5195, .F. ) ;
#1366 = LINE ( 'NONE', #355, #451 ) ;
#1367 = LINE ( 'NONE', #1880, #2433 ) ;
#1368 = CARTESIAN_POINT ( 'NONE',  ( -0.05000000000000000278, 0.0000000000000000000, -0.5000000000000000000 ) ) ;
#1369 = DIRECTION ( 'NONE',  ( 0.0000000000000000000, 1.000000000000000000, 0.0000000000000000000 ) ) ;
#1370 = LINE ( 'NONE', #4041, #5495 ) ;
#1371 = CARTESIAN_POINT ( 'NONE',  ( -0.3099999999999999978, 0.05000000000000000278, -0.4949999999999999956 ) ) ;
#1372 = EDGE_CURVE ( 'NONE', #2177, #4295, #1410, .T. ) ;
#1373 = PRESENTATION_LAYER_ASSIGNMENT (  '', '', ( #767 ) ) ;
#1374 = ORIENTED_EDGE ( 'NONE', *, *, #214, .F. ) ;
#1375 = FACE_OUTER_BOUND ( 'NONE', #4141, .T. ) ;
#1376 = EDGE_LOOP ( 'NONE', ( #5575, #4238, #2454, #2449, #1278, #4215 ) ) ;
#1377 = CARTESIAN_POINT ( 'NONE',  ( 0.3099999999999999978, 0.05000000000000000278, 0.5000000000000000000 ) ) ;
#1378 = VECTOR ( 'NONE', #4424, 1000.000000000000000 ) ;
#1379 = VECTOR ( 'NONE', #5061, 1000.000000000000000 ) ;
#1380 = FACE_OUTER_BOUND ( 'NONE', #4134, .T. ) ;
#1381 = DIRECTION ( 'NONE',  ( 0.0000000000000000000, 1.000000000000000000, 0.0000000000000000000 ) ) ;
#1382 = DIRECTION ( 'NONE',  ( 0.0000000000000000000, 1.000000000000000000, 0.0000000000000000000 ) ) ;
#1383 = VERTEX_POINT ( 'NONE', #4899 ) ;
#1384 = DIRECTION ( 'NONE',  ( -8.559490835411880276E-16, 0.0000000000000000000, 1.000000000000000000 ) ) ;
#1385 = ORIENTED_EDGE ( 'NONE', *, *, #594, .F. ) ;
#1386 = EDGE_CURVE ( 'NONE', #2073, #2138, #2472, .T. ) ;
#1387 = CARTESIAN_POINT ( 'NONE',  ( 0.2801399107849885106, 0.2500000000000000000, -0.2783841551168639850 ) ) ;
#1388 =( NAMED_UNIT ( * ) SI_UNIT ( $, .STERADIAN. ) SOLID_ANGLE_UNIT ( ) );
#1389 = FILL_AREA_STYLE_COLOUR ( '', #3007 ) ;
#1390 = ORIENTED_EDGE ( 'NONE', *, *, #1636, .T. ) ;
#1391 = ORIENTED_EDGE ( 'NONE', *, *, #4754, .T. ) ;
#1392 = VECTOR ( 'NONE', #1802, 1000.000000000000000 ) ;
#1393 = EDGE_CURVE ( 'NONE', #213, #439, #3697, .T. ) ;
#1394 = DIRECTION ( 'NONE',  ( 1.000000000000000000, 0.0000000000000000000, 0.0000000000000000000 ) ) ;
#1395 = LINE ( 'NONE', #5515, #2460 ) ;
#1396 = CARTESIAN_POINT ( 'NONE',  ( 0.0000000000000000000, 0.05000000000000000278, -0.1758845661859115006 ) ) ;
#1397 = LINE ( 'NONE', #1967, #319 ) ;
#1398 = CARTESIAN_POINT ( 'NONE',  ( -0.1187308496519079853, 0.2500000000000000000, 0.3487332069152305203 ) ) ;
#1399 = ORIENTED_EDGE ( 'NONE', *, *, #113, .F. ) ;
#1400 = VECTOR ( 'NONE', #636, 1000.000000000000000 ) ;
#1401 = DIRECTION ( 'NONE',  ( 0.0000000000000000000, 0.0000000000000000000, -1.000000000000000000 ) ) ;
#1402 = MECHANICAL_DESIGN_GEOMETRIC_PRESENTATION_REPRESENTATION (  '', ( #802 ), #1721 ) ;
#1403 = EDGE_CURVE ( 'NONE', #3137, #980, #46, .T. ) ;
#1404 = VECTOR ( 'NONE', #4366, 1000.000000000000000 ) ;
#1405 = ORIENTED_EDGE ( 'NONE', *, *, #5423, .T. ) ;
#1406 = ORIENTED_EDGE ( 'NONE', *, *, #1428, .F. ) ;
#1407 = MECHANICAL_DESIGN_GEOMETRIC_PRESENTATION_REPRESENTATION (  '', ( #807 ), #1724 ) ;
#1408 = CARTESIAN_POINT ( 'NONE',  ( 0.0000000000000000000, 0.05000000000000000278, -0.3021996039790479927 ) ) ;
#1409 = CARTESIAN_POINT ( 'NONE',  ( 0.2100000000000000200, 0.05000000000000000278, 1.962779795016865258E-17 ) ) ;
#1410 = LINE ( 'NONE', #1723, #4901 ) ;
#1411 = ORIENTED_EDGE ( 'NONE', *, *, #4590, .T. ) ;
#1412 = VECTOR ( 'NONE', #2222, 1000.000000000000000 ) ;
#1413 = ORIENTED_EDGE ( 'NONE', *, *, #3334, .T. ) ;
#1414 = ORIENTED_EDGE ( 'NONE', *, *, #721, .T. ) ;
#1415 = PLANE ( 'NONE',  #1678 ) ;
#1416 = ORIENTED_EDGE ( 'NONE', *, *, #532, .F. ) ;
#1417 = VECTOR ( 'NONE', #1330, 1000.000000000000000 ) ;
#1418 = CARTESIAN_POINT ( 'NONE',  ( 0.0000000000000000000, 0.05000000000000000278, 0.0000000000000000000 ) ) ;
#1419 = ORIENTED_EDGE ( 'NONE', *, *, #4565, .F. ) ;
#1420 = CARTESIAN_POINT ( 'NONE',  ( 0.4949999999999999956, 0.05000000000000000278, -0.3099999999999999978 ) ) ;
#1421 = AXIS2_PLACEMENT_3D ( 'NONE', #1133, #1604, #4771 ) ;
#1422 = EDGE_LOOP ( 'NONE', ( #2645, #5852, #4604, #263 ) ) ;
#1423 = ORIENTED_EDGE ( 'NONE', *, *, #5256, .T. ) ;
#1424 = ORIENTED_EDGE ( 'NONE', *, *, #1781, .T. ) ;
#1425 = PLANE ( 'NONE',  #2476 ) ;
#1426 = DIRECTION ( 'NONE',  ( 0.0000000000000000000, 1.000000000000000000, 0.0000000000000000000 ) ) ;
#1427 = DIRECTION ( 'NONE',  ( 1.000000000000000000, 9.346570452461239128E-17, 0.0000000000000000000 ) ) ;
#1428 = EDGE_CURVE ( 'NONE', #5737, #966, #4744, .T. ) ;
#1429 = EDGE_CURVE ( 'NONE', #4976, #3979, #2341, .T. ) ;
#1430 = ADVANCED_FACE ( 'NONE', ( #5174 ), #3121, .F. ) ;
#1431 = LINE ( 'NONE', #1674, #2659 ) ;
#1432 = VECTOR ( 'NONE', #4278, 1000.000000000000000 ) ;
#1433 = VECTOR ( 'NONE', #2288, 1000.000000000000000 ) ;
#1434 = CARTESIAN_POINT ( 'NONE',  ( -0.1053477934590670018, 0.2500000000000000000, -0.1758845661859115006 ) ) ;
#1435 = FILL_AREA_STYLE_COLOUR ( '', #4100 ) ;
#1436 = ORIENTED_EDGE ( 'NONE', *, *, #1906, .F. ) ;
#1437 = AXIS2_PLACEMENT_3D ( 'NONE', #868, #4053, #1315 ) ;
#1438 = DIRECTION ( 'NONE',  ( 1.000000000000000000, 0.0000000000000000000, 0.0000000000000000000 ) ) ;
#1439 = ORIENTED_EDGE ( 'NONE', *, *, #5671, .T. ) ;
#1440 = ORIENTED_EDGE ( 'NONE', *, *, #2996, .T. ) ;
#1441 = FACE_OUTER_BOUND ( 'NONE', #542, .T. ) ;
#1442 = PRESENTATION_LAYER_ASSIGNMENT (  '', '', ( #840 ) ) ;
#1443 = VECTOR ( 'NONE', #5847, 1000.000000000000000 ) ;
#1444 = VERTEX_POINT ( 'NONE', #5828 ) ;
#1445 = ORIENTED_EDGE ( 'NONE', *, *, #5510, .F. ) ;
#1446 = PLANE ( 'NONE',  #4639 ) ;
#1447 = VECTOR ( 'NONE', #4548, 1000.000000000000000 ) ;
#1448 = VECTOR ( 'NONE', #2424, 1000.000000000000000 ) ;
#1449 = DIRECTION ( 'NONE',  ( 1.000000000000000000, 0.0000000000000000000, 0.0000000000000000000 ) ) ;
#1450 = EDGE_CURVE ( 'NONE', #5758, #2114, #3395, .T. ) ;
#1451 = STYLED_ITEM ( 'NONE', ( #2864 ), #3600 ) ;
#1452 = VECTOR ( 'NONE', #1888, 1000.000000000000000 ) ;
#1453 = VECTOR ( 'NONE', #2868, 1000.000000000000000 ) ;
#1454 = ORIENTED_EDGE ( 'NONE', *, *, #2374, .T. ) ;
#1455 = CARTESIAN_POINT ( 'NONE',  ( 0.4650000000000000244, 0.0000000000000000000, 0.5000000000000000000 ) ) ;
#1456 = EDGE_CURVE ( 'NONE', #989, #4983, #2213, .T. ) ;
#1457 = DIRECTION ( 'NONE',  ( 0.0000000000000000000, 1.000000000000000000, 0.0000000000000000000 ) ) ;
#1458 = DIRECTION ( 'NONE',  ( 0.0000000000000000000, 0.0000000000000000000, -1.000000000000000000 ) ) ;
#1459 = DIRECTION ( 'NONE',  ( 0.0000000000000000000, 1.000000000000000000, 0.0000000000000000000 ) ) ;
#1460 = VERTEX_POINT ( 'NONE', #5403 ) ;
#1461 = DIRECTION ( 'NONE',  ( -1.000000000000000000, 0.0000000000000000000, 2.168404344971010446E-15 ) ) ;
#1462 = CLOSED_SHELL ( 'NONE', ( #5128, #2829, #1922, #4081, #1685, #4767, #1498, #4669, #1648, #1006, #2205 ) ) ;
#1463 = ADVANCED_FACE ( 'NONE', ( #2052 ), #3142, .F. ) ;
#1464 = UNCERTAINTY_MEASURE_WITH_UNIT (LENGTH_MEASURE( 1.000000000000000082E-05 ), #4695, 'distance_accuracy_value', 'NONE');
#1465 = EDGE_CURVE ( 'NONE', #117, #262, #1624, .T. ) ;
#1466 = ADVANCED_FACE ( 'NONE', ( #5103 ), #3160, .T. ) ;
#1467 = CARTESIAN_POINT ( 'NONE',  ( 0.1499999999999999944, -6.776263578034400401E-18, -0.05000000000000000278 ) ) ;
#1468 = VECTOR ( 'NONE', #629, 1000.000000000000000 ) ;
#1469 = ORIENTED_EDGE ( 'NONE', *, *, #3717, .T. ) ;
#1470 = DIRECTION ( 'NONE',  ( 0.0000000000000000000, -1.000000000000000000, 0.0000000000000000000 ) ) ;
#1471 = PLANE ( 'NONE',  #2862 ) ;
#1472 = FACE_OUTER_BOUND ( 'NONE', #1063, .T. ) ;
#1473 = LINE ( 'NONE', #3937, #2817 ) ;
#1474 = UNCERTAINTY_MEASURE_WITH_UNIT (LENGTH_MEASURE( 1.000000000000000082E-05 ), #4558, 'distance_accuracy_value', 'NONE');
#1475 = EDGE_CURVE ( 'NONE', #2103, #975, #4060, .T. ) ;
#1476 = DIRECTION ( 'NONE',  ( 0.0000000000000000000, -1.000000000000000000, 0.0000000000000000000 ) ) ;
#1477 = LINE ( 'NONE', #474, #244 ) ;
#1478 = ORIENTED_EDGE ( 'NONE', *, *, #3269, .T. ) ;
#1479 = MECHANICAL_DESIGN_GEOMETRIC_PRESENTATION_REPRESENTATION (  '', ( #555 ), #1800 ) ;
#1480 = CARTESIAN_POINT ( 'NONE',  ( 0.2933618639406084805, 0.2500000000000000000, 0.4800000000000000377 ) ) ;
#1481 = VECTOR ( 'NONE', #1808, 1000.000000000000000 ) ;
#1482 = CARTESIAN_POINT ( 'NONE',  ( -0.2100000000000000200, 0.05000000000000000278, -1.766501815515174911E-16 ) ) ;
#1483 = CARTESIAN_POINT ( 'NONE',  ( -0.2933618639406079809, 0.05000000000000000278, 0.4800000000000000377 ) ) ;
#1484 = EDGE_LOOP ( 'NONE', ( #2594, #1440, #5753, #1364 ) ) ;
#1485 = VECTOR ( 'NONE', #1152, 1000.000000000000000 ) ;
#1486 = EDGE_CURVE ( 'NONE', #466, #2211, #2822, .T. ) ;
#1487 = VERTEX_POINT ( 'NONE', #5886 ) ;
#1488 = DIRECTION ( 'NONE',  ( 0.0000000000000000000, 0.0000000000000000000, -1.000000000000000000 ) ) ;
#1489 = DIRECTION ( 'NONE',  ( 1.000000000000000000, 0.0000000000000000000, 0.0000000000000000000 ) ) ;
#1490 = ORIENTED_EDGE ( 'NONE', *, *, #905, .F. ) ;
#1491 = ORIENTED_EDGE ( 'NONE', *, *, #5748, .T. ) ;
#1492 = VERTEX_POINT ( 'NONE', #2268 ) ;
#1493 = ADVANCED_FACE ( 'NONE', ( #3910 ), #2719, .F. ) ;
#1494 = EDGE_LOOP ( 'NONE', ( #43, #459, #1585, #5896 ) ) ;
#1495 = DIRECTION ( 'NONE',  ( -4.673285226230620180E-16, 0.0000000000000000000, -1.000000000000000000 ) ) ;
#1496 = DIRECTION ( 'NONE',  ( 0.0000000000000000000, 0.0000000000000000000, -1.000000000000000000 ) ) ;
#1497 = CARTESIAN_POINT ( 'NONE',  ( 0.1324024845846046294, 0.05000000000000000278, -0.04827599225835989966 ) ) ;
#1498 = ADVANCED_FACE ( 'NONE', ( #2700 ), #3636, .F. ) ;
#1499 = ORIENTED_EDGE ( 'NONE', *, *, #2718, .F. ) ;
#1500 = ORIENTED_EDGE ( 'NONE', *, *, #5320, .F. ) ;
#1501 = ORIENTED_EDGE ( 'NONE', *, *, #473, .T. ) ;
#1502 = PLANE ( 'NONE',  #5789 ) ;
#1503 = LINE ( 'NONE', #2727, #125 ) ;
#1504 = FACE_OUTER_BOUND ( 'NONE', #5267, .T. ) ;
#1505 = CARTESIAN_POINT ( 'NONE',  ( 0.2933618639406084805, 0.05000000000000000278, 0.4800000000000000377 ) ) ;
#1506 = CARTESIAN_POINT ( 'NONE',  ( -0.4650000000000000244, 0.05000000000000000278, 0.5000000000000000000 ) ) ;
#1507 = ORIENTED_EDGE ( 'NONE', *, *, #3389, .F. ) ;
#1508 = VERTEX_POINT ( 'NONE', #2736 ) ;
#1509 = LINE ( 'NONE', #4426, #3794 ) ;
#1510 = VECTOR ( 'NONE', #4451, 1000.000000000000000 ) ;
#1511 = EDGE_CURVE ( 'NONE', #4483, #1144, #3759, .T. ) ;
#1512 = CARTESIAN_POINT ( 'NONE',  ( -0.2825860074852220016, 0.2500000000000000000, 0.4505528074687949469 ) ) ;
#1513 = DIRECTION ( 'NONE',  ( 0.0000000000000000000, 0.0000000000000000000, -1.000000000000000000 ) ) ;
#1514 = ORIENTED_EDGE ( 'NONE', *, *, #1033, .T. ) ;
#1515 = PRESENTATION_LAYER_ASSIGNMENT (  '', '', ( #910 ) ) ;
#1516 = VERTEX_POINT ( 'NONE', #4113 ) ;
#1517 = DIRECTION ( 'NONE',  ( 0.0000000000000000000, 0.0000000000000000000, 1.000000000000000000 ) ) ;
#1518 = FILL_AREA_STYLE_COLOUR ( '', #1160 ) ;
#1519 = EDGE_CURVE ( 'NONE', #1508, #5902, #2544, .T. ) ;
#1520 = SURFACE_SIDE_STYLE ('',( #2238 ) ) ;
#1521 = VECTOR ( 'NONE', #4399, 1000.000000000000000 ) ;
#1522 = ADVANCED_FACE ( 'NONE', ( #4978 ), #1181, .F. ) ;
#1523 = LINE ( 'NONE', #2991, #3672 ) ;
#1524 = ADVANCED_FACE ( 'NONE', ( #250 ), #2752, .F. ) ;
#1525 = SURFACE_STYLE_USAGE ( .BOTH. , #4252 ) ;
#1526 = VERTEX_POINT ( 'NONE', #2303 ) ;
#1527 = ORIENTED_EDGE ( 'NONE', *, *, #1722, .T. ) ;
#1528 =( NAMED_UNIT ( * ) PLANE_ANGLE_UNIT ( ) SI_UNIT ( $, .RADIAN. ) );
#1529 = CARTESIAN_POINT ( 'NONE',  ( -0.4899999999999999911, 0.05000000000000000278, -0.3268298959158210115 ) ) ;
#1530 = PLANE ( 'NONE',  #4706 ) ;
#1531 = STYLED_ITEM ( 'NONE', ( #2317 ), #407 ) ;
#1532 = CARTESIAN_POINT ( 'NONE',  ( -0.2100000000000000200, 0.05000000000000000278, -0.4800000000000000377 ) ) ;
#1533 = ORIENTED_EDGE ( 'NONE', *, *, #1519, .F. ) ;
#1534 = CARTESIAN_POINT ( 'NONE',  ( 0.2100000000000000200, -6.776263578034400401E-18, 0.4949999999999999956 ) ) ;
#1535 = VECTOR ( 'NONE', #1240, 1000.000000000000000 ) ;
#1536 = CARTESIAN_POINT ( 'NONE',  ( 0.5000000000000000000, -6.776263578034400401E-18, 0.3099999999999999978 ) ) ;
#1537 = CARTESIAN_POINT ( 'NONE',  ( -0.05000000000000000278, 0.05000000000000000278, 0.05000000000000000278 ) ) ;
#1538 = DIRECTION ( 'NONE',  ( 1.000000000000000000, 0.0000000000000000000, 0.0000000000000000000 ) ) ;
#1539 = VECTOR ( 'NONE', #2339, 1000.000000000000000 ) ;
#1540 = EDGE_CURVE ( 'NONE', #5055, #2488, #100, .T. ) ;
#1541 = PLANE ( 'NONE',  #1212 ) ;
#1542 = CARTESIAN_POINT ( 'NONE',  ( 0.4949999999999999956, 0.0000000000000000000, 0.2100000000000000200 ) ) ;
#1544 = EDGE_CURVE ( 'NONE', #3296, #923, #5887, .T. ) ;
#1543 = VECTOR ( 'NONE', #2896, 1000.000000000000000 ) ;
#1545 = ORIENTED_EDGE ( 'NONE', *, *, #5155, .F. ) ;
#1546 = ORIENTED_EDGE ( 'NONE', *, *, #5243, .F. ) ;
#1547 = CARTESIAN_POINT ( 'NONE',  ( 0.2801399107849885106, 0.2500000000000000000, -0.4800000000000000377 ) ) ;
#1548 = LINE ( 'NONE', #3072, #5042 ) ;
#1549 = CARTESIAN_POINT ( 'NONE',  ( 0.4899999999999999911, 0.05000000000000000278, -1.200153863164406197E-16 ) ) ;
#1550 = CARTESIAN_POINT ( 'NONE',  ( 0.1053477934590670018, 0.2500000000000000000, -0.3021996039790479927 ) ) ;
#1551 = ADVANCED_FACE ( 'NONE', ( #4662 ), #5490, .F. ) ;
#1552 = ORIENTED_EDGE ( 'NONE', *, *, #4956, .T. ) ;
#1553 = VECTOR ( 'NONE', #2653, 1000.000000000000000 ) ;
#1554 = VERTEX_POINT ( 'NONE', #2321 ) ;
#1555 = EDGE_LOOP ( 'NONE', ( #4186, #1199, #1025, #1194 ) ) ;
#1556 = CARTESIAN_POINT ( 'NONE',  ( 0.5000000000000000000, 0.2500000000000000000, 0.5000000000000000000 ) ) ;
#1557 = FILL_AREA_STYLE ('',( #1672 ) ) ;
#1558 = ORIENTED_EDGE ( 'NONE', *, *, #1798, .T. ) ;
#1559 = DIRECTION ( 'NONE',  ( 1.000000000000000000, 0.0000000000000000000, 0.0000000000000000000 ) ) ;
#1560 = CARTESIAN_POINT ( 'NONE',  ( 1.373945856511804078E-16, 0.05000000000000000278, -0.2100000000000000200 ) ) ;
#1561 = ORIENTED_EDGE ( 'NONE', *, *, #5579, .T. ) ;
#1562 = LINE ( 'NONE', #3156, #1417 ) ;
#1563 = EDGE_CURVE ( 'NONE', #4032, #2954, #1038, .T. ) ;
#1564 = ORIENTED_EDGE ( 'NONE', *, *, #553, .T. ) ;
#1566 = CARTESIAN_POINT ( 'NONE',  ( -0.4899999999999999911, 0.2500000000000000000, -0.3268298959158210115 ) ) ;
#1565 =( GEOMETRIC_REPRESENTATION_CONTEXT ( 3 ) GLOBAL_UNCERTAINTY_ASSIGNED_CONTEXT ( ( #5695 ) ) GLOBAL_UNIT_ASSIGNED_CONTEXT ( ( #3566, #835, #4021 ) ) REPRESENTATION_CONTEXT ( 'NONE', 'WORKASPACE' ) );
#1567 = DIRECTION ( 'NONE',  ( -1.000000000000000000, 0.0000000000000000000, 0.0000000000000000000 ) ) ;
#1568 = ORIENTED_EDGE ( 'NONE', *, *, #4405, .T. ) ;
#1569 = VERTEX_POINT ( 'NONE', #4655 ) ;
#1570 = EDGE_CURVE ( 'NONE', #76, #2962, #3326, .T. ) ;
#1571 =( LENGTH_UNIT ( ) NAMED_UNIT ( * ) SI_UNIT ( .MILLI., .METRE. ) );
#1572 = DIRECTION ( 'NONE',  ( 0.0000000000000000000, 1.000000000000000000, 0.0000000000000000000 ) ) ;
#1573 = LINE ( 'NONE', #1483, #537 ) ;
#1574 = CARTESIAN_POINT ( 'NONE',  ( -0.05000000000000000278, 0.05000000000000000278, 0.05000000000000000278 ) ) ;
#1575 = DIRECTION ( 'NONE',  ( 0.0000000000000000000, 0.0000000000000000000, 1.000000000000000000 ) ) ;
#1576 = DIRECTION ( 'NONE',  ( 0.0000000000000000000, 1.000000000000000000, 0.0000000000000000000 ) ) ;
#1577 = EDGE_CURVE ( 'NONE', #118, #4993, #2278, .T. ) ;
#1578 = DIRECTION ( 'NONE',  ( 1.000000000000000000, 1.302486815315553905E-30, 1.486483194525105355E-45 ) ) ;
#1579 = VECTOR ( 'NONE', #253, 1000.000000000000000 ) ;
#1580 = VECTOR ( 'NONE', #4260, 1000.000000000000000 ) ;
#1581 = VECTOR ( 'NONE', #3186, 1000.000000000000000 ) ;
#1582 = ORIENTED_EDGE ( 'NONE', *, *, #2575, .F. ) ;
#1583 = ADVANCED_FACE ( 'NONE', ( #5739 ), #593, .F. ) ;
#1584 = CARTESIAN_POINT ( 'NONE',  ( 0.5000000000000000000, -6.776263578034400401E-18, 0.5000000000000000000 ) ) ;
#1585 = ORIENTED_EDGE ( 'NONE', *, *, #833, .F. ) ;
#1586 = FACE_OUTER_BOUND ( 'NONE', #206, .T. ) ;
#1587 = VECTOR ( 'NONE', #1720, 1000.000000000000000 ) ;
#1588 = EDGE_CURVE ( 'NONE', #432, #4506, #4397, .T. ) ;
#1589 = VERTEX_POINT ( 'NONE', #1972 ) ;
#1590 = CIRCLE ( 'NONE', #4017, 0.03499999999999998251 ) ;
#1591 = LINE ( 'NONE', #3341, #4027 ) ;
#1592 = DIRECTION ( 'NONE',  ( 0.0000000000000000000, 0.0000000000000000000, 1.000000000000000000 ) ) ;
#1593 = CARTESIAN_POINT ( 'NONE',  ( 0.5000000000000000000, -6.776263578034400401E-18, -0.3099999999999999978 ) ) ;
#1594 = CARTESIAN_POINT ( 'NONE',  ( 0.4949999999999999956, -6.776263578034400401E-18, -0.3099999999999999978 ) ) ;
#1595 = CARTESIAN_POINT ( 'NONE',  ( 0.0000000000000000000, 0.05000000000000000278, 0.0000000000000000000 ) ) ;
#1596 = LINE ( 'NONE', #3347, #3886 ) ;
#1597 = CARTESIAN_POINT ( 'NONE',  ( 0.05000000000000000278, 0.05000000000000000278, 0.5000000000000000000 ) ) ;
#1598 = ORIENTED_EDGE ( 'NONE', *, *, #4704, .F. ) ;
#1599 = CARTESIAN_POINT ( 'NONE',  ( -0.4899999999999999911, 0.2500000000000000000, 0.3204630797616150328 ) ) ;
#1600 = CARTESIAN_POINT ( 'NONE',  ( 0.5000000000000000000, 0.0000000000000000000, 0.05000000000000000278 ) ) ;
#1601 = EDGE_CURVE ( 'NONE', #3356, #4483, #768, .T. ) ;
#1602 = PLANE ( 'NONE',  #1824 ) ;
#1603 = AXIS2_PLACEMENT_3D ( 'NONE', #4879, #330, #3533 ) ;
#1604 = DIRECTION ( 'NONE',  ( 0.0000000000000000000, -1.000000000000000000, 0.0000000000000000000 ) ) ;
#1605 = EDGE_LOOP ( 'NONE', ( #4920, #1321, #3434, #4217, #2218, #5853, #4784, #5755 ) ) ;
#1606 = DIRECTION ( 'NONE',  ( 1.000000000000000000, 0.0000000000000000000, -1.084202172485503818E-16 ) ) ;
#1607 = ORIENTED_EDGE ( 'NONE', *, *, #3459, .T. ) ;
#1608 = PLANE ( 'NONE',  #3938 ) ;
#1609 = ORIENTED_EDGE ( 'NONE', *, *, #5727, .T. ) ;
#1610 = CARTESIAN_POINT ( 'NONE',  ( -0.5000000000000000000, 0.05000000000000000278, 0.5000000000000000000 ) ) ;
#1611 = CARTESIAN_POINT ( 'NONE',  ( -0.04999999999999939909, 0.05000000000000000278, 0.5000000000000000000 ) ) ;
#1612 = VECTOR ( 'NONE', #756, 1000.000000000000000 ) ;
#1613 = ADVANCED_FACE ( 'NONE', ( #3200 ), #133, .F. ) ;
#1614 = AXIS2_PLACEMENT_3D ( 'NONE', #4062, #2702, #5872 ) ;
#1615 = CARTESIAN_POINT ( 'NONE',  ( -0.5000000000000000000, 0.05000000000000000278, -0.3099999999999999978 ) ) ;
#1616 = LINE ( 'NONE', #4815, #5097 ) ;
#1617 = FILL_AREA_STYLE ('',( #1149 ) ) ;
#1618 = DIRECTION ( 'NONE',  ( -1.000000000000000000, 0.0000000000000000000, 0.0000000000000000000 ) ) ;
#1619 = VECTOR ( 'NONE', #5, 1000.000000000000000 ) ;
#1620 = CARTESIAN_POINT ( 'NONE',  ( 0.0000000000000000000, 0.05000000000000000278, 0.0000000000000000000 ) ) ;
#1621 = ORIENTED_EDGE ( 'NONE', *, *, #361, .F. ) ;
#1622 = CARTESIAN_POINT ( 'NONE',  ( -0.4949999999999999956, -6.776263578034400401E-18, -0.2100000000000000200 ) ) ;
#1623 = CARTESIAN_POINT ( 'NONE',  ( -0.1187308496519079853, 0.2500000000000000000, 0.2146867790523304953 ) ) ;
#1624 = LINE ( 'NONE', #422, #4480 ) ;
#1625 = COLOUR_RGB ( '',1.000000000000000000, 1.000000000000000000, 1.000000000000000000 ) ;
#1626 = ORIENTED_EDGE ( 'NONE', *, *, #243, .F. ) ;
#1627 = DIRECTION ( 'NONE',  ( -0.8471602077226365601, 0.0000000000000000000, -0.5313375409768626989 ) ) ;
#1628 = EDGE_CURVE ( 'NONE', #3680, #4130, #321, .T. ) ;
#1629 = VECTOR ( 'NONE', #4347, 1000.000000000000000 ) ;
#1630 = ORIENTED_EDGE ( 'NONE', *, *, #227, .T. ) ;
#1631 = ORIENTED_EDGE ( 'NONE', *, *, #1117, .T. ) ;
#1632 = DIRECTION ( 'NONE',  ( -1.486483194525105355E-45, 1.302486815315553905E-30, 1.000000000000000000 ) ) ;
#1633 = CARTESIAN_POINT ( 'NONE',  ( -0.5000000000000000000, 0.05000000000000000278, -0.5000000000000000000 ) ) ;
#1634 = AXIS2_PLACEMENT_3D ( 'NONE', #3810, #2898, #153 ) ;
#1635 = ORIENTED_EDGE ( 'NONE', *, *, #3720, .F. ) ;
#1636 = EDGE_CURVE ( 'NONE', #3768, #2073, #3828, .T. ) ;
#1637 = EDGE_LOOP ( 'NONE', ( #3472, #4847, #2737, #3843 ) ) ;
#1638 = VERTEX_POINT ( 'NONE', #5147 ) ;
#1639 = AXIS2_PLACEMENT_3D ( 'NONE', #3257, #522, #3718 ) ;
#1640 = CARTESIAN_POINT ( 'NONE',  ( 0.05000000000000000278, -6.776263578034400401E-18, 0.05000000000000000278 ) ) ;
#1641 = PLANE ( 'NONE',  #1045 ) ;
#1642 = CARTESIAN_POINT ( 'NONE',  ( 0.4899999999999999911, 0.2500000000000000000, -0.2783841551168639850 ) ) ;
#1643 = ORIENTED_EDGE ( 'NONE', *, *, #2837, .F. ) ;
#1644 = ORIENTED_EDGE ( 'NONE', *, *, #1252, .F. ) ;
#1645 = VERTEX_POINT ( 'NONE', #1547 ) ;
#1646 = ORIENTED_EDGE ( 'NONE', *, *, #1588, .T. ) ;
#1647 = EDGE_CURVE ( 'NONE', #4647, #1444, #2620, .T. ) ;
#1648 = ADVANCED_FACE ( 'NONE', ( #4891 ), #2918, .T. ) ;
#1649 = CARTESIAN_POINT ( 'NONE',  ( -0.2933618639406079809, 0.2500000000000000000, 0.4800000000000000377 ) ) ;
#1650 = CARTESIAN_POINT ( 'NONE',  ( 0.4949999999999999956, 0.0000000000000000000, -1.073360150760649981E-15 ) ) ;
#1651 = MANIFOLD_SOLID_BREP ( 'NONE', #4571 ) ;
#1652 = CARTESIAN_POINT ( 'NONE',  ( -0.05000000000000000278, -6.776263578034400401E-18, -0.5000000000000000000 ) ) ;
#1653 = VECTOR ( 'NONE', #876, 1000.000000000000000 ) ;
#1654 = VECTOR ( 'NONE', #5268, 1000.000000000000000 ) ;
#1655 = AXIS2_PLACEMENT_3D ( 'NONE', #4273, #5179, #1459 ) ;
#1656 = LINE ( 'NONE', #1560, #576 ) ;
#1657 = DIRECTION ( 'NONE',  ( 0.0000000000000000000, 0.0000000000000000000, -1.000000000000000000 ) ) ;
#1658 = DIRECTION ( 'NONE',  ( 2.168404344971010446E-15, 0.0000000000000000000, 1.000000000000000000 ) ) ;
#1659 = VERTEX_POINT ( 'NONE', #203 ) ;
#1660 = ORIENTED_EDGE ( 'NONE', *, *, #3109, .F. ) ;
#1661 = ORIENTED_EDGE ( 'NONE', *, *, #3809, .F. ) ;
#1662 = VECTOR ( 'NONE', #2596, 1000.000000000000000 ) ;
#1663 = DIRECTION ( 'NONE',  ( 0.0000000000000000000, -1.000000000000000000, 0.0000000000000000000 ) ) ;
#1664 = VECTOR ( 'NONE', #5345, 1000.000000000000000 ) ;
#1665 = DIRECTION ( 'NONE',  ( -1.000000000000000000, 0.0000000000000000000, 4.673285226230620180E-16 ) ) ;
#1666 = EDGE_CURVE ( 'NONE', #4312, #966, #167, .T. ) ;
#1667 = CARTESIAN_POINT ( 'NONE',  ( 0.05000000000000000278, -6.776263578034400401E-18, 0.05000000000000000278 ) ) ;
#1668 = DIRECTION ( 'NONE',  ( 1.000000000000000000, 0.0000000000000000000, 0.0000000000000000000 ) ) ;
#1669 = ORIENTED_EDGE ( 'NONE', *, *, #2587, .F. ) ;
#1670 = DIRECTION ( 'NONE',  ( 1.000000000000000000, -2.168404344971010446E-15, 0.0000000000000000000 ) ) ;
#1671 = EDGE_LOOP ( 'NONE', ( #635, #3149, #4179, #1718 ) ) ;
#1672 = FILL_AREA_STYLE_COLOUR ( '', #1312 ) ;
#1673 = LINE ( 'NONE', #1183, #460 ) ;
#1674 = CARTESIAN_POINT ( 'NONE',  ( -0.05000000000000000278, 0.05000000000000000278, 0.05000000000000000278 ) ) ;
#1675 = FACE_OUTER_BOUND ( 'NONE', #3793, .T. ) ;
#1676 = EDGE_CURVE ( 'NONE', #4909, #112, #1257, .T. ) ;
#1677 = CARTESIAN_POINT ( 'NONE',  ( 0.5000000000000000000, 0.05000000000000000278, -0.3099999999999999978 ) ) ;
#1678 = AXIS2_PLACEMENT_3D ( 'NONE', #2784, #52, #3256 ) ;
#1679 = ORIENTED_EDGE ( 'NONE', *, *, #5547, .T. ) ;
#1680 = AXIS2_PLACEMENT_3D ( 'NONE', #2128, #291, #3490 ) ;
#1681 = DIRECTION ( 'NONE',  ( 0.0000000000000000000, 1.000000000000000000, 0.0000000000000000000 ) ) ;
#1682 = CARTESIAN_POINT ( 'NONE',  ( 0.2100000000000000200, 0.05000000000000000278, -9.813898975084309034E-17 ) ) ;
#1683 = DIRECTION ( 'NONE',  ( 0.0000000000000000000, 1.000000000000000000, 0.0000000000000000000 ) ) ;
#1684 = ORIENTED_EDGE ( 'NONE', *, *, #1211, .T. ) ;
#1685 = ADVANCED_FACE ( 'NONE', ( #841 ), #5641, .F. ) ;
#1686 = PLANE ( 'NONE',  #4678 ) ;
#1687 = DIRECTION ( 'NONE',  ( 0.0000000000000000000, -1.000000000000000000, 0.0000000000000000000 ) ) ;
#1688 = EDGE_CURVE ( 'NONE', #3562, #4874, #1913, .T. ) ;
#1689 = CARTESIAN_POINT ( 'NONE',  ( -0.2100000000000000200, -6.776263578034400401E-18, 0.2100000000000000200 ) ) ;
#1690 = MECHANICAL_DESIGN_GEOMETRIC_PRESENTATION_REPRESENTATION (  '', ( #767 ), #1987 ) ;
#1691 = DIRECTION ( 'NONE',  ( 0.0000000000000000000, 0.0000000000000000000, -1.000000000000000000 ) ) ;
#1692 = VERTEX_POINT ( 'NONE', #228 ) ;
#1693 = CARTESIAN_POINT ( 'NONE',  ( -0.3202182358878855606, 0.05000000000000000278, -0.4350657705372935058 ) ) ;
#1694 = VECTOR ( 'NONE', #1774, 1000.000000000000000 ) ;
#1695 = DIRECTION ( 'NONE',  ( 0.7071067811865475727, 0.0000000000000000000, -0.7071067811865475727 ) ) ;
#1696 = CARTESIAN_POINT ( 'NONE',  ( 0.2933618639406084805, 0.05000000000000000278, 0.4437942073613649896 ) ) ;
#1697 = CARTESIAN_POINT ( 'NONE',  ( 0.2100000000000000200, 0.05000000000000000278, 0.2100000000000000200 ) ) ;
#1698 = EDGE_CURVE ( 'NONE', #4172, #4593, #5398, .T. ) ;
#1699 = VERTEX_POINT ( 'NONE', #3901 ) ;
#1700 = ORIENTED_EDGE ( 'NONE', *, *, #4453, .T. ) ;
#1701 = CARTESIAN_POINT ( 'NONE',  ( 0.0000000000000000000, 0.2500000000000000000, 0.1355136704081486010 ) ) ;
#1702 = CARTESIAN_POINT ( 'NONE',  ( 0.2100000000000000200, 0.05000000000000000278, 0.4949999999999999956 ) ) ;
#1703 = VECTOR ( 'NONE', #5385, 1000.000000000000000 ) ;
#1704 = CARTESIAN_POINT ( 'NONE',  ( -0.5000000000000000000, -6.776263578034400401E-18, -0.3099999999999999978 ) ) ;
#1705 = EDGE_LOOP ( 'NONE', ( #4169, #3146, #1991, #2397, #4267, #4114 ) ) ;
#1706 = VERTEX_POINT ( 'NONE', #1153 ) ;
#1707 = EDGE_LOOP ( 'NONE', ( #155, #4763, #1717, #4040 ) ) ;
#1708 = EDGE_CURVE ( 'NONE', #2353, #1444, #4326, .T. ) ;
#1709 = ORIENTED_EDGE ( 'NONE', *, *, #4796, .T. ) ;
#1710 = ORIENTED_EDGE ( 'NONE', *, *, #648, .F. ) ;
#1711 = CARTESIAN_POINT ( 'NONE',  ( 0.05000000000000000278, -6.776263578034400401E-18, -0.5000000000000000000 ) ) ;
#1712 = EDGE_LOOP ( 'NONE', ( #2809, #376, #881, #3702, #4775, #3304, #4828, #3163, #2192 ) ) ;
#1713 = VECTOR ( 'NONE', #5845, 1000.000000000000000 ) ;
#1714 = DIRECTION ( 'NONE',  ( -1.000000000000000000, 0.0000000000000000000, 4.673285226230620180E-16 ) ) ;
#1715 = ORIENTED_EDGE ( 'NONE', *, *, #2355, .T. ) ;
#1716 = ADVANCED_FACE ( 'NONE', ( #545, #3128, #2969, #696 ), #4794, .T. ) ;
#1717 = ORIENTED_EDGE ( 'NONE', *, *, #2301, .F. ) ;
#1718 = ORIENTED_EDGE ( 'NONE', *, *, #3688, .F. ) ;
#1719 = CARTESIAN_POINT ( 'NONE',  ( 0.5000000000000000000, 0.0000000000000000000, 0.5000000000000000000 ) ) ;
#1720 = DIRECTION ( 'NONE',  ( -1.000000000000000000, 0.0000000000000000000, 2.168404344971010446E-15 ) ) ;
#1721 =( GEOMETRIC_REPRESENTATION_CONTEXT ( 3 ) GLOBAL_UNCERTAINTY_ASSIGNED_CONTEXT ( ( #867 ) ) GLOBAL_UNIT_ASSIGNED_CONTEXT ( ( #933, #4125, #1388 ) ) REPRESENTATION_CONTEXT ( 'NONE', 'WORKASPACE' ) );
#1722 = EDGE_CURVE ( 'NONE', #4921, #4130, #4051, .T. ) ;
#1723 = CARTESIAN_POINT ( 'NONE',  ( 0.5000000000000000000, -6.776263578034400401E-18, 0.05000000000000000278 ) ) ;
#1724 =( GEOMETRIC_REPRESENTATION_CONTEXT ( 3 ) GLOBAL_UNCERTAINTY_ASSIGNED_CONTEXT ( ( #5874 ) ) GLOBAL_UNIT_ASSIGNED_CONTEXT ( ( #5624, #2904, #160 ) ) REPRESENTATION_CONTEXT ( 'NONE', 'WORKASPACE' ) );
#1725 = CARTESIAN_POINT ( 'NONE',  ( 0.2100000000000000200, -6.776263578034400401E-18, 0.2100000000000000200 ) ) ;
#1726 = DIRECTION ( 'NONE',  ( 8.583267198843580056E-16, 0.0000000000000000000, -1.000000000000000000 ) ) ;
#1727 = LINE ( 'NONE', #2380, #5351 ) ;
#1728 = CARTESIAN_POINT ( 'NONE',  ( 0.2100000000000000200, -6.776263578034400401E-18, -0.2100000000000000200 ) ) ;
#1729 = LINE ( 'NONE', #2538, #4008 ) ;
#1730 = FACE_OUTER_BOUND ( 'NONE', #1758, .T. ) ;
#1731 = CARTESIAN_POINT ( 'NONE',  ( 0.2933618639406084805, 0.05000000000000000278, 0.4800000000000000377 ) ) ;
#1732 = LINE ( 'NONE', #5889, #1581 ) ;
#1733 = CARTESIAN_POINT ( 'NONE',  ( 0.4949999999999999956, -6.776263578034400401E-18, 0.2100000000000000200 ) ) ;
#1734 = ORIENTED_EDGE ( 'NONE', *, *, #5552, .T. ) ;
#1735 = CARTESIAN_POINT ( 'NONE',  ( -0.05000000000000000278, 0.05000000000000000278, -0.05000000000000000278 ) ) ;
#1736 = ORIENTED_EDGE ( 'NONE', *, *, #1628, .F. ) ;
#1737 = VECTOR ( 'NONE', #5604, 1000.000000000000000 ) ;
#1738 = COLOUR_RGB ( '',1.000000000000000000, 1.000000000000000000, 1.000000000000000000 ) ;
#1739 = VECTOR ( 'NONE', #5315, 1000.000000000000000 ) ;
#1740 = DIRECTION ( 'NONE',  ( 1.000000000000000000, 0.0000000000000000000, 0.0000000000000000000 ) ) ;
#1741 = ADVANCED_BREP_SHAPE_REPRESENTATION ( 'LTRBR37G-4R4S-0125-0', ( #3158, #5687, #199, #859, #1651, #3600, #1014, #2095, #407, #5073, #2635 ), #5786 ) ;
#1742 = DIRECTION ( 'NONE',  ( 1.000000000000000000, 0.0000000000000000000, 0.0000000000000000000 ) ) ;
#1743 = SURFACE_STYLE_USAGE ( .BOTH. , #4464 ) ;
#1744 = CARTESIAN_POINT ( 'NONE',  ( 0.1187308496519081935, 0.2500000000000000000, 0.2146867790523304953 ) ) ;
#1745 = ORIENTED_EDGE ( 'NONE', *, *, #2080, .F. ) ;
#1746 = VECTOR ( 'NONE', #2123, 1000.000000000000000 ) ;
#1747 = CARTESIAN_POINT ( 'NONE',  ( 0.2801399107849885106, 0.05000000000000000278, -0.4800000000000000377 ) ) ;
#1748 = CARTESIAN_POINT ( 'NONE',  ( 0.0000000000000000000, 0.05000000000000000278, 0.0000000000000000000 ) ) ;
#1749 = LINE ( 'NONE', #3626, #523 ) ;
#1750 = FACE_OUTER_BOUND ( 'NONE', #2295, .T. ) ;
#1751 = EDGE_CURVE ( 'NONE', #2901, #3921, #1616, .T. ) ;
#1752 = PLANE ( 'NONE',  #4120 ) ;
#1753 = ADVANCED_FACE ( 'NONE', ( #2695 ), #2107, .F. ) ;
#1754 = CARTESIAN_POINT ( 'NONE',  ( -0.5000000000000000000, -6.776263578034400401E-18, 0.3099999999999999978 ) ) ;
#1755 = FACE_OUTER_BOUND ( 'NONE', #513, .T. ) ;
#1756 = DIRECTION ( 'NONE',  ( -1.936075308009829787E-17, 0.0000000000000000000, 1.000000000000000000 ) ) ;
#1757 = EDGE_CURVE ( 'NONE', #966, #2807, #1473, .T. ) ;
#1758 = EDGE_LOOP ( 'NONE', ( #2723, #583, #5540, #3292 ) ) ;
#1759 = DIRECTION ( 'NONE',  ( -0.0000000000000000000, 1.000000000000000000, 0.0000000000000000000 ) ) ;
#1760 = CARTESIAN_POINT ( 'NONE',  ( 0.4949999999999999956, 0.05000000000000000278, -1.073360150760649981E-15 ) ) ;
#1761 = CARTESIAN_POINT ( 'NONE',  ( -0.1187308496519079853, 0.05000000000000000278, 0.2146867790523304953 ) ) ;
#1762 = ORIENTED_EDGE ( 'NONE', *, *, #2558, .T. ) ;
#1763 = ORIENTED_EDGE ( 'NONE', *, *, #5062, .T. ) ;
#1764 = ORIENTED_EDGE ( 'NONE', *, *, #479, .F. ) ;
#1765 = MECHANICAL_DESIGN_GEOMETRIC_PRESENTATION_REPRESENTATION (  '', ( #840 ), #2058 ) ;
#1766 = CARTESIAN_POINT ( 'NONE',  ( 0.0000000000000000000, 0.05000000000000000278, 0.0000000000000000000 ) ) ;
#1767 = FILL_AREA_STYLE_COLOUR ( '', #1738 ) ;
#1768 = FACE_OUTER_BOUND ( 'NONE', #5122, .T. ) ;
#1769 = DIRECTION ( 'NONE',  ( 0.0000000000000000000, -1.000000000000000000, 0.0000000000000000000 ) ) ;
#1770 = DIRECTION ( 'NONE',  ( 0.0000000000000000000, 0.0000000000000000000, 1.000000000000000000 ) ) ;
#1771 = ORIENTED_EDGE ( 'NONE', *, *, #2412, .F. ) ;
#1772 = EDGE_CURVE ( 'NONE', #590, #742, #3906, .T. ) ;
#1773 = LINE ( 'NONE', #5265, #3260 ) ;
#1774 = DIRECTION ( 'NONE',  ( 1.000000000000000000, 0.0000000000000000000, 0.0000000000000000000 ) ) ;
#1775 = AXIS2_PLACEMENT_3D ( 'NONE', #1418, #4599, #1894 ) ;
#1776 = SURFACE_STYLE_USAGE ( .BOTH. , #4494 ) ;
#1777 = VECTOR ( 'NONE', #2534, 1000.000000000000000 ) ;
#1778 = LINE ( 'NONE', #5904, #4055 ) ;
#1779 = ORIENTED_EDGE ( 'NONE', *, *, #3967, .T. ) ;
#1780 = DIRECTION ( 'NONE',  ( 0.0000000000000000000, 0.0000000000000000000, -1.000000000000000000 ) ) ;
#1781 = EDGE_CURVE ( 'NONE', #4381, #4410, #242, .T. ) ;
#1782 = DIRECTION ( 'NONE',  ( 0.0000000000000000000, -1.000000000000000000, 0.0000000000000000000 ) ) ;
#1783 = DIRECTION ( 'NONE',  ( 9.510545372679860126E-17, 0.0000000000000000000, -1.000000000000000000 ) ) ;
#1784 = ADVANCED_FACE ( 'NONE', ( #95 ), #5301, .F. ) ;
#1785 = CIRCLE ( 'NONE', #162, 0.03499999999999998251 ) ;
#1786 = ORIENTED_EDGE ( 'NONE', *, *, #5341, .F. ) ;
#1787 = CARTESIAN_POINT ( 'NONE',  ( -0.5000000000000000000, 0.2500000000000000000, 0.5000000000000000000 ) ) ;
#1788 = DIRECTION ( 'NONE',  ( 1.000000000000000000, 0.0000000000000000000, 0.0000000000000000000 ) ) ;
#1789 = VECTOR ( 'NONE', #4310, 1000.000000000000000 ) ;
#1790 = EDGE_CURVE ( 'NONE', #2895, #3840, #3754, .T. ) ;
#1791 = VERTEX_POINT ( 'NONE', #1215 ) ;
#1792 = CARTESIAN_POINT ( 'NONE',  ( 0.5000000000000000000, 0.05000000000000000278, -0.05000000000000000278 ) ) ;
#1793 = ORIENTED_EDGE ( 'NONE', *, *, #2781, .T. ) ;
#1794 = ORIENTED_EDGE ( 'NONE', *, *, #4184, .F. ) ;
#1795 = CARTESIAN_POINT ( 'NONE',  ( -0.4949999999999999956, -6.776263578034400401E-18, -0.3099999999999999978 ) ) ;
#1796 = ORIENTED_EDGE ( 'NONE', *, *, #2845, .F. ) ;
#1797 = ORIENTED_EDGE ( 'NONE', *, *, #205, .F. ) ;
#1798 = EDGE_CURVE ( 'NONE', #480, #1099, #4807, .T. ) ;
#1799 = DIRECTION ( 'NONE',  ( 1.279960898073166052E-15, 0.0000000000000000000, 1.000000000000000000 ) ) ;
#1800 =( GEOMETRIC_REPRESENTATION_CONTEXT ( 3 ) GLOBAL_UNCERTAINTY_ASSIGNED_CONTEXT ( ( #4042 ) ) GLOBAL_UNIT_ASSIGNED_CONTEXT ( ( #621, #3814, #1072 ) ) REPRESENTATION_CONTEXT ( 'NONE', 'WORKASPACE' ) );
#1801 = ORIENTED_EDGE ( 'NONE', *, *, #2890, .F. ) ;
#1802 = DIRECTION ( 'NONE',  ( 1.000000000000000000, 0.0000000000000000000, 8.733850833911000162E-16 ) ) ;
#1803 = ORIENTED_EDGE ( 'NONE', *, *, #2383, .F. ) ;
#1804 = CARTESIAN_POINT ( 'NONE',  ( 0.1187308496519081935, 0.2500000000000000000, 0.2146867790523304953 ) ) ;
#1805 = DIRECTION ( 'NONE',  ( 1.000000000000000000, 0.0000000000000000000, 0.0000000000000000000 ) ) ;
#1806 = EDGE_CURVE ( 'NONE', #1875, #1084, #404, .T. ) ;
#1807 = FACE_OUTER_BOUND ( 'NONE', #4957, .T. ) ;
#1808 = DIRECTION ( 'NONE',  ( -4.673285226230620180E-16, 0.0000000000000000000, -1.000000000000000000 ) ) ;
#1809 = VECTOR ( 'NONE', #1164, 1000.000000000000000 ) ;
#1810 = AXIS2_PLACEMENT_3D ( 'NONE', #5143, #3332, #608 ) ;
#1811 = FACE_OUTER_BOUND ( 'NONE', #5438, .T. ) ;
#1812 = ORIENTED_EDGE ( 'NONE', *, *, #3248, .F. ) ;
#1813 = EDGE_LOOP ( 'NONE', ( #3191, #3207, #4687, #3539 ) ) ;
#1814 = VECTOR ( 'NONE', #3485, 1000.000000000000000 ) ;
#1815 = FACE_OUTER_BOUND ( 'NONE', #922, .T. ) ;
#1816 = LINE ( 'NONE', #2619, #4096 ) ;
#1817 = CARTESIAN_POINT ( 'NONE',  ( 0.3099999999999999978, -6.776263578034400401E-18, 0.4949999999999999956 ) ) ;
#1818 = DIRECTION ( 'NONE',  ( 0.0000000000000000000, 0.0000000000000000000, 1.000000000000000000 ) ) ;
#1819 = ORIENTED_EDGE ( 'NONE', *, *, #3606, .T. ) ;
#1820 = VECTOR ( 'NONE', #3259, 1000.000000000000000 ) ;
#1821 = PRESENTATION_STYLE_ASSIGNMENT (( #2986 ) ) ;
#1822 = PLANE ( 'NONE',  #4574 ) ;
#1823 = ORIENTED_EDGE ( 'NONE', *, *, #2301, .T. ) ;
#1824 = AXIS2_PLACEMENT_3D ( 'NONE', #1131, #2512, #5688 ) ;
#1825 = FACE_OUTER_BOUND ( 'NONE', #2795, .T. ) ;
#1826 = FACE_OUTER_BOUND ( 'NONE', #4633, .T. ) ;
#1827 = CARTESIAN_POINT ( 'NONE',  ( 0.1499999999999999944, -6.776263578034400401E-18, -0.05000000000000000278 ) ) ;
#1828 = DIRECTION ( 'NONE',  ( 1.000000000000000000, 0.0000000000000000000, 0.0000000000000000000 ) ) ;
#1829 = VERTEX_POINT ( 'NONE', #3054 ) ;
#1830 = ORIENTED_EDGE ( 'NONE', *, *, #1722, .F. ) ;
#1831 = CARTESIAN_POINT ( 'NONE',  ( -0.2933618639406079809, 0.05000000000000000278, 0.4437942073613649896 ) ) ;
#1832 = EDGE_CURVE ( 'NONE', #4457, #4698, #3462, .T. ) ;
#1833 = FACE_OUTER_BOUND ( 'NONE', #5099, .T. ) ;
#1834 = ORIENTED_EDGE ( 'NONE', *, *, #1017, .T. ) ;
#1835 = CARTESIAN_POINT ( 'NONE',  ( -0.1187308496519079853, 0.2500000000000000000, 0.3487332069152305203 ) ) ;
#1836 = MECHANICAL_DESIGN_GEOMETRIC_PRESENTATION_REPRESENTATION (  '', ( #910 ), #2144 ) ;
#1837 = EDGE_CURVE ( 'NONE', #1692, #4909, #3624, .T. ) ;
#1838 = DIRECTION ( 'NONE',  ( 0.0000000000000000000, 1.000000000000000000, 0.0000000000000000000 ) ) ;
#1839 = AXIS2_PLACEMENT_3D ( 'NONE', #3862, #2044, #5222 ) ;
#1840 = CARTESIAN_POINT ( 'NONE',  ( 0.3099999999999999978, -6.776263578034400401E-18, 0.4949999999999999956 ) ) ;
#1841 = VECTOR ( 'NONE', #4473, 1000.000000000000000 ) ;
#1842 =( NAMED_UNIT ( * ) PLANE_ANGLE_UNIT ( ) SI_UNIT ( $, .RADIAN. ) );
#1843 = CARTESIAN_POINT ( 'NONE',  ( 0.05000000000000000278, 0.05000000000000000278, -0.1499999999999999944 ) ) ;
#1844 = CARTESIAN_POINT ( 'NONE',  ( -0.5000000000000000000, 0.05000000000000000278, -0.5000000000000000000 ) ) ;
#1845 = AXIS2_PLACEMENT_3D ( 'NONE', #2959, #3887, #1135 ) ;
#1846 = PLANE ( 'NONE',  #2243 ) ;
#1847 = EDGE_LOOP ( 'NONE', ( #2536, #556, #5266, #1700 ) ) ;
#1848 = LINE ( 'NONE', #2664, #2762 ) ;
#1849 = DIRECTION ( 'NONE',  ( 0.0000000000000000000, 0.0000000000000000000, -1.000000000000000000 ) ) ;
#1850 = ORIENTED_EDGE ( 'NONE', *, *, #3815, .T. ) ;
#1851 = AXIS2_PLACEMENT_3D ( 'NONE', #1247, #2633, #5804 ) ;
#1852 = ORIENTED_EDGE ( 'NONE', *, *, #1322, .T. ) ;
#1853 = ORIENTED_EDGE ( 'NONE', *, *, #377, .T. ) ;
#1854 = DIRECTION ( 'NONE',  ( -1.000000000000000000, 0.0000000000000000000, -8.559490835411880276E-16 ) ) ;
#1855 = ORIENTED_EDGE ( 'NONE', *, *, #4222, .F. ) ;
#1856 = ORIENTED_EDGE ( 'NONE', *, *, #2872, .T. ) ;
#1857 = ORIENTED_EDGE ( 'NONE', *, *, #3553, .T. ) ;
#1858 = DIRECTION ( 'NONE',  ( 0.0000000000000000000, 0.0000000000000000000, 1.000000000000000000 ) ) ;
#1859 = PRODUCT_DEFINITION_SHAPE ( 'NONE', 'NONE',  #2926 ) ;
#1860 = FILL_AREA_STYLE ('',( #1389 ) ) ;
#1861 = ORIENTED_EDGE ( 'NONE', *, *, #764, .T. ) ;
#1862 = VECTOR ( 'NONE', #842, 1000.000000000000000 ) ;
#1863 = EDGE_CURVE ( 'NONE', #4402, #3603, #1032, .T. ) ;
#1864 = DIRECTION ( 'NONE',  ( 0.7071067811865474617, 0.0000000000000000000, 0.7071067811865474617 ) ) ;
#1865 = ORIENTED_EDGE ( 'NONE', *, *, #2324, .F. ) ;
#1866 = ORIENTED_EDGE ( 'NONE', *, *, #3916, .T. ) ;
#1867 = VERTEX_POINT ( 'NONE', #2618 ) ;
#1868 = EDGE_CURVE ( 'NONE', #4823, #3713, #2125, .T. ) ;
#1869 = CARTESIAN_POINT ( 'NONE',  ( -0.5000000000000000000, 0.0000000000000000000, -0.4650000000000000244 ) ) ;
#1870 = DIRECTION ( 'NONE',  ( 1.000000000000000000, 0.0000000000000000000, 0.0000000000000000000 ) ) ;
#1871 = AXIS2_PLACEMENT_3D ( 'NONE', #5722, #1182, #4379 ) ;
#1872 = LINE ( 'NONE', #3752, #5059 ) ;
#1873 = CARTESIAN_POINT ( 'NONE',  ( 0.0000000000000000000, 0.2500000000000000000, 0.0000000000000000000 ) ) ;
#1874 = AXIS2_PLACEMENT_3D ( 'NONE', #445, #4098, #1353 ) ;
#1875 = VERTEX_POINT ( 'NONE', #5793 ) ;
#1876 = VECTOR ( 'NONE', #1627, 1000.000000000000114 ) ;
#1877 = LINE ( 'NONE', #5126, #655 ) ;
#1878 = CARTESIAN_POINT ( 'NONE',  ( -0.5000000000000000000, -6.776263578034400401E-18, 0.5000000000000000000 ) ) ;
#1879 = FACE_OUTER_BOUND ( 'NONE', #857, .T. ) ;
#1880 = CARTESIAN_POINT ( 'NONE',  ( 0.2801399107849885106, 0.2500000000000000000, -0.2783841551168639850 ) ) ;
#1881 = EDGE_CURVE ( 'NONE', #4553, #1638, #5734, .T. ) ;
#1882 = ORIENTED_EDGE ( 'NONE', *, *, #3183, .F. ) ;
#1883 = LINE ( 'NONE', #2408, #4156 ) ;
#1884 = LINE ( 'NONE', #5379, #813 ) ;
#1885 = FACE_OUTER_BOUND ( 'NONE', #2777, .T. ) ;
#1886 = ORIENTED_EDGE ( 'NONE', *, *, #1781, .F. ) ;
#1887 = DIRECTION ( 'NONE',  ( 0.0000000000000000000, -1.000000000000000000, 0.0000000000000000000 ) ) ;
#1888 = DIRECTION ( 'NONE',  ( 0.0000000000000000000, 0.0000000000000000000, -1.000000000000000000 ) ) ;
#1889 = LINE ( 'NONE', #5354, #670 ) ;
#1890 = EDGE_CURVE ( 'NONE', #363, #3579, #3320, .T. ) ;
#1891 = DIRECTION ( 'NONE',  ( 0.0000000000000000000, 1.000000000000000000, 0.0000000000000000000 ) ) ;
#1892 = FACE_OUTER_BOUND ( 'NONE', #1422, .T. ) ;
#1893 = LINE ( 'NONE', #5562, #3099 ) ;
#1894 = DIRECTION ( 'NONE',  ( 1.000000000000000000, 0.0000000000000000000, 0.0000000000000000000 ) ) ;
#1895 = VECTOR ( 'NONE', #1119, 1000.000000000000000 ) ;
#1896 = ORIENTED_EDGE ( 'NONE', *, *, #3553, .F. ) ;
#1897 = ORIENTED_EDGE ( 'NONE', *, *, #3401, .T. ) ;
#1898 = EDGE_CURVE ( 'NONE', #1508, #5386, #3194, .T. ) ;
#1899 = ADVANCED_FACE ( 'NONE', ( #1973 ), #5813, .F. ) ;
#1900 = CARTESIAN_POINT ( 'NONE',  ( -0.1324024845846042131, 0.05000000000000000278, -0.04827599225835989966 ) ) ;
#1901 = ORIENTED_EDGE ( 'NONE', *, *, #1137, .F. ) ;
#1902 = ORIENTED_EDGE ( 'NONE', *, *, #1898, .F. ) ;
#1903 = VERTEX_POINT ( 'NONE', #4015 ) ;
#1904 = ORIENTED_EDGE ( 'NONE', *, *, #968, .F. ) ;
#1905 = LINE ( 'NONE', #2314, #2961 ) ;
#1906 = EDGE_CURVE ( 'NONE', #5724, #5225, #5457, .T. ) ;
#1907 = CARTESIAN_POINT ( 'NONE',  ( 0.1324024845846046294, 0.2500000000000000000, 0.0000000000000000000 ) ) ;
#1908 = VECTOR ( 'NONE', #1966, 1000.000000000000000 ) ;
#1909 = ORIENTED_EDGE ( 'NONE', *, *, #1336, .F. ) ;
#1910 = SURFACE_SIDE_STYLE ('',( #589 ) ) ;
#1911 = LINE ( 'NONE', #208, #3123 ) ;
#1912 = DIRECTION ( 'NONE',  ( 0.0000000000000000000, 0.0000000000000000000, 1.000000000000000000 ) ) ;
#1913 = LINE ( 'NONE', #3421, #5036 ) ;
#1914 = EDGE_CURVE ( 'NONE', #3254, #5825, #3039, .T. ) ;
#1915 = LINE ( 'NONE', #4902, #5401 ) ;
#1916 = ORIENTED_EDGE ( 'NONE', *, *, #1806, .T. ) ;
#1917 = DIRECTION ( 'NONE',  ( 0.0000000000000000000, 0.0000000000000000000, 1.000000000000000000 ) ) ;
#1918 = DIRECTION ( 'NONE',  ( 1.000000000000000000, 0.0000000000000000000, 6.542599316722870224E-16 ) ) ;
#1919 = VECTOR ( 'NONE', #5133, 1000.000000000000000 ) ;
#1920 = VERTEX_POINT ( 'NONE', #2215 ) ;
#1921 = UNCERTAINTY_MEASURE_WITH_UNIT (LENGTH_MEASURE( 1.000000000000000082E-05 ), #3499, 'distance_accuracy_value', 'NONE');
#1922 = ADVANCED_FACE ( 'NONE', ( #4115 ), #5834, .F. ) ;
#1923 = ORIENTED_EDGE ( 'NONE', *, *, #3926, .F. ) ;
#1924 = CARTESIAN_POINT ( 'NONE',  ( 0.1053477934590670018, 0.05000000000000000278, -0.3021996039790479927 ) ) ;
#1925 = PRESENTATION_STYLE_ASSIGNMENT (( #3673 ) ) ;
#1926 = DIRECTION ( 'NONE',  ( 0.0000000000000000000, 0.0000000000000000000, 1.000000000000000000 ) ) ;
#1927 = VERTEX_POINT ( 'NONE', #4929 ) ;
#1928 = ORIENTED_EDGE ( 'NONE', *, *, #4382, .T. ) ;
#1929 = VERTEX_POINT ( 'NONE', #1298 ) ;
#1930 = CARTESIAN_POINT ( 'NONE',  ( 0.5000000000000000000, 0.05000000000000000278, -0.05000000000000000278 ) ) ;
#1931 = DIRECTION ( 'NONE',  ( 1.000000000000000000, 0.0000000000000000000, 0.0000000000000000000 ) ) ;
#1932 = DIRECTION ( 'NONE',  ( 0.0000000000000000000, -1.000000000000000000, 0.0000000000000000000 ) ) ;
#1933 = EDGE_CURVE ( 'NONE', #4750, #2836, #5318, .T. ) ;
#1934 = LINE ( 'NONE', #4935, #5425 ) ;
#1935 = FACE_OUTER_BOUND ( 'NONE', #5415, .T. ) ;
#1936 = CARTESIAN_POINT ( 'NONE',  ( 0.5000000000000000000, 0.05000000000000000278, -0.3099999999999999978 ) ) ;
#1937 = ORIENTED_EDGE ( 'NONE', *, *, #5411, .T. ) ;
#1938 = DIRECTION ( 'NONE',  ( 0.0000000000000000000, 0.0000000000000000000, 1.000000000000000000 ) ) ;
#1939 = EDGE_CURVE ( 'NONE', #4553, #3744, #2889, .T. ) ;
#1940 = ORIENTED_EDGE ( 'NONE', *, *, #2748, .T. ) ;
#1941 = EDGE_LOOP ( 'NONE', ( #5024, #1385, #3710, #282 ) ) ;
#1942 = LINE ( 'NONE', #5271, #882 ) ;
#1943 = ADVANCED_FACE ( 'NONE', ( #475 ), #2685, .F. ) ;
#1944 = VECTOR ( 'NONE', #2751, 1000.000000000000000 ) ;
#1945 = AXIS2_PLACEMENT_3D ( 'NONE', #960, #4597, #1891 ) ;
#1946 = LINE ( 'NONE', #2602, #1664 ) ;
#1947 = ADVANCED_FACE ( 'NONE', ( #5164 ), #5406, .F. ) ;
#1948 = DIRECTION ( 'NONE',  ( -1.000000000000000000, 0.0000000000000000000, 0.0000000000000000000 ) ) ;
#1949 = FILL_AREA_STYLE ('',( #567 ) ) ;
#1950 = VERTEX_POINT ( 'NONE', #3678 ) ;
#1951 = LINE ( 'NONE', #1142, #3302 ) ;
#1952 = EDGE_CURVE ( 'NONE', #191, #1960, #613, .T. ) ;
#1953 = VECTOR ( 'NONE', #5203, 1000.000000000000000 ) ;
#1954 = DIRECTION ( 'NONE',  ( 0.8432271980573247117, 0.0000000000000000000, -0.5375573387615438792 ) ) ;
#1955 = LINE ( 'NONE', #667, #595 ) ;
#1956 = ORIENTED_EDGE ( 'NONE', *, *, #564, .F. ) ;
#1957 = CARTESIAN_POINT ( 'NONE',  ( -0.4949999999999999956, -6.776263578034400401E-18, 0.3099999999999999978 ) ) ;
#1958 = DIRECTION ( 'NONE',  ( 1.000000000000000000, 0.0000000000000000000, -1.084202172485503818E-16 ) ) ;
#1959 = EDGE_LOOP ( 'NONE', ( #3956, #5576, #639, #5151 ) ) ;
#1960 = VERTEX_POINT ( 'NONE', #3240 ) ;
#1961 = DIRECTION ( 'NONE',  ( 0.0000000000000000000, 1.000000000000000000, 0.0000000000000000000 ) ) ;
#1962 = DIRECTION ( 'NONE',  ( 0.0000000000000000000, 1.000000000000000000, 0.0000000000000000000 ) ) ;
#1963 = ORIENTED_EDGE ( 'NONE', *, *, #1429, .F. ) ;
#1964 = DIRECTION ( 'NONE',  ( -1.000000000000000000, 0.0000000000000000000, 1.295019261579907964E-15 ) ) ;
#1965 = EDGE_CURVE ( 'NONE', #1018, #2385, #2756, .T. ) ;
#1966 = DIRECTION ( 'NONE',  ( 0.0000000000000000000, 0.0000000000000000000, 1.000000000000000000 ) ) ;
#1967 = CARTESIAN_POINT ( 'NONE',  ( 0.0000000000000000000, 0.2500000000000000000, -0.1758845661859115006 ) ) ;
#1968 = VECTOR ( 'NONE', #5240, 1000.000000000000000 ) ;
#1969 = VERTEX_POINT ( 'NONE', #1869 ) ;
#1970 = SURFACE_STYLE_FILL_AREA ( #5350 ) ;
#1971 = ADVANCED_FACE ( 'NONE', ( #5031 ), #33, .F. ) ;
#1972 = CARTESIAN_POINT ( 'NONE',  ( -0.1187308496519079853, 0.05000000000000000278, 0.2146867790523304953 ) ) ;
#1973 = FACE_OUTER_BOUND ( 'NONE', #4963, .T. ) ;
#1974 = EDGE_CURVE ( 'NONE', #1791, #5542, #3970, .T. ) ;
#1975 = CARTESIAN_POINT ( 'NONE',  ( -0.3099999999999999978, -6.776263578034400401E-18, -0.4949999999999999956 ) ) ;
#1976 = DIRECTION ( 'NONE',  ( 0.0000000000000000000, 1.000000000000000000, 0.0000000000000000000 ) ) ;
#1977 = FACE_OUTER_BOUND ( 'NONE', #3317, .T. ) ;
#1978 = ADVANCED_FACE ( 'NONE', ( #2616 ), #5058, .F. ) ;
#1979 = DIRECTION ( 'NONE',  ( 1.000000000000000000, 0.0000000000000000000, 0.0000000000000000000 ) ) ;
#1980 = SURFACE_STYLE_FILL_AREA ( #612 ) ;
#1981 = VECTOR ( 'NONE', #2104, 1000.000000000000000 ) ;
#1982 =( LENGTH_UNIT ( ) NAMED_UNIT ( * ) SI_UNIT ( .MILLI., .METRE. ) );
#1983 = ORIENTED_EDGE ( 'NONE', *, *, #4719, .F. ) ;
#1984 = VECTOR ( 'NONE', #809, 1000.000000000000000 ) ;
#1985 = EDGE_CURVE ( 'NONE', #1111, #2527, #163, .T. ) ;
#1986 = VERTEX_POINT ( 'NONE', #5076 ) ;
#1988 =( NAMED_UNIT ( * ) PLANE_ANGLE_UNIT ( ) SI_UNIT ( $, .RADIAN. ) );
#1987 =( GEOMETRIC_REPRESENTATION_CONTEXT ( 3 ) GLOBAL_UNCERTAINTY_ASSIGNED_CONTEXT ( ( #1288 ) ) GLOBAL_UNIT_ASSIGNED_CONTEXT ( ( #3085, #346, #3547 ) ) REPRESENTATION_CONTEXT ( 'NONE', 'WORKASPACE' ) );
#1989 = CARTESIAN_POINT ( 'NONE',  ( 2.159057774518549935E-16, 0.0000000000000000000, 0.2100000000000000200 ) ) ;
#1990 = EDGE_LOOP ( 'NONE', ( #3575, #2164, #3203, #938 ) ) ;
#1991 = ORIENTED_EDGE ( 'NONE', *, *, #4083, .T. ) ;
#1992 = VERTEX_POINT ( 'NONE', #2358 ) ;
#1993 = ORIENTED_EDGE ( 'NONE', *, *, #1017, .F. ) ;
#1994 = VERTEX_POINT ( 'NONE', #4612 ) ;
#1995 = ORIENTED_EDGE ( 'NONE', *, *, #5125, .T. ) ;
#1996 = VECTOR ( 'NONE', #2182, 1000.000000000000000 ) ;
#1997 = DIRECTION ( 'NONE',  ( 0.0000000000000000000, 0.0000000000000000000, 1.000000000000000000 ) ) ;
#1998 = ORIENTED_EDGE ( 'NONE', *, *, #3530, .F. ) ;
#1999 = EDGE_LOOP ( 'NONE', ( #5172, #1803, #4436, #1631 ) ) ;
#2000 = ORIENTED_EDGE ( 'NONE', *, *, #4467, .T. ) ;
#2001 = FILL_AREA_STYLE ('',( #1071 ) ) ;
#2002 = DIRECTION ( 'NONE',  ( 1.000000000000000000, -1.295019261579907964E-15, 0.0000000000000000000 ) ) ;
#2003 = EDGE_CURVE ( 'NONE', #4172, #1706, #1395, .T. ) ;
#2004 = CARTESIAN_POINT ( 'NONE',  ( -0.4899999999999999911, 0.05000000000000000278, 0.3204630797616150328 ) ) ;
#2005 = ADVANCED_FACE ( 'NONE', ( #34 ), #541, .F. ) ;
#2006 = LINE ( 'NONE', #2808, #3077 ) ;
#2007 = CARTESIAN_POINT ( 'NONE',  ( 0.5000000000000000000, 0.05000000000000000278, 0.5000000000000000000 ) ) ;
#2008 = CARTESIAN_POINT ( 'NONE',  ( 0.1499999999999999944, -6.776263578034400401E-18, -0.05000000000000000278 ) ) ;
#2009 = EDGE_CURVE ( 'NONE', #3999, #191, #4735, .T. ) ;
#2010 = ORIENTED_EDGE ( 'NONE', *, *, #2763, .T. ) ;
#2011 = VECTOR ( 'NONE', #4059, 1000.000000000000000 ) ;
#2012 = VECTOR ( 'NONE', #1932, 1000.000000000000000 ) ;
#2013 = CARTESIAN_POINT ( 'NONE',  ( 0.0000000000000000000, -6.776263578034400401E-18, 0.0000000000000000000 ) ) ;
#2014 = DIRECTION ( 'NONE',  ( 1.000000000000000000, 0.0000000000000000000, 0.0000000000000000000 ) ) ;
#2015 = DIRECTION ( 'NONE',  ( -0.0000000000000000000, 1.000000000000000000, 0.0000000000000000000 ) ) ;
#2016 = ORIENTED_EDGE ( 'NONE', *, *, #860, .T. ) ;
#2017 = VECTOR ( 'NONE', #5583, 1000.000000000000000 ) ;
#2018 = LINE ( 'NONE', #3550, #5502 ) ;
#2019 = DIRECTION ( 'NONE',  ( -1.000000000000000000, 0.0000000000000000000, 0.0000000000000000000 ) ) ;
#2020 = VECTOR ( 'NONE', #3044, 1000.000000000000000 ) ;
#2021 = VERTEX_POINT ( 'NONE', #1930 ) ;
#2022 = DIRECTION ( 'NONE',  ( 0.0000000000000000000, 1.000000000000000000, 0.0000000000000000000 ) ) ;
#2023 = EDGE_CURVE ( 'NONE', #1089, #2836, #2334, .T. ) ;
#2024 = CARTESIAN_POINT ( 'NONE',  ( 0.5000000000000000000, 0.05000000000000000278, 0.3099999999999999978 ) ) ;
#2025 = LINE ( 'NONE', #2220, #4298 ) ;
#2026 = LINE ( 'NONE', #4658, #2799 ) ;
#2027 = DIRECTION ( 'NONE',  ( 0.8432271980573247117, 0.0000000000000000000, -0.5375573387615438792 ) ) ;
#2028 = LINE ( 'NONE', #4864, #673 ) ;
#2029 = ORIENTED_EDGE ( 'NONE', *, *, #3047, .F. ) ;
#2030 = VERTEX_POINT ( 'NONE', #991 ) ;
#2031 = PLANE ( 'NONE',  #5898 ) ;
#2032 = CARTESIAN_POINT ( 'NONE',  ( 0.4899999999999999911, 0.2500000000000000000, 0.0000000000000000000 ) ) ;
#2033 = ORIENTED_EDGE ( 'NONE', *, *, #5536, .T. ) ;
#2034 = EDGE_LOOP ( 'NONE', ( #711, #3703, #1180, #3060, #2882, #1552 ) ) ;
#2035 = ADVANCED_FACE ( 'NONE', ( #5809 ), #5101, .F. ) ;
#2036 = AXIS2_PLACEMENT_3D ( 'NONE', #2064, #3423, #710 ) ;
#2037 = ORIENTED_EDGE ( 'NONE', *, *, #1456, .T. ) ;
#2038 = ORIENTED_EDGE ( 'NONE', *, *, #141, .F. ) ;
#2039 = FACE_OUTER_BOUND ( 'NONE', #2163, .T. ) ;
#2040 = CARTESIAN_POINT ( 'NONE',  ( 0.05000000000000000278, 0.05000000000000000278, -0.5000000000000000000 ) ) ;
#2041 = LINE ( 'NONE', #1505, #3686 ) ;
#2042 = EDGE_CURVE ( 'NONE', #2764, #5324, #3545, .T. ) ;
#2043 = VECTOR ( 'NONE', #2935, 1000.000000000000000 ) ;
#2044 = DIRECTION ( 'NONE',  ( 0.0000000000000000000, -1.000000000000000000, 0.0000000000000000000 ) ) ;
#2045 = DIRECTION ( 'NONE',  ( 1.000000000000000000, 0.0000000000000000000, 0.0000000000000000000 ) ) ;
#2047 = EDGE_CURVE ( 'NONE', #3999, #1316, #4598, .T. ) ;
#2046 = VECTOR ( 'NONE', #1132, 1000.000000000000000 ) ;
#2048 = FACE_OUTER_BOUND ( 'NONE', #2096, .T. ) ;
#2049 = VERTEX_POINT ( 'NONE', #4651 ) ;
#2050 = CARTESIAN_POINT ( 'NONE',  ( -0.05000000000000000278, 0.05000000000000000278, 0.05000000000000000278 ) ) ;
#2051 = CARTESIAN_POINT ( 'NONE',  ( -0.5000000000000000000, 0.05000000000000000278, 0.5000000000000000000 ) ) ;
#2052 = FACE_OUTER_BOUND ( 'NONE', #599, .T. ) ;
#2053 = CARTESIAN_POINT ( 'NONE',  ( 0.3099999999999999978, 0.05000000000000000278, 0.4949999999999999956 ) ) ;
#2054 = CARTESIAN_POINT ( 'NONE',  ( 0.0000000000000000000, 0.0000000000000000000, -0.3099999999999999978 ) ) ;
#2055 = AXIS2_PLACEMENT_3D ( 'NONE', #4502, #4520, #1805 ) ;
#2056 = FACE_OUTER_BOUND ( 'NONE', #2406, .T. ) ;
#2057 = EDGE_LOOP ( 'NONE', ( #2356, #3360, #5259, #1390 ) ) ;
#2058 =( GEOMETRIC_REPRESENTATION_CONTEXT ( 3 ) GLOBAL_UNCERTAINTY_ASSIGNED_CONTEXT ( ( #3764 ) ) GLOBAL_UNIT_ASSIGNED_CONTEXT ( ( #1571, #5216, #2493 ) ) REPRESENTATION_CONTEXT ( 'NONE', 'WORKASPACE' ) );
#2059 = DIRECTION ( 'NONE',  ( 0.0000000000000000000, 1.000000000000000000, 0.0000000000000000000 ) ) ;
#2060 = CARTESIAN_POINT ( 'NONE',  ( 0.1053477934590670018, 0.05000000000000000278, -0.1758845661859115006 ) ) ;
#2061 = CARTESIAN_POINT ( 'NONE',  ( -0.3202182358878855606, 0.05000000000000000278, -0.4800000000000000377 ) ) ;
#2062 = CARTESIAN_POINT ( 'NONE',  ( 0.1053477934590670018, 0.05000000000000000278, -0.1758845661859115006 ) ) ;
#2063 = CARTESIAN_POINT ( 'NONE',  ( -0.4949999999999999956, -6.776263578034400401E-18, 0.2100000000000000200 ) ) ;
#2064 = CARTESIAN_POINT ( 'NONE',  ( 0.0000000000000000000, 0.05000000000000000278, 0.0000000000000000000 ) ) ;
#2065 = EDGE_CURVE ( 'NONE', #588, #1950, #3388, .T. ) ;
#2066 = ADVANCED_FACE ( 'NONE', ( #5663 ), #837, .F. ) ;
#2067 = ORIENTED_EDGE ( 'NONE', *, *, #3586, .F. ) ;
#2069 = CARTESIAN_POINT ( 'NONE',  ( 0.2100000000000000200, 0.05000000000000000278, 1.962779795016865258E-17 ) ) ;
#2068 = PRESENTATION_LAYER_ASSIGNMENT (  '', '', ( #1451 ) ) ;
#2070 = DIRECTION ( 'NONE',  ( 0.0000000000000000000, -1.000000000000000000, 0.0000000000000000000 ) ) ;
#2071 = ORIENTED_EDGE ( 'NONE', *, *, #5831, .F. ) ;
#2072 = CARTESIAN_POINT ( 'NONE',  ( 0.05000000000000000278, 0.05000000000000000278, 0.5000000000000000000 ) ) ;
#2073 = VERTEX_POINT ( 'NONE', #4674 ) ;
#2074 = EDGE_CURVE ( 'NONE', #2712, #190, #970, .T. ) ;
#2075 = DIRECTION ( 'NONE',  ( 0.0000000000000000000, -1.000000000000000000, 0.0000000000000000000 ) ) ;
#2076 = DIRECTION ( 'NONE',  ( 0.0000000000000000000, 1.000000000000000000, 0.0000000000000000000 ) ) ;
#2077 = CARTESIAN_POINT ( 'NONE',  ( 0.1324024845846046294, 0.2500000000000000000, 0.1355136704081486010 ) ) ;
#2078 = SURFACE_STYLE_USAGE ( .BOTH. , #4792 ) ;
#2079 = DIRECTION ( 'NONE',  ( 6.542599316722870224E-16, 0.0000000000000000000, -1.000000000000000000 ) ) ;
#2080 = EDGE_CURVE ( 'NONE', #3181, #1154, #2041, .T. ) ;
#2081 = PLANE ( 'NONE',  #457 ) ;
#2082 = FACE_OUTER_BOUND ( 'NONE', #4748, .T. ) ;
#2083 = LINE ( 'NONE', #2985, #5554 ) ;
#2084 = CARTESIAN_POINT ( 'NONE',  ( 0.0000000000000000000, 0.2500000000000000000, 0.0000000000000000000 ) ) ;
#2085 = DIRECTION ( 'NONE',  ( -1.000000000000000000, 0.0000000000000000000, 4.673285226230620180E-16 ) ) ;
#2086 = ORIENTED_EDGE ( 'NONE', *, *, #2929, .T. ) ;
#2087 = ORIENTED_EDGE ( 'NONE', *, *, #1284, .T. ) ;
#2088 = PLANE ( 'NONE',  #2749 ) ;
#2089 = ORIENTED_EDGE ( 'NONE', *, *, #2350, .F. ) ;
#2090 = LINE ( 'NONE', #5298, #4094 ) ;
#2091 = FACE_OUTER_BOUND ( 'NONE', #1813, .T. ) ;
#2092 = DIRECTION ( 'NONE',  ( 4.366925416955505011E-16, 0.0000000000000000000, 1.000000000000000000 ) ) ;
#2093 = VECTOR ( 'NONE', #1691, 1000.000000000000000 ) ;
#2094 = EDGE_CURVE ( 'NONE', #3811, #493, #3258, .T. ) ;
#2095 = MANIFOLD_SOLID_BREP ( 'NONE', #5325 ) ;
#2096 = EDGE_LOOP ( 'NONE', ( #5482, #831, #3364, #2369 ) ) ;
#2097 = LINE ( 'NONE', #1594, #3174 ) ;
#2098 = CARTESIAN_POINT ( 'NONE',  ( -0.5000000000000000000, 0.2500000000000000000, 0.5000000000000000000 ) ) ;
#2099 = CARTESIAN_POINT ( 'NONE',  ( 0.1187308496519081935, 0.05000000000000000278, 0.2146867790523304953 ) ) ;
#2100 = DIRECTION ( 'NONE',  ( 0.0000000000000000000, 0.0000000000000000000, 1.000000000000000000 ) ) ;
#2101 = ADVANCED_FACE ( 'NONE', ( #689 ), #3800, .T. ) ;
#2102 = CARTESIAN_POINT ( 'NONE',  ( -0.05000000000000000278, -6.776263578034400401E-18, -0.05000000000000000278 ) ) ;
#2103 = VERTEX_POINT ( 'NONE', #5612 ) ;
#2104 = DIRECTION ( 'NONE',  ( 0.0000000000000000000, -1.000000000000000000, 0.0000000000000000000 ) ) ;
#2105 = EDGE_CURVE ( 'NONE', #4195, #1046, #4321, .T. ) ;
#2106 = CARTESIAN_POINT ( 'NONE',  ( 0.05000000000000000278, 0.05000000000000000278, 0.4800000000000000377 ) ) ;
#2107 = PLANE ( 'NONE',  #4194 ) ;
#2108 = AXIS2_PLACEMENT_3D ( 'NONE', #147, #3818, #1078 ) ;
#2109 = CARTESIAN_POINT ( 'NONE',  ( 0.0000000000000000000, 0.05000000000000000278, -0.04827599225835989966 ) ) ;
#2110 = ORIENTED_EDGE ( 'NONE', *, *, #2042, .F. ) ;
#2111 = ORIENTED_EDGE ( 'NONE', *, *, #828, .T. ) ;
#2112 = ORIENTED_EDGE ( 'NONE', *, *, #968, .T. ) ;
#2113 = CARTESIAN_POINT ( 'NONE',  ( 0.5000000000000000000, 0.05000000000000000278, -0.05000000000000000278 ) ) ;
#2114 = VERTEX_POINT ( 'NONE', #4721 ) ;
#2115 = DIRECTION ( 'NONE',  ( -2.168404344971010446E-15, 0.0000000000000000000, -1.000000000000000000 ) ) ;
#2116 = DIRECTION ( 'NONE',  ( 1.000000000000000000, 7.367247580674420193E-31, 6.323505450496247372E-46 ) ) ;
#2117 = LINE ( 'NONE', #1159, #1968 ) ;
#2118 = ORIENTED_EDGE ( 'NONE', *, *, #5610, .F. ) ;
#2119 = CARTESIAN_POINT ( 'NONE',  ( 0.3099999999999999978, 0.05000000000000000278, -0.4949999999999999956 ) ) ;
#2120 = CARTESIAN_POINT ( 'NONE',  ( -0.3099999999999999978, 0.05000000000000000278, 0.4949999999999999956 ) ) ;
#2121 = DIRECTION ( 'NONE',  ( 0.8471602077226357830, 0.0000000000000000000, -0.5313375409768639202 ) ) ;
#2122 = VECTOR ( 'NONE', #3135, 1000.000000000000114 ) ;
#2123 = DIRECTION ( 'NONE',  ( 0.0000000000000000000, -1.000000000000000000, 0.0000000000000000000 ) ) ;
#2124 = DIRECTION ( 'NONE',  ( -1.000000000000000000, 0.0000000000000000000, 1.028122749770736045E-15 ) ) ;
#2125 = LINE ( 'NONE', #4882, #904 ) ;
#2126 = DIRECTION ( 'NONE',  ( -1.936075308009829787E-17, 0.0000000000000000000, 1.000000000000000000 ) ) ;
#2127 = LINE ( 'NONE', #994, #4395 ) ;
#2128 = CARTESIAN_POINT ( 'NONE',  ( 0.0000000000000000000, 0.05000000000000000278, -0.4949999999999999956 ) ) ;
#2129 = EDGE_LOOP ( 'NONE', ( #2769, #2772, #4526, #788 ) ) ;
#2130 = VECTOR ( 'NONE', #2402, 1000.000000000000000 ) ;
#2131 = ADVANCED_FACE ( 'NONE', ( #4969 ), #1541, .F. ) ;
#2132 = VECTOR ( 'NONE', #5234, 1000.000000000000000 ) ;
#2133 = ORIENTED_EDGE ( 'NONE', *, *, #5369, .F. ) ;
#2134 = CARTESIAN_POINT ( 'NONE',  ( -0.2933618639406079809, 0.2500000000000000000, 0.4437942073613649896 ) ) ;
#2135 = EDGE_CURVE ( 'NONE', #117, #1198, #3747, .T. ) ;
#2136 = VECTOR ( 'NONE', #5770, 1000.000000000000000 ) ;
#2137 = DIRECTION ( 'NONE',  ( 0.0000000000000000000, 0.0000000000000000000, -1.000000000000000000 ) ) ;
#2138 = VERTEX_POINT ( 'NONE', #1098 ) ;
#2139 = EDGE_LOOP ( 'NONE', ( #3777, #4802, #5109, #2840 ) ) ;
#2140 = EDGE_LOOP ( 'NONE', ( #2604, #4919, #3790, #4478, #2560, #3623 ) ) ;
#2141 = SURFACE_SIDE_STYLE ('',( #5130 ) ) ;
#2142 = PLANE ( 'NONE',  #3086 ) ;
#2143 = CARTESIAN_POINT ( 'NONE',  ( 0.1053477934590670018, 0.05000000000000000278, -0.3021996039790479927 ) ) ;
#2144 =( GEOMETRIC_REPRESENTATION_CONTEXT ( 3 ) GLOBAL_UNCERTAINTY_ASSIGNED_CONTEXT ( ( #212 ) ) GLOBAL_UNIT_ASSIGNED_CONTEXT ( ( #2591, #5765, #3042 ) ) REPRESENTATION_CONTEXT ( 'NONE', 'WORKASPACE' ) );
#2145 = EDGE_LOOP ( 'NONE', ( #3841, #409, #921, #5582 ) ) ;
#2146 = EDGE_CURVE ( 'NONE', #3345, #5764, #90, .T. ) ;
#2147 = CLOSED_SHELL ( 'NONE', ( #2445, #3342, #3716, #1784, #4827, #4737, #1947, #3311, #3087, #5250, #1978, #2888, #4493, #187, #2415 ) ) ;
#2148 = ORIENTED_EDGE ( 'NONE', *, *, #3909, .T. ) ;
#2149 = AXIS2_PLACEMENT_3D ( 'NONE', #5692, #231, #3428 ) ;
#2150 = DIRECTION ( 'NONE',  ( 0.0000000000000000000, 0.0000000000000000000, -1.000000000000000000 ) ) ;
#2151 = ORIENTED_EDGE ( 'NONE', *, *, #5219, .F. ) ;
#2152 = LINE ( 'NONE', #4422, #925 ) ;
#2153 = PLANE ( 'NONE',  #983 ) ;
#2154 = ORIENTED_EDGE ( 'NONE', *, *, #5815, .T. ) ;
#2155 = CARTESIAN_POINT ( 'NONE',  ( 0.5000000000000000000, -6.776263578034400401E-18, -0.05000000000000000278 ) ) ;
#2156 = DIRECTION ( 'NONE',  ( 0.0000000000000000000, -1.000000000000000000, 0.0000000000000000000 ) ) ;
#2157 = EDGE_LOOP ( 'NONE', ( #2327, #4724, #3571, #2580 ) ) ;
#2158 = ORIENTED_EDGE ( 'NONE', *, *, #5423, .F. ) ;
#2159 = VECTOR ( 'NONE', #2776, 1000.000000000000000 ) ;
#2160 = PRESENTATION_LAYER_ASSIGNMENT (  '', '', ( #1531 ) ) ;
#2161 = DIRECTION ( 'NONE',  ( -1.000000000000000000, 0.0000000000000000000, 0.0000000000000000000 ) ) ;
#2162 = DIRECTION ( 'NONE',  ( -0.0000000000000000000, 1.000000000000000000, 0.0000000000000000000 ) ) ;
#2163 = EDGE_LOOP ( 'NONE', ( #4359, #888, #5473, #4559 ) ) ;
#2164 = ORIENTED_EDGE ( 'NONE', *, *, #3842, .F. ) ;
#2165 = VECTOR ( 'NONE', #5850, 1000.000000000000000 ) ;
#2166 = DIRECTION ( 'NONE',  ( 0.0000000000000000000, 0.0000000000000000000, 1.000000000000000000 ) ) ;
#2167 = LINE ( 'NONE', #571, #4287 ) ;
#2168 = CARTESIAN_POINT ( 'NONE',  ( 0.0000000000000000000, 0.2500000000000000000, 0.3487332069152305203 ) ) ;
#2169 = EDGE_CURVE ( 'NONE', #297, #2739, #1325, .T. ) ;
#2170 = CARTESIAN_POINT ( 'NONE',  ( -0.1187308496519079853, 0.05000000000000000278, 0.2146867790523304953 ) ) ;
#2171 = ORIENTED_EDGE ( 'NONE', *, *, #1772, .T. ) ;
#2172 = PLANE ( 'NONE',  #5081 ) ;
#2173 = LINE ( 'NONE', #2865, #3518 ) ;
#2174 = FACE_OUTER_BOUND ( 'NONE', #1707, .T. ) ;
#2175 = LINE ( 'NONE', #3947, #948 ) ;
#2176 = EDGE_CURVE ( 'NONE', #4237, #5867, #3622, .T. ) ;
#2177 = VERTEX_POINT ( 'NONE', #3391 ) ;
#2178 = CARTESIAN_POINT ( 'NONE',  ( 0.05000000000000000278, 0.05000000000000000278, -0.5000000000000000000 ) ) ;
#2179 = LINE ( 'NONE', #990, #818 ) ;
#2180 = CARTESIAN_POINT ( 'NONE',  ( 0.0000000000000000000, 0.0000000000000000000, -0.4949999999999999956 ) ) ;
#2181 = LINE ( 'NONE', #5280, #3106 ) ;
#2182 = DIRECTION ( 'NONE',  ( -1.279960898073166052E-15, 0.0000000000000000000, -1.000000000000000000 ) ) ;
#2183 = DIRECTION ( 'NONE',  ( -0.0000000000000000000, 1.000000000000000000, 0.0000000000000000000 ) ) ;
#2184 = DIRECTION ( 'NONE',  ( 0.0000000000000000000, 0.0000000000000000000, 1.000000000000000000 ) ) ;
#2185 = DIRECTION ( 'NONE',  ( 0.0000000000000000000, 0.0000000000000000000, -1.000000000000000000 ) ) ;
#2186 = ORIENTED_EDGE ( 'NONE', *, *, #860, .F. ) ;
#2187 = CARTESIAN_POINT ( 'NONE',  ( 5.421010862427519705E-17, 0.05000000000000000278, 0.5000000000000000000 ) ) ;
#2188 = PLANE ( 'NONE',  #5909 ) ;
#2189 = CARTESIAN_POINT ( 'NONE',  ( -0.3099999999999999978, -6.776263578034400401E-18, -0.5000000000000000000 ) ) ;
#2190 = EDGE_CURVE ( 'NONE', #4618, #4764, #4653, .T. ) ;
#2191 = CARTESIAN_POINT ( 'NONE',  ( 0.5000000000000000000, -6.776263578034400401E-18, -0.5000000000000000000 ) ) ;
#2192 = ORIENTED_EDGE ( 'NONE', *, *, #2271, .F. ) ;
#2193 = ORIENTED_EDGE ( 'NONE', *, *, #3720, .T. ) ;
#2194 = CARTESIAN_POINT ( 'NONE',  ( 0.2933618639406084805, 0.05000000000000000278, 0.4437942073613649896 ) ) ;
#2195 = ORIENTED_EDGE ( 'NONE', *, *, #4197, .F. ) ;
#2196 = CARTESIAN_POINT ( 'NONE',  ( 0.05000000000000000278, -6.776263578034400401E-18, -0.1499999999999999944 ) ) ;
#2197 = ORIENTED_EDGE ( 'NONE', *, *, #5485, .F. ) ;
#2198 = LINE ( 'NONE', #1835, #5525 ) ;
#2199 = PLANE ( 'NONE',  #4885 ) ;
#2200 = EDGE_CURVE ( 'NONE', #1487, #5257, #5876, .T. ) ;
#2201 = VECTOR ( 'NONE', #1948, 1000.000000000000000 ) ;
#2202 = CARTESIAN_POINT ( 'NONE',  ( -0.2100000000000000200, 0.05000000000000000278, -0.2100000000000000200 ) ) ;
#2203 = CARTESIAN_POINT ( 'NONE',  ( -0.1187308496519079853, 0.05000000000000000278, 0.3487332069152305203 ) ) ;
#2204 = LINE ( 'NONE', #166, #5665 ) ;
#2205 = ADVANCED_FACE ( 'NONE', ( #5730 ), #3316, .F. ) ;
#2206 = CARTESIAN_POINT ( 'NONE',  ( -0.5000000000000000000, 0.05000000000000000278, -0.4650000000000000244 ) ) ;
#2207 =( NAMED_UNIT ( * ) PLANE_ANGLE_UNIT ( ) SI_UNIT ( $, .RADIAN. ) );
#2208 = CARTESIAN_POINT ( 'NONE',  ( -0.3202182358878855606, 0.05000000000000000278, -0.4800000000000000377 ) ) ;
#2209 = EDGE_CURVE ( 'NONE', #363, #4228, #1024, .T. ) ;
#2210 = VECTOR ( 'NONE', #5769, 1000.000000000000000 ) ;
#2211 = VERTEX_POINT ( 'NONE', #3405 ) ;
#2212 = DIRECTION ( 'NONE',  ( 0.0000000000000000000, 1.000000000000000000, 0.0000000000000000000 ) ) ;
#2213 = LINE ( 'NONE', #847, #978 ) ;
#2214 = DIRECTION ( 'NONE',  ( 0.0000000000000000000, -1.000000000000000000, 0.0000000000000000000 ) ) ;
#2215 = CARTESIAN_POINT ( 'NONE',  ( -0.5000000000000000000, 0.05000000000000000278, 0.3099999999999999978 ) ) ;
#2216 = VECTOR ( 'NONE', #438, 1000.000000000000000 ) ;
#2217 = FILL_AREA_STYLE_COLOUR ( '', #1222 ) ;
#2218 = ORIENTED_EDGE ( 'NONE', *, *, #3327, .F. ) ;
#2219 = EDGE_CURVE ( 'NONE', #4022, #1305, #901, .T. ) ;
#2220 = CARTESIAN_POINT ( 'NONE',  ( -0.3099999999999999978, -6.776263578034400401E-18, -0.4949999999999999956 ) ) ;
#2221 = CARTESIAN_POINT ( 'NONE',  ( -0.3202182358878855606, 0.2500000000000000000, -0.4800000000000000377 ) ) ;
#2222 = DIRECTION ( 'NONE',  ( 0.0000000000000000000, -1.000000000000000000, 0.0000000000000000000 ) ) ;
#2223 = ORIENTED_EDGE ( 'NONE', *, *, #5104, .T. ) ;
#2224 = ORIENTED_EDGE ( 'NONE', *, *, #1798, .F. ) ;
#2225 = ORIENTED_EDGE ( 'NONE', *, *, #2992, .T. ) ;
#2226 = VERTEX_POINT ( 'NONE', #4776 ) ;
#2227 = DIRECTION ( 'NONE',  ( -0.0000000000000000000, 1.000000000000000000, 0.0000000000000000000 ) ) ;
#2228 = FILL_AREA_STYLE ('',( #1767 ) ) ;
#2229 = CARTESIAN_POINT ( 'NONE',  ( -0.4949999999999999956, -6.776263578034400401E-18, -0.3099999999999999978 ) ) ;
#2230 = EDGE_CURVE ( 'NONE', #3804, #1994, #2391, .T. ) ;
#2231 = FILL_AREA_STYLE_COLOUR ( '', #3268 ) ;
#2232 = AXIS2_PLACEMENT_3D ( 'NONE', #5030, #950, #4145 ) ;
#2233 = ADVANCED_FACE ( 'NONE', ( #4533 ), #2977, .T. ) ;
#2234 =( NAMED_UNIT ( * ) PLANE_ANGLE_UNIT ( ) SI_UNIT ( $, .RADIAN. ) );
#2235 = DIRECTION ( 'NONE',  ( 1.000000000000000000, -4.755272686339930310E-16, 0.0000000000000000000 ) ) ;
#2236 = VECTOR ( 'NONE', #390, 1000.000000000000000 ) ;
#2237 = CARTESIAN_POINT ( 'NONE',  ( 2.108170890944034996E-17, 0.05000000000000000278, 0.05000000000000000278 ) ) ;
#2238 = SURFACE_STYLE_FILL_AREA ( #4249 ) ;
#2239 = CARTESIAN_POINT ( 'NONE',  ( -0.4949999999999999956, -6.776263578034400401E-18, -0.2100000000000000200 ) ) ;
#2240 = CARTESIAN_POINT ( 'NONE',  ( -0.3099999999999999978, 0.05000000000000000278, -0.4949999999999999956 ) ) ;
#2241 = ORIENTED_EDGE ( 'NONE', *, *, #1042, .T. ) ;
#2242 = ORIENTED_EDGE ( 'NONE', *, *, #4405, .F. ) ;
#2243 = AXIS2_PLACEMENT_3D ( 'NONE', #5021, #2755, #15 ) ;
#2244 = ORIENTED_EDGE ( 'NONE', *, *, #4203, .F. ) ;
#2245 = VECTOR ( 'NONE', #222, 1000.000000000000000 ) ;
#2246 = LINE ( 'NONE', #5883, #3431 ) ;
#2247 = VECTOR ( 'NONE', #1173, 1000.000000000000000 ) ;
#2248 = DIRECTION ( 'NONE',  ( 0.0000000000000000000, 1.000000000000000000, 0.0000000000000000000 ) ) ;
#2249 = CARTESIAN_POINT ( 'NONE',  ( 0.0000000000000000000, 0.05000000000000000278, 0.1355136704081486010 ) ) ;
#2250 = DIRECTION ( 'NONE',  ( -1.000000000000000000, 0.0000000000000000000, -8.583267198843580056E-16 ) ) ;
#2251 = CARTESIAN_POINT ( 'NONE',  ( 0.2100000000000000200, 0.0000000000000000000, 0.4949999999999999956 ) ) ;
#2252 = ORIENTED_EDGE ( 'NONE', *, *, #3411, .T. ) ;
#2253 = VECTOR ( 'NONE', #1572, 1000.000000000000000 ) ;
#2254 = PLANE ( 'NONE',  #1614 ) ;
#2255 = EDGE_CURVE ( 'NONE', #3603, #1706, #2117, .T. ) ;
#2256 = ORIENTED_EDGE ( 'NONE', *, *, #5226, .T. ) ;
#2257 = PLANE ( 'NONE',  #3711 ) ;
#2258 = CARTESIAN_POINT ( 'NONE',  ( -0.2933618639406079809, 0.2500000000000000000, 0.0000000000000000000 ) ) ;
#2259 = CARTESIAN_POINT ( 'NONE',  ( -0.4899999999999999911, 0.05000000000000000278, 0.05000000000000060646 ) ) ;
#2260 = DIRECTION ( 'NONE',  ( -2.168404344971010446E-15, 0.0000000000000000000, -1.000000000000000000 ) ) ;
#2261 = ORIENTED_EDGE ( 'NONE', *, *, #5788, .F. ) ;
#2262 = AXIS2_PLACEMENT_3D ( 'NONE', #1549, #2014, #5185 ) ;
#2263 = EDGE_CURVE ( 'NONE', #3811, #1095, #757, .T. ) ;
#2264 = ADVANCED_FACE ( 'NONE', ( #1833 ), #2088, .F. ) ;
#2265 = ORIENTED_EDGE ( 'NONE', *, *, #905, .T. ) ;
#2266 = PLANE ( 'NONE',  #159 ) ;
#2267 = CARTESIAN_POINT ( 'NONE',  ( 0.05000000000000000278, 0.05000000000000000278, -0.4800000000000000377 ) ) ;
#2268 = CARTESIAN_POINT ( 'NONE',  ( -0.4949999999999999956, 0.0000000000000000000, -0.2100000000000000200 ) ) ;
#2269 = VECTOR ( 'NONE', #3885, 1000.000000000000000 ) ;
#2270 = ORIENTED_EDGE ( 'NONE', *, *, #9, .F. ) ;
#2271 = EDGE_CURVE ( 'NONE', #1994, #2714, #4389, .T. ) ;
#2272 = AXIS2_PLACEMENT_3D ( 'NONE', #1597, #4768, #2059 ) ;
#2273 = VECTOR ( 'NONE', #789, 1000.000000000000000 ) ;
#2274 = CARTESIAN_POINT ( 'NONE',  ( 0.4949999999999999956, 0.05000000000000000278, 0.2100000000000000200 ) ) ;
#2275 = VECTOR ( 'NONE', #2797, 1000.000000000000000 ) ;
#2276 = ORIENTED_EDGE ( 'NONE', *, *, #32, .F. ) ;
#2277 = AXIS2_PLACEMENT_3D ( 'NONE', #3989, #3638, #2498 ) ;
#2278 = LINE ( 'NONE', #5578, #4545 ) ;
#2279 = CARTESIAN_POINT ( 'NONE',  ( 0.05000000000000000278, 0.05000000000000000278, -0.1499999999999999944 ) ) ;
#2280 = VECTOR ( 'NONE', #180, 1000.000000000000000 ) ;
#2281 = VERTEX_POINT ( 'NONE', #4002 ) ;
#2282 = FACE_OUTER_BOUND ( 'NONE', #4132, .T. ) ;
#2283 = EDGE_CURVE ( 'NONE', #427, #5546, #5131, .T. ) ;
#2284 = DIRECTION ( 'NONE',  ( -2.168404344971010446E-15, 0.0000000000000000000, -1.000000000000000000 ) ) ;
#2285 = VERTEX_POINT ( 'NONE', #1733 ) ;
#2286 = EDGE_LOOP ( 'NONE', ( #962, #1273, #2329, #3150 ) ) ;
#2287 = ORIENTED_EDGE ( 'NONE', *, *, #4936, .F. ) ;
#2288 = DIRECTION ( 'NONE',  ( 0.0000000000000000000, 1.000000000000000000, 0.0000000000000000000 ) ) ;
#2289 = ORIENTED_EDGE ( 'NONE', *, *, #1042, .F. ) ;
#2290 = VERTEX_POINT ( 'NONE', #2202 ) ;
#2291 = EDGE_CURVE ( 'NONE', #5106, #2281, #489, .T. ) ;
#2292 = FACE_OUTER_BOUND ( 'NONE', #1016, .T. ) ;
#2293 = DIRECTION ( 'NONE',  ( -0.0000000000000000000, 1.000000000000000000, 0.0000000000000000000 ) ) ;
#2294 = AXIS2_PLACEMENT_3D ( 'NONE', #5074, #3273, #538 ) ;
#2295 = EDGE_LOOP ( 'NONE', ( #1861, #4797, #3343, #4377 ) ) ;
#2296 = CARTESIAN_POINT ( 'NONE',  ( -0.3099999999999999978, -6.776263578034400401E-18, 0.5000000000000000000 ) ) ;
#2297 = VERTEX_POINT ( 'NONE', #819 ) ;
#2298 = VERTEX_POINT ( 'NONE', #5819 ) ;
#2299 = AXIS2_PLACEMENT_3D ( 'NONE', #3053, #3513, #787 ) ;
#2300 = CARTESIAN_POINT ( 'NONE',  ( -0.05000000000000000278, -6.776263578034400401E-18, -0.05000000000000000278 ) ) ;
#2301 = EDGE_CURVE ( 'NONE', #980, #2901, #2765, .T. ) ;
#2302 = LINE ( 'NONE', #4567, #3501 ) ;
#2303 = CARTESIAN_POINT ( 'NONE',  ( 0.3099999999999999978, 0.05000000000000000278, -0.5000000000000000000 ) ) ;
#2304 = ORIENTED_EDGE ( 'NONE', *, *, #5631, .T. ) ;
#2305 = ORIENTED_EDGE ( 'NONE', *, *, #4936, .T. ) ;
#2306 = VECTOR ( 'NONE', #2661, 1000.000000000000000 ) ;
#2307 = LINE ( 'NONE', #2815, #1077 ) ;
#2308 = PRESENTATION_STYLE_ASSIGNMENT (( #1776 ) ) ;
#2309 = DIRECTION ( 'NONE',  ( 4.366925416955505011E-16, 0.0000000000000000000, 1.000000000000000000 ) ) ;
#2310 = CARTESIAN_POINT ( 'NONE',  ( -0.3099999999999999978, 0.05000000000000000278, 0.5000000000000000000 ) ) ;
#2311 = ORIENTED_EDGE ( 'NONE', *, *, #605, .F. ) ;
#2312 = VECTOR ( 'NONE', #3749, 1000.000000000000000 ) ;
#2313 = LINE ( 'NONE', #2632, #3236 ) ;
#2314 = CARTESIAN_POINT ( 'NONE',  ( -0.04999999999999939909, 0.05000000000000000278, 0.5000000000000000000 ) ) ;
#2315 = ORIENTED_EDGE ( 'NONE', *, *, #3038, .T. ) ;
#2316 = EDGE_CURVE ( 'NONE', #3893, #76, #5045, .T. ) ;
#2317 = PRESENTATION_STYLE_ASSIGNMENT (( #1743 ) ) ;
#2318 = VECTOR ( 'NONE', #1887, 1000.000000000000000 ) ;
#2319 = APPLICATION_CONTEXT ( 'automotive_design' ) ;
#2320 = SURFACE_STYLE_USAGE ( .BOTH. , #5033 ) ;
#2321 = CARTESIAN_POINT ( 'NONE',  ( 0.2933618639406084805, 0.2500000000000000000, 0.4437942073613649896 ) ) ;
#2322 = VECTOR ( 'NONE', #1756, 1000.000000000000000 ) ;
#2323 = ORIENTED_EDGE ( 'NONE', *, *, #2146, .F. ) ;
#2324 = EDGE_CURVE ( 'NONE', #3114, #751, #336, .T. ) ;
#2325 = ORIENTED_EDGE ( 'NONE', *, *, #5434, .F. ) ;
#2326 = ORIENTED_EDGE ( 'NONE', *, *, #463, .T. ) ;
#2327 = ORIENTED_EDGE ( 'NONE', *, *, #40, .F. ) ;
#2328 = ORIENTED_EDGE ( 'NONE', *, *, #4774, .T. ) ;
#2329 = ORIENTED_EDGE ( 'NONE', *, *, #1974, .T. ) ;
#2330 = PLANE ( 'NONE',  #650 ) ;
#2331 = VECTOR ( 'NONE', #1783, 1000.000000000000000 ) ;
#2332 = EDGE_CURVE ( 'NONE', #4461, #4581, #3980, .T. ) ;
#2333 = CARTESIAN_POINT ( 'NONE',  ( 0.2933618639406084805, 0.2500000000000000000, 0.0000000000000000000 ) ) ;
#2334 = LINE ( 'NONE', #1924, #1104 ) ;
#2335 = LINE ( 'NONE', #4272, #3390 ) ;
#2336 = CARTESIAN_POINT ( 'NONE',  ( -0.2100000000000000200, 0.05000000000000000278, -0.4949999999999999956 ) ) ;
#2337 = FACE_OUTER_BOUND ( 'NONE', #1555, .T. ) ;
#2338 = VERTEX_POINT ( 'NONE', #391 ) ;
#2339 = DIRECTION ( 'NONE',  ( 0.0000000000000000000, 0.0000000000000000000, -1.000000000000000000 ) ) ;
#2340 = CARTESIAN_POINT ( 'NONE',  ( 0.2933618639406084805, 0.2500000000000000000, 0.4800000000000000377 ) ) ;
#2341 = LINE ( 'NONE', #4468, #4606 ) ;
#2342 = CARTESIAN_POINT ( 'NONE',  ( 0.3099999999999999978, 0.05000000000000000278, 0.4949999999999999956 ) ) ;
#2343 = VERTEX_POINT ( 'NONE', #861 ) ;
#2344 = VECTOR ( 'NONE', #559, 1000.000000000000000 ) ;
#2345 = VERTEX_POINT ( 'NONE', #4047 ) ;
#2346 = FILL_AREA_STYLE_COLOUR ( '', #144 ) ;
#2347 = ORIENTED_EDGE ( 'NONE', *, *, #954, .F. ) ;
#2348 = CARTESIAN_POINT ( 'NONE',  ( -0.5000000000000000000, -6.776263578034400401E-18, -0.3099999999999999978 ) ) ;
#2349 = COLOUR_RGB ( '',1.000000000000000000, 1.000000000000000000, 1.000000000000000000 ) ;
#2350 = EDGE_CURVE ( 'NONE', #1047, #4457, #2478, .T. ) ;
#2351 = ORIENTED_EDGE ( 'NONE', *, *, #2540, .T. ) ;
#2352 = ORIENTED_EDGE ( 'NONE', *, *, #973, .T. ) ;
#2353 = VERTEX_POINT ( 'NONE', #2239 ) ;
#2354 = ORIENTED_EDGE ( 'NONE', *, *, #5472, .F. ) ;
#2355 = EDGE_CURVE ( 'NONE', #3930, #1645, #2629, .T. ) ;
#2356 = ORIENTED_EDGE ( 'NONE', *, *, #1386, .T. ) ;
#2357 = DIRECTION ( 'NONE',  ( 0.0000000000000000000, 0.0000000000000000000, -1.000000000000000000 ) ) ;
#2358 = CARTESIAN_POINT ( 'NONE',  ( -0.2100000000000000200, 0.05000000000000000278, 0.4949999999999999956 ) ) ;
#2359 =( LENGTH_UNIT ( ) NAMED_UNIT ( * ) SI_UNIT ( .MILLI., .METRE. ) );
#2360 = ORIENTED_EDGE ( 'NONE', *, *, #1083, .F. ) ;
#2361 = ADVANCED_FACE ( 'NONE', ( #3701 ), #5865, .T. ) ;
#2362 = LINE ( 'NONE', #771, #4627 ) ;
#2363 = CARTESIAN_POINT ( 'NONE',  ( -0.2100000000000000200, 0.0000000000000000000, -0.4949999999999999956 ) ) ;
#2364 = LINE ( 'NONE', #4667, #2499 ) ;
#2365 = ORIENTED_EDGE ( 'NONE', *, *, #227, .F. ) ;
#2366 = EDGE_CURVE ( 'NONE', #4921, #5751, #177, .T. ) ;
#2367 = ORIENTED_EDGE ( 'NONE', *, *, #415, .T. ) ;
#2368 = MECHANICAL_DESIGN_GEOMETRIC_PRESENTATION_REPRESENTATION (  '', ( #1451 ), #2686 ) ;
#2369 = ORIENTED_EDGE ( 'NONE', *, *, #4248, .T. ) ;
#2370 = VECTOR ( 'NONE', #5016, 1000.000000000000000 ) ;
#2371 = LINE ( 'NONE', #4349, #3433 ) ;
#2372 = VERTEX_POINT ( 'NONE', #4977 ) ;
#2373 = CARTESIAN_POINT ( 'NONE',  ( 0.2801399107849885106, 0.05000000000000000278, -0.4800000000000000377 ) ) ;
#2374 = EDGE_CURVE ( 'NONE', #5448, #4897, #5824, .T. ) ;
#2375 = EDGE_LOOP ( 'NONE', ( #2936, #2557, #4313, #4454 ) ) ;
#2376 = CARTESIAN_POINT ( 'NONE',  ( -0.05000000000000000278, 0.05000000000000000278, -0.5000000000000000000 ) ) ;
#2377 = COLOUR_RGB ( '',1.000000000000000000, 1.000000000000000000, 1.000000000000000000 ) ;
#2378 = LINE ( 'NONE', #3377, #5864 ) ;
#2379 = CARTESIAN_POINT ( 'NONE',  ( -0.3202182358878855606, 0.05000000000000000278, 0.0000000000000000000 ) ) ;
#2380 = CARTESIAN_POINT ( 'NONE',  ( 0.5000000000000000000, -6.776263578034400401E-18, 0.3099999999999999978 ) ) ;
#2381 = VECTOR ( 'NONE', #5154, 1000.000000000000000 ) ;
#2382 = VERTEX_POINT ( 'NONE', #2259 ) ;
#2383 = EDGE_CURVE ( 'NONE', #3095, #2940, #48, .T. ) ;
#2384 = DIRECTION ( 'NONE',  ( -1.000000000000000000, 0.0000000000000000000, 0.0000000000000000000 ) ) ;
#2385 = VERTEX_POINT ( 'NONE', #5877 ) ;
#2386 = ORIENTED_EDGE ( 'NONE', *, *, #4128, .F. ) ;
#2387 = ADVANCED_FACE ( 'NONE', ( #1115 ), #4089, .F. ) ;
#2388 = EDGE_CURVE ( 'NONE', #2030, #3220, #5678, .T. ) ;
#2389 = PLANE ( 'NONE',  #4118 ) ;
#2390 = ADVANCED_FACE ( 'NONE', ( #979 ), #1822, .T. ) ;
#2391 = LINE ( 'NONE', #2494, #3190 ) ;
#2392 = ORIENTED_EDGE ( 'NONE', *, *, #4820, .T. ) ;
#2393 = DIRECTION ( 'NONE',  ( -8.411913407215120269E-16, 0.0000000000000000000, 1.000000000000000000 ) ) ;
#2394 = VECTOR ( 'NONE', #4856, 1000.000000000000000 ) ;
#2395 = EDGE_CURVE ( 'NONE', #59, #2290, #3270, .T. ) ;
#2396 = FACE_OUTER_BOUND ( 'NONE', #1338, .T. ) ;
#2397 = ORIENTED_EDGE ( 'NONE', *, *, #4811, .T. ) ;
#2398 = SURFACE_STYLE_USAGE ( .BOTH. , #5120 ) ;
#2399 = VECTOR ( 'NONE', #4577, 1000.000000000000000 ) ;
#2400 = VECTOR ( 'NONE', #5192, 1000.000000000000000 ) ;
#2401 = ORIENTED_EDGE ( 'NONE', *, *, #25, .F. ) ;
#2402 = DIRECTION ( 'NONE',  ( 0.0000000000000000000, -1.000000000000000000, 0.0000000000000000000 ) ) ;
#2403 = LINE ( 'NONE', #4367, #1190 ) ;
#2404 = CARTESIAN_POINT ( 'NONE',  ( 0.1324024845846046294, 0.2500000000000000000, -0.04827599225835989966 ) ) ;
#2405 = CARTESIAN_POINT ( 'NONE',  ( -0.2100000000000000200, 0.0000000000000000000, 0.4949999999999999956 ) ) ;
#2406 = EDGE_LOOP ( 'NONE', ( #3642, #3453, #106, #1500, #2624, #1399, #1882, #257, #4458, #3374, #3404, #2902, #1621 ) ) ;
#2407 = ORIENTED_EDGE ( 'NONE', *, *, #3512, .F. ) ;
#2408 = CARTESIAN_POINT ( 'NONE',  ( -0.4899999999999999911, 0.05000000000000000278, 3.761581922631320025E-34 ) ) ;
#2409 = CARTESIAN_POINT ( 'NONE',  ( 0.3099999999999999978, 0.05000000000000000278, 0.5000000000000000000 ) ) ;
#2410 = ORIENTED_EDGE ( 'NONE', *, *, #512, .T. ) ;
#2411 = CARTESIAN_POINT ( 'NONE',  ( 0.4949999999999999956, 0.0000000000000000000, -0.2100000000000000200 ) ) ;
#2412 = EDGE_CURVE ( 'NONE', #5838, #3029, #3398, .T. ) ;
#2413 = DIRECTION ( 'NONE',  ( 0.0000000000000000000, -1.000000000000000000, 0.0000000000000000000 ) ) ;
#2414 = ORIENTED_EDGE ( 'NONE', *, *, #5104, .F. ) ;
#2415 = ADVANCED_FACE ( 'NONE', ( #2056 ), #101, .T. ) ;
#2416 = ORIENTED_EDGE ( 'NONE', *, *, #1863, .F. ) ;
#2417 = ADVANCED_FACE ( 'NONE', ( #4335 ), #1502, .T. ) ;
#2418 = EDGE_LOOP ( 'NONE', ( #4307, #2067, #1853, #3756 ) ) ;
#2419 = ORIENTED_EDGE ( 'NONE', *, *, #2718, .T. ) ;
#2421 = ORIENTED_EDGE ( 'NONE', *, *, #973, .F. ) ;
#2420 = DIRECTION ( 'NONE',  ( -1.000000000000000000, 0.0000000000000000000, -9.346570452461239128E-17 ) ) ;
#2422 = EDGE_CURVE ( 'NONE', #980, #3211, #3136, .T. ) ;
#2423 = DIRECTION ( 'NONE',  ( 0.0000000000000000000, 1.000000000000000000, 0.0000000000000000000 ) ) ;
#2424 = DIRECTION ( 'NONE',  ( 1.000000000000000000, 0.0000000000000000000, 0.0000000000000000000 ) ) ;
#2425 = LINE ( 'NONE', #487, #3353 ) ;
#2426 = DIRECTION ( 'NONE',  ( 0.0000000000000000000, 1.000000000000000000, 0.0000000000000000000 ) ) ;
#2427 = DIRECTION ( 'NONE',  ( 0.0000000000000000000, 0.0000000000000000000, 1.000000000000000000 ) ) ;
#2428 = EDGE_CURVE ( 'NONE', #2562, #3732, #702, .T. ) ;
#2429 = ORIENTED_EDGE ( 'NONE', *, *, #310, .F. ) ;
#2430 =( NAMED_UNIT ( * ) SI_UNIT ( $, .STERADIAN. ) SOLID_ANGLE_UNIT ( ) );
#2431 = ORIENTED_EDGE ( 'NONE', *, *, #4443, .F. ) ;
#2432 = FACE_OUTER_BOUND ( 'NONE', #728, .T. ) ;
#2433 = VECTOR ( 'NONE', #934, 1000.000000000000000 ) ;
#2434 = VECTOR ( 'NONE', #3564, 1000.000000000000000 ) ;
#2435 = ORIENTED_EDGE ( 'NONE', *, *, #1790, .T. ) ;
#2436 = VECTOR ( 'NONE', #1458, 1000.000000000000000 ) ;
#2437 = VECTOR ( 'NONE', #1681, 1000.000000000000000 ) ;
#2438 = ORIENTED_EDGE ( 'NONE', *, *, #1757, .F. ) ;
#2439 = AXIS2_PLACEMENT_3D ( 'NONE', #2980, #233, #3432 ) ;
#2440 = FACE_OUTER_BOUND ( 'NONE', #536, .T. ) ;
#2441 = DIRECTION ( 'NONE',  ( 8.733850833911000162E-16, 0.0000000000000000000, -1.000000000000000000 ) ) ;
#2442 = LINE ( 'NONE', #519, #4718 ) ;
#2443 = CARTESIAN_POINT ( 'NONE',  ( 0.2100000000000000200, 0.05000000000000000278, -0.2100000000000000200 ) ) ;
#2444 = CARTESIAN_POINT ( 'NONE',  ( -0.04999999999999939909, 0.05000000000000000278, 0.5000000000000000000 ) ) ;
#2445 = ADVANCED_FACE ( 'NONE', ( #2978 ), #2867, .F. ) ;
#2446 = MECHANICAL_DESIGN_GEOMETRIC_PRESENTATION_REPRESENTATION (  '', ( #1531 ), #2757 ) ;
#2447 = LINE ( 'NONE', #387, #2322 ) ;
#2448 = CARTESIAN_POINT ( 'NONE',  ( 0.05000000000000000278, 0.05000000000000000278, 0.2146867790523304953 ) ) ;
#2449 = ORIENTED_EDGE ( 'NONE', *, *, #3282, .T. ) ;
#2450 = SURFACE_STYLE_USAGE ( .BOTH. , #5168 ) ;
#2451 = CARTESIAN_POINT ( 'NONE',  ( -0.05000000000000000278, 0.05000000000000000278, -0.5000000000000000000 ) ) ;
#2452 = EDGE_CURVE ( 'NONE', #782, #2900, #1785, .T. ) ;
#2453 = EDGE_LOOP ( 'NONE', ( #4108, #3973, #5417, #4048 ) ) ;
#2454 = ORIENTED_EDGE ( 'NONE', *, *, #3298, .T. ) ;
#2455 = DIRECTION ( 'NONE',  ( 0.0000000000000000000, 0.0000000000000000000, 1.000000000000000000 ) ) ;
#2456 = ORIENTED_EDGE ( 'NONE', *, *, #234, .T. ) ;
#2457 = EDGE_CURVE ( 'NONE', #3981, #1927, #855, .T. ) ;
#2458 = VECTOR ( 'NONE', #2673, 1000.000000000000000 ) ;
#2459 = DIRECTION ( 'NONE',  ( -1.000000000000000000, 0.0000000000000000000, -6.657381760875909730E-16 ) ) ;
#2460 = VECTOR ( 'NONE', #66, 1000.000000000000000 ) ;
#2461 = CARTESIAN_POINT ( 'NONE',  ( -0.4899999999999999911, 0.2500000000000000000, -0.3268298959158210115 ) ) ;
#2462 = PLANE ( 'NONE',  #2843 ) ;
#2463 = FACE_OUTER_BOUND ( 'NONE', #2486, .T. ) ;
#2464 = AXIS2_PLACEMENT_3D ( 'NONE', #740, #5291, #2570 ) ;
#2465 = AXIS2_PLACEMENT_3D ( 'NONE', #900, #2284, #5452 ) ;
#2466 = CARTESIAN_POINT ( 'NONE',  ( 0.4949999999999999956, -6.776263578034400401E-18, 0.3099999999999999978 ) ) ;
#2467 = COLOUR_RGB ( '',1.000000000000000000, 1.000000000000000000, 1.000000000000000000 ) ;
#2468 = CARTESIAN_POINT ( 'NONE',  ( -0.2100000000000000200, 0.05000000000000000278, -0.2100000000000000200 ) ) ;
#2469 = VECTOR ( 'NONE', #3009, 1000.000000000000000 ) ;
#2470 = ORIENTED_EDGE ( 'NONE', *, *, #3401, .F. ) ;
#2471 = ORIENTED_EDGE ( 'NONE', *, *, #1403, .T. ) ;
#2472 = LINE ( 'NONE', #3988, #1262 ) ;
#2473 = EDGE_CURVE ( 'NONE', #5068, #5305, #5407, .T. ) ;
#2474 = ADVANCED_FACE ( 'NONE', ( #4061 ), #4714, .F. ) ;
#2475 = ORIENTED_EDGE ( 'NONE', *, *, #1898, .T. ) ;
#2476 = AXIS2_PLACEMENT_3D ( 'NONE', #4476, #1759, #4932 ) ;
#2477 = CARTESIAN_POINT ( 'NONE',  ( 0.5000000000000000000, 0.05000000000000000278, -0.4650000000000000244 ) ) ;
#2478 = LINE ( 'NONE', #4500, #1265 ) ;
#2479 = VERTEX_POINT ( 'NONE', #3813 ) ;
#2480 = ORIENTED_EDGE ( 'NONE', *, *, #4911, .T. ) ;
#2481 = ORIENTED_EDGE ( 'NONE', *, *, #2452, .F. ) ;
#2482 = EDGE_CURVE ( 'NONE', #4506, #4271, #1187, .T. ) ;
#2483 = SURFACE_STYLE_USAGE ( .BOTH. , #5204 ) ;
#2484 = CARTESIAN_POINT ( 'NONE',  ( -0.4650000000000000244, 0.0000000000000000000, 0.5000000000000000000 ) ) ;
#2485 = ORIENTED_EDGE ( 'NONE', *, *, #1113, .T. ) ;
#2486 = EDGE_LOOP ( 'NONE', ( #3277, #846, #1053, #3055 ) ) ;
#2487 = EDGE_LOOP ( 'NONE', ( #758, #774, #3494, #2328 ) ) ;
#2488 = VERTEX_POINT ( 'NONE', #4283 ) ;
#2489 = DIRECTION ( 'NONE',  ( 0.7071067811865474617, 0.0000000000000000000, 0.7071067811865474617 ) ) ;
#2490 = ORIENTED_EDGE ( 'NONE', *, *, #2953, .F. ) ;
#2491 = PLANE ( 'NONE',  #4531 ) ;
#2492 = EDGE_CURVE ( 'NONE', #1487, #2138, #3471, .T. ) ;
#2493 =( NAMED_UNIT ( * ) SI_UNIT ( $, .STERADIAN. ) SOLID_ANGLE_UNIT ( ) );
#2494 = CARTESIAN_POINT ( 'NONE',  ( -0.5000000000000000000, -6.776263578034400401E-18, 0.3099999999999999978 ) ) ;
#2495 = EDGE_CURVE ( 'NONE', #264, #2353, #3632, .T. ) ;
#2496 = VECTOR ( 'NONE', #3943, 1000.000000000000000 ) ;
#2497 = SURFACE_STYLE_FILL_AREA ( #5646 ) ;
#2498 = DIRECTION ( 'NONE',  ( 1.000000000000000000, 0.0000000000000000000, 0.0000000000000000000 ) ) ;
#2499 = VECTOR ( 'NONE', #1964, 1000.000000000000000 ) ;
#2500 = DIRECTION ( 'NONE',  ( 0.0000000000000000000, 0.0000000000000000000, -1.000000000000000000 ) ) ;
#2501 = ORIENTED_EDGE ( 'NONE', *, *, #3450, .T. ) ;
#2502 = ADVANCED_FACE ( 'NONE', ( #4666 ), #4308, .F. ) ;
#2503 = ORIENTED_EDGE ( 'NONE', *, *, #4740, .T. ) ;
#2504 = ORIENTED_EDGE ( 'NONE', *, *, #1676, .F. ) ;
#2505 = LINE ( 'NONE', #2249, #3727 ) ;
#2506 = CARTESIAN_POINT ( 'NONE',  ( 0.1187308496519081935, 0.2500000000000000000, 0.3487332069152305203 ) ) ;
#2507 = LINE ( 'NONE', #1744, #72 ) ;
#2508 = ORIENTED_EDGE ( 'NONE', *, *, #4346, .T. ) ;
#2509 = CARTESIAN_POINT ( 'NONE',  ( 0.05000000000000000278, 0.05000000000000000278, -0.1499999999999999944 ) ) ;
#2510 = CARTESIAN_POINT ( 'NONE',  ( 1.373945856511804078E-16, 0.05000000000000000278, -0.2100000000000000200 ) ) ;
#2511 = EDGE_CURVE ( 'NONE', #3222, #1867, #1039, .T. ) ;
#2512 = DIRECTION ( 'NONE',  ( 0.0000000000000000000, 0.0000000000000000000, 1.000000000000000000 ) ) ;
#2513 = DIRECTION ( 'NONE',  ( 1.000000000000000000, -1.046159990994783998E-15, 0.0000000000000000000 ) ) ;
#2514 = ORIENTED_EDGE ( 'NONE', *, *, #3582, .F. ) ;
#2515 = LINE ( 'NONE', #5911, #1308 ) ;
#2516 = FACE_OUTER_BOUND ( 'NONE', #4418, .T. ) ;
#2517 = PRODUCT ( 'LTRBR37G-4R4S-0125-0', 'LTRBR37G-4R4S-0125-0', '', ( #2750 ) ) ;
#2518 = DIRECTION ( 'NONE',  ( 0.0000000000000000000, 1.000000000000000000, 0.0000000000000000000 ) ) ;
#2519 = CARTESIAN_POINT ( 'NONE',  ( -0.1187308496519079853, 0.05000000000000000278, 0.3487332069152305203 ) ) ;
#2520 = LINE ( 'NONE', #1140, #743 ) ;
#2521 = PLANE ( 'NONE',  #2439 ) ;
#2522 = PRESENTATION_STYLE_ASSIGNMENT (( #3349 ) ) ;
#2523 = ORIENTED_EDGE ( 'NONE', *, *, #3857, .F. ) ;
#2524 = UNCERTAINTY_MEASURE_WITH_UNIT (LENGTH_MEASURE( 1.000000000000000082E-05 ), #1982, 'distance_accuracy_value', 'NONE');
#2525 = DIRECTION ( 'NONE',  ( 0.0000000000000000000, -1.000000000000000000, 0.0000000000000000000 ) ) ;
#2526 = FILL_AREA_STYLE ('',( #5249 ) ) ;
#2527 = VERTEX_POINT ( 'NONE', #198 ) ;
#2528 = VERTEX_POINT ( 'NONE', #2950 ) ;
#2529 = CARTESIAN_POINT ( 'NONE',  ( 0.4650000000000000244, 0.05000000000000000278, -0.5000000000000000000 ) ) ;
#2530 = UNCERTAINTY_MEASURE_WITH_UNIT (LENGTH_MEASURE( 1.000000000000000082E-05 ), #683, 'distance_accuracy_value', 'NONE');
#2531 =( NAMED_UNIT ( * ) PLANE_ANGLE_UNIT ( ) SI_UNIT ( $, .RADIAN. ) );
#2532 = DIRECTION ( 'NONE',  ( 0.0000000000000000000, 0.0000000000000000000, 1.000000000000000000 ) ) ;
#2533 = DIRECTION ( 'NONE',  ( -0.0000000000000000000, 1.000000000000000000, 0.0000000000000000000 ) ) ;
#2534 = DIRECTION ( 'NONE',  ( 0.0000000000000000000, 1.000000000000000000, 0.0000000000000000000 ) ) ;
#2535 = VECTOR ( 'NONE', #4759, 1000.000000000000000 ) ;
#2536 = ORIENTED_EDGE ( 'NONE', *, *, #453, .T. ) ;
#2537 = ADVANCED_FACE ( 'NONE', ( #3328 ), #5669, .F. ) ;
#2538 = CARTESIAN_POINT ( 'NONE',  ( -0.5000000000000000000, 0.05000000000000000278, -0.5000000000000000000 ) ) ;
#2540 = EDGE_CURVE ( 'NONE', #3693, #4073, #5593, .T. ) ;
#2539 = VECTOR ( 'NONE', #2554, 1000.000000000000000 ) ;
#2541 = DIRECTION ( 'NONE',  ( 8.583267198843580056E-16, 0.0000000000000000000, -1.000000000000000000 ) ) ;
#2542 = VECTOR ( 'NONE', #3232, 1000.000000000000000 ) ;
#2543 = EDGE_LOOP ( 'NONE', ( #4992, #1406, #1445, #662, #4984, #3252, #2186, #2223 ) ) ;
#2544 = LINE ( 'NONE', #4999, #4817 ) ;
#2545 = DIRECTION ( 'NONE',  ( 1.000000000000000000, 0.0000000000000000000, 0.0000000000000000000 ) ) ;
#2546 = CARTESIAN_POINT ( 'NONE',  ( 0.3099999999999999978, 0.05000000000000000278, 0.0000000000000000000 ) ) ;
#2547 = STYLED_ITEM ( 'NONE', ( #202 ), #5571 ) ;
#2548 = EDGE_CURVE ( 'NONE', #1927, #3840, #912, .T. ) ;
#2549 = CLOSED_SHELL ( 'NONE', ( #3825, #2502, #3313, #592, #4016, #2537, #1068, #5075, #5416, #1122, #1522 ) ) ;
#2550 = DIRECTION ( 'NONE',  ( 0.0000000000000000000, 0.0000000000000000000, 1.000000000000000000 ) ) ;
#2551 = LINE ( 'NONE', #3445, #104 ) ;
#2552 = DIRECTION ( 'NONE',  ( -1.000000000000000000, 0.0000000000000000000, 1.295019261579907964E-15 ) ) ;
#2553 = CARTESIAN_POINT ( 'NONE',  ( 0.3099999999999999978, -6.776263578034400401E-18, 0.5000000000000000000 ) ) ;
#2554 = DIRECTION ( 'NONE',  ( 0.0000000000000000000, 1.000000000000000000, 0.0000000000000000000 ) ) ;
#2555 = ORIENTED_EDGE ( 'NONE', *, *, #275, .T. ) ;
#2556 = CARTESIAN_POINT ( 'NONE',  ( 0.2801399107849885106, 0.05000000000000000278, -0.2783841551168639850 ) ) ;
#2557 = ORIENTED_EDGE ( 'NONE', *, *, #5773, .F. ) ;
#2558 = EDGE_CURVE ( 'NONE', #1206, #5615, #4546, .T. ) ;
#2559 = ORIENTED_EDGE ( 'NONE', *, *, #3809, .T. ) ;
#2560 = ORIENTED_EDGE ( 'NONE', *, *, #2023, .F. ) ;
#2561 = VERTEX_POINT ( 'NONE', #705 ) ;
#2562 = VERTEX_POINT ( 'NONE', #2509 ) ;
#2563 = EDGE_LOOP ( 'NONE', ( #2567, #171, #2360, #4155 ) ) ;
#2564 = CARTESIAN_POINT ( 'NONE',  ( 0.5000000000000000000, 0.05000000000000000278, 0.05000000000000000278 ) ) ;
#2565 = EDGE_LOOP ( 'NONE', ( #3467, #634, #3961, #1411 ) ) ;
#2566 = STYLED_ITEM ( 'NONE', ( #3738 ), #199 ) ;
#2567 = ORIENTED_EDGE ( 'NONE', *, *, #2023, .T. ) ;
#2568 = VERTEX_POINT ( 'NONE', #225 ) ;
#2569 = CARTESIAN_POINT ( 'NONE',  ( 0.0000000000000000000, 0.05000000000000000278, 0.0000000000000000000 ) ) ;
#2570 = DIRECTION ( 'NONE',  ( 1.000000000000000000, 0.0000000000000000000, 0.0000000000000000000 ) ) ;
#2571 = PLANE ( 'NONE',  #302 ) ;
#2572 = ADVANCED_FACE ( 'NONE', ( #4256 ), #3416, .F. ) ;
#2573 = CARTESIAN_POINT ( 'NONE',  ( 0.4899999999999999911, 0.05000000000000000278, -0.2783841551168639850 ) ) ;
#2574 = CARTESIAN_POINT ( 'NONE',  ( 0.1053477934590670018, 0.05000000000000000278, -0.1758845661859115006 ) ) ;
#2575 = EDGE_CURVE ( 'NONE', #3057, #256, #3832, .T. ) ;
#2576 = LINE ( 'NONE', #5008, #4843 ) ;
#2577 = CARTESIAN_POINT ( 'NONE',  ( -0.04999999999999939909, -6.776263578034400401E-18, 0.5000000000000000000 ) ) ;
#2578 = CARTESIAN_POINT ( 'NONE',  ( -0.4899999999999999911, 0.2500000000000000000, 0.3204630797616150328 ) ) ;
#2579 = DIRECTION ( 'NONE',  ( 0.0000000000000000000, -1.000000000000000000, 0.0000000000000000000 ) ) ;
#2580 = ORIENTED_EDGE ( 'NONE', *, *, #5868, .T. ) ;
#2581 = ORIENTED_EDGE ( 'NONE', *, *, #4328, .T. ) ;
#2582 = ORIENTED_EDGE ( 'NONE', *, *, #3272, .F. ) ;
#2583 = LINE ( 'NONE', #4445, #1219 ) ;
#2584 = LINE ( 'NONE', #4146, #5006 ) ;
#2585 = DIRECTION ( 'NONE',  ( -0.8471602077226365601, 0.0000000000000000000, -0.5313375409768626989 ) ) ;
#2586 = LINE ( 'NONE', #2196, #132 ) ;
#2587 = EDGE_CURVE ( 'NONE', #2177, #3520, #326, .T. ) ;
#2588 = PLANE ( 'NONE',  #465 ) ;
#2589 = ORIENTED_EDGE ( 'NONE', *, *, #4820, .F. ) ;
#2590 = LINE ( 'NONE', #1208, #2437 ) ;
#2591 =( LENGTH_UNIT ( ) NAMED_UNIT ( * ) SI_UNIT ( .MILLI., .METRE. ) );
#2592 = DIRECTION ( 'NONE',  ( 1.000000000000000000, 0.0000000000000000000, 0.0000000000000000000 ) ) ;
#2593 = CARTESIAN_POINT ( 'NONE',  ( -0.1324024845846042131, 0.05000000000000000278, 0.1355136704081486010 ) ) ;
#2594 = ORIENTED_EDGE ( 'NONE', *, *, #1284, .F. ) ;
#2595 = LINE ( 'NONE', #3964, #1378 ) ;
#2596 = DIRECTION ( 'NONE',  ( 0.0000000000000000000, 1.000000000000000000, 0.0000000000000000000 ) ) ;
#2597 = SURFACE_STYLE_FILL_AREA ( #5693 ) ;
#2598 = LINE ( 'NONE', #706, #145 ) ;
#2599 = EDGE_CURVE ( 'NONE', #3211, #682, #2622, .T. ) ;
#2600 = CARTESIAN_POINT ( 'NONE',  ( 0.05000000000000000278, 0.05000000000000000278, 0.5000000000000000000 ) ) ;
#2601 = CARTESIAN_POINT ( 'NONE',  ( 1.073360150760649981E-15, 0.0000000000000000000, 0.4949999999999999956 ) ) ;
#2602 = CARTESIAN_POINT ( 'NONE',  ( 0.1324024845846046294, 0.05000000000000000278, -0.04827599225835989966 ) ) ;
#2603 = ORIENTED_EDGE ( 'NONE', *, *, #2209, .F. ) ;
#2604 = ORIENTED_EDGE ( 'NONE', *, *, #5713, .T. ) ;
#2605 = DIRECTION ( 'NONE',  ( 0.0000000000000000000, 0.0000000000000000000, -1.000000000000000000 ) ) ;
#2606 = ORIENTED_EDGE ( 'NONE', *, *, #2802, .F. ) ;
#2607 = EDGE_LOOP ( 'NONE', ( #1710, #314, #47, #1866, #5390 ) ) ;
#2608 = DIRECTION ( 'NONE',  ( 0.0000000000000000000, -1.000000000000000000, 0.0000000000000000000 ) ) ;
#2609 = CARTESIAN_POINT ( 'NONE',  ( 0.1324024845846046294, 0.05000000000000000278, 0.05000000000000000278 ) ) ;
#2610 = PLANE ( 'NONE',  #1851 ) ;
#2611 = LINE ( 'NONE', #2203, #158 ) ;
#2612 = CARTESIAN_POINT ( 'NONE',  ( -0.3099999999999999978, 0.05000000000000000278, 0.0000000000000000000 ) ) ;
#2613 = EDGE_CURVE ( 'NONE', #1569, #5055, #169, .T. ) ;
#2614 = DIRECTION ( 'NONE',  ( -1.000000000000000000, 0.0000000000000000000, 1.295019261579907964E-15 ) ) ;
#2615 = PLANE ( 'NONE',  #5308 ) ;
#2616 = FACE_OUTER_BOUND ( 'NONE', #998, .T. ) ;
#2617 = LINE ( 'NONE', #2874, #5035 ) ;
#2618 = CARTESIAN_POINT ( 'NONE',  ( -0.2933618639406079809, 0.05000000000000000278, 0.4437942073613649896 ) ) ;
#2619 = CARTESIAN_POINT ( 'NONE',  ( -0.1053477934590670018, 0.05000000000000000278, 0.0000000000000000000 ) ) ;
#2620 = LINE ( 'NONE', #4277, #3690 ) ;
#2621 = EDGE_CURVE ( 'NONE', #76, #4578, #5037, .T. ) ;
#2622 = LINE ( 'NONE', #3899, #4896 ) ;
#2623 = ORIENTED_EDGE ( 'NONE', *, *, #331, .F. ) ;
#2624 = ORIENTED_EDGE ( 'NONE', *, *, #1074, .F. ) ;
#2625 = DIRECTION ( 'NONE',  ( 0.0000000000000000000, 1.000000000000000000, 0.0000000000000000000 ) ) ;
#2626 = VECTOR ( 'NONE', #3531, 1000.000000000000000 ) ;
#2627 = SURFACE_SIDE_STYLE ('',( #1970 ) ) ;
#2628 = EDGE_LOOP ( 'NONE', ( #3567, #2746, #467, #347, #3674 ) ) ;
#2629 = LINE ( 'NONE', #4479, #4749 ) ;
#2630 = ORIENTED_EDGE ( 'NONE', *, *, #4619, .T. ) ;
#2631 = CARTESIAN_POINT ( 'NONE',  ( 0.2100000000000000200, -6.776263578034400401E-18, 0.2100000000000000200 ) ) ;
#2632 = CARTESIAN_POINT ( 'NONE',  ( -0.3202182358878855606, 0.05000000000000000278, -0.4350657705372935058 ) ) ;
#2633 = DIRECTION ( 'NONE',  ( -0.0000000000000000000, 1.000000000000000000, 0.0000000000000000000 ) ) ;
#2634 = CARTESIAN_POINT ( 'NONE',  ( -0.2100000000000000200, 0.05000000000000000278, 0.4949999999999999956 ) ) ;
#2635 = AXIS2_PLACEMENT_3D ( 'NONE', #3652, #1858, #5032 ) ;
#2636 = ORIENTED_EDGE ( 'NONE', *, *, #1005, .T. ) ;
#2637 = EDGE_CURVE ( 'NONE', #5264, #2836, #3692, .T. ) ;
#2638 = ORIENTED_EDGE ( 'NONE', *, *, #123, .T. ) ;
#2639 = DIRECTION ( 'NONE',  ( 1.000000000000000000, 0.0000000000000000000, -1.084202172485503818E-16 ) ) ;
#2640 = AXIS2_PLACEMENT_3D ( 'NONE', #645, #3829, #1091 ) ;
#2641 = DIRECTION ( 'NONE',  ( 1.000000000000000000, 0.0000000000000000000, -4.755272686339930310E-16 ) ) ;
#2642 = VECTOR ( 'NONE', #4539, 1000.000000000000114 ) ;
#2643 = DIRECTION ( 'NONE',  ( 4.366925416955505011E-16, 0.0000000000000000000, 1.000000000000000000 ) ) ;
#2644 = DIRECTION ( 'NONE',  ( 0.0000000000000000000, 0.0000000000000000000, 1.000000000000000000 ) ) ;
#2645 = ORIENTED_EDGE ( 'NONE', *, *, #3469, .T. ) ;
#2646 = CARTESIAN_POINT ( 'NONE',  ( 0.0000000000000000000, 0.05000000000000000278, -0.4949999999999999956 ) ) ;
#2647 = ADVANCED_FACE ( 'NONE', ( #2337 ), #746, .F. ) ;
#2648 = CARTESIAN_POINT ( 'NONE',  ( 0.2933618639406084805, 0.05000000000000000278, 0.4800000000000000377 ) ) ;
#2649 = CLOSED_SHELL ( 'NONE', ( #4700, #4941, #820, #4798, #1524, #1899, #5854, #3017, #99, #1286, #2922 ) ) ;
#2650 = VERTEX_POINT ( 'NONE', #5747 ) ;
#2651 = ORIENTED_EDGE ( 'NONE', *, *, #4034, .T. ) ;
#2652 = DIRECTION ( 'NONE',  ( 0.0000000000000000000, -1.000000000000000000, 0.0000000000000000000 ) ) ;
#2653 = DIRECTION ( 'NONE',  ( 0.0000000000000000000, 0.0000000000000000000, -1.000000000000000000 ) ) ;
#2654 = VECTOR ( 'NONE', #102, 1000.000000000000000 ) ;
#2655 = AXIS2_PLACEMENT_3D ( 'NONE', #2993, #3447, #727 ) ;
#2656 = CARTESIAN_POINT ( 'NONE',  ( -0.2100000000000000200, 0.05000000000000000278, -0.4949999999999999956 ) ) ;
#2657 = DIRECTION ( 'NONE',  ( -1.936075308009829787E-17, 0.0000000000000000000, 1.000000000000000000 ) ) ;
#2658 = PLANE ( 'NONE',  #5499 ) ;
#2659 = VECTOR ( 'NONE', #4393, 1000.000000000000000 ) ;
#2660 = VECTOR ( 'NONE', #3376, 1000.000000000000000 ) ;
#2661 = DIRECTION ( 'NONE',  ( 1.000000000000000000, 0.0000000000000000000, 6.542599316722870224E-16 ) ) ;
#2662 = FACE_OUTER_BOUND ( 'NONE', #3080, .T. ) ;
#2663 = EDGE_CURVE ( 'NONE', #2714, #1198, #4741, .T. ) ;
#2664 = CARTESIAN_POINT ( 'NONE',  ( -0.05000000000000000278, -6.776263578034400401E-18, -0.5000000000000000000 ) ) ;
#2665 = EDGE_LOOP ( 'NONE', ( #3990, #2261, #1998, #5303 ) ) ;
#2666 = SURFACE_STYLE_FILL_AREA ( #2948 ) ;
#2667 = FACE_OUTER_BOUND ( 'NONE', #5901, .T. ) ;
#2668 = EDGE_CURVE ( 'NONE', #3921, #4032, #1110, .T. ) ;
#2669 = VERTEX_POINT ( 'NONE', #4404 ) ;
#2670 = CARTESIAN_POINT ( 'NONE',  ( 0.1053477934590670018, 0.2500000000000000000, -0.3021996039790479927 ) ) ;
#2671 = LINE ( 'NONE', #5443, #1447 ) ;
#2672 = LINE ( 'NONE', #3322, #1448 ) ;
#2673 = DIRECTION ( 'NONE',  ( -1.000000000000000000, 0.0000000000000000000, 0.0000000000000000000 ) ) ;
#2674 = AXIS2_PLACEMENT_3D ( 'NONE', #442, #899, #4097 ) ;
#2675 = ADVANCED_FACE ( 'NONE', ( #5816 ), #2153, .F. ) ;
#2676 = FACE_OUTER_BOUND ( 'NONE', #1348, .T. ) ;
#2677 = LINE ( 'NONE', #1029, #1453 ) ;
#2678 = SURFACE_STYLE_USAGE ( .BOTH. , #5400 ) ;
#2679 = CARTESIAN_POINT ( 'NONE',  ( 0.4949999999999999956, 0.05000000000000000278, -0.3099999999999999978 ) ) ;
#2680 = ORIENTED_EDGE ( 'NONE', *, *, #3709, .T. ) ;
#2681 = PLANE ( 'NONE',  #2277 ) ;
#2682 = CARTESIAN_POINT ( 'NONE',  ( 0.0000000000000000000, 0.05000000000000000278, 0.0000000000000000000 ) ) ;
#2683 = EDGE_CURVE ( 'NONE', #1638, #271, #3392, .T. ) ;
#2684 = ORIENTED_EDGE ( 'NONE', *, *, #415, .F. ) ;
#2685 = PLANE ( 'NONE',  #722 ) ;
#2686 =( GEOMETRIC_REPRESENTATION_CONTEXT ( 3 ) GLOBAL_UNCERTAINTY_ASSIGNED_CONTEXT ( ( #4912 ) ) GLOBAL_UNIT_ASSIGNED_CONTEXT ( ( #2359, #5537, #2806 ) ) REPRESENTATION_CONTEXT ( 'NONE', 'WORKASPACE' ) );
#2687 = EDGE_LOOP ( 'NONE', ( #1507, #5288, #1709, #2910 ) ) ;
#2688 = CARTESIAN_POINT ( 'NONE',  ( -0.4899999999999999911, 0.05000000000000000278, 0.0000000000000000000 ) ) ;
#2689 = DIRECTION ( 'NONE',  ( 1.000000000000000000, 0.0000000000000000000, -4.216341781888070115E-16 ) ) ;
#2690 = EDGE_CURVE ( 'NONE', #825, #5724, #974, .T. ) ;
#2691 = DIRECTION ( 'NONE',  ( 1.000000000000000000, 0.0000000000000000000, 0.0000000000000000000 ) ) ;
#2692 = ORIENTED_EDGE ( 'NONE', *, *, #1202, .F. ) ;
#2693 = CARTESIAN_POINT ( 'NONE',  ( 0.1187308496519081935, 0.2500000000000000000, 0.0000000000000000000 ) ) ;
#2694 = SURFACE_STYLE_FILL_AREA ( #5761 ) ;
#2695 = FACE_OUTER_BOUND ( 'NONE', #2487, .T. ) ;
#2696 = EDGE_CURVE ( 'NONE', #601, #5418, #4477, .T. ) ;
#2697 = VECTOR ( 'NONE', #4575, 1000.000000000000000 ) ;
#2698 = ORIENTED_EDGE ( 'NONE', *, *, #3635, .F. ) ;
#2699 = CARTESIAN_POINT ( 'NONE',  ( 0.2100000000000000200, 0.05000000000000000278, -9.813898975084309034E-17 ) ) ;
#2700 = FACE_OUTER_BOUND ( 'NONE', #4495, .T. ) ;
#2701 = ADVANCED_FACE ( 'NONE', ( #2048 ), #3074, .F. ) ;
#2702 = DIRECTION ( 'NONE',  ( -1.084202172485503818E-16, 0.0000000000000000000, -1.000000000000000000 ) ) ;
#2703 = EDGE_LOOP ( 'NONE', ( #181, #4378, #5447, #500 ) ) ;
#2704 = EDGE_CURVE ( 'NONE', #3693, #4750, #3131, .T. ) ;
#2705 = DIRECTION ( 'NONE',  ( 0.0000000000000000000, -1.000000000000000000, 0.0000000000000000000 ) ) ;
#2706 = FACE_OUTER_BOUND ( 'NONE', #5697, .T. ) ;
#2707 = AXIS2_PLACEMENT_3D ( 'NONE', #1537, #4715, #2002 ) ;
#2708 = CARTESIAN_POINT ( 'NONE',  ( -0.05000000000000000278, 0.0000000000000000000, 0.05000000000000000278 ) ) ;
#2709 = ORIENTED_EDGE ( 'NONE', *, *, #3884, .T. ) ;
#2710 = ORIENTED_EDGE ( 'NONE', *, *, #214, .T. ) ;
#2711 = CARTESIAN_POINT ( 'NONE',  ( 0.5000000000000000000, -6.776263578034400401E-18, -0.3099999999999999978 ) ) ;
#2712 = VERTEX_POINT ( 'NONE', #5792 ) ;
#2713 = ORIENTED_EDGE ( 'NONE', *, *, #2730, .F. ) ;
#2714 = VERTEX_POINT ( 'NONE', #3992 ) ;
#2715 = DIRECTION ( 'NONE',  ( 0.0000000000000000000, 0.0000000000000000000, 1.000000000000000000 ) ) ;
#2716 = PLANE ( 'NONE',  #3276 ) ;
#2717 = UNCERTAINTY_MEASURE_WITH_UNIT (LENGTH_MEASURE( 1.000000000000000082E-05 ), #3827, 'distance_accuracy_value', 'NONE');
#2718 = EDGE_CURVE ( 'NONE', #1154, #3137, #1915, .T. ) ;
#2719 = PLANE ( 'NONE',  #1874 ) ;
#2720 = ORIENTED_EDGE ( 'NONE', *, *, #3582, .T. ) ;
#2721 = AXIS2_PLACEMENT_3D ( 'NONE', #652, #1567, #4738 ) ;
#2722 = ORIENTED_EDGE ( 'NONE', *, *, #2003, .T. ) ;
#2723 = ORIENTED_EDGE ( 'NONE', *, *, #1134, .T. ) ;
#2724 = DIRECTION ( 'NONE',  ( 1.000000000000000000, 0.0000000000000000000, -4.755272686339930310E-16 ) ) ;
#2725 = LINE ( 'NONE', #435, #276 ) ;
#2726 = PRESENTATION_STYLE_ASSIGNMENT (( #5312 ) ) ;
#2727 = CARTESIAN_POINT ( 'NONE',  ( -0.05000000000000000278, 0.0000000000000000000, -0.05000000000000000278 ) ) ;
#2728 = DIRECTION ( 'NONE',  ( 0.0000000000000000000, -1.000000000000000000, 0.0000000000000000000 ) ) ;
#2729 = VERTEX_POINT ( 'NONE', #2189 ) ;
#2730 = EDGE_CURVE ( 'NONE', #5546, #5046, #4329, .T. ) ;
#2731 = EDGE_LOOP ( 'NONE', ( #2508, #3165, #3565, #1299, #215 ) ) ;
#2732 = VECTOR ( 'NONE', #5745, 1000.000000000000000 ) ;
#2733 = LINE ( 'NONE', #4930, #289 ) ;
#2734 = FILL_AREA_STYLE_COLOUR ( '', #2349 ) ;
#2735 = CARTESIAN_POINT ( 'NONE',  ( 0.0000000000000000000, 0.05000000000000000278, -0.3099999999999999978 ) ) ;
#2736 = CARTESIAN_POINT ( 'NONE',  ( -0.4949999999999999956, 0.05000000000000000278, 0.2100000000000000200 ) ) ;
#2737 = ORIENTED_EDGE ( 'NONE', *, *, #1352, .F. ) ;
#2738 = EDGE_CURVE ( 'NONE', #262, #1699, #697, .T. ) ;
#2739 = VERTEX_POINT ( 'NONE', #5810 ) ;
#2740 = CARTESIAN_POINT ( 'NONE',  ( 0.5000000000000000000, 0.0000000000000000000, 0.5000000000000000000 ) ) ;
#2741 = FACE_OUTER_BOUND ( 'NONE', #1376, .T. ) ;
#2742 = EDGE_CURVE ( 'NONE', #1960, #246, #1778, .T. ) ;
#2743 = VECTOR ( 'NONE', #5235, 1000.000000000000000 ) ;
#2744 = CARTESIAN_POINT ( 'NONE',  ( -0.1324024845846042131, 0.05000000000000000278, 0.0000000000000000000 ) ) ;
#2745 = ORIENTED_EDGE ( 'NONE', *, *, #4834, .T. ) ;
#2746 = ORIENTED_EDGE ( 'NONE', *, *, #1790, .F. ) ;
#2747 = EDGE_LOOP ( 'NONE', ( #307, #1419, #3427, #3393 ) ) ;
#2748 = EDGE_CURVE ( 'NONE', #637, #3732, #5534, .T. ) ;
#2749 = AXIS2_PLACEMENT_3D ( 'NONE', #5261, #5798, #3084 ) ;
#2750 = PRODUCT_CONTEXT ( 'NONE', #7, 'mechanical' ) ;
#2751 = DIRECTION ( 'NONE',  ( 0.0000000000000000000, 1.000000000000000000, 0.0000000000000000000 ) ) ;
#2752 = PLANE ( 'NONE',  #3382 ) ;
#2753 = ORIENTED_EDGE ( 'NONE', *, *, #2851, .F. ) ;
#2754 = VECTOR ( 'NONE', #5821, 1000.000000000000000 ) ;
#2755 = DIRECTION ( 'NONE',  ( 0.0000000000000000000, 0.0000000000000000000, -1.000000000000000000 ) ) ;
#2756 = LINE ( 'NONE', #5496, #3822 ) ;
#2757 =( GEOMETRIC_REPRESENTATION_CONTEXT ( 3 ) GLOBAL_UNCERTAINTY_ASSIGNED_CONTEXT ( ( #4033 ) ) GLOBAL_UNIT_ASSIGNED_CONTEXT ( ( #4926, #2207, #5380 ) ) REPRESENTATION_CONTEXT ( 'NONE', 'WORKASPACE' ) );
#2758 = ORIENTED_EDGE ( 'NONE', *, *, #426, .T. ) ;
#2759 = ORIENTED_EDGE ( 'NONE', *, *, #5541, .T. ) ;
#2760 = CARTESIAN_POINT ( 'NONE',  ( -0.3099999999999999978, 0.05000000000000000278, -0.5000000000000000000 ) ) ;
#2761 =( NAMED_UNIT ( * ) PLANE_ANGLE_UNIT ( ) SI_UNIT ( $, .RADIAN. ) );
#2762 = VECTOR ( 'NONE', #851, 1000.000000000000000 ) ;
#2763 = EDGE_CURVE ( 'NONE', #3484, #3680, #2819, .T. ) ;
#2764 = VERTEX_POINT ( 'NONE', #4111 ) ;
#2765 = LINE ( 'NONE', #368, #1553 ) ;
#2766 = ORIENTED_EDGE ( 'NONE', *, *, #1974, .F. ) ;
#2767 = ORIENTED_EDGE ( 'NONE', *, *, #1151, .F. ) ;
#2768 = EDGE_CURVE ( 'NONE', #1305, #3599, #547, .T. ) ;
#2769 = ORIENTED_EDGE ( 'NONE', *, *, #3926, .T. ) ;
#2770 = ORIENTED_EDGE ( 'NONE', *, *, #3498, .T. ) ;
#2771 = DIRECTION ( 'NONE',  ( -1.000000000000000000, 0.0000000000000000000, 0.0000000000000000000 ) ) ;
#2772 = ORIENTED_EDGE ( 'NONE', *, *, #443, .F. ) ;
#2773 = VECTOR ( 'NONE', #4052, 1000.000000000000000 ) ;
#2774 = FILL_AREA_STYLE ('',( #5497 ) ) ;
#2775 = ORIENTED_EDGE ( 'NONE', *, *, #1134, .F. ) ;
#2776 = DIRECTION ( 'NONE',  ( 0.0000000000000000000, 1.000000000000000000, 0.0000000000000000000 ) ) ;
#2777 = EDGE_LOOP ( 'NONE', ( #5681, #4411, #2698, #4413 ) ) ;
#2778 = VERTEX_POINT ( 'NONE', #5013 ) ;
#2779 = DIRECTION ( 'NONE',  ( -4.216341781888070115E-16, 0.0000000000000000000, -1.000000000000000000 ) ) ;
#2780 = PLANE ( 'NONE',  #3422 ) ;
#2781 = EDGE_CURVE ( 'NONE', #4506, #1111, #1477, .T. ) ;
#2782 = VECTOR ( 'NONE', #3290, 1000.000000000000000 ) ;
#2783 = UNCERTAINTY_MEASURE_WITH_UNIT (LENGTH_MEASURE( 1.000000000000000082E-05 ), #503, 'distance_accuracy_value', 'NONE');
#2784 = CARTESIAN_POINT ( 'NONE',  ( -0.2100000000000000200, -6.776263578034400401E-18, 0.2100000000000000200 ) ) ;
#2785 = LINE ( 'NONE', #4372, #364 ) ;
#2786 = VECTOR ( 'NONE', #5598, 1000.000000000000114 ) ;
#2787 = EDGE_CURVE ( 'NONE', #1349, #4172, #5098, .T. ) ;
#2788 = LINE ( 'NONE', #468, #204 ) ;
#2789 = CARTESIAN_POINT ( 'NONE',  ( 0.05000000000000000278, -6.776263578034400401E-18, -0.1499999999999999944 ) ) ;
#2790 = VERTEX_POINT ( 'NONE', #3670 ) ;
#2791 = DIRECTION ( 'NONE',  ( 0.0000000000000000000, -1.000000000000000000, 0.0000000000000000000 ) ) ;
#2792 = ORIENTED_EDGE ( 'NONE', *, *, #2332, .F. ) ;
#2793 = LINE ( 'NONE', #1574, #5366 ) ;
#2794 = VECTOR ( 'NONE', #5381, 1000.000000000000000 ) ;
#2795 = EDGE_LOOP ( 'NONE', ( #3264, #1347, #2392, #2709 ) ) ;
#2796 = EDGE_CURVE ( 'NONE', #1929, #3338, #3907, .T. ) ;
#2797 = DIRECTION ( 'NONE',  ( -1.000000000000000000, 0.0000000000000000000, 1.295019261579907964E-15 ) ) ;
#2798 = LINE ( 'NONE', #2274, #5077 ) ;
#2799 = VECTOR ( 'NONE', #2860, 1000.000000000000000 ) ;
#2800 = CARTESIAN_POINT ( 'NONE',  ( -0.4949999999999999956, -6.776263578034400401E-18, 0.3099999999999999978 ) ) ;
#2801 = LINE ( 'NONE', #630, #4030 ) ;
#2802 = EDGE_CURVE ( 'NONE', #1316, #1960, #4975, .T. ) ;
#2803 = ORIENTED_EDGE ( 'NONE', *, *, #3650, .T. ) ;
#2804 = PLANE ( 'NONE',  #2294 ) ;
#2805 = ADVANCED_FACE ( 'NONE', ( #3755 ), #3685, .T. ) ;
#2806 =( NAMED_UNIT ( * ) SI_UNIT ( $, .STERADIAN. ) SOLID_ANGLE_UNIT ( ) );
#2807 = VERTEX_POINT ( 'NONE', #1387 ) ;
#2808 = CARTESIAN_POINT ( 'NONE',  ( 0.5000000000000000000, -6.776263578034400401E-18, 0.05000000000000000278 ) ) ;
#2809 = ORIENTED_EDGE ( 'NONE', *, *, #5617, .F. ) ;
#2810 = FACE_OUTER_BOUND ( 'NONE', #4728, .T. ) ;
#2811 = EDGE_CURVE ( 'NONE', #3574, #480, #97, .T. ) ;
#2812 = AXIS2_PLACEMENT_3D ( 'NONE', #2333, #44, #3250 ) ;
#2813 = DIRECTION ( 'NONE',  ( 0.0000000000000000000, 0.0000000000000000000, 1.000000000000000000 ) ) ;
#2814 = ORIENTED_EDGE ( 'NONE', *, *, #793, .F. ) ;
#2815 = CARTESIAN_POINT ( 'NONE',  ( 1.373945856511804078E-16, 0.0000000000000000000, -0.2100000000000000200 ) ) ;
#2816 = LINE ( 'NONE', #2564, #3905 ) ;
#2817 = VECTOR ( 'NONE', #1193, 1000.000000000000000 ) ;
#2818 = PLANE ( 'NONE',  #2881 ) ;
#2819 = LINE ( 'NONE', #1840, #408 ) ;
#2820 = ORIENTED_EDGE ( 'NONE', *, *, #4265, .T. ) ;
#2821 = DIRECTION ( 'NONE',  ( 0.0000000000000000000, 0.0000000000000000000, 1.000000000000000000 ) ) ;
#2822 = LINE ( 'NONE', #2699, #1481 ) ;
#2823 = CARTESIAN_POINT ( 'NONE',  ( -0.4949999999999999956, 0.05000000000000000278, 0.2100000000000000200 ) ) ;
#2824 = AXIS2_PLACEMENT_3D ( 'NONE', #5474, #582, #3776 ) ;
#2825 = VECTOR ( 'NONE', #3788, 1000.000000000000000 ) ;
#2826 = ORIENTED_EDGE ( 'NONE', *, *, #1563, .F. ) ;
#2827 = ADVANCED_FACE ( 'NONE', ( #5884 ), #4589, .F. ) ;
#2828 = VECTOR ( 'NONE', #3858, 1000.000000000000000 ) ;
#2829 = ADVANCED_FACE ( 'NONE', ( #2396 ), #2780, .F. ) ;
#2830 = VERTEX_POINT ( 'NONE', #508 ) ;
#2831 = CARTESIAN_POINT ( 'NONE',  ( 0.0000000000000000000, 0.05000000000000000278, -0.5000000000000000000 ) ) ;
#2832 = PLANE ( 'NONE',  #5258 ) ;
#2833 = ORIENTED_EDGE ( 'NONE', *, *, #1057, .T. ) ;
#2834 = ORIENTED_EDGE ( 'NONE', *, *, #463, .F. ) ;
#2835 = ORIENTED_EDGE ( 'NONE', *, *, #5411, .F. ) ;
#2836 = VERTEX_POINT ( 'NONE', #4605 ) ;
#2837 = EDGE_CURVE ( 'NONE', #1829, #2382, #4812, .T. ) ;
#2838 = PLANE ( 'NONE',  #3500 ) ;
#2839 = EDGE_LOOP ( 'NONE', ( #3208, #5491, #224, #5260, #1436, #3324 ) ) ;
#2840 = ORIENTED_EDGE ( 'NONE', *, *, #4903, .T. ) ;
#2841 = ORIENTED_EDGE ( 'NONE', *, *, #1708, .F. ) ;
#2842 = CARTESIAN_POINT ( 'NONE',  ( 0.4949999999999999956, -6.776263578034400401E-18, 0.3099999999999999978 ) ) ;
#2843 = AXIS2_PLACEMENT_3D ( 'NONE', #2920, #3847, #1105 ) ;
#2844 = CARTESIAN_POINT ( 'NONE',  ( -0.1324024845846042131, 0.2500000000000000000, 0.1355136704081486010 ) ) ;
#2845 = EDGE_CURVE ( 'NONE', #1526, #3912, #4659, .T. ) ;
#2846 = AXIS2_PLACEMENT_3D ( 'NONE', #53, #976, #4170 ) ;
#2847 = VECTOR ( 'NONE', #2689, 1000.000000000000000 ) ;
#2848 = VECTOR ( 'NONE', #4398, 1000.000000000000000 ) ;
#2849 =( NAMED_UNIT ( * ) PLANE_ANGLE_UNIT ( ) SI_UNIT ( $, .RADIAN. ) );
#2850 = VECTOR ( 'NONE', #5194, 1000.000000000000000 ) ;
#2851 = EDGE_CURVE ( 'NONE', #2669, #5758, #3627, .T. ) ;
#2852 = ORIENTED_EDGE ( 'NONE', *, *, #5891, .T. ) ;
#2853 = ORIENTED_EDGE ( 'NONE', *, *, #3176, .F. ) ;
#2854 = AXIS2_PLACEMENT_3D ( 'NONE', #5232, #704, #3898 ) ;
#2855 = ORIENTED_EDGE ( 'NONE', *, *, #186, .F. ) ;
#2856 = LINE ( 'NONE', #3050, #2732 ) ;
#2857 = ADVANCED_FACE ( 'NONE', ( #3323 ), #3266, .F. ) ;
#2858 = LINE ( 'NONE', #337, #3944 ) ;
#2859 = DIRECTION ( 'NONE',  ( 1.000000000000000000, 0.0000000000000000000, 0.0000000000000000000 ) ) ;
#2860 = DIRECTION ( 'NONE',  ( 0.0000000000000000000, -1.000000000000000000, 0.0000000000000000000 ) ) ;
#2861 = ADVANCED_FACE ( 'NONE', ( #5736 ), #1446, .T. ) ;
#2862 = AXIS2_PLACEMENT_3D ( 'NONE', #4762, #3521, #1979 ) ;
#2863 = VERTEX_POINT ( 'NONE', #2363 ) ;
#2864 = PRESENTATION_STYLE_ASSIGNMENT (( #5079 ) ) ;
#2865 = CARTESIAN_POINT ( 'NONE',  ( -0.5000000000000000000, 0.05000000000000000278, -0.3099999999999999978 ) ) ;
#2866 = VERTEX_POINT ( 'NONE', #3743 ) ;
#2867 = PLANE ( 'NONE',  #496 ) ;
#2868 = DIRECTION ( 'NONE',  ( -1.279960898073166052E-15, 0.0000000000000000000, -1.000000000000000000 ) ) ;
#2869 = CARTESIAN_POINT ( 'NONE',  ( -0.05000000000000000278, 0.05000000000000000278, -0.05000000000000000278 ) ) ;
#2870 = LINE ( 'NONE', #279, #5146 ) ;
#2871 = VECTOR ( 'NONE', #1618, 1000.000000000000000 ) ;
#2872 = EDGE_CURVE ( 'NONE', #4497, #989, #1034, .T. ) ;
#2873 = DIRECTION ( 'NONE',  ( 1.000000000000000000, 0.0000000000000000000, 0.0000000000000000000 ) ) ;
#2874 = CARTESIAN_POINT ( 'NONE',  ( -0.3099999999999999978, -6.776263578034400401E-18, 0.4949999999999999956 ) ) ;
#2875 = CLOSED_SHELL ( 'NONE', ( #1031, #562, #4862, #3895, #1064, #281 ) ) ;
#2876 = ORIENTED_EDGE ( 'NONE', *, *, #3411, .F. ) ;
#2877 = DIRECTION ( 'NONE',  ( 1.000000000000000000, 0.0000000000000000000, 0.0000000000000000000 ) ) ;
#2878 = EDGE_CURVE ( 'NONE', #2103, #3562, #2127, .T. ) ;
#2879 = CARTESIAN_POINT ( 'NONE',  ( -0.3099999999999999978, 0.0000000000000000000, 0.5000000000000000000 ) ) ;
#2880 = DIRECTION ( 'NONE',  ( 0.0000000000000000000, 1.000000000000000000, 0.0000000000000000000 ) ) ;
#2881 = AXIS2_PLACEMENT_3D ( 'NONE', #5533, #83, #3285 ) ;
#2882 = ORIENTED_EDGE ( 'NONE', *, *, #5815, .F. ) ;
#2883 = AXIS2_PLACEMENT_3D ( 'NONE', #1235, #332, #3534 ) ;
#2884 = CARTESIAN_POINT ( 'NONE',  ( -0.2100000000000000200, 0.05000000000000000278, 0.4949999999999999956 ) ) ;
#2885 = CARTESIAN_POINT ( 'NONE',  ( -0.5000000000000000000, 0.05000000000000000278, 0.5000000000000000000 ) ) ;
#2886 = FILL_AREA_STYLE ('',( #1518 ) ) ;
#2887 = PLANE ( 'NONE',  #5880 ) ;
#2888 = ADVANCED_FACE ( 'NONE', ( #1977 ), #2832, .F. ) ;
#2889 = LINE ( 'NONE', #4952, #4250 ) ;
#2890 = EDGE_CURVE ( 'NONE', #2568, #272, #5459, .T. ) ;
#2891 = ADVANCED_FACE ( 'NONE', ( #906 ), #4652, .F. ) ;
#2892 = AXIS2_PLACEMENT_3D ( 'NONE', #2693, #413, #3616 ) ;
#2893 = DIRECTION ( 'NONE',  ( 0.0000000000000000000, 0.0000000000000000000, -1.000000000000000000 ) ) ;
#2894 = EDGE_LOOP ( 'NONE', ( #5899, #1582, #5655, #1643, #1101, #2990 ) ) ;
#2895 = VERTEX_POINT ( 'NONE', #3758 ) ;
#2896 = DIRECTION ( 'NONE',  ( -1.000000000000000000, 0.0000000000000000000, 2.168404344971010446E-15 ) ) ;
#2897 = LINE ( 'NONE', #4928, #5468 ) ;
#2898 = DIRECTION ( 'NONE',  ( -0.0000000000000000000, 1.000000000000000000, 0.0000000000000000000 ) ) ;
#2899 = CARTESIAN_POINT ( 'NONE',  ( 0.0000000000000000000, 0.05000000000000000278, 0.0000000000000000000 ) ) ;
#2900 = VERTEX_POINT ( 'NONE', #1506 ) ;
#2901 = VERTEX_POINT ( 'NONE', #4675 ) ;
#2902 = ORIENTED_EDGE ( 'NONE', *, *, #4091, .F. ) ;
#2903 = DIRECTION ( 'NONE',  ( -1.000000000000000000, 0.0000000000000000000, 2.168404344971010446E-15 ) ) ;
#2904 =( NAMED_UNIT ( * ) PLANE_ANGLE_UNIT ( ) SI_UNIT ( $, .RADIAN. ) );
#2905 = ORIENTED_EDGE ( 'NONE', *, *, #5295, .T. ) ;
#2906 = CARTESIAN_POINT ( 'NONE',  ( 0.4949999999999999956, -6.776263578034400401E-18, 0.2100000000000000200 ) ) ;
#2907 = EDGE_CURVE ( 'NONE', #5068, #988, #1397, .T. ) ;
#2908 = DIRECTION ( 'NONE',  ( 0.0000000000000000000, 1.000000000000000000, 0.0000000000000000000 ) ) ;
#2909 = ORIENTED_EDGE ( 'NONE', *, *, #3197, .F. ) ;
#2910 = ORIENTED_EDGE ( 'NONE', *, *, #4861, .T. ) ;
#2911 = VECTOR ( 'NONE', #3576, 1000.000000000000000 ) ;
#2912 = ORIENTED_EDGE ( 'NONE', *, *, #5842, .T. ) ;
#2913 = DIRECTION ( 'NONE',  ( 1.000000000000000000, 0.0000000000000000000, 0.0000000000000000000 ) ) ;
#2914 = DIRECTION ( 'NONE',  ( 8.583267198843580056E-16, 0.0000000000000000000, -1.000000000000000000 ) ) ;
#2915 = ORIENTED_EDGE ( 'NONE', *, *, #3204, .F. ) ;
#2916 = EDGE_LOOP ( 'NONE', ( #2224, #5577, #930, #5003 ) ) ;
#2917 = EDGE_CURVE ( 'NONE', #2790, #4381, #2617, .T. ) ;
#2918 = PLANE ( 'NONE',  #1127 ) ;
#2919 = CARTESIAN_POINT ( 'NONE',  ( -0.05000000000000000278, 0.05000000000000000278, -0.5000000000000000000 ) ) ;
#2920 = CARTESIAN_POINT ( 'NONE',  ( -0.3202182358878855606, 0.05000000000000000278, -0.4800000000000000377 ) ) ;
#2921 = CARTESIAN_POINT ( 'NONE',  ( 0.2100000000000000200, 0.05000000000000000278, -0.2100000000000000200 ) ) ;
#2922 = ADVANCED_FACE ( 'NONE', ( #3689 ), #1253, .F. ) ;
#2923 = LINE ( 'NONE', #2823, #5196 ) ;
#2924 = PLANE ( 'NONE',  #429 ) ;
#2925 =( NAMED_UNIT ( * ) SI_UNIT ( $, .STERADIAN. ) SOLID_ANGLE_UNIT ( ) );
#2926 = PRODUCT_DEFINITION ( 'UNKNOWN', '', #3247, #3568 ) ;
#2927 = CARTESIAN_POINT ( 'NONE',  ( -0.2933618639406079809, 0.05000000000000000278, 0.0000000000000000000 ) ) ;
#2928 = DIRECTION ( 'NONE',  ( 1.000000000000000000, 0.0000000000000000000, 1.141265444721584103E-15 ) ) ;
#2929 = EDGE_CURVE ( 'NONE', #5386, #112, #4889, .T. ) ;
#2930 = CARTESIAN_POINT ( 'NONE',  ( -0.5000000000000000000, -6.776263578034400401E-18, -0.5000000000000000000 ) ) ;
#2931 = LINE ( 'NONE', #4351, #1876 ) ;
#2932 = VECTOR ( 'NONE', #596, 1000.000000000000000 ) ;
#2933 = LINE ( 'NONE', #1795, #4011 ) ;
#2934 = DIRECTION ( 'NONE',  ( 0.8432271980573247117, 0.0000000000000000000, -0.5375573387615438792 ) ) ;
#2935 = DIRECTION ( 'NONE',  ( 0.0000000000000000000, 1.000000000000000000, 0.0000000000000000000 ) ) ;
#2936 = ORIENTED_EDGE ( 'NONE', *, *, #3176, .T. ) ;
#2937 = LINE ( 'NONE', #1534, #4019 ) ;
#2938 = VECTOR ( 'NONE', #2657, 1000.000000000000000 ) ;
#2939 = LINE ( 'NONE', #1228, #1739 ) ;
#2940 = VERTEX_POINT ( 'NONE', #4696 ) ;
#2941 = VECTOR ( 'NONE', #1658, 1000.000000000000000 ) ;
#2942 = VECTOR ( 'NONE', #4064, 1000.000000000000000 ) ;
#2943 = LINE ( 'NONE', #4223, #5218 ) ;
#2944 = PLANE ( 'NONE',  #436 ) ;
#2945 =( NAMED_UNIT ( * ) PLANE_ANGLE_UNIT ( ) SI_UNIT ( $, .RADIAN. ) );
#2946 = DIRECTION ( 'NONE',  ( 0.0000000000000000000, 1.000000000000000000, 0.0000000000000000000 ) ) ;
#2947 = LINE ( 'NONE', #658, #1895 ) ;
#2948 = FILL_AREA_STYLE ('',( #4751 ) ) ;
#2949 = ORIENTED_EDGE ( 'NONE', *, *, #4144, .T. ) ;
#2950 = CARTESIAN_POINT ( 'NONE',  ( -0.1187308496519079853, 0.05000000000000000278, 0.3487332069152305203 ) ) ;
#2951 = DIRECTION ( 'NONE',  ( 0.0000000000000000000, 0.0000000000000000000, 1.000000000000000000 ) ) ;
#2952 = CARTESIAN_POINT ( 'NONE',  ( -0.5000000000000000000, -6.776263578034400401E-18, 0.05000000000000070360 ) ) ;
#2953 = EDGE_CURVE ( 'NONE', #5902, #2382, #4736, .T. ) ;
#2954 = VERTEX_POINT ( 'NONE', #5613 ) ;
#2955 = ADVANCED_FACE ( 'NONE', ( #36 ), #3801, .F. ) ;
#2956 = CARTESIAN_POINT ( 'NONE',  ( 5.421010862427519705E-17, 0.2500000000000000000, 0.5000000000000000000 ) ) ;
#2957 = EDGE_LOOP ( 'NONE', ( #3449, #3648, #2855, #552 ) ) ;
#2958 = CARTESIAN_POINT ( 'NONE',  ( -0.1324024845846042131, 0.05000000000000000278, 0.1355136704081486010 ) ) ;
#2959 = CARTESIAN_POINT ( 'NONE',  ( 0.4949999999999999956, 0.05000000000000000278, -1.073360150760649981E-15 ) ) ;
#2960 = EDGE_CURVE ( 'NONE', #1875, #923, #1106, .T. ) ;
#2961 = VECTOR ( 'NONE', #4568, 1000.000000000000000 ) ;
#2962 = VERTEX_POINT ( 'NONE', #1542 ) ;
#2963 = PLANE ( 'NONE',  #5293 ) ;
#2964 = DIRECTION ( 'NONE',  ( 0.0000000000000000000, 1.000000000000000000, 0.0000000000000000000 ) ) ;
#2965 = VECTOR ( 'NONE', #4376, 1000.000000000000000 ) ;
#2966 = STYLED_ITEM ( 'NONE', ( #5432 ), #5352 ) ;
#2967 = AXIS2_PLACEMENT_3D ( 'NONE', #2063, #3880, #2513 ) ;
#2968 = CARTESIAN_POINT ( 'NONE',  ( 0.0000000000000000000, 0.05000000000000000278, 0.2146867790523304953 ) ) ;
#2969 = FACE_BOUND ( 'NONE', #3745, .T. ) ;
#2970 = UNCERTAINTY_MEASURE_WITH_UNIT (LENGTH_MEASURE( 1.000000000000000082E-05 ), #5254, 'distance_accuracy_value', 'NONE');
#2971 = PLANE ( 'NONE',  #5738 ) ;
#2972 = VECTOR ( 'NONE', #3559, 1000.000000000000000 ) ;
#2973 = CARTESIAN_POINT ( 'NONE',  ( 0.5000000000000000000, 0.05000000000000000278, 0.4650000000000000244 ) ) ;
#2974 = ORIENTED_EDGE ( 'NONE', *, *, #1985, .F. ) ;
#2975 = DIRECTION ( 'NONE',  ( 0.0000000000000000000, 0.0000000000000000000, -1.000000000000000000 ) ) ;
#2976 = EDGE_CURVE ( 'NONE', #4543, #191, #2335, .T. ) ;
#2977 = PLANE ( 'NONE',  #2149 ) ;
#2978 = FACE_OUTER_BOUND ( 'NONE', #4316, .T. ) ;
#2979 = VERTEX_POINT ( 'NONE', #5634 ) ;
#2980 = CARTESIAN_POINT ( 'NONE',  ( -0.4949999999999999956, -6.776263578034400401E-18, 0.3099999999999999978 ) ) ;
#2981 = LINE ( 'NONE', #2040, #1789 ) ;
#2982 = ORIENTED_EDGE ( 'NONE', *, *, #1234, .T. ) ;
#2983 = EDGE_CURVE ( 'NONE', #1589, #4160, #4600, .T. ) ;
#2984 = ORIENTED_EDGE ( 'NONE', *, *, #40, .T. ) ;
#2985 = CARTESIAN_POINT ( 'NONE',  ( 0.5000000000000000000, 0.05000000000000000278, 0.5000000000000000000 ) ) ;
#2986 = SURFACE_STYLE_USAGE ( .BOTH. , #5699 ) ;
#2987 = ADVANCED_FACE ( 'NONE', ( #2463 ), #1100, .F. ) ;
#2988 = ORIENTED_EDGE ( 'NONE', *, *, #5654, .F. ) ;
#2989 = ORIENTED_EDGE ( 'NONE', *, *, #3762, .T. ) ;
#2990 = ORIENTED_EDGE ( 'NONE', *, *, #3775, .T. ) ;
#2991 = CARTESIAN_POINT ( 'NONE',  ( -0.4949999999999999956, 0.0000000000000000000, 1.073360150760649981E-15 ) ) ;
#2992 = EDGE_CURVE ( 'NONE', #3279, #3251, #2204, .T. ) ;
#2993 = CARTESIAN_POINT ( 'NONE',  ( -0.3202182358878855606, 0.2500000000000000000, 0.0000000000000000000 ) ) ;
#2994 = ORIENTED_EDGE ( 'NONE', *, *, #1890, .F. ) ;
#2995 = DIRECTION ( 'NONE',  ( 1.141265444721584103E-15, 0.0000000000000000000, -1.000000000000000000 ) ) ;
#2996 = EDGE_CURVE ( 'NONE', #1791, #2226, #4472, .T. ) ;
#2997 = CARTESIAN_POINT ( 'NONE',  ( 0.4899999999999999911, 0.2500000000000000000, 0.3204630797616150328 ) ) ;
#2998 = FACE_OUTER_BOUND ( 'NONE', #4257, .T. ) ;
#2999 = LINE ( 'NONE', #1610, #1809 ) ;
#3000 = VECTOR ( 'NONE', #3351, 1000.000000000000000 ) ;
#3001 = CARTESIAN_POINT ( 'NONE',  ( -0.3099999999999999978, 0.05000000000000000278, -0.4949999999999999956 ) ) ;
#3002 = DIRECTION ( 'NONE',  ( 0.0000000000000000000, 1.000000000000000000, 0.0000000000000000000 ) ) ;
#3003 = CARTESIAN_POINT ( 'NONE',  ( 0.0000000000000000000, 0.2500000000000000000, 0.0000000000000000000 ) ) ;
#3004 = EDGE_LOOP ( 'NONE', ( #4562, #690, #5347, #85 ) ) ;
#3005 = ORIENTED_EDGE ( 'NONE', *, *, #2495, .F. ) ;
#3006 = LINE ( 'NONE', #2573, #1814 ) ;
#3007 = COLOUR_RGB ( '',1.000000000000000000, 1.000000000000000000, 1.000000000000000000 ) ;
#3008 = VECTOR ( 'NONE', #2156, 1000.000000000000000 ) ;
#3009 = DIRECTION ( 'NONE',  ( -0.8471602077226357830, 0.0000000000000000000, 0.5313375409768639202 ) ) ;
#3010 = CARTESIAN_POINT ( 'NONE',  ( -0.3099999999999999978, 0.05000000000000000278, 0.4949999999999999956 ) ) ;
#3011 = EDGE_CURVE ( 'NONE', #3599, #3730, #5812, .T. ) ;
#3012 = DIRECTION ( 'NONE',  ( 0.0000000000000000000, -1.000000000000000000, 0.0000000000000000000 ) ) ;
#3013 = VERTEX_POINT ( 'NONE', #3863 ) ;
#3014 = CARTESIAN_POINT ( 'NONE',  ( -0.1053477934590670018, 0.05000000000000000278, -0.3021996039790479927 ) ) ;
#3015 = LINE ( 'NONE', #525, #4225 ) ;
#3016 = LINE ( 'NONE', #1165, #137 ) ;
#3017 = ADVANCED_FACE ( 'NONE', ( #839 ), #1114, .F. ) ;
#3018 = ORIENTED_EDGE ( 'NONE', *, *, #5140, .F. ) ;
#3019 = CARTESIAN_POINT ( 'NONE',  ( 0.1053477934590670018, 0.05000000000000000278, -0.3021996039790479927 ) ) ;
#3020 = VECTOR ( 'NONE', #193, 1000.000000000000000 ) ;
#3021 = DIRECTION ( 'NONE',  ( 1.000000000000000000, 0.0000000000000000000, 0.0000000000000000000 ) ) ;
#3022 = VECTOR ( 'NONE', #3830, 1000.000000000000000 ) ;
#3023 = CARTESIAN_POINT ( 'NONE',  ( 0.5000000000000000000, 0.2500000000000000000, -0.5000000000000000000 ) ) ;
#3024 = ORIENTED_EDGE ( 'NONE', *, *, #2878, .T. ) ;
#3025 = DIRECTION ( 'NONE',  ( 0.0000000000000000000, -1.000000000000000000, 0.0000000000000000000 ) ) ;
#3026 = CARTESIAN_POINT ( 'NONE',  ( 0.4899999999999999911, 0.2500000000000000000, 0.3204630797616150328 ) ) ;
#3027 = DIRECTION ( 'NONE',  ( 1.000000000000000000, 0.0000000000000000000, 0.0000000000000000000 ) ) ;
#3028 = CARTESIAN_POINT ( 'NONE',  ( 0.2100000000000000200, 0.05000000000000000278, 0.4800000000000000377 ) ) ;
#3029 = VERTEX_POINT ( 'NONE', #2958 ) ;
#3030 = EDGE_CURVE ( 'NONE', #5817, #3744, #4325, .T. ) ;
#3031 = ORIENTED_EDGE ( 'NONE', *, *, #1372, .F. ) ;
#3032 = DIRECTION ( 'NONE',  ( -0.0000000000000000000, 1.000000000000000000, 0.0000000000000000000 ) ) ;
#3033 = PLANE ( 'NONE',  #1680 ) ;
#3034 = DIRECTION ( 'NONE',  ( 0.0000000000000000000, 0.0000000000000000000, -1.000000000000000000 ) ) ;
#3035 = PLANE ( 'NONE',  #3871 ) ;
#3036 = VECTOR ( 'NONE', #344, 1000.000000000000000 ) ;
#3037 = ORIENTED_EDGE ( 'NONE', *, *, #5118, .F. ) ;
#3038 = EDGE_CURVE ( 'NONE', #3834, #5153, #1911, .T. ) ;
#3039 = LINE ( 'NONE', #2646, #5588 ) ;
#3040 = SURFACE_SIDE_STYLE ('',( #2694 ) ) ;
#3041 = PRESENTATION_STYLE_ASSIGNMENT (( #2398 ) ) ;
#3042 =( NAMED_UNIT ( * ) SI_UNIT ( $, .STERADIAN. ) SOLID_ANGLE_UNIT ( ) );
#3043 = DIRECTION ( 'NONE',  ( 1.000000000000000000, 0.0000000000000000000, 0.0000000000000000000 ) ) ;
#3044 = DIRECTION ( 'NONE',  ( -1.279960898073166052E-15, 0.0000000000000000000, -1.000000000000000000 ) ) ;
#3045 = AXIS2_PLACEMENT_3D ( 'NONE', #3503, #776, #3962 ) ;
#3046 = ADVANCED_FACE ( 'NONE', ( #5396 ), #1608, .F. ) ;
#3047 = EDGE_CURVE ( 'NONE', #2561, #3864, #1773, .T. ) ;
#3048 = PRESENTATION_STYLE_ASSIGNMENT (( #2078 ) ) ;
#3049 = ORIENTED_EDGE ( 'NONE', *, *, #3741, .F. ) ;
#3050 = CARTESIAN_POINT ( 'NONE',  ( 0.2801399107849885106, 0.2500000000000000000, -0.4800000000000000377 ) ) ;
#3051 = VECTOR ( 'NONE', #5363, 1000.000000000000000 ) ;
#3052 = DIRECTION ( 'NONE',  ( 1.000000000000000000, 0.0000000000000000000, 0.0000000000000000000 ) ) ;
#3053 = CARTESIAN_POINT ( 'NONE',  ( 0.0000000000000000000, 0.2500000000000000000, 0.4800000000000000377 ) ) ;
#3054 = CARTESIAN_POINT ( 'NONE',  ( -0.1324024845846042131, 0.05000000000000000278, 0.05000000000000000278 ) ) ;
#3055 = ORIENTED_EDGE ( 'NONE', *, *, #2350, .T. ) ;
#3056 = DIRECTION ( 'NONE',  ( 0.0000000000000000000, 0.0000000000000000000, 1.000000000000000000 ) ) ;
#3057 = VERTEX_POINT ( 'NONE', #5717 ) ;
#3058 = ORIENTED_EDGE ( 'NONE', *, *, #886, .T. ) ;
#3059 = AXIS2_PLACEMENT_3D ( 'NONE', #1200, #299, #3497 ) ;
#3060 = ORIENTED_EDGE ( 'NONE', *, *, #5900, .F. ) ;
#3061 = CARTESIAN_POINT ( 'NONE',  ( 5.421010862427519705E-17, 0.2500000000000000000, 0.5000000000000000000 ) ) ;
#3062 = ORIENTED_EDGE ( 'NONE', *, *, #1272, .F. ) ;
#3063 = ORIENTED_EDGE ( 'NONE', *, *, #1202, .T. ) ;
#3064 = LINE ( 'NONE', #2656, #1862 ) ;
#3065 = DIRECTION ( 'NONE',  ( -8.411913407215120269E-16, 0.0000000000000000000, 1.000000000000000000 ) ) ;
#3066 = EDGE_LOOP ( 'NONE', ( #1856, #5161, #3837, #791 ) ) ;
#3067 = ORIENTED_EDGE ( 'NONE', *, *, #4733, .T. ) ;
#3068 = VERTEX_POINT ( 'NONE', #2997 ) ;
#3069 = PLANE ( 'NONE',  #3666 ) ;
#3070 = CARTESIAN_POINT ( 'NONE',  ( 0.05000000000000000278, -6.776263578034400401E-18, -0.5000000000000000000 ) ) ;
#3071 = PLANE ( 'NONE',  #4281 ) ;
#3072 = CARTESIAN_POINT ( 'NONE',  ( -0.05000000000000000278, 0.05000000000000000278, 0.05000000000000000278 ) ) ;
#3073 = DIRECTION ( 'NONE',  ( 0.0000000000000000000, -1.000000000000000000, 0.0000000000000000000 ) ) ;
#3074 = PLANE ( 'NONE',  #1603 ) ;
#3075 = EDGE_CURVE ( 'NONE', #2528, #3958, #5239, .T. ) ;
#3076 = PLANE ( 'NONE',  #2883 ) ;
#3077 = VECTOR ( 'NONE', #1912, 1000.000000000000000 ) ;
#3078 = DIRECTION ( 'NONE',  ( -1.000000000000000000, 0.0000000000000000000, 0.0000000000000000000 ) ) ;
#3079 = EDGE_CURVE ( 'NONE', #2729, #2764, #543, .T. ) ;
#3080 = EDGE_LOOP ( 'NONE', ( #1679, #1545, #1796, #1609 ) ) ;
#3081 = FACE_OUTER_BOUND ( 'NONE', #4239, .T. ) ;
#3082 = VECTOR ( 'NONE', #2859, 1000.000000000000000 ) ;
#3083 = VECTOR ( 'NONE', #5856, 1000.000000000000000 ) ;
#3084 = DIRECTION ( 'NONE',  ( 0.0000000000000000000, 1.000000000000000000, 0.0000000000000000000 ) ) ;
#3085 =( LENGTH_UNIT ( ) NAMED_UNIT ( * ) SI_UNIT ( .MILLI., .METRE. ) );
#3086 = AXIS2_PLACEMENT_3D ( 'NONE', #5740, #5313, #2592 ) ;
#3087 = ADVANCED_FACE ( 'NONE', ( #403 ), #1178, .F. ) ;
#3088 = ORIENTED_EDGE ( 'NONE', *, *, #5529, .F. ) ;
#3089 = FACE_OUTER_BOUND ( 'NONE', #2665, .T. ) ;
#3090 = LINE ( 'NONE', #3577, #2938 ) ;
#3091 = AXIS2_PLACEMENT_3D ( 'NONE', #1844, #464, #5905 ) ;
#3092 = LINE ( 'NONE', #3966, #665 ) ;
#3093 = CARTESIAN_POINT ( 'NONE',  ( 0.0000000000000000000, 0.0000000000000000000, 0.0000000000000000000 ) ) ;
#3094 = DIRECTION ( 'NONE',  ( 0.0000000000000000000, -1.000000000000000000, 0.0000000000000000000 ) ) ;
#3095 = VERTEX_POINT ( 'NONE', #255 ) ;
#3096 = LINE ( 'NONE', #1184, #1746 ) ;
#3097 = CARTESIAN_POINT ( 'NONE',  ( 5.421010862427519705E-17, 0.05000000000000000278, 0.5000000000000000000 ) ) ;
#3098 = LINE ( 'NONE', #5860, #4446 ) ;
#3099 = VECTOR ( 'NONE', #1476, 1000.000000000000000 ) ;
#3100 = DIRECTION ( 'NONE',  ( 1.236370898448382038E-15, 0.0000000000000000000, 1.000000000000000000 ) ) ;
#3101 = EDGE_CURVE ( 'NONE', #2021, #4295, #2816, .T. ) ;
#3102 = PLANE ( 'NONE',  #3502 ) ;
#3103 = DIRECTION ( 'NONE',  ( 1.000000000000000000, 9.045047328580239862E-33, 8.602333301649913673E-49 ) ) ;
#3104 = AXIS2_PLACEMENT_3D ( 'NONE', #4499, #4958, #2235 ) ;
#3105 = DIRECTION ( 'NONE',  ( 0.0000000000000000000, 0.0000000000000000000, -1.000000000000000000 ) ) ;
#3106 = VECTOR ( 'NONE', #794, 1000.000000000000000 ) ;
#3107 = ORIENTED_EDGE ( 'NONE', *, *, #283, .F. ) ;
#3108 = SURFACE_SIDE_STYLE ('',( #2597 ) ) ;
#3109 = EDGE_CURVE ( 'NONE', #3599, #4080, #4182, .T. ) ;
#3110 = DIRECTION ( 'NONE',  ( 0.0000000000000000000, 0.0000000000000000000, -1.000000000000000000 ) ) ;
#3111 = CARTESIAN_POINT ( 'NONE',  ( 2.159057774518549935E-16, 0.05000000000000000278, 0.2100000000000000200 ) ) ;
#3112 = ORIENTED_EDGE ( 'NONE', *, *, #494, .F. ) ;
#3113 = ORIENTED_EDGE ( 'NONE', *, *, #275, .F. ) ;
#3114 = VERTEX_POINT ( 'NONE', #1677 ) ;
#3115 = ORIENTED_EDGE ( 'NONE', *, *, #3394, .T. ) ;
#3116 = DIRECTION ( 'NONE',  ( 0.0000000000000000000, 0.0000000000000000000, 1.000000000000000000 ) ) ;
#3117 = CARTESIAN_POINT ( 'NONE',  ( 0.2100000000000000200, 0.05000000000000000278, -0.4800000000000000377 ) ) ;
#3118 = VECTOR ( 'NONE', #4552, 1000.000000000000000 ) ;
#3119 = DIRECTION ( 'NONE',  ( 0.0000000000000000000, 0.0000000000000000000, 1.000000000000000000 ) ) ;
#3120 = EDGE_CURVE ( 'NONE', #91, #1383, #240, .T. ) ;
#3121 = PLANE ( 'NONE',  #4711 ) ;
#3122 = COLOUR_RGB ( '',1.000000000000000000, 1.000000000000000000, 1.000000000000000000 ) ;
#3123 = VECTOR ( 'NONE', #694, 1000.000000000000000 ) ;
#3124 = DIRECTION ( 'NONE',  ( 0.0000000000000000000, -1.000000000000000000, 0.0000000000000000000 ) ) ;
#3125 = DIRECTION ( 'NONE',  ( 0.0000000000000000000, 0.0000000000000000000, 1.000000000000000000 ) ) ;
#3126 = ADVANCED_FACE ( 'NONE', ( #1472 ), #2588, .F. ) ;
#3127 = CARTESIAN_POINT ( 'NONE',  ( -0.1187308496519079853, 0.2500000000000000000, 0.0000000000000000000 ) ) ;
#3128 = FACE_BOUND ( 'NONE', #5500, .T. ) ;
#3129 = EDGE_CURVE ( 'NONE', #2863, #3013, #3318, .T. ) ;
#3130 = DIRECTION ( 'NONE',  ( 1.000000000000000000, 0.0000000000000000000, 0.0000000000000000000 ) ) ;
#3131 = LINE ( 'NONE', #4448, #5672 ) ;
#3132 = ORIENTED_EDGE ( 'NONE', *, *, #3934, .T. ) ;
#3133 = CARTESIAN_POINT ( 'NONE',  ( 0.0000000000000000000, 0.05000000000000000278, 0.0000000000000000000 ) ) ;
#3134 = DIRECTION ( 'NONE',  ( 0.0000000000000000000, 0.0000000000000000000, 1.000000000000000000 ) ) ;
#3135 = DIRECTION ( 'NONE',  ( -0.8471602077226362271, 0.0000000000000000000, -0.5313375409768631430 ) ) ;
#3136 = LINE ( 'NONE', #2409, #1919 ) ;
#3137 = VERTEX_POINT ( 'NONE', #318 ) ;
#3138 = CARTESIAN_POINT ( 'NONE',  ( -0.2100000000000000200, 0.05000000000000000278, -0.4949999999999999956 ) ) ;
#3139 =( NAMED_UNIT ( * ) PLANE_ANGLE_UNIT ( ) SI_UNIT ( $, .RADIAN. ) );
#3140 = PLANE ( 'NONE',  #821 ) ;
#3141 = EDGE_CURVE ( 'NONE', #2866, #590, #903, .T. ) ;
#3142 = PLANE ( 'NONE',  #642 ) ;
#3143 = VERTEX_POINT ( 'NONE', #3525 ) ;
#3144 = CARTESIAN_POINT ( 'NONE',  ( -0.5000000000000000000, 0.2500000000000000000, 0.5000000000000000000 ) ) ;
#3145 = SURFACE_STYLE_FILL_AREA ( #5466 ) ;
#3146 = ORIENTED_EDGE ( 'NONE', *, *, #4427, .T. ) ;
#3147 = DIRECTION ( 'NONE',  ( 0.0000000000000000000, 0.0000000000000000000, 1.000000000000000000 ) ) ;
#3148 = CARTESIAN_POINT ( 'NONE',  ( -0.2100000000000000200, -6.776263578034400401E-18, 0.4949999999999999956 ) ) ;
#3149 = ORIENTED_EDGE ( 'NONE', *, *, #2575, .T. ) ;
#3150 = ORIENTED_EDGE ( 'NONE', *, *, #3815, .F. ) ;
#3151 = CARTESIAN_POINT ( 'NONE',  ( 0.4899999999999999911, 0.05000000000000000278, 0.3204630797616150328 ) ) ;
#3152 = PLANE ( 'NONE',  #816 ) ;
#3153 = CARTESIAN_POINT ( 'NONE',  ( -0.1053477934590670018, 0.05000000000000000278, -0.1758845661859115006 ) ) ;
#3154 = ADVANCED_FACE ( 'NONE', ( #4391 ), #3977, .F. ) ;
#3155 = STYLED_ITEM ( 'NONE', ( #995 ), #1014 ) ;
#3156 = CARTESIAN_POINT ( 'NONE',  ( -0.05000000000000000278, -6.776263578034400401E-18, 0.05000000000000000278 ) ) ;
#3157 = CARTESIAN_POINT ( 'NONE',  ( 0.5000000000000000000, 0.0000000000000000000, 0.4650000000000000244 ) ) ;
#3158 = MANIFOLD_SOLID_BREP ( 'NONE', #5556 ) ;
#3159 = VECTOR ( 'NONE', #366, 1000.000000000000000 ) ;
#3160 = PLANE ( 'NONE',  #1244 ) ;
#3161 = FACE_OUTER_BOUND ( 'NONE', #4521, .T. ) ;
#3162 = DIRECTION ( 'NONE',  ( 1.000000000000000000, 0.0000000000000000000, 8.733850833911000162E-16 ) ) ;
#3163 = ORIENTED_EDGE ( 'NONE', *, *, #2663, .F. ) ;
#3164 = ORIENTED_EDGE ( 'NONE', *, *, #2176, .F. ) ;
#3165 = ORIENTED_EDGE ( 'NONE', *, *, #3228, .F. ) ;
#3166 = CARTESIAN_POINT ( 'NONE',  ( -0.04999999999999939909, 0.05000000000000000278, 0.5000000000000000000 ) ) ;
#3167 = LINE ( 'NONE', #2102, #4218 ) ;
#3168 = VECTOR ( 'NONE', #5467, 1000.000000000000000 ) ;
#3169 = DIRECTION ( 'NONE',  ( 1.000000000000000000, 0.0000000000000000000, 0.0000000000000000000 ) ) ;
#3170 = VECTOR ( 'NONE', #5302, 1000.000000000000000 ) ;
#3171 = EDGE_CURVE ( 'NONE', #4698, #588, #1027, .T. ) ;
#3172 = DIRECTION ( 'NONE',  ( -1.000000000000000000, 0.0000000000000000000, 1.295019261579907964E-15 ) ) ;
#3173 = ORIENTED_EDGE ( 'NONE', *, *, #4848, .F. ) ;
#3174 = VECTOR ( 'NONE', #2964, 1000.000000000000000 ) ;
#3175 = PRESENTATION_LAYER_ASSIGNMENT (  '', '', ( #2547 ) ) ;
#3176 = EDGE_CURVE ( 'NONE', #246, #2863, #3192, .T. ) ;
#3177 = LINE ( 'NONE', #157, #1953 ) ;
#3178 = VECTOR ( 'NONE', #161, 1000.000000000000000 ) ;
#3179 = CARTESIAN_POINT ( 'NONE',  ( 0.5000000000000000000, 0.0000000000000000000, 0.5000000000000000000 ) ) ;
#3180 = PLANE ( 'NONE',  #2674 ) ;
#3181 = VERTEX_POINT ( 'NONE', #5376 ) ;
#3182 = EDGE_LOOP ( 'NONE', ( #2481, #3541, #4343, #3850 ) ) ;
#3183 = EDGE_CURVE ( 'NONE', #1516, #3949, #5029, .T. ) ;
#3184 = ORIENTED_EDGE ( 'NONE', *, *, #3141, .F. ) ;
#3185 = ORIENTED_EDGE ( 'NONE', *, *, #2704, .T. ) ;
#3186 = DIRECTION ( 'NONE',  ( 0.0000000000000000000, 0.0000000000000000000, -1.000000000000000000 ) ) ;
#3187 = DIRECTION ( 'NONE',  ( 0.0000000000000000000, -1.000000000000000000, 0.0000000000000000000 ) ) ;
#3188 = CARTESIAN_POINT ( 'NONE',  ( 0.4899999999999999911, 0.2500000000000000000, 0.0000000000000000000 ) ) ;
#3189 = PRESENTATION_LAYER_ASSIGNMENT (  '', '', ( #2566 ) ) ;
#3190 = VECTOR ( 'NONE', #2518, 1000.000000000000000 ) ;
#3191 = ORIENTED_EDGE ( 'NONE', *, *, #5056, .F. ) ;
#3192 = LINE ( 'NONE', #2180, #1535 ) ;
#3193 = DIRECTION ( 'NONE',  ( -1.936075308009829787E-17, 0.0000000000000000000, 1.000000000000000000 ) ) ;
#3194 = LINE ( 'NONE', #333, #762 ) ;
#3195 = CARTESIAN_POINT ( 'NONE',  ( -0.4899999999999999911, 0.05000000000000000278, 0.2100000000000000200 ) ) ;
#3196 = CARTESIAN_POINT ( 'NONE',  ( -0.1053477934590670018, 0.05000000000000000278, -0.1758845661859115006 ) ) ;
#3197 = EDGE_CURVE ( 'NONE', #5902, #4897, #315, .T. ) ;
#3198 = VECTOR ( 'NONE', #2813, 1000.000000000000000 ) ;
#3199 = CARTESIAN_POINT ( 'NONE',  ( -0.2100000000000000200, -6.776263578034400401E-18, -0.4949999999999999956 ) ) ;
#3200 = FACE_OUTER_BOUND ( 'NONE', #2731, .T. ) ;
#3201 = VECTOR ( 'NONE', #5686, 1000.000000000000000 ) ;
#3202 = DIRECTION ( 'NONE',  ( 0.0000000000000000000, 0.0000000000000000000, -1.000000000000000000 ) ) ;
#3203 = ORIENTED_EDGE ( 'NONE', *, *, #4044, .F. ) ;
#3204 = EDGE_CURVE ( 'NONE', #1929, #1201, #2611, .T. ) ;
#3205 = CARTESIAN_POINT ( 'NONE',  ( -0.5000000000000000000, 0.0000000000000000000, 0.4650000000000000244 ) ) ;
#3206 = FACE_OUTER_BOUND ( 'NONE', #2145, .T. ) ;
#3207 = ORIENTED_EDGE ( 'NONE', *, *, #3691, .F. ) ;
#3208 = ORIENTED_EDGE ( 'NONE', *, *, #5654, .T. ) ;
#3209 = ORIENTED_EDGE ( 'NONE', *, *, #2742, .F. ) ;
#3210 = DIRECTION ( 'NONE',  ( 1.000000000000000000, 8.733850833911000162E-16, 0.0000000000000000000 ) ) ;
#3211 = VERTEX_POINT ( 'NONE', #4939 ) ;
#3212 = CLOSED_SHELL ( 'NONE', ( #2387, #4518, #3948, #3397, #3767, #5123, #4905, #1158, #3799, #4972, #2066 ) ) ;
#3213 = EDGE_LOOP ( 'NONE', ( #1558, #1896, #3309, #5480 ) ) ;
#3214 = CARTESIAN_POINT ( 'NONE',  ( 0.4949999999999999956, 0.05000000000000000278, 0.0000000000000000000 ) ) ;
#3215 = APPLICATION_PROTOCOL_DEFINITION ( 'draft international standard', 'automotive_design', 1998, #7 ) ;
#3216 = CARTESIAN_POINT ( 'NONE',  ( 0.5000000000000000000, 0.0000000000000000000, 0.5000000000000000000 ) ) ;
#3217 = LINE ( 'NONE', #1287, #2911 ) ;
#3218 = EDGE_CURVE ( 'NONE', #4261, #3744, #3684, .T. ) ;
#3219 = DIRECTION ( 'NONE',  ( 9.510545372679860126E-17, 0.0000000000000000000, -1.000000000000000000 ) ) ;
#3220 = VERTEX_POINT ( 'NONE', #5395 ) ;
#3221 = EDGE_LOOP ( 'NONE', ( #2325, #1123, #2241, #1779, #3483 ) ) ;
#3222 = VERTEX_POINT ( 'NONE', #4029 ) ;
#3223 = DIRECTION ( 'NONE',  ( 1.000000000000000000, 0.0000000000000000000, 0.0000000000000000000 ) ) ;
#3224 = FACE_OUTER_BOUND ( 'NONE', #1959, .T. ) ;
#3225 = DIRECTION ( 'NONE',  ( 1.000000000000000000, 0.0000000000000000000, 0.0000000000000000000 ) ) ;
#3226 = CARTESIAN_POINT ( 'NONE',  ( 0.05000000000000000278, -6.776263578034400401E-18, 0.05000000000000000278 ) ) ;
#3227 = ORIENTED_EDGE ( 'NONE', *, *, #5694, .T. ) ;
#3228 = EDGE_CURVE ( 'NONE', #82, #4543, #4884, .T. ) ;
#3229 = ORIENTED_EDGE ( 'NONE', *, *, #2548, .F. ) ;
#3230 = LINE ( 'NONE', #4968, #5493 ) ;
#3231 = LINE ( 'NONE', #996, #2012 ) ;
#3232 = DIRECTION ( 'NONE',  ( 0.0000000000000000000, -1.000000000000000000, 0.0000000000000000000 ) ) ;
#3233 = DIRECTION ( 'NONE',  ( 1.000000000000000000, 0.0000000000000000000, 0.0000000000000000000 ) ) ;
#3234 = ORIENTED_EDGE ( 'NONE', *, *, #2781, .F. ) ;
#3235 = VECTOR ( 'NONE', #119, 1000.000000000000000 ) ;
#3236 = VECTOR ( 'NONE', #4893, 1000.000000000000000 ) ;
#3237 = VECTOR ( 'NONE', #4400, 1000.000000000000000 ) ;
#3238 = EDGE_CURVE ( 'NONE', #2298, #1206, #1248, .T. ) ;
#3239 = ORIENTED_EDGE ( 'NONE', *, *, #3282, .F. ) ;
#3240 = CARTESIAN_POINT ( 'NONE',  ( -0.3099999999999999978, 0.0000000000000000000, -0.5000000000000000000 ) ) ;
#3241 = LINE ( 'NONE', #5840, #5642 ) ;
#3242 = FACE_OUTER_BOUND ( 'NONE', #5026, .T. ) ;
#3243 = SURFACE_STYLE_USAGE ( .BOTH. , #35 ) ;
#3244 = CARTESIAN_POINT ( 'NONE',  ( -0.5000000000000000000, 0.0000000000000000000, -0.3099999999999999978 ) ) ;
#3245 = FACE_OUTER_BOUND ( 'NONE', #4012, .T. ) ;
#3246 = EDGE_LOOP ( 'NONE', ( #3229, #5464, #3227, #2435 ) ) ;
#3247 = PRODUCT_DEFINITION_FORMATION_WITH_SPECIFIED_SOURCE ( 'ANY', '', #2517, .NOT_KNOWN. ) ;
#3248 = EDGE_CURVE ( 'NONE', #4983, #4618, #4730, .T. ) ;
#3249 = AXIS2_PLACEMENT_3D ( 'NONE', #5652, #1575, #4752 ) ;
#3250 = DIRECTION ( 'NONE',  ( 0.0000000000000000000, 1.000000000000000000, 0.0000000000000000000 ) ) ;
#3251 = VERTEX_POINT ( 'NONE', #4501 ) ;
#3252 = ORIENTED_EDGE ( 'NONE', *, *, #105, .F. ) ;
#3253 = EDGE_LOOP ( 'NONE', ( #232, #4783, #5430, #4609 ) ) ;
#3254 = VERTEX_POINT ( 'NONE', #2240 ) ;
#3255 = VECTOR ( 'NONE', #2260, 1000.000000000000000 ) ;
#3256 = DIRECTION ( 'NONE',  ( 0.0000000000000000000, 1.000000000000000000, 0.0000000000000000000 ) ) ;
#3257 = CARTESIAN_POINT ( 'NONE',  ( 0.5000000000000000000, 0.0000000000000000000, -0.5000000000000000000 ) ) ;
#3258 = LINE ( 'NONE', #5590, #1908 ) ;
#3259 = DIRECTION ( 'NONE',  ( 0.0000000000000000000, -1.000000000000000000, 0.0000000000000000000 ) ) ;
#3260 = VECTOR ( 'NONE', #2541, 1000.000000000000000 ) ;
#3261 = CARTESIAN_POINT ( 'NONE',  ( 0.5000000000000000000, -6.776263578034400401E-18, -0.05000000000000000278 ) ) ;
#3262 = AXIS2_PLACEMENT_3D ( 'NONE', #3939, #4388, #1670 ) ;
#3263 = VECTOR ( 'NONE', #786, 1000.000000000000000 ) ;
#3264 = ORIENTED_EDGE ( 'NONE', *, *, #2457, .F. ) ;
#3265 = ADVANCED_FACE ( 'NONE', ( #1102 ), #1311, .T. ) ;
#3266 = PLANE ( 'NONE',  #4058 ) ;
#3267 = PLANE ( 'NONE',  #414 ) ;
#3268 = COLOUR_RGB ( '',1.000000000000000000, 1.000000000000000000, 1.000000000000000000 ) ;
#3269 = EDGE_CURVE ( 'NONE', #493, #2345, #4595, .T. ) ;
#3270 = LINE ( 'NONE', #1482, #4482 ) ;
#3271 = VERTEX_POINT ( 'NONE', #4069 ) ;
#3272 = EDGE_CURVE ( 'NONE', #4073, #681, #3542, .T. ) ;
#3273 = DIRECTION ( 'NONE',  ( -1.000000000000000000, 0.0000000000000000000, 0.0000000000000000000 ) ) ;
#3274 = CARTESIAN_POINT ( 'NONE',  ( 0.2801399107849885106, 0.05000000000000000278, -0.2783841551168639850 ) ) ;
#3275 = CARTESIAN_POINT ( 'NONE',  ( -0.4899999999999999911, 0.2500000000000000000, 0.0000000000000000000 ) ) ;
#3276 = AXIS2_PLACEMENT_3D ( 'NONE', #2735, #3653, #914 ) ;
#3277 = ORIENTED_EDGE ( 'NONE', *, *, #1832, .T. ) ;
#3278 = ORIENTED_EDGE ( 'NONE', *, *, #3101, .T. ) ;
#3279 = VERTEX_POINT ( 'NONE', #878 ) ;
#3280 = VERTEX_POINT ( 'NONE', #2711 ) ;
#3281 = DIRECTION ( 'NONE',  ( 1.000000000000000000, 0.0000000000000000000, 0.0000000000000000000 ) ) ;
#3282 = EDGE_CURVE ( 'NONE', #2030, #1508, #4465, .T. ) ;
#3283 = AXIS2_PLACEMENT_3D ( 'NONE', #3770, #1026, #4227 ) ;
#3284 = ADVANCED_FACE ( 'NONE', ( #3384 ), #440, .F. ) ;
#3285 = DIRECTION ( 'NONE',  ( 0.0000000000000000000, 1.000000000000000000, 0.0000000000000000000 ) ) ;
#3286 = ADVANCED_FACE ( 'NONE', ( #2039 ), #895, .F. ) ;
#3287 = LINE ( 'NONE', #4024, #3159 ) ;
#3288 = VECTOR ( 'NONE', #677, 1000.000000000000000 ) ;
#3289 = EDGE_CURVE ( 'NONE', #4976, #2729, #834, .T. ) ;
#3290 = DIRECTION ( 'NONE',  ( 0.0000000000000000000, -1.000000000000000000, 0.0000000000000000000 ) ) ;
#3291 = ORIENTED_EDGE ( 'NONE', *, *, #5017, .T. ) ;
#3292 = ORIENTED_EDGE ( 'NONE', *, *, #4234, .T. ) ;
#3293 = ORIENTED_EDGE ( 'NONE', *, *, #1012, .T. ) ;
#3294 = LINE ( 'NONE', #1146, #5559 ) ;
#3295 = VECTOR ( 'NONE', #1828, 1000.000000000000000 ) ;
#3296 = VERTEX_POINT ( 'NONE', #2279 ) ;
#3297 = FACE_OUTER_BOUND ( 'NONE', #1051, .T. ) ;
#3298 = EDGE_CURVE ( 'NONE', #1920, #2030, #4319, .T. ) ;
#3299 = CARTESIAN_POINT ( 'NONE',  ( -0.5000000000000000000, 0.2500000000000000000, 0.5000000000000000000 ) ) ;
#3300 = DIRECTION ( 'NONE',  ( 0.0000000000000000000, 1.000000000000000000, 0.0000000000000000000 ) ) ;
#3301 = ORIENTED_EDGE ( 'NONE', *, *, #4657, .T. ) ;
#3302 = VECTOR ( 'NONE', #5680, 1000.000000000000000 ) ;
#3303 = EDGE_CURVE ( 'NONE', #3958, #3802, #2198, .T. ) ;
#3304 = ORIENTED_EDGE ( 'NONE', *, *, #2074, .F. ) ;
#3305 = CARTESIAN_POINT ( 'NONE',  ( -0.2100000000000000200, 0.05000000000000000278, 0.2100000000000000200 ) ) ;
#3306 = AXIS2_PLACEMENT_3D ( 'NONE', #5625, #4732, #2022 ) ;
#3307 = DIRECTION ( 'NONE',  ( -1.000000000000000000, 0.0000000000000000000, 0.0000000000000000000 ) ) ;
#3308 = ORIENTED_EDGE ( 'NONE', *, *, #3498, .F. ) ;
#3309 = ORIENTED_EDGE ( 'NONE', *, *, #764, .F. ) ;
#3310 = EDGE_LOOP ( 'NONE', ( #2504, #5603, #2367, #1454, #560 ) ) ;
#3311 = ADVANCED_FACE ( 'NONE', ( #684 ), #1362, .F. ) ;
#3312 = EDGE_CURVE ( 'NONE', #1144, #4647, #4176, .T. ) ;
#3313 = ADVANCED_FACE ( 'NONE', ( #1768 ), #931, .F. ) ;
#3315 = DIRECTION ( 'NONE',  ( 4.366925416955505011E-16, 0.0000000000000000000, 1.000000000000000000 ) ) ;
#3314 = AXIS2_PLACEMENT_3D ( 'NONE', #4317, #2045, #5223 ) ;
#3316 = CYLINDRICAL_SURFACE ( 'NONE', #1839, 0.03499999999999998251 ) ;
#3317 = EDGE_LOOP ( 'NONE', ( #804, #3516, #1118, #2111 ) ) ;
#3318 = LINE ( 'NONE', #5780, #5732 ) ;
#3319 = DIRECTION ( 'NONE',  ( 0.0000000000000000000, 1.000000000000000000, 0.0000000000000000000 ) ) ;
#3320 = LINE ( 'NONE', #810, #1177 ) ;
#3321 = CARTESIAN_POINT ( 'NONE',  ( 0.4899999999999999911, 0.05000000000000000278, -0.2783841551168639850 ) ) ;
#3322 = CARTESIAN_POINT ( 'NONE',  ( 0.3099999999999999978, 0.05000000000000000278, -0.5000000000000000000 ) ) ;
#3323 = FACE_OUTER_BOUND ( 'NONE', #676, .T. ) ;
#3324 = ORIENTED_EDGE ( 'NONE', *, *, #2690, .F. ) ;
#3325 = DIRECTION ( 'NONE',  ( 0.0000000000000000000, -1.000000000000000000, 0.0000000000000000000 ) ) ;
#3326 = LINE ( 'NONE', #570, #2130 ) ;
#3327 = EDGE_CURVE ( 'NONE', #1201, #4553, #1905, .T. ) ;
#3328 = FACE_OUTER_BOUND ( 'NONE', #1040, .T. ) ;
#3329 = ORIENTED_EDGE ( 'NONE', *, *, #5040, .T. ) ;
#3330 = LINE ( 'NONE', #5342, #915 ) ;
#3331 = ORIENTED_EDGE ( 'NONE', *, *, #780, .F. ) ;
#3332 = DIRECTION ( 'NONE',  ( 0.0000000000000000000, -1.000000000000000000, 0.0000000000000000000 ) ) ;
#3333 = ORIENTED_EDGE ( 'NONE', *, *, #540, .F. ) ;
#3334 = EDGE_CURVE ( 'NONE', #1047, #3893, #5391, .T. ) ;
#3335 = ORIENTED_EDGE ( 'NONE', *, *, #911, .F. ) ;
#3336 = ORIENTED_EDGE ( 'NONE', *, *, #150, .F. ) ;
#3337 = ADVANCED_FACE ( 'NONE', ( #2810 ), #492, .F. ) ;
#3338 = VERTEX_POINT ( 'NONE', #4143 ) ;
#3339 = VECTOR ( 'NONE', #2608, 1000.000000000000000 ) ;
#3340 = CARTESIAN_POINT ( 'NONE',  ( 0.1499999999999999944, 0.0000000000000000000, -0.05000000000000000278 ) ) ;
#3341 = CARTESIAN_POINT ( 'NONE',  ( 0.2933618639406084805, 0.2500000000000000000, 0.0000000000000000000 ) ) ;
#3342 = ADVANCED_FACE ( 'NONE', ( #5454 ), #2330, .F. ) ;
#3343 = ORIENTED_EDGE ( 'NONE', *, *, #4328, .F. ) ;
#3344 = ORIENTED_EDGE ( 'NONE', *, *, #2291, .T. ) ;
#3345 = VERTEX_POINT ( 'NONE', #3704 ) ;
#3346 = CARTESIAN_POINT ( 'NONE',  ( -0.4949999999999999956, -6.776263578034400401E-18, 0.3099999999999999978 ) ) ;
#3347 = CARTESIAN_POINT ( 'NONE',  ( -0.3202182358878855606, 0.2500000000000000000, -0.4350657705372935058 ) ) ;
#3348 = DIRECTION ( 'NONE',  ( 0.0000000000000000000, 0.0000000000000000000, -1.000000000000000000 ) ) ;
#3349 = SURFACE_STYLE_USAGE ( .BOTH. , #140 ) ;
#3350 = EDGE_CURVE ( 'NONE', #4750, #681, #5233, .T. ) ;
#3351 = DIRECTION ( 'NONE',  ( 0.0000000000000000000, 0.0000000000000000000, -1.000000000000000000 ) ) ;
#3352 = AXIS2_PLACEMENT_3D ( 'NONE', #4961, #411, #3615 ) ;
#3353 = VECTOR ( 'NONE', #1849, 1000.000000000000000 ) ;
#3354 = DIRECTION ( 'NONE',  ( 1.000000000000000000, 0.0000000000000000000, 0.0000000000000000000 ) ) ;
#3355 = ORIENTED_EDGE ( 'NONE', *, *, #1837, .T. ) ;
#3356 = VERTEX_POINT ( 'NONE', #5504 ) ;
#3357 = LINE ( 'NONE', #848, #2165 ) ;
#3358 = VECTOR ( 'NONE', #985, 1000.000000000000000 ) ;
#3359 = CARTESIAN_POINT ( 'NONE',  ( -0.4650000000000000244, 0.0000000000000000000, -0.5000000000000000000 ) ) ;
#3360 = ORIENTED_EDGE ( 'NONE', *, *, #2492, .F. ) ;
#3361 = VECTOR ( 'NONE', #4646, 1000.000000000000000 ) ;
#3362 = LINE ( 'NONE', #2206, #664 ) ;
#3363 =( NAMED_UNIT ( * ) PLANE_ANGLE_UNIT ( ) SI_UNIT ( $, .RADIAN. ) );
#3364 = ORIENTED_EDGE ( 'NONE', *, *, #4083, .F. ) ;
#3365 = CARTESIAN_POINT ( 'NONE',  ( 0.2801399107849885106, 0.2500000000000000000, -0.2783841551168639850 ) ) ;
#3366 = DIRECTION ( 'NONE',  ( 1.000000000000000000, 0.0000000000000000000, 0.0000000000000000000 ) ) ;
#3367 = VECTOR ( 'NONE', #3715, 1000.000000000000000 ) ;
#3368 = EDGE_CURVE ( 'NONE', #5817, #3834, #609, .T. ) ;
#3369 = ADVANCED_FACE ( 'NONE', ( #4866 ), #1425, .F. ) ;
#3370 = CARTESIAN_POINT ( 'NONE',  ( -0.4949999999999999956, -6.776263578034400401E-18, 0.2100000000000000200 ) ) ;
#3371 = CARTESIAN_POINT ( 'NONE',  ( 0.0000000000000000000, 0.2500000000000000000, -0.5000000000000000000 ) ) ;
#3372 = VECTOR ( 'NONE', #3307, 1000.000000000000000 ) ;
#3373 = EDGE_CURVE ( 'NONE', #5264, #427, #3241, .T. ) ;
#3374 = ORIENTED_EDGE ( 'NONE', *, *, #4181, .F. ) ;
#3375 = DIRECTION ( 'NONE',  ( 0.0000000000000000000, 0.0000000000000000000, -1.000000000000000000 ) ) ;
#3376 = DIRECTION ( 'NONE',  ( 0.0000000000000000000, 0.0000000000000000000, 1.000000000000000000 ) ) ;
#3377 = CARTESIAN_POINT ( 'NONE',  ( -0.4899999999999999911, 0.05000000000000000278, -0.3268298959158210115 ) ) ;
#3378 = ORIENTED_EDGE ( 'NONE', *, *, #1570, .T. ) ;
#3379 = ORIENTED_EDGE ( 'NONE', *, *, #3967, .F. ) ;
#3380 = ORIENTED_EDGE ( 'NONE', *, *, #32, .T. ) ;
#3381 = ORIENTED_EDGE ( 'NONE', *, *, #2511, .T. ) ;
#3382 = AXIS2_PLACEMENT_3D ( 'NONE', #5018, #3219, #478 ) ;
#3383 = DIRECTION ( 'NONE',  ( 0.0000000000000000000, -1.000000000000000000, 0.0000000000000000000 ) ) ;
#3384 = FACE_OUTER_BOUND ( 'NONE', #3987, .T. ) ;
#3385 = CARTESIAN_POINT ( 'NONE',  ( -0.4949999999999999956, -6.776263578034400401E-18, -0.2100000000000000200 ) ) ;
#3386 = CARTESIAN_POINT ( 'NONE',  ( -0.3099999999999999978, 0.05000000000000000278, -0.5000000000000000000 ) ) ;
#3387 = DIRECTION ( 'NONE',  ( -0.0000000000000000000, 1.000000000000000000, 0.0000000000000000000 ) ) ;
#3388 = LINE ( 'NONE', #5572, #4471 ) ;
#3389 = EDGE_CURVE ( 'NONE', #4874, #4640, #951, .T. ) ;
#3390 = VECTOR ( 'NONE', #2914, 1000.000000000000000 ) ;
#3391 = CARTESIAN_POINT ( 'NONE',  ( 0.5000000000000000000, -6.776263578034400401E-18, 0.05000000000000000278 ) ) ;
#3392 = LINE ( 'NONE', #3511, #2210 ) ;
#3393 = ORIENTED_EDGE ( 'NONE', *, *, #2960, .T. ) ;
#3394 = EDGE_CURVE ( 'NONE', #2729, #3356, #2025, .T. ) ;
#3395 = LINE ( 'NONE', #1294, #5676 ) ;
#3396 = DIRECTION ( 'NONE',  ( 0.0000000000000000000, 0.0000000000000000000, 1.000000000000000000 ) ) ;
#3397 = ADVANCED_FACE ( 'NONE', ( #1892 ), #1304, .F. ) ;
#3398 = LINE ( 'NONE', #2844, #5539 ) ;
#3399 = EDGE_LOOP ( 'NONE', ( #3675, #2485, #1363, #4331 ) ) ;
#3400 = SURFACE_STYLE_USAGE ( .BOTH. , #197 ) ;
#3401 = EDGE_CURVE ( 'NONE', #4578, #2338, #671, .T. ) ;
#3402 = CARTESIAN_POINT ( 'NONE',  ( 0.5000000000000000000, -6.776263578034400401E-18, -0.05000000000000000278 ) ) ;
#3403 = CARTESIAN_POINT ( 'NONE',  ( -0.3202182358878855606, 0.2500000000000000000, -0.4800000000000000377 ) ) ;
#3404 = ORIENTED_EDGE ( 'NONE', *, *, #4947, .F. ) ;
#3405 = CARTESIAN_POINT ( 'NONE',  ( 0.2100000000000000200, 0.05000000000000000278, 0.2100000000000000200 ) ) ;
#3406 = DIRECTION ( 'NONE',  ( 4.366925416955505011E-16, 0.0000000000000000000, 1.000000000000000000 ) ) ;
#3407 = ORIENTED_EDGE ( 'NONE', *, *, #2890, .T. ) ;
#3408 = CARTESIAN_POINT ( 'NONE',  ( 0.05000000000000000278, 0.05000000000000000278, 0.5000000000000000000 ) ) ;
#3409 = EDGE_LOOP ( 'NONE', ( #1491, #4214, #26, #1561 ) ) ;
#3410 = VERTEX_POINT ( 'NONE', #3613 ) ;
#3411 = EDGE_CURVE ( 'NONE', #5615, #3345, #4165, .T. ) ;
#3412 = AXIS2_PLACEMENT_3D ( 'NONE', #2258, #4532, #1818 ) ;
#3413 = CARTESIAN_POINT ( 'NONE',  ( 0.2933618639406084805, 0.05000000000000000278, 0.4437942073613649896 ) ) ;
#3414 = CARTESIAN_POINT ( 'NONE',  ( 0.2933618639406084805, 0.05000000000000000278, 0.4437942073613649896 ) ) ;
#3415 = PLANE ( 'NONE',  #2854 ) ;
#3416 = PLANE ( 'NONE',  #5675 ) ;
#3417 = DIRECTION ( 'NONE',  ( 1.000000000000000000, 0.0000000000000000000, 0.0000000000000000000 ) ) ;
#3418 = EDGE_CURVE ( 'NONE', #178, #631, #3098, .T. ) ;
#3419 = CARTESIAN_POINT ( 'NONE',  ( -0.1053477934590670018, 0.2500000000000000000, -0.1758845661859115006 ) ) ;
#3420 = FACE_OUTER_BOUND ( 'NONE', #5885, .T. ) ;
#3421 = CARTESIAN_POINT ( 'NONE',  ( 0.1324024845846046294, 0.2500000000000000000, -0.04827599225835989966 ) ) ;
#3422 = AXIS2_PLACEMENT_3D ( 'NONE', #1878, #4164, #1426 ) ;
#3423 = DIRECTION ( 'NONE',  ( -0.0000000000000000000, 1.000000000000000000, 0.0000000000000000000 ) ) ;
#3424 = VECTOR ( 'NONE', #2908, 1000.000000000000000 ) ;
#3425 = ORIENTED_EDGE ( 'NONE', *, *, #3120, .F. ) ;
#3426 = ADVANCED_FACE ( 'NONE', ( #5373 ), #2257, .F. ) ;
#3427 = ORIENTED_EDGE ( 'NONE', *, *, #1806, .F. ) ;
#3428 = DIRECTION ( 'NONE',  ( 0.0000000000000000000, 1.000000000000000000, 0.0000000000000000000 ) ) ;
#3429 = ORIENTED_EDGE ( 'NONE', *, *, #2388, .T. ) ;
#3430 = FACE_OUTER_BOUND ( 'NONE', #5890, .T. ) ;
#3431 = VECTOR ( 'NONE', #4540, 1000.000000000000000 ) ;
#3432 = DIRECTION ( 'NONE',  ( 0.0000000000000000000, 1.000000000000000000, 0.0000000000000000000 ) ) ;
#3433 = VECTOR ( 'NONE', #4795, 1000.000000000000000 ) ;
#3434 = ORIENTED_EDGE ( 'NONE', *, *, #3418, .T. ) ;
#3435 = EDGE_LOOP ( 'NONE', ( #1834, #5331, #3344, #2195, #2438, #4942, #3333, #3164, #5083, #1794, #3425, #2276 ) ) ;
#3436 = PRESENTATION_STYLE_ASSIGNMENT (( #3243 ) ) ;
#3437 = VECTOR ( 'NONE', #4746, 1000.000000000000000 ) ;
#3438 =( NAMED_UNIT ( * ) PLANE_ANGLE_UNIT ( ) SI_UNIT ( $, .RADIAN. ) );
#3439 = CARTESIAN_POINT ( 'NONE',  ( 0.4899999999999999911, 0.05000000000000000278, -0.2783841551168639850 ) ) ;
#3440 = AXIS2_PLACEMENT_3D ( 'NONE', #1030, #2413, #5587 ) ;
#3441 = CARTESIAN_POINT ( 'NONE',  ( 0.2100000000000000200, 0.0000000000000000000, -0.4949999999999999956 ) ) ;
#3442 = ORIENTED_EDGE ( 'NONE', *, *, #1151, .T. ) ;
#3443 = CARTESIAN_POINT ( 'NONE',  ( 0.05000000000000000278, 0.05000000000000000278, 0.05000000000000000278 ) ) ;
#3444 = DIRECTION ( 'NONE',  ( 0.0000000000000000000, 0.0000000000000000000, 1.000000000000000000 ) ) ;
#3445 = CARTESIAN_POINT ( 'NONE',  ( 0.05000000000000000278, 0.05000000000000000278, 0.5000000000000000000 ) ) ;
#3446 = DIRECTION ( 'NONE',  ( 1.000000000000000000, 0.0000000000000000000, 0.0000000000000000000 ) ) ;
#3447 = DIRECTION ( 'NONE',  ( -1.000000000000000000, 0.0000000000000000000, 0.0000000000000000000 ) ) ;
#3448 = EDGE_LOOP ( 'NONE', ( #5283, #4336, #879, #1007, #5605, #4682 ) ) ;
#3449 = ORIENTED_EDGE ( 'NONE', *, *, #3619, .T. ) ;
#3450 = EDGE_CURVE ( 'NONE', #60, #4922, #1749, .T. ) ;
#3451 = DIRECTION ( 'NONE',  ( 0.0000000000000000000, 1.000000000000000000, 0.0000000000000000000 ) ) ;
#3452 = VECTOR ( 'NONE', #4315, 1000.000000000000000 ) ;
#3453 = ORIENTED_EDGE ( 'NONE', *, *, #61, .F. ) ;
#3454 = CARTESIAN_POINT ( 'NONE',  ( 0.2933618639406084805, 0.05000000000000000278, 0.4800000000000000377 ) ) ;
#3455 = CARTESIAN_POINT ( 'NONE',  ( -0.1187308496519079853, 0.2500000000000000000, 0.2146867790523304953 ) ) ;
#3456 = DIRECTION ( 'NONE',  ( 1.000000000000000000, 0.0000000000000000000, 0.0000000000000000000 ) ) ;
#3457 = MECHANICAL_DESIGN_GEOMETRIC_PRESENTATION_REPRESENTATION (  '', ( #2547 ), #3771 ) ;
#3458 = ADVANCED_FACE ( 'NONE', ( #4026 ), #4084, .F. ) ;
#3459 = EDGE_CURVE ( 'NONE', #2226, #2830, #1590, .T. ) ;
#3460 = AXIS2_PLACEMENT_3D ( 'NONE', #3733, #4188, #1457 ) ;
#3461 = DIRECTION ( 'NONE',  ( 0.0000000000000000000, 1.000000000000000000, 0.0000000000000000000 ) ) ;
#3462 = LINE ( 'NONE', #312, #2273 ) ;
#3463 = DIRECTION ( 'NONE',  ( -2.168404344971010446E-15, 0.0000000000000000000, -1.000000000000000000 ) ) ;
#3464 = CARTESIAN_POINT ( 'NONE',  ( 0.1053477934590670018, 0.05000000000000000278, -0.1758845661859115006 ) ) ;
#3465 = VECTOR ( 'NONE', #62, 1000.000000000000000 ) ;
#3466 = DIRECTION ( 'NONE',  ( 0.0000000000000000000, 0.0000000000000000000, -1.000000000000000000 ) ) ;
#3467 = ORIENTED_EDGE ( 'NONE', *, *, #3120, .T. ) ;
#3468 = VECTOR ( 'NONE', #1864, 1000.000000000000114 ) ;
#3469 = EDGE_CURVE ( 'NONE', #5601, #1264, #2798, .T. ) ;
#3470 = AXIS2_PLACEMENT_3D ( 'NONE', #5705, #1169, #4364 ) ;
#3471 = LINE ( 'NONE', #1536, #2280 ) ;
#3472 = ORIENTED_EDGE ( 'NONE', *, *, #5236, .T. ) ;
#3473 = CARTESIAN_POINT ( 'NONE',  ( -0.1187308496519079853, 0.05000000000000000278, 0.3487332069152305203 ) ) ;
#3474 = VECTOR ( 'NONE', #1192, 1000.000000000000000 ) ;
#3475 = ORIENTED_EDGE ( 'NONE', *, *, #4607, .F. ) ;
#3476 = MECHANICAL_DESIGN_GEOMETRIC_PRESENTATION_REPRESENTATION (  '', ( #2566 ), #3787 ) ;
#3477 = ORIENTED_EDGE ( 'NONE', *, *, #755, .F. ) ;
#3478 = PLANE ( 'NONE',  #3045 ) ;
#3479 = CARTESIAN_POINT ( 'NONE',  ( -0.3202182358878855606, 0.05000000000000000278, -0.4800000000000000377 ) ) ;
#3480 = CARTESIAN_POINT ( 'NONE',  ( 0.05000000000000000278, -6.776263578034400401E-18, 0.5000000000000000000 ) ) ;
#3481 = CARTESIAN_POINT ( 'NONE',  ( -0.3202182358878855606, 0.05000000000000000278, -0.4800000000000000377 ) ) ;
#3482 = ORIENTED_EDGE ( 'NONE', *, *, #1511, .F. ) ;
#3483 = ORIENTED_EDGE ( 'NONE', *, *, #4607, .T. ) ;
#3484 = VERTEX_POINT ( 'NONE', #1817 ) ;
#3485 = DIRECTION ( 'NONE',  ( 0.0000000000000000000, 1.000000000000000000, 0.0000000000000000000 ) ) ;
#3486 = ORIENTED_EDGE ( 'NONE', *, *, #4733, .F. ) ;
#3487 = FACE_BOUND ( 'NONE', #4070, .T. ) ;
#3488 = CARTESIAN_POINT ( 'NONE',  ( -0.4949999999999999956, 0.05000000000000000278, 0.3099999999999999978 ) ) ;
#3489 = EDGE_CURVE ( 'NONE', #5448, #5517, #2671, .T. ) ;
#3490 = DIRECTION ( 'NONE',  ( 1.000000000000000000, 0.0000000000000000000, 0.0000000000000000000 ) ) ;
#3491 = ORIENTED_EDGE ( 'NONE', *, *, #4782, .F. ) ;
#3492 = CARTESIAN_POINT ( 'NONE',  ( 0.2100000000000000200, 0.05000000000000000278, -0.4949999999999999956 ) ) ;
#3493 = DIRECTION ( 'NONE',  ( 1.000000000000000000, 0.0000000000000000000, 0.0000000000000000000 ) ) ;
#3494 = ORIENTED_EDGE ( 'NONE', *, *, #2992, .F. ) ;
#3495 = ORIENTED_EDGE ( 'NONE', *, *, #911, .T. ) ;
#3496 = ADVANCED_FACE ( 'NONE', ( #216 ), #1359, .F. ) ;
#3497 = DIRECTION ( 'NONE',  ( 0.0000000000000000000, -1.000000000000000000, 0.0000000000000000000 ) ) ;
#3498 = EDGE_CURVE ( 'NONE', #5710, #1460, #4950, .T. ) ;
#3499 =( LENGTH_UNIT ( ) NAMED_UNIT ( * ) SI_UNIT ( .MILLI., .METRE. ) );
#3500 = AXIS2_PLACEMENT_3D ( 'NONE', #96, #572, #3766 ) ;
#3501 = VECTOR ( 'NONE', #3225, 1000.000000000000000 ) ;
#3502 = AXIS2_PLACEMENT_3D ( 'NONE', #356, #829, #4014 ) ;
#3503 = CARTESIAN_POINT ( 'NONE',  ( 0.0000000000000000000, 0.05000000000000000278, 0.0000000000000000000 ) ) ;
#3504 = CARTESIAN_POINT ( 'NONE',  ( 0.2933618639406084805, 0.05000000000000000278, 0.4800000000000000377 ) ) ;
#3505 = DIRECTION ( 'NONE',  ( -1.000000000000000000, 0.0000000000000000000, 0.0000000000000000000 ) ) ;
#3506 = VERTEX_POINT ( 'NONE', #3205 ) ;
#3507 = ORIENTED_EDGE ( 'NONE', *, *, #4181, .T. ) ;
#3508 = VECTOR ( 'NONE', #1296, 1000.000000000000000 ) ;
#3509 = VECTOR ( 'NONE', #5528, 1000.000000000000000 ) ;
#3510 = SURFACE_STYLE_FILL_AREA ( #1301 ) ;
#3511 = CARTESIAN_POINT ( 'NONE',  ( -0.1187308496519079853, 0.05000000000000000278, 0.2146867790523304953 ) ) ;
#3512 = EDGE_CURVE ( 'NONE', #5225, #5106, #2515, .T. ) ;
#3513 = DIRECTION ( 'NONE',  ( 0.0000000000000000000, 0.0000000000000000000, 1.000000000000000000 ) ) ;
#3514 = DIRECTION ( 'NONE',  ( 1.000000000000000000, 0.0000000000000000000, -2.168404344971010446E-15 ) ) ;
#3515 = AXIS2_PLACEMENT_3D ( 'NONE', #3631, #1345, #4536 ) ;
#3516 = ORIENTED_EDGE ( 'NONE', *, *, #2960, .F. ) ;
#3517 = CARTESIAN_POINT ( 'NONE',  ( -0.4949999999999999956, 0.05000000000000000278, -0.2100000000000000200 ) ) ;
#3518 = VECTOR ( 'NONE', #3325, 1000.000000000000000 ) ;
#3519 = LINE ( 'NONE', #1697, #5783 ) ;
#3520 = VERTEX_POINT ( 'NONE', #3644 ) ;
#3521 = DIRECTION ( 'NONE',  ( -0.0000000000000000000, 1.000000000000000000, 0.0000000000000000000 ) ) ;
#3522 = SURFACE_STYLE_FILL_AREA ( #1269 ) ;
#3523 = DIRECTION ( 'NONE',  ( -1.084202172485503818E-16, 0.0000000000000000000, -1.000000000000000000 ) ) ;
#3524 = LINE ( 'NONE', #3010, #2318 ) ;
#3525 = CARTESIAN_POINT ( 'NONE',  ( 0.3099999999999999978, -6.776263578034400401E-18, -0.5000000000000000000 ) ) ;
#3526 = LINE ( 'NONE', #521, #5795 ) ;
#3527 = PLANE ( 'NONE',  #4918 ) ;
#3528 = DIRECTION ( 'NONE',  ( -1.000000000000000000, 0.0000000000000000000, 4.216341781888070115E-16 ) ) ;
#3529 = ORIENTED_EDGE ( 'NONE', *, *, #4740, .F. ) ;
#3530 = EDGE_CURVE ( 'NONE', #3520, #297, #5217, .T. ) ;
#3531 = DIRECTION ( 'NONE',  ( 1.000000000000000000, 0.0000000000000000000, 0.0000000000000000000 ) ) ;
#3532 = DIRECTION ( 'NONE',  ( 0.0000000000000000000, 0.0000000000000000000, 1.000000000000000000 ) ) ;
#3533 = DIRECTION ( 'NONE',  ( 0.0000000000000000000, -1.000000000000000000, 0.0000000000000000000 ) ) ;
#3534 = DIRECTION ( 'NONE',  ( 0.0000000000000000000, 0.0000000000000000000, 1.000000000000000000 ) ) ;
#3535 = ORIENTED_EDGE ( 'NONE', *, *, #1465, .T. ) ;
#3536 = ORIENTED_EDGE ( 'NONE', *, *, #2176, .T. ) ;
#3537 = DIRECTION ( 'NONE',  ( -1.936075308009829787E-17, 0.0000000000000000000, 1.000000000000000000 ) ) ;
#3538 = ADVANCED_FACE ( 'NONE', ( #3882 ), #5479, .F. ) ;
#3539 = ORIENTED_EDGE ( 'NONE', *, *, #729, .T. ) ;
#3540 = DIRECTION ( 'NONE',  ( -1.000000000000000000, 0.0000000000000000000, 0.0000000000000000000 ) ) ;
#3541 = ORIENTED_EDGE ( 'NONE', *, *, #5040, .F. ) ;
#3542 = LINE ( 'NONE', #3153, #967 ) ;
#3543 = EDGE_CURVE ( 'NONE', #4897, #112, #77, .T. ) ;
#3544 = CARTESIAN_POINT ( 'NONE',  ( -0.2933618639406079809, 0.2500000000000000000, 0.4437942073613649896 ) ) ;
#3545 = LINE ( 'NONE', #4211, #1251 ) ;
#3546 = CARTESIAN_POINT ( 'NONE',  ( -0.5000000000000000000, 0.05000000000000000278, 0.3099999999999999978 ) ) ;
#3547 =( NAMED_UNIT ( * ) SI_UNIT ( $, .STERADIAN. ) SOLID_ANGLE_UNIT ( ) );
#3548 = VECTOR ( 'NONE', #2893, 1000.000000000000000 ) ;
#3549 = DIRECTION ( 'NONE',  ( -1.000000000000000000, 0.0000000000000000000, 2.168404344971010446E-15 ) ) ;
#3550 = CARTESIAN_POINT ( 'NONE',  ( 0.2933618639406084805, 0.2500000000000000000, 0.4437942073613649896 ) ) ;
#3551 = CARTESIAN_POINT ( 'NONE',  ( 0.0000000000000000000, 0.2500000000000000000, -0.3021996039790479927 ) ) ;
#3552 = PRODUCT_RELATED_PRODUCT_CATEGORY ( 'part', '', ( #2517 ) ) ;
#3553 = EDGE_CURVE ( 'NONE', #5305, #1099, #3734, .T. ) ;
#3554 = VECTOR ( 'NONE', #2126, 1000.000000000000000 ) ;
#3555 = ORIENTED_EDGE ( 'NONE', *, *, #150, .T. ) ;
#3556 = CARTESIAN_POINT ( 'NONE',  ( 0.0000000000000000000, 0.05000000000000000278, 0.0000000000000000000 ) ) ;
#3557 = STYLED_ITEM ( 'NONE', ( #3048 ), #2572 ) ;
#3558 = VECTOR ( 'NONE', #354, 1000.000000000000000 ) ;
#3559 = DIRECTION ( 'NONE',  ( 0.0000000000000000000, -1.000000000000000000, 0.0000000000000000000 ) ) ;
#3560 = CARTESIAN_POINT ( 'NONE',  ( 0.5000000000000000000, 0.2500000000000000000, 0.5000000000000000000 ) ) ;
#3561 = CARTESIAN_POINT ( 'NONE',  ( -0.5000000000000000000, -6.776263578034400401E-18, 0.3099999999999999978 ) ) ;
#3562 = VERTEX_POINT ( 'NONE', #4584 ) ;
#3563 = VECTOR ( 'NONE', #5414, 1000.000000000000000 ) ;
#3564 = DIRECTION ( 'NONE',  ( 1.000000000000000000, 0.0000000000000000000, 0.0000000000000000000 ) ) ;
#3565 = ORIENTED_EDGE ( 'NONE', *, *, #1012, .F. ) ;
#3566 =( LENGTH_UNIT ( ) NAMED_UNIT ( * ) SI_UNIT ( .MILLI., .METRE. ) );
#3567 = ORIENTED_EDGE ( 'NONE', *, *, #4265, .F. ) ;
#3568 = PRODUCT_DEFINITION_CONTEXT ( 'detailed design', #2319, 'design' ) ;
#3569 = DIRECTION ( 'NONE',  ( 1.020626557523660132E-46, 2.183959480570539679E-31, 1.000000000000000000 ) ) ;
#3570 = LINE ( 'NONE', #1350, #1120 ) ;
#3571 = ORIENTED_EDGE ( 'NONE', *, *, #4373, .T. ) ;
#3572 = ADVANCED_FACE ( 'NONE', ( #4641 ), #943, .F. ) ;
#3573 = ORIENTED_EDGE ( 'NONE', *, *, #5442, .T. ) ;
#3574 = VERTEX_POINT ( 'NONE', #5041 ) ;
#3575 = ORIENTED_EDGE ( 'NONE', *, *, #3183, .T. ) ;
#3576 = DIRECTION ( 'NONE',  ( 0.0000000000000000000, 1.000000000000000000, 0.0000000000000000000 ) ) ;
#3577 = CARTESIAN_POINT ( 'NONE',  ( 0.05000000000000000278, 0.05000000000000000278, -0.5000000000000000000 ) ) ;
#3578 = PLANE ( 'NONE',  #176 ) ;
#3579 = VERTEX_POINT ( 'NONE', #2789 ) ;
#3580 = DIRECTION ( 'NONE',  ( 0.0000000000000000000, 0.0000000000000000000, -1.000000000000000000 ) ) ;
#3581 = DIRECTION ( 'NONE',  ( 1.000000000000000000, 0.0000000000000000000, 0.0000000000000000000 ) ) ;
#3582 = EDGE_CURVE ( 'NONE', #5483, #2488, #738, .T. ) ;
#3583 = CARTESIAN_POINT ( 'NONE',  ( 0.0000000000000000000, 0.0000000000000000000, 0.3099999999999999978 ) ) ;
#3584 = DIRECTION ( 'NONE',  ( 1.000000000000000000, 0.0000000000000000000, 0.0000000000000000000 ) ) ;
#3585 = CARTESIAN_POINT ( 'NONE',  ( 0.4949999999999999956, -6.776263578034400401E-18, -0.2100000000000000200 ) ) ;
#3586 = EDGE_CURVE ( 'NONE', #4823, #4195, #3015, .T. ) ;
#3587 = VECTOR ( 'NONE', #5779, 1000.000000000000000 ) ;
#3588 = PLANE ( 'NONE',  #168 ) ;
#3589 = COLOUR_RGB ( '',1.000000000000000000, 1.000000000000000000, 1.000000000000000000 ) ;
#3590 = CARTESIAN_POINT ( 'NONE',  ( 0.2100000000000000200, 0.05000000000000000278, -0.2100000000000000200 ) ) ;
#3591 = PRESENTATION_LAYER_ASSIGNMENT (  '', '', ( #2966 ) ) ;
#3592 = ORIENTED_EDGE ( 'NONE', *, *, #1540, .T. ) ;
#3593 = EDGE_LOOP ( 'NONE', ( #987, #3185, #4420, #2582 ) ) ;
#3594 = LINE ( 'NONE', #5866, #1145 ) ;
#3595 = AXIS2_PLACEMENT_3D ( 'NONE', #2084, #247, #3446 ) ;
#3596 = LINE ( 'NONE', #5690, #1303 ) ;
#3597 = CARTESIAN_POINT ( 'NONE',  ( -0.1324024845846042131, 0.05000000000000000278, 0.1355136704081486010 ) ) ;
#3598 = DIRECTION ( 'NONE',  ( 1.000000000000000000, 0.0000000000000000000, 0.0000000000000000000 ) ) ;
#3599 = VERTEX_POINT ( 'NONE', #977 ) ;
#3600 = MANIFOLD_SOLID_BREP ( 'NONE', #3212 ) ;
#3601 = SURFACE_STYLE_USAGE ( .BOTH. , #400 ) ;
#3602 = DIRECTION ( 'NONE',  ( 1.000000000000000000, 0.0000000000000000000, -2.168404344971010446E-15 ) ) ;
#3603 = VERTEX_POINT ( 'NONE', #4171 ) ;
#3604 = VECTOR ( 'NONE', #485, 1000.000000000000000 ) ;
#3605 = LINE ( 'NONE', #1550, #3437 ) ;
#3606 = EDGE_CURVE ( 'NONE', #1638, #2528, #4859, .T. ) ;
#3607 = ADVANCED_FACE ( 'NONE', ( #5289 ), #55, .F. ) ;
#3608 = AXIS2_PLACEMENT_3D ( 'NONE', #3275, #4629, #1926 ) ;
#3609 = DIRECTION ( 'NONE',  ( -1.279960898073166052E-15, 0.0000000000000000000, -1.000000000000000000 ) ) ;
#3610 = FACE_OUTER_BOUND ( 'NONE', #4814, .T. ) ;
#3611 = LINE ( 'NONE', #4691, #2381 ) ;
#3612 = ORIENTED_EDGE ( 'NONE', *, *, #3298, .F. ) ;
#3613 = CARTESIAN_POINT ( 'NONE',  ( 0.5000000000000000000, 0.05000000000000000278, -0.3099999999999999978 ) ) ;
#3614 = EDGE_CURVE ( 'NONE', #1706, #5514, #136, .T. ) ;
#3615 = DIRECTION ( 'NONE',  ( 1.000000000000000000, 0.0000000000000000000, 0.0000000000000000000 ) ) ;
#3616 = DIRECTION ( 'NONE',  ( 0.0000000000000000000, 1.000000000000000000, 0.0000000000000000000 ) ) ;
#3617 = EDGE_LOOP ( 'NONE', ( #1282, #2915, #5231, #1745 ) ) ;
#3618 = ORIENTED_EDGE ( 'NONE', *, *, #405, .T. ) ;
#3619 = EDGE_CURVE ( 'NONE', #5764, #4688, #5436, .T. ) ;
#3620 = DIRECTION ( 'NONE',  ( 1.000000000000000000, 0.0000000000000000000, -1.046159990994783998E-15 ) ) ;
#3621 = DIRECTION ( 'NONE',  ( -0.8471602077226357830, 0.0000000000000000000, 0.5313375409768639202 ) ) ;
#3622 = LINE ( 'NONE', #1566, #1174 ) ;
#3623 = ORIENTED_EDGE ( 'NONE', *, *, #1252, .T. ) ;
#3624 = LINE ( 'NONE', #2601, #4656 ) ;
#3625 = EDGE_CURVE ( 'NONE', #5724, #1554, #1224, .T. ) ;
#3626 = CARTESIAN_POINT ( 'NONE',  ( 0.4949999999999999956, -6.776263578034400401E-18, -0.2100000000000000200 ) ) ;
#3627 = LINE ( 'NONE', #3723, #4542 ) ;
#3628 = ORIENTED_EDGE ( 'NONE', *, *, #5295, .F. ) ;
#3629 = CARTESIAN_POINT ( 'NONE',  ( 0.3099999999999999978, -6.776263578034400401E-18, 0.4949999999999999956 ) ) ;
#3630 = VECTOR ( 'NONE', #1495, 1000.000000000000000 ) ;
#3631 = CARTESIAN_POINT ( 'NONE',  ( 0.0000000000000000000, 0.0000000000000000000, 0.0000000000000000000 ) ) ;
#3632 = LINE ( 'NONE', #3385, #5888 ) ;
#3633 = ORIENTED_EDGE ( 'NONE', *, *, #4498, .F. ) ;
#3634 = LINE ( 'NONE', #3971, #4403 ) ;
#3635 = EDGE_CURVE ( 'NONE', #1316, #3254, #12, .T. ) ;
#3636 = PLANE ( 'NONE',  #2465 ) ;
#3637 = ORIENTED_EDGE ( 'NONE', *, *, #5162, .T. ) ;
#3638 = DIRECTION ( 'NONE',  ( -0.0000000000000000000, 1.000000000000000000, 0.0000000000000000000 ) ) ;
#3639 = ORIENTED_EDGE ( 'NONE', *, *, #310, .T. ) ;
#3640 = ORIENTED_EDGE ( 'NONE', *, *, #2872, .F. ) ;
#3641 = CARTESIAN_POINT ( 'NONE',  ( 0.2100000000000000200, -6.776263578034400401E-18, 0.2100000000000000200 ) ) ;
#3642 = ORIENTED_EDGE ( 'NONE', *, *, #3101, .F. ) ;
#3643 = ORIENTED_EDGE ( 'NONE', *, *, #1577, .F. ) ;
#3644 = CARTESIAN_POINT ( 'NONE',  ( 0.05000000000000000278, -6.776263578034400401E-18, 0.05000000000000000278 ) ) ;
#3645 = ORIENTED_EDGE ( 'NONE', *, *, #3289, .T. ) ;
#3646 = CARTESIAN_POINT ( 'NONE',  ( -0.4949999999999999956, 0.0000000000000000000, -0.3099999999999999978 ) ) ;
#3647 = ORIENTED_EDGE ( 'NONE', *, *, #453, .F. ) ;
#3648 = ORIENTED_EDGE ( 'NONE', *, *, #4693, .F. ) ;
#3649 = CARTESIAN_POINT ( 'NONE',  ( -0.3099999999999999978, -6.776263578034400401E-18, -0.5000000000000000000 ) ) ;
#3650 = EDGE_CURVE ( 'NONE', #3410, #4497, #1081, .T. ) ;
#3651 = DIRECTION ( 'NONE',  ( 0.0000000000000000000, 0.0000000000000000000, 1.000000000000000000 ) ) ;
#3652 = CARTESIAN_POINT ( 'NONE',  ( 0.0000000000000000000, 0.0000000000000000000, 0.0000000000000000000 ) ) ;
#3653 = DIRECTION ( 'NONE',  ( 0.0000000000000000000, 0.0000000000000000000, -1.000000000000000000 ) ) ;
#3654 = FACE_OUTER_BOUND ( 'NONE', #2687, .T. ) ;
#3655 = DIRECTION ( 'NONE',  ( 0.0000000000000000000, 1.000000000000000000, 0.0000000000000000000 ) ) ;
#3656 = EDGE_CURVE ( 'NONE', #3506, #5020, #4579, .T. ) ;
#3657 = ORIENTED_EDGE ( 'NONE', *, *, #1393, .T. ) ;
#3658 = FACE_OUTER_BOUND ( 'NONE', #103, .T. ) ;
#3659 = FACE_OUTER_BOUND ( 'NONE', #4076, .T. ) ;
#3660 = LINE ( 'NONE', #3148, #3083 ) ;
#3661 = DIRECTION ( 'NONE',  ( 0.0000000000000000000, 0.0000000000000000000, -1.000000000000000000 ) ) ;
#3662 = CARTESIAN_POINT ( 'NONE',  ( 0.1324024845846046294, 0.2500000000000000000, 0.0000000000000000000 ) ) ;
#3663 = ORIENTED_EDGE ( 'NONE', *, *, #2074, .T. ) ;
#3664 = VECTOR ( 'NONE', #992, 1000.000000000000000 ) ;
#3665 = VECTOR ( 'NONE', #760, 1000.000000000000000 ) ;
#3666 = AXIS2_PLACEMENT_3D ( 'NONE', #759, #798, #3983 ) ;
#3667 = VERTEX_POINT ( 'NONE', #5565 ) ;
#3668 = EDGE_CURVE ( 'NONE', #2285, #3768, #5636, .T. ) ;
#3669 = LINE ( 'NONE', #350, #143 ) ;
#3670 = CARTESIAN_POINT ( 'NONE',  ( -0.3099999999999999978, -6.776263578034400401E-18, 0.4949999999999999956 ) ) ;
#3671 = PRESENTATION_STYLE_ASSIGNMENT (( #362 ) ) ;
#3672 = VECTOR ( 'NONE', #1170, 1000.000000000000000 ) ;
#3673 = SURFACE_STYLE_USAGE ( .BOTH. , #476 ) ;
#3674 = ORIENTED_EDGE ( 'NONE', *, *, #2730, .T. ) ;
#3675 = ORIENTED_EDGE ( 'NONE', *, *, #5610, .T. ) ;
#3676 = AXIS2_PLACEMENT_3D ( 'NONE', #3061, #3523, #795 ) ;
#3677 = CARTESIAN_POINT ( 'NONE',  ( 0.1053477934590670018, 0.2500000000000000000, -0.1758845661859115006 ) ) ;
#3678 = CARTESIAN_POINT ( 'NONE',  ( 0.05000000000000000278, 0.0000000000000000000, 0.5000000000000000000 ) ) ;
#3679 = CARTESIAN_POINT ( 'NONE',  ( -0.2100000000000000200, 0.05000000000000000278, 0.2100000000000000200 ) ) ;
#3680 = VERTEX_POINT ( 'NONE', #5132 ) ;
#3681 = AXIS2_PLACEMENT_3D ( 'NONE', #3003, #261, #3456 ) ;
#3682 = ORIENTED_EDGE ( 'NONE', *, *, #869, .T. ) ;
#3683 = CARTESIAN_POINT ( 'NONE',  ( -0.1187308496519079853, 0.05000000000000000278, 0.2146867790523304953 ) ) ;
#3684 = LINE ( 'NONE', #1761, #2458 ) ;
#3685 = PLANE ( 'NONE',  #2232 ) ;
#3686 = VECTOR ( 'NONE', #2873, 1000.000000000000000 ) ;
#3687 = DIRECTION ( 'NONE',  ( -0.0000000000000000000, 1.000000000000000000, 0.0000000000000000000 ) ) ;
#3688 = EDGE_CURVE ( 'NONE', #1920, #4556, #946, .T. ) ;
#3689 = FACE_OUTER_BOUND ( 'NONE', #2286, .T. ) ;
#3691 = EDGE_CURVE ( 'NONE', #3811, #4461, #2173, .T. ) ;
#3690 = VECTOR ( 'NONE', #2459, 1000.000000000000000 ) ;
#3692 = LINE ( 'NONE', #4833, #3554 ) ;
#3693 = VERTEX_POINT ( 'NONE', #5112 ) ;
#3694 = ORIENTED_EDGE ( 'NONE', *, *, #3469, .F. ) ;
#3695 = DIRECTION ( 'NONE',  ( -1.279960898073166052E-15, 0.0000000000000000000, -1.000000000000000000 ) ) ;
#3696 =( NAMED_UNIT ( * ) PLANE_ANGLE_UNIT ( ) SI_UNIT ( $, .RADIAN. ) );
#3697 = LINE ( 'NONE', #2187, #173 ) ;
#3698 = AXIS2_PLACEMENT_3D ( 'NONE', #4845, #1226, #4423 ) ;
#3699 = DIRECTION ( 'NONE',  ( -0.0000000000000000000, 1.000000000000000000, 0.0000000000000000000 ) ) ;
#3700 = EDGE_LOOP ( 'NONE', ( #2636, #5304, #3184, #2912 ) ) ;
#3701 = FACE_OUTER_BOUND ( 'NONE', #4555, .T. ) ;
#3702 = ORIENTED_EDGE ( 'NONE', *, *, #5767, .F. ) ;
#3703 = ORIENTED_EDGE ( 'NONE', *, *, #4144, .F. ) ;
#3704 = CARTESIAN_POINT ( 'NONE',  ( -0.4899999999999999911, 0.05000000000000000278, -0.3268298959158210115 ) ) ;
#3705 = ORIENTED_EDGE ( 'NONE', *, *, #2845, .T. ) ;
#3706 = EDGE_LOOP ( 'NONE', ( #5716, #110, #511, #3378 ) ) ;
#3707 = DIRECTION ( 'NONE',  ( -2.168404344971010446E-15, 0.0000000000000000000, -1.000000000000000000 ) ) ;
#3708 = LINE ( 'NONE', #3179, #4917 ) ;
#3709 = EDGE_CURVE ( 'NONE', #3251, #5758, #812, .T. ) ;
#3710 = ORIENTED_EDGE ( 'NONE', *, *, #5848, .F. ) ;
#3711 = AXIS2_PLACEMENT_3D ( 'NONE', #1323, #5424, #2705 ) ;
#3712 = ORIENTED_EDGE ( 'NONE', *, *, #1511, .T. ) ;
#3713 = VERTEX_POINT ( 'NONE', #4689 ) ;
#3714 = ORIENTED_EDGE ( 'NONE', *, *, #18, .T. ) ;
#3715 = DIRECTION ( 'NONE',  ( 1.000000000000000000, 0.0000000000000000000, 0.0000000000000000000 ) ) ;
#3716 = ADVANCED_FACE ( 'NONE', ( #3089 ), #600, .F. ) ;
#3717 = EDGE_CURVE ( 'NONE', #5476, #2714, #663, .T. ) ;
#3718 = DIRECTION ( 'NONE',  ( 0.0000000000000000000, 0.0000000000000000000, -1.000000000000000000 ) ) ;
#3719 = DIRECTION ( 'NONE',  ( 0.0000000000000000000, -1.000000000000000000, 0.0000000000000000000 ) ) ;
#3720 = EDGE_CURVE ( 'NONE', #2345, #2479, #1883, .T. ) ;
#3721 = LINE ( 'NONE', #5733, #2496 ) ;
#3722 = FACE_OUTER_BOUND ( 'NONE', #2543, .T. ) ;
#3723 = CARTESIAN_POINT ( 'NONE',  ( -0.1324024845846042131, 0.2500000000000000000, -0.04827599225835989966 ) ) ;
#3724 = FACE_OUTER_BOUND ( 'NONE', #1712, .T. ) ;
#3725 = ORIENTED_EDGE ( 'NONE', *, *, #2976, .T. ) ;
#3726 = ORIENTED_EDGE ( 'NONE', *, *, #4956, .F. ) ;
#3727 = VECTOR ( 'NONE', #1788, 1000.000000000000000 ) ;
#3728 = VECTOR ( 'NONE', #2085, 1000.000000000000000 ) ;
#3729 = EDGE_CURVE ( 'NONE', #1992, #4909, #4291, .T. ) ;
#3730 = VERTEX_POINT ( 'NONE', #4712 ) ;
#3731 = CARTESIAN_POINT ( 'NONE',  ( -0.4899999999999999911, 0.05000000000000000278, 3.761581922631320025E-34 ) ) ;
#3732 = VERTEX_POINT ( 'NONE', #5167 ) ;
#3733 = CARTESIAN_POINT ( 'NONE',  ( -0.1324024845846042131, 0.2500000000000000000, 0.0000000000000000000 ) ) ;
#3734 = LINE ( 'NONE', #1396, #5863 ) ;
#3735 = LINE ( 'NONE', #5619, #1309 ) ;
#3736 = CARTESIAN_POINT ( 'NONE',  ( -0.1187308496519079853, 0.05000000000000000278, 0.2146867790523304953 ) ) ;
#3737 = CARTESIAN_POINT ( 'NONE',  ( 0.2100000000000000200, -6.776263578034400401E-18, 0.4949999999999999956 ) ) ;
#3738 = PRESENTATION_STYLE_ASSIGNMENT (( #5650 ) ) ;
#3739 = VECTOR ( 'NONE', #4664, 1000.000000000000000 ) ;
#3740 = ORIENTED_EDGE ( 'NONE', *, *, #5256, .F. ) ;
#3741 = EDGE_CURVE ( 'NONE', #3484, #4921, #2937, .T. ) ;
#3742 = ADVANCED_FACE ( 'NONE', ( #5208 ), #5623, .F. ) ;
#3743 = CARTESIAN_POINT ( 'NONE',  ( -0.05000000000000000278, -6.776263578034400401E-18, 0.05000000000000000278 ) ) ;
#3744 = VERTEX_POINT ( 'NONE', #2448 ) ;
#3745 = EDGE_LOOP ( 'NONE', ( #5521, #5639, #5855, #4262 ) ) ;
#3746 = DIRECTION ( 'NONE',  ( 0.0000000000000000000, 0.0000000000000000000, -1.000000000000000000 ) ) ;
#3747 = LINE ( 'NONE', #3370, #1468 ) ;
#3748 = ORIENTED_EDGE ( 'NONE', *, *, #546, .F. ) ;
#3749 = DIRECTION ( 'NONE',  ( 0.0000000000000000000, 1.000000000000000000, 0.0000000000000000000 ) ) ;
#3750 = COLOUR_RGB ( '',1.000000000000000000, 1.000000000000000000, 1.000000000000000000 ) ;
#3751 = CARTESIAN_POINT ( 'NONE',  ( 0.2100000000000000200, 0.05000000000000000278, 1.962779795016865258E-17 ) ) ;
#3752 = CARTESIAN_POINT ( 'NONE',  ( 0.1187308496519081935, 0.05000000000000000278, 0.0000000000000000000 ) ) ;
#3753 = PRESENTATION_LAYER_ASSIGNMENT (  '', '', ( #3155 ) ) ;
#3754 = LINE ( 'NONE', #3492, #1329 ) ;
#3755 = FACE_OUTER_BOUND ( 'NONE', #2839, .T. ) ;
#3756 = ORIENTED_EDGE ( 'NONE', *, *, #1113, .F. ) ;
#3757 = DIRECTION ( 'NONE',  ( 0.0000000000000000000, 1.000000000000000000, 0.0000000000000000000 ) ) ;
#3758 = CARTESIAN_POINT ( 'NONE',  ( 0.2100000000000000200, 0.05000000000000000278, -0.4949999999999999956 ) ) ;
#3759 = LINE ( 'NONE', #3199, #1335 ) ;
#3760 = ORIENTED_EDGE ( 'NONE', *, *, #3327, .T. ) ;
#3761 = ADVANCED_FACE ( 'NONE', ( #1586 ), #1088, .F. ) ;
#3762 = EDGE_CURVE ( 'NONE', #2900, #5020, #372, .T. ) ;
#3763 = FACE_OUTER_BOUND ( 'NONE', #569, .T. ) ;
#3764 = UNCERTAINTY_MEASURE_WITH_UNIT (LENGTH_MEASURE( 1.000000000000000082E-05 ), #1571, 'distance_accuracy_value', 'NONE');
#3765 = CARTESIAN_POINT ( 'NONE',  ( 0.2933618639406084805, 0.2500000000000000000, 0.4800000000000000377 ) ) ;
#3766 = DIRECTION ( 'NONE',  ( 0.0000000000000000000, 1.000000000000000000, 0.0000000000000000000 ) ) ;
#3767 = ADVANCED_FACE ( 'NONE', ( #3873 ), #2924, .F. ) ;
#3768 = VERTEX_POINT ( 'NONE', #2466 ) ;
#3769 = ORIENTED_EDGE ( 'NONE', *, *, #5356, .T. ) ;
#3770 = CARTESIAN_POINT ( 'NONE',  ( -0.5000000000000000000, 0.0000000000000000000, 0.5000000000000000000 ) ) ;
#3771 =( GEOMETRIC_REPRESENTATION_CONTEXT ( 3 ) GLOBAL_UNCERTAINTY_ASSIGNED_CONTEXT ( ( #4475 ) ) GLOBAL_UNIT_ASSIGNED_CONTEXT ( ( #5664, #2945, #194 ) ) REPRESENTATION_CONTEXT ( 'NONE', 'WORKASPACE' ) );
#3772 = DIRECTION ( 'NONE',  ( 1.000000000000000000, 0.0000000000000000000, 0.0000000000000000000 ) ) ;
#3773 = ORIENTED_EDGE ( 'NONE', *, *, #4725, .T. ) ;
#3774 = DIRECTION ( 'NONE',  ( -1.000000000000000000, 0.0000000000000000000, 4.216341781888070115E-16 ) ) ;
#3775 = EDGE_CURVE ( 'NONE', #178, #2385, #2793, .T. ) ;
#3776 = DIRECTION ( 'NONE',  ( 1.000000000000000000, 0.0000000000000000000, 0.0000000000000000000 ) ) ;
#3777 = ORIENTED_EDGE ( 'NONE', *, *, #2983, .T. ) ;
#3778 = ORIENTED_EDGE ( 'NONE', *, *, #5327, .T. ) ;
#3779 = PRESENTATION_LAYER_ASSIGNMENT (  '', '', ( #4384 ) ) ;
#3780 = EDGE_LOOP ( 'NONE', ( #2803, #4198, #2767, #4660 ) ) ;
#3781 = DIRECTION ( 'NONE',  ( -0.0000000000000000000, 1.000000000000000000, 0.0000000000000000000 ) ) ;
#3782 = CLOSED_SHELL ( 'NONE', ( #3265, #5595, #853, #3922, #5100, #2647 ) ) ;
#3783 = ORIENTED_EDGE ( 'NONE', *, *, #656, .F. ) ;
#3784 = DIRECTION ( 'NONE',  ( 0.5375573387615438792, 0.0000000000000000000, 0.8432271980573247117 ) ) ;
#3785 = DIRECTION ( 'NONE',  ( 0.0000000000000000000, 0.0000000000000000000, 1.000000000000000000 ) ) ;
#3786 = LINE ( 'NONE', #4991, #4998 ) ;
#3787 =( GEOMETRIC_REPRESENTATION_CONTEXT ( 3 ) GLOBAL_UNCERTAINTY_ASSIGNED_CONTEXT ( ( #2717 ) ) GLOBAL_UNIT_ASSIGNED_CONTEXT ( ( #3827, #3363, #2925 ) ) REPRESENTATION_CONTEXT ( 'NONE', 'WORKASPACE' ) );
#3788 = DIRECTION ( 'NONE',  ( 0.0000000000000000000, -1.000000000000000000, 0.0000000000000000000 ) ) ;
#3789 = DIRECTION ( 'NONE',  ( 0.0000000000000000000, 1.000000000000000000, 0.0000000000000000000 ) ) ;
#3790 = ORIENTED_EDGE ( 'NONE', *, *, #3350, .F. ) ;
#3791 = ORIENTED_EDGE ( 'NONE', *, *, #2219, .F. ) ;
#3792 = DIRECTION ( 'NONE',  ( 1.000000000000000000, 0.0000000000000000000, 8.733850833911000162E-16 ) ) ;
#3793 = EDGE_LOOP ( 'NONE', ( #5175, #5614, #5658, #4713 ) ) ;
#3794 = VECTOR ( 'NONE', #3532, 1000.000000000000000 ) ;
#3795 = ADVANCED_FACE ( 'NONE', ( #1441 ), #5668, .F. ) ;
#3796 = LINE ( 'NONE', #1409, #4851 ) ;
#3797 = FACE_OUTER_BOUND ( 'NONE', #3780, .T. ) ;
#3798 = EDGE_CURVE ( 'NONE', #1589, #518, #5703, .T. ) ;
#3799 = ADVANCED_FACE ( 'NONE', ( #3430 ), #3415, .F. ) ;
#3800 = PLANE ( 'NONE',  #287 ) ;
#3801 = PLANE ( 'NONE',  #2108 ) ;
#3802 = VERTEX_POINT ( 'NONE', #2506 ) ;
#3803 = LINE ( 'NONE', #2099, #5564 ) ;
#3804 = VERTEX_POINT ( 'NONE', #4344 ) ;
#3805 = CIRCLE ( 'NONE', #616, 0.03499999999999998251 ) ;
#3806 = SURFACE_SIDE_STYLE ('',( #1980 ) ) ;
#3807 = VECTOR ( 'NONE', #4159, 1000.000000000000000 ) ;
#3808 = FACE_OUTER_BOUND ( 'NONE', #3221, .T. ) ;
#3809 = EDGE_CURVE ( 'NONE', #2562, #4402, #3294, .T. ) ;
#3810 = CARTESIAN_POINT ( 'NONE',  ( 0.0000000000000000000, 0.05000000000000000278, 0.0000000000000000000 ) ) ;
#3811 = VERTEX_POINT ( 'NONE', #1615 ) ;
#3812 = ORIENTED_EDGE ( 'NONE', *, *, #3798, .F. ) ;
#3813 = CARTESIAN_POINT ( 'NONE',  ( -0.4899999999999999911, 0.05000000000000000278, -0.2100000000000000200 ) ) ;
#3814 =( NAMED_UNIT ( * ) PLANE_ANGLE_UNIT ( ) SI_UNIT ( $, .RADIAN. ) );
#3815 = EDGE_CURVE ( 'NONE', #2830, #5542, #1001, .T. ) ;
#3816 = VERTEX_POINT ( 'NONE', #2077 ) ;
#3817 = CARTESIAN_POINT ( 'NONE',  ( -0.4899999999999999911, 0.05000000000000000278, 0.3204630797616150328 ) ) ;
#3818 = DIRECTION ( 'NONE',  ( -1.000000000000000000, 0.0000000000000000000, 0.0000000000000000000 ) ) ;
#3819 = ORIENTED_EDGE ( 'NONE', *, *, #3957, .F. ) ;
#3820 = VECTOR ( 'NONE', #370, 1000.000000000000000 ) ;
#3821 = FILL_AREA_STYLE_COLOUR ( '', #2467 ) ;
#3822 = VECTOR ( 'NONE', #3695, 1000.000000000000000 ) ;
#3823 = CARTESIAN_POINT ( 'NONE',  ( 0.0000000000000000000, 0.0000000000000000000, 0.3099999999999999978 ) ) ;
#3824 = VECTOR ( 'NONE', #5160, 1000.000000000000000 ) ;
#3825 = ADVANCED_FACE ( 'NONE', ( #4362 ), #3913, .F. ) ;
#3826 = DIRECTION ( 'NONE',  ( -1.000000000000000000, 0.0000000000000000000, 1.084202172485503818E-16 ) ) ;
#3827 =( LENGTH_UNIT ( ) NAMED_UNIT ( * ) SI_UNIT ( .MILLI., .METRE. ) );
#3828 = LINE ( 'NONE', #1085, #1400 ) ;
#3829 = DIRECTION ( 'NONE',  ( 1.000000000000000000, 3.748387598285359964E-34, 7.257160673890554726E-51 ) ) ;
#3830 = DIRECTION ( 'NONE',  ( 8.583267198843580056E-16, 0.0000000000000000000, -1.000000000000000000 ) ) ;
#3831 = EDGE_CURVE ( 'NONE', #2103, #5838, #1942, .T. ) ;
#3832 = LINE ( 'NONE', #4808, #1981 ) ;
#3833 = CARTESIAN_POINT ( 'NONE',  ( 0.0000000000000000000, 0.2500000000000000000, 0.0000000000000000000 ) ) ;
#3834 = VERTEX_POINT ( 'NONE', #4806 ) ;
#3835 = ORIENTED_EDGE ( 'NONE', *, *, #2255, .F. ) ;
#3836 = LINE ( 'NONE', #1701, #2626 ) ;
#3837 = ORIENTED_EDGE ( 'NONE', *, *, #4725, .F. ) ;
#3838 = DIRECTION ( 'NONE',  ( 0.0000000000000000000, 0.0000000000000000000, 1.000000000000000000 ) ) ;
#3839 = VECTOR ( 'NONE', #4028, 1000.000000000000000 ) ;
#3840 = VERTEX_POINT ( 'NONE', #3441 ) ;
#3841 = ORIENTED_EDGE ( 'NONE', *, *, #1757, .T. ) ;
#3842 = EDGE_CURVE ( 'NONE', #2561, #3949, #3167, .T. ) ;
#3843 = ORIENTED_EDGE ( 'NONE', *, *, #2412, .T. ) ;
#3844 = EDGE_LOOP ( 'NONE', ( #2974, #4679, #5731, #4673 ) ) ;
#3845 = FILL_AREA_STYLE ('',( #3821 ) ) ;
#3846 = VECTOR ( 'NONE', #418, 1000.000000000000000 ) ;
#3847 = DIRECTION ( 'NONE',  ( 0.0000000000000000000, 0.0000000000000000000, 1.000000000000000000 ) ) ;
#3848 = DIRECTION ( 'NONE',  ( 0.0000000000000000000, 1.000000000000000000, 0.0000000000000000000 ) ) ;
#3849 = ORIENTED_EDGE ( 'NONE', *, *, #1952, .T. ) ;
#3850 = ORIENTED_EDGE ( 'NONE', *, *, #3762, .F. ) ;
#3851 = EDGE_LOOP ( 'NONE', ( #3407, #897, #2158, #285 ) ) ;
#3852 = ORIENTED_EDGE ( 'NONE', *, *, #5788, .T. ) ;
#3853 = DIRECTION ( 'NONE',  ( -1.000000000000000000, 0.0000000000000000000, 2.168404344971010446E-15 ) ) ;
#3854 = UNCERTAINTY_MEASURE_WITH_UNIT (LENGTH_MEASURE( 1.000000000000000082E-05 ), #5846, 'distance_accuracy_value', 'NONE');
#3855 = DIRECTION ( 'NONE',  ( -1.000000000000000000, 0.0000000000000000000, -6.657381760875909730E-16 ) ) ;
#3856 = CARTESIAN_POINT ( 'NONE',  ( -0.3099999999999999978, -6.776263578034400401E-18, 0.4949999999999999956 ) ) ;
#3857 = EDGE_CURVE ( 'NONE', #2479, #2979, #5431, .T. ) ;
#3858 = DIRECTION ( 'NONE',  ( -1.000000000000000000, 0.0000000000000000000, 0.0000000000000000000 ) ) ;
#3859 = AXIS2_PLACEMENT_3D ( 'NONE', #685, #3877, #1129 ) ;
#3860 = ADVANCED_FACE ( 'NONE', ( #584 ), #1189, .F. ) ;
#3861 = VECTOR ( 'NONE', #3774, 1000.000000000000000 ) ;
#3862 = CARTESIAN_POINT ( 'NONE',  ( -0.5000000000000000000, 0.05000000000000000278, 0.5000000000000000000 ) ) ;
#3863 = CARTESIAN_POINT ( 'NONE',  ( -0.2100000000000000200, 0.0000000000000000000, -0.2100000000000000200 ) ) ;
#3864 = VERTEX_POINT ( 'NONE', #744 ) ;
#3865 = LINE ( 'NONE', #1650, #201 ) ;
#3866 = FACE_OUTER_BOUND ( 'NONE', #4883, .T. ) ;
#3867 = VECTOR ( 'NONE', #1357, 1000.000000000000000 ) ;
#3868 = CARTESIAN_POINT ( 'NONE',  ( 0.0000000000000000000, -6.776263578034400401E-18, 0.0000000000000000000 ) ) ;
#3869 = CARTESIAN_POINT ( 'NONE',  ( 0.1499999999999999944, 0.05000000000000000278, -0.05000000000000000278 ) ) ;
#3870 = CARTESIAN_POINT ( 'NONE',  ( -0.4949999999999999956, -6.776263578034400401E-18, 0.2100000000000000200 ) ) ;
#3871 = AXIS2_PLACEMENT_3D ( 'NONE', #4838, #296, #3493 ) ;
#3872 = EDGE_LOOP ( 'NONE', ( #1218, #4668, #128, #3945 ) ) ;
#3873 = FACE_OUTER_BOUND ( 'NONE', #1847, .T. ) ;
#3874 =( NAMED_UNIT ( * ) PLANE_ANGLE_UNIT ( ) SI_UNIT ( $, .RADIAN. ) );
#3875 = LINE ( 'NONE', #2208, #2794 ) ;
#3876 = ORIENTED_EDGE ( 'NONE', *, *, #4927, .F. ) ;
#3877 = DIRECTION ( 'NONE',  ( 0.0000000000000000000, 0.0000000000000000000, -1.000000000000000000 ) ) ;
#3878 = DIRECTION ( 'NONE',  ( -2.168404344971010446E-15, 0.0000000000000000000, -1.000000000000000000 ) ) ;
#3879 = CARTESIAN_POINT ( 'NONE',  ( 0.1053477934590670018, 0.05000000000000000278, -0.3021996039790479927 ) ) ;
#3880 = DIRECTION ( 'NONE',  ( 1.144970562449601516E-45, 1.094450726758207779E-30, 1.000000000000000000 ) ) ;
#3881 = DIRECTION ( 'NONE',  ( 0.0000000000000000000, -1.000000000000000000, 0.0000000000000000000 ) ) ;
#3882 = FACE_OUTER_BOUND ( 'NONE', #2034, .T. ) ;
#3883 = VECTOR ( 'NONE', #5166, 1000.000000000000000 ) ;
#3884 = EDGE_CURVE ( 'NONE', #530, #1927, #2090, .T. ) ;
#3885 = DIRECTION ( 'NONE',  ( 0.0000000000000000000, 1.000000000000000000, 0.0000000000000000000 ) ) ;
#3886 = VECTOR ( 'NONE', #632, 1000.000000000000000 ) ;
#3887 = DIRECTION ( 'NONE',  ( -1.000000000000000000, 0.0000000000000000000, 2.168404344971010446E-15 ) ) ;
#3888 = EDGE_CURVE ( 'NONE', #5514, #2281, #3006, .T. ) ;
#3889 = VERTEX_POINT ( 'NONE', #288 ) ;
#3890 = DIRECTION ( 'NONE',  ( -1.000000000000000000, 0.0000000000000000000, 0.0000000000000000000 ) ) ;
#3891 = DIRECTION ( 'NONE',  ( 0.0000000000000000000, -1.000000000000000000, 0.0000000000000000000 ) ) ;
#3892 = DIRECTION ( 'NONE',  ( 1.000000000000000000, 0.0000000000000000000, 0.0000000000000000000 ) ) ;
#3893 = VERTEX_POINT ( 'NONE', #3952 ) ;
#3894 = MECHANICAL_DESIGN_GEOMETRIC_PRESENTATION_REPRESENTATION (  '', ( #2966 ), #4190 ) ;
#3895 = ADVANCED_FACE ( 'NONE', ( #5138 ), #1686, .F. ) ;
#3896 = PLANE ( 'NONE',  #1023 ) ;
#3897 = ORIENTED_EDGE ( 'NONE', *, *, #546, .T. ) ;
#3898 = DIRECTION ( 'NONE',  ( 1.000000000000000000, 0.0000000000000000000, 0.0000000000000000000 ) ) ;
#3899 = CARTESIAN_POINT ( 'NONE',  ( 0.3099999999999999978, 0.0000000000000000000, 0.0000000000000000000 ) ) ;
#3900 = DIRECTION ( 'NONE',  ( -1.000000000000000000, 0.0000000000000000000, 0.0000000000000000000 ) ) ;
#3901 = CARTESIAN_POINT ( 'NONE',  ( -0.2100000000000000200, -6.776263578034400401E-18, 0.4949999999999999956 ) ) ;
#3902 = CARTESIAN_POINT ( 'NONE',  ( 9.813898975084309034E-17, 0.0000000000000000000, 0.2100000000000000200 ) ) ;
#3903 = ORIENTED_EDGE ( 'NONE', *, *, #1092, .T. ) ;
#3904 = EDGE_CURVE ( 'NONE', #2778, #4764, #5284, .T. ) ;
#3905 = VECTOR ( 'NONE', #4822, 1000.000000000000000 ) ;
#3906 = LINE ( 'NONE', #4387, #4974 ) ;
#3907 = LINE ( 'NONE', #4124, #1332 ) ;
#3908 = ORIENTED_EDGE ( 'NONE', *, *, #2683, .F. ) ;
#3909 = EDGE_CURVE ( 'NONE', #1645, #4840, #2856, .T. ) ;
#3910 = FACE_OUTER_BOUND ( 'NONE', #3253, .T. ) ;
#3911 = CARTESIAN_POINT ( 'NONE',  ( 0.5000000000000000000, 0.05000000000000000278, 0.05000000000000000278 ) ) ;
#3912 = VERTEX_POINT ( 'NONE', #3969 ) ;
#3913 = PLANE ( 'NONE',  #3470 ) ;
#3914 = VECTOR ( 'NONE', #200, 1000.000000000000000 ) ;
#3915 = DIRECTION ( 'NONE',  ( 1.000000000000000000, -4.216341781888070115E-16, 0.0000000000000000000 ) ) ;
#3916 = EDGE_CURVE ( 'NONE', #4578, #2211, #286, .T. ) ;
#3917 = DIRECTION ( 'NONE',  ( 0.0000000000000000000, -1.000000000000000000, 0.0000000000000000000 ) ) ;
#3918 = CARTESIAN_POINT ( 'NONE',  ( 0.2100000000000000200, -6.776263578034400401E-18, 0.4949999999999999956 ) ) ;
#3919 = ORIENTED_EDGE ( 'NONE', *, *, #2482, .T. ) ;
#3920 = CARTESIAN_POINT ( 'NONE',  ( 0.1053477934590670018, 0.05000000000000000278, -0.1758845661859115006 ) ) ;
#3921 = VERTEX_POINT ( 'NONE', #1702 ) ;
#3922 = ADVANCED_FACE ( 'NONE', ( #3942 ), #2615, .F. ) ;
#3923 = ORIENTED_EDGE ( 'NONE', *, *, #3688, .T. ) ;
#3924 = ORIENTED_EDGE ( 'NONE', *, *, #5349, .T. ) ;
#3925 = ORIENTED_EDGE ( 'NONE', *, *, #4054, .F. ) ;
#3926 = EDGE_CURVE ( 'NONE', #272, #1569, #1509, .T. ) ;
#3927 = AXIS2_PLACEMENT_3D ( 'NONE', #5193, #1559, #182 ) ;
#3928 = EDGE_LOOP ( 'NONE', ( #3234, #425, #1096, #3529, #2351, #3291 ) ) ;
#3929 = EDGE_LOOP ( 'NONE', ( #698, #2414, #2270, #3637 ) ) ;
#3930 = VERTEX_POINT ( 'NONE', #783 ) ;
#3931 = PLANE ( 'NONE',  #1871 ) ;
#3932 = CARTESIAN_POINT ( 'NONE',  ( -0.2100000000000000200, -6.776263578034400401E-18, 0.2100000000000000200 ) ) ;
#3933 = CARTESIAN_POINT ( 'NONE',  ( -0.4899999999999999911, 0.05000000000000000278, 0.3204630797616150328 ) ) ;
#3934 = EDGE_CURVE ( 'NONE', #3603, #151, #130, .T. ) ;
#3935 = FACE_OUTER_BOUND ( 'NONE', #70, .T. ) ;
#3936 = VECTOR ( 'NONE', #1657, 1000.000000000000000 ) ;
#3937 = CARTESIAN_POINT ( 'NONE',  ( 0.2801399107849885106, 0.2500000000000000000, -0.4800000000000000377 ) ) ;
#3938 = AXIS2_PLACEMENT_3D ( 'NONE', #4760, #4777, #2070 ) ;
#3939 = CARTESIAN_POINT ( 'NONE',  ( 1.073360150760649981E-15, 0.05000000000000000278, 0.4949999999999999956 ) ) ;
#3940 = ORIENTED_EDGE ( 'NONE', *, *, #1881, .T. ) ;
#3941 = ORIENTED_EDGE ( 'NONE', *, *, #5434, .T. ) ;
#3942 = FACE_OUTER_BOUND ( 'NONE', #1999, .T. ) ;
#3943 = DIRECTION ( 'NONE',  ( 1.000000000000000000, 0.0000000000000000000, 0.0000000000000000000 ) ) ;
#3944 = VECTOR ( 'NONE', #3540, 1000.000000000000000 ) ;
#3945 = ORIENTED_EDGE ( 'NONE', *, *, #2422, .F. ) ;
#3946 = FILL_AREA_STYLE_COLOUR ( '', #5000 ) ;
#3947 = CARTESIAN_POINT ( 'NONE',  ( 0.3099999999999999978, -6.776263578034400401E-18, -0.5000000000000000000 ) ) ;
#3948 = ADVANCED_FACE ( 'NONE', ( #3658 ), #2188, .F. ) ;
#3949 = VERTEX_POINT ( 'NONE', #5359 ) ;
#3950 = EDGE_CURVE ( 'NONE', #2049, #271, #2583, .T. ) ;
#3951 = VECTOR ( 'NONE', #4846, 1000.000000000000000 ) ;
#3952 = CARTESIAN_POINT ( 'NONE',  ( 0.4949999999999999956, 0.05000000000000000278, 0.3099999999999999978 ) ) ;
#3953 = FACE_OUTER_BOUND ( 'NONE', #5119, .T. ) ;
#3954 = CARTESIAN_POINT ( 'NONE',  ( 0.2933618639406084805, 0.05000000000000000278, 0.4800000000000000377 ) ) ;
#3955 = ORIENTED_EDGE ( 'NONE', *, *, #2094, .T. ) ;
#3956 = ORIENTED_EDGE ( 'NONE', *, *, #4796, .F. ) ;
#3957 = EDGE_CURVE ( 'NONE', #349, #2778, #1366, .T. ) ;
#3958 = VERTEX_POINT ( 'NONE', #4470 ) ;
#3959 = CARTESIAN_POINT ( 'NONE',  ( 0.4650000000000000244, 0.05000000000000000278, 0.5000000000000000000 ) ) ;
#3960 =( NAMED_UNIT ( * ) SI_UNIT ( $, .STERADIAN. ) SOLID_ANGLE_UNIT ( ) );
#3961 = ORIENTED_EDGE ( 'NONE', *, *, #4427, .F. ) ;
#3962 = DIRECTION ( 'NONE',  ( 1.000000000000000000, 0.0000000000000000000, 0.0000000000000000000 ) ) ;
#3963 = DIRECTION ( 'NONE',  ( -4.755272686339930310E-16, 0.0000000000000000000, -1.000000000000000000 ) ) ;
#3964 = CARTESIAN_POINT ( 'NONE',  ( -0.5000000000000000000, -6.776263578034400401E-18, -0.3099999999999999978 ) ) ;
#3965 = VECTOR ( 'NONE', #1263, 1000.000000000000000 ) ;
#3966 = CARTESIAN_POINT ( 'NONE',  ( -0.5000000000000000000, -6.776263578034400401E-18, 0.5000000000000000000 ) ) ;
#3967 = EDGE_CURVE ( 'NONE', #2479, #2290, #3, .T. ) ;
#3968 = AXIS2_PLACEMENT_3D ( 'NONE', #3629, #1344, #4534 ) ;
#3969 = CARTESIAN_POINT ( 'NONE',  ( 0.05000000000000000278, 0.05000000000000000278, -0.5000000000000000000 ) ) ;
#3970 = CIRCLE ( 'NONE', #1639, 0.03499999999999998251 ) ;
#3971 = CARTESIAN_POINT ( 'NONE',  ( -0.3099999999999999978, 0.05000000000000000278, 0.5000000000000000000 ) ) ;
#3972 = DIRECTION ( 'NONE',  ( -0.5375573387615438792, 0.0000000000000000000, -0.8432271980573247117 ) ) ;
#3973 = ORIENTED_EDGE ( 'NONE', *, *, #3011, .T. ) ;
#3974 = ORIENTED_EDGE ( 'NONE', *, *, #668, .F. ) ;
#3975 = DIRECTION ( 'NONE',  ( 0.0000000000000000000, 0.0000000000000000000, -1.000000000000000000 ) ) ;
#3976 = LINE ( 'NONE', #1231, #329 ) ;
#3977 = PLANE ( 'NONE',  #1059 ) ;
#3978 = ADVANCED_FACE ( 'NONE', ( #2432 ), #5829, .T. ) ;
#3979 = VERTEX_POINT ( 'NONE', #5384 ) ;
#3980 = LINE ( 'NONE', #5843, #4907 ) ;
#3981 = VERTEX_POINT ( 'NONE', #4036 ) ;
#3982 = ORIENTED_EDGE ( 'NONE', *, *, #2255, .T. ) ;
#3983 = DIRECTION ( 'NONE',  ( 0.0000000000000000000, -1.000000000000000000, 0.0000000000000000000 ) ) ;
#3984 = DIRECTION ( 'NONE',  ( -1.000000000000000000, 0.0000000000000000000, 0.0000000000000000000 ) ) ;
#3985 = DIRECTION ( 'NONE',  ( 0.0000000000000000000, 1.000000000000000000, 0.0000000000000000000 ) ) ;
#3986 = ORIENTED_EDGE ( 'NONE', *, *, #1372, .T. ) ;
#3987 = EDGE_LOOP ( 'NONE', ( #4836, #4318, #4680, #5837, #5726, #5908, #449, #2826, #730, #4369 ) ) ;
#3988 = CARTESIAN_POINT ( 'NONE',  ( 0.5000000000000000000, 0.05000000000000000278, 0.3099999999999999978 ) ) ;
#3989 = CARTESIAN_POINT ( 'NONE',  ( 0.0000000000000000000, 0.05000000000000000278, 0.0000000000000000000 ) ) ;
#3990 = ORIENTED_EDGE ( 'NONE', *, *, #4091, .T. ) ;
#3991 = LINE ( 'NONE', #1787, #3846 ) ;
#3992 = CARTESIAN_POINT ( 'NONE',  ( -0.4949999999999999956, 0.05000000000000000278, 0.3099999999999999978 ) ) ;
#3993 = EDGE_CURVE ( 'NONE', #60, #989, #5777, .T. ) ;
#3994 = CARTESIAN_POINT ( 'NONE',  ( 0.0000000000000000000, 0.05000000000000000278, -0.4800000000000000377 ) ) ;
#3995 = ORIENTED_EDGE ( 'NONE', *, *, #1074, .T. ) ;
#3996 = DIRECTION ( 'NONE',  ( -1.000000000000000000, 0.0000000000000000000, 0.0000000000000000000 ) ) ;
#3997 = CARTESIAN_POINT ( 'NONE',  ( -0.3099999999999999978, -6.776263578034400401E-18, 0.5000000000000000000 ) ) ;
#3998 = ORIENTED_EDGE ( 'NONE', *, *, #4116, .F. ) ;
#3999 = VERTEX_POINT ( 'NONE', #5404 ) ;
#4000 = EDGE_CURVE ( 'NONE', #2488, #3222, #3357, .T. ) ;
#4001 = CARTESIAN_POINT ( 'NONE',  ( -0.4899999999999999911, 0.2500000000000000000, -0.3268298959158210115 ) ) ;
#4002 = CARTESIAN_POINT ( 'NONE',  ( 0.4899999999999999911, 0.2500000000000000000, -0.2783841551168639850 ) ) ;
#4003 = LINE ( 'NONE', #5567, #3861 ) ;
#4004 = AXIS2_PLACEMENT_3D ( 'NONE', #10, #28, #3233 ) ;
#4005 = CARTESIAN_POINT ( 'NONE',  ( -0.3099999999999999978, 0.05000000000000000278, 0.4949999999999999956 ) ) ;
#4006 = DIRECTION ( 'NONE',  ( 0.0000000000000000000, -1.000000000000000000, 0.0000000000000000000 ) ) ;
#4007 = DIRECTION ( 'NONE',  ( 0.0000000000000000000, 0.0000000000000000000, -1.000000000000000000 ) ) ;
#4008 = VECTOR ( 'NONE', #2995, 1000.000000000000000 ) ;
#4009 = FACE_OUTER_BOUND ( 'NONE', #5469, .T. ) ;
#4010 = DIRECTION ( 'NONE',  ( -1.000000000000000000, 0.0000000000000000000, 0.0000000000000000000 ) ) ;
#4011 = VECTOR ( 'NONE', #4986, 1000.000000000000000 ) ;
#4012 = EDGE_LOOP ( 'NONE', ( #5011, #5069, #3477, #4038, #2949 ) ) ;
#4013 = EDGE_CURVE ( 'NONE', #1460, #1992, #1076, .T. ) ;
#4014 = DIRECTION ( 'NONE',  ( 0.0000000000000000000, 0.0000000000000000000, -1.000000000000000000 ) ) ;
#4015 = CARTESIAN_POINT ( 'NONE',  ( -0.04999999999999939909, 0.05000000000000000278, 0.5000000000000000000 ) ) ;
#4016 = ADVANCED_FACE ( 'NONE', ( #4432 ), #401, .F. ) ;
#4017 = AXIS2_PLACEMENT_3D ( 'NONE', #5892, #3187, #454 ) ;
#4018 = ORIENTED_EDGE ( 'NONE', *, *, #2291, .F. ) ;
#4019 = VECTOR ( 'NONE', #2903, 1000.000000000000000 ) ;
#4020 = VECTOR ( 'NONE', #325, 1000.000000000000000 ) ;
#4021 =( NAMED_UNIT ( * ) SI_UNIT ( $, .STERADIAN. ) SOLID_ANGLE_UNIT ( ) );
#4022 = VERTEX_POINT ( 'NONE', #3144 ) ;
#4023 = VECTOR ( 'NONE', #4380, 1000.000000000000000 ) ;
#4024 = CARTESIAN_POINT ( 'NONE',  ( -0.2933618639406079809, 0.05000000000000000278, 0.4437942073613649896 ) ) ;
#4025 = EDGE_CURVE ( 'NONE', #151, #5570, #941, .T. ) ;
#4026 = FACE_OUTER_BOUND ( 'NONE', #1000, .T. ) ;
#4027 = VECTOR ( 'NONE', #1067, 1000.000000000000000 ) ;
#4028 = DIRECTION ( 'NONE',  ( -2.168404344971010446E-15, 0.0000000000000000000, -1.000000000000000000 ) ) ;
#4029 = CARTESIAN_POINT ( 'NONE',  ( -0.2933618639406079809, 0.05000000000000000278, 0.4800000000000000377 ) ) ;
#4030 = VECTOR ( 'NONE', #1079, 1000.000000000000000 ) ;
#4031 = CARTESIAN_POINT ( 'NONE',  ( -0.2100000000000000200, 0.05000000000000000278, -1.766501815515174911E-16 ) ) ;
#4032 = VERTEX_POINT ( 'NONE', #2251 ) ;
#4033 = UNCERTAINTY_MEASURE_WITH_UNIT (LENGTH_MEASURE( 1.000000000000000082E-05 ), #4926, 'distance_accuracy_value', 'NONE');
#4034 = EDGE_CURVE ( 'NONE', #3068, #5190, #3230, .T. ) ;
#4035 = FILL_AREA_STYLE ('',( #2231 ) ) ;
#4036 = CARTESIAN_POINT ( 'NONE',  ( 0.3099999999999999978, 0.0000000000000000000, -0.5000000000000000000 ) ) ;
#4037 = ORIENTED_EDGE ( 'NONE', *, *, #4467, .F. ) ;
#4038 = ORIENTED_EDGE ( 'NONE', *, *, #3038, .F. ) ;
#4039 = DIRECTION ( 'NONE',  ( 1.000000000000000000, 0.0000000000000000000, 0.0000000000000000000 ) ) ;
#4040 = ORIENTED_EDGE ( 'NONE', *, *, #2422, .T. ) ;
#4041 = CARTESIAN_POINT ( 'NONE',  ( -0.3202182358878855606, 0.05000000000000000278, -0.4800000000000000377 ) ) ;
#4042 = UNCERTAINTY_MEASURE_WITH_UNIT (LENGTH_MEASURE( 1.000000000000000082E-05 ), #621, 'distance_accuracy_value', 'NONE');
#4043 = VECTOR ( 'NONE', #472, 1000.000000000000000 ) ;
#4044 = EDGE_CURVE ( 'NONE', #742, #2561, #4699, .T. ) ;
#4045 = AXIS2_PLACEMENT_3D ( 'NONE', #3188, #4107, #1361 ) ;
#4046 = DIRECTION ( 'NONE',  ( -0.0000000000000000000, 1.000000000000000000, 0.0000000000000000000 ) ) ;
#4047 = CARTESIAN_POINT ( 'NONE',  ( -0.4899999999999999911, 0.05000000000000000278, -0.05000000000000000278 ) ) ;
#4048 = ORIENTED_EDGE ( 'NONE', *, *, #2219, .T. ) ;
#4049 = VECTOR ( 'NONE', #3451, 1000.000000000000000 ) ;
#4050 = ADVANCED_FACE ( 'NONE', ( #4286 ), #695, .T. ) ;
#4051 = LINE ( 'NONE', #3918, #5242 ) ;
#4052 = DIRECTION ( 'NONE',  ( 1.000000000000000000, 0.0000000000000000000, 0.0000000000000000000 ) ) ;
#4053 = DIRECTION ( 'NONE',  ( -1.000000000000000000, 0.0000000000000000000, 1.279960898073166052E-15 ) ) ;
#4054 = EDGE_CURVE ( 'NONE', #3744, #1929, #654, .T. ) ;
#4055 = VECTOR ( 'NONE', #3651, 1000.000000000000000 ) ;
#4056 = ORIENTED_EDGE ( 'NONE', *, *, #4522, .T. ) ;
#4057 =( NAMED_UNIT ( * ) PLANE_ANGLE_UNIT ( ) SI_UNIT ( $, .RADIAN. ) );
#4058 = AXIS2_PLACEMENT_3D ( 'NONE', #4621, #1917, #5084 ) ;
#4059 = DIRECTION ( 'NONE',  ( 0.0000000000000000000, -1.000000000000000000, 0.0000000000000000000 ) ) ;
#4060 = LINE ( 'NONE', #4523, #412 ) ;
#4061 = FACE_OUTER_BOUND ( 'NONE', #5135, .T. ) ;
#4062 = CARTESIAN_POINT ( 'NONE',  ( 0.5000000000000000000, 0.2500000000000000000, 0.5000000000000000000 ) ) ;
#4063 = EDGE_LOOP ( 'NONE', ( #913, #4570, #1374, #2480 ) ) ;
#4064 = DIRECTION ( 'NONE',  ( 0.0000000000000000000, 0.0000000000000000000, -1.000000000000000000 ) ) ;
#4065 = LINE ( 'NONE', #5673, #2828 ) ;
#4066 = DIRECTION ( 'NONE',  ( 0.0000000000000000000, 0.0000000000000000000, 1.000000000000000000 ) ) ;
#4067 = ORIENTED_EDGE ( 'NONE', *, *, #3530, .T. ) ;
#4068 = ORIENTED_EDGE ( 'NONE', *, *, #4044, .T. ) ;
#4069 = CARTESIAN_POINT ( 'NONE',  ( -0.4899999999999999911, 0.2500000000000000000, 0.3204630797616150328 ) ) ;
#4070 = EDGE_LOOP ( 'NONE', ( #5626, #4857, #51, #2323, #2876, #2775, #148, #42, #5116, #4970, #1923, #1801 ) ) ;
#4071 = MECHANICAL_DESIGN_GEOMETRIC_PRESENTATION_REPRESENTATION (  '', ( #3155 ), #4360 ) ;
#4072 = ORIENTED_EDGE ( 'NONE', *, *, #5022, .T. ) ;
#4073 = VERTEX_POINT ( 'NONE', #4337 ) ;
#4074 = DIRECTION ( 'NONE',  ( 1.000000000000000000, 0.0000000000000000000, -1.084202172485503818E-16 ) ) ;
#4075 = DIRECTION ( 'NONE',  ( 0.0000000000000000000, 1.000000000000000000, 0.0000000000000000000 ) ) ;
#4076 = EDGE_LOOP ( 'NONE', ( #3555, #2713, #3748, #709, #568 ) ) ;
#4077 = DIRECTION ( 'NONE',  ( 0.0000000000000000000, -1.000000000000000000, 0.0000000000000000000 ) ) ;
#4078 = EDGE_LOOP ( 'NONE', ( #5346, #1764, #5370, #4508 ) ) ;
#4079 = ORIENTED_EDGE ( 'NONE', *, *, #2169, .T. ) ;
#4080 = VERTEX_POINT ( 'NONE', #4780 ) ;
#4081 = ADVANCED_FACE ( 'NONE', ( #3081 ), #2521, .F. ) ;
#4082 = CARTESIAN_POINT ( 'NONE',  ( -0.4899999999999999911, 0.05000000000000000278, 0.3204630797616150328 ) ) ;
#4083 = EDGE_CURVE ( 'NONE', #958, #894, #2931, .T. ) ;
#4084 = PLANE ( 'NONE',  #4314 ) ;
#4085 = LINE ( 'NONE', #4513, #1653 ) ;
#4086 = FACE_OUTER_BOUND ( 'NONE', #1671, .T. ) ;
#4087 = DIRECTION ( 'NONE',  ( 0.0000000000000000000, 0.0000000000000000000, 1.000000000000000000 ) ) ;
#4088 = FACE_OUTER_BOUND ( 'NONE', #1188, .T. ) ;
#4089 = PLANE ( 'NONE',  #3968 ) ;
#4090 = CARTESIAN_POINT ( 'NONE',  ( 0.0000000000000000000, 0.2500000000000000000, -0.4800000000000000377 ) ) ;
#4091 = EDGE_CURVE ( 'NONE', #949, #1229, #4151, .T. ) ;
#4092 = EDGE_LOOP ( 'NONE', ( #135, #1271, #2029, #4110 ) ) ;
#4093 = ORIENTED_EDGE ( 'NONE', *, *, #353, .T. ) ;
#4094 = VECTOR ( 'NONE', #1663, 1000.000000000000000 ) ;
#4095 = AXIS2_PLACEMENT_3D ( 'NONE', #3299, #566, #3757 ) ;
#4096 = VECTOR ( 'NONE', #4429, 1000.000000000000000 ) ;
#4097 = DIRECTION ( 'NONE',  ( 0.0000000000000000000, -1.000000000000000000, 0.0000000000000000000 ) ) ;
#4098 = DIRECTION ( 'NONE',  ( 0.5313375409768639202, 0.0000000000000000000, 0.8471602077226357830 ) ) ;
#4099 = EDGE_LOOP ( 'NONE', ( #4949, #3482, #5362, #2033 ) ) ;
#4100 = COLOUR_RGB ( '',1.000000000000000000, 1.000000000000000000, 1.000000000000000000 ) ;
#4101 = VERTEX_POINT ( 'NONE', #4800 ) ;
#4102 = AXIS2_PLACEMENT_3D ( 'NONE', #4385, #4831, #2124 ) ;
#4103 = CARTESIAN_POINT ( 'NONE',  ( 0.1187308496519081935, 0.05000000000000000278, 0.3487332069152305203 ) ) ;
#4104 = LINE ( 'NONE', #305, #5012 ) ;
#4105 = VECTOR ( 'NONE', #2928, 1000.000000000000000 ) ;
#4106 = CARTESIAN_POINT ( 'NONE',  ( 0.0000000000000000000, 0.0000000000000000000, 0.0000000000000000000 ) ) ;
#4107 = DIRECTION ( 'NONE',  ( 1.000000000000000000, 0.0000000000000000000, 0.0000000000000000000 ) ) ;
#4108 = ORIENTED_EDGE ( 'NONE', *, *, #2768, .T. ) ;
#4109 = DIRECTION ( 'NONE',  ( 1.000000000000000000, 0.0000000000000000000, 0.0000000000000000000 ) ) ;
#4110 = ORIENTED_EDGE ( 'NONE', *, *, #3842, .T. ) ;
#4111 = CARTESIAN_POINT ( 'NONE',  ( -0.3099999999999999978, 0.05000000000000000278, -0.5000000000000000000 ) ) ;
#4112 = EDGE_CURVE ( 'NONE', #2297, #1659, #1729, .T. ) ;
#4113 = CARTESIAN_POINT ( 'NONE',  ( -0.5000000000000000000, 0.05000000000000000278, -0.05000000000000000278 ) ) ;
#4114 = ORIENTED_EDGE ( 'NONE', *, *, #2374, .F. ) ;
#4115 = FACE_OUTER_BOUND ( 'NONE', #2703, .T. ) ;
#4116 = EDGE_CURVE ( 'NONE', #2226, #3410, #5200, .T. ) ;
#4117 = CARTESIAN_POINT ( 'NONE',  ( 0.05000000000000000278, -6.776263578034400401E-18, 0.5000000000000000000 ) ) ;
#4118 = AXIS2_PLACEMENT_3D ( 'NONE', #115, #597, #3785 ) ;
#4119 = DIRECTION ( 'NONE',  ( 1.000000000000000000, 0.0000000000000000000, 0.0000000000000000000 ) ) ;
#4120 = AXIS2_PLACEMENT_3D ( 'NONE', #5832, #3124, #383 ) ;
#4121 = CARTESIAN_POINT ( 'NONE',  ( -0.2100000000000000200, 0.05000000000000000278, -0.2100000000000000200 ) ) ;
#4122 = ORIENTED_EDGE ( 'NONE', *, *, #1688, .T. ) ;
#4123 = ORIENTED_EDGE ( 'NONE', *, *, #981, .T. ) ;
#4124 = CARTESIAN_POINT ( 'NONE',  ( -0.1187308496519079853, 0.05000000000000000278, 0.3487332069152305203 ) ) ;
#4125 =( NAMED_UNIT ( * ) PLANE_ANGLE_UNIT ( ) SI_UNIT ( $, .RADIAN. ) );
#4126 = PLANE ( 'NONE',  #5094 ) ;
#4127 = FACE_OUTER_BOUND ( 'NONE', #4914, .T. ) ;
#4128 = EDGE_CURVE ( 'NONE', #1986, #5817, #5357, .T. ) ;
#4129 = CARTESIAN_POINT ( 'NONE',  ( 0.1499999999999999944, 0.05000000000000000278, -0.05000000000000000278 ) ) ;
#4130 = VERTEX_POINT ( 'NONE', #1176 ) ;
#4131 = AXIS2_PLACEMENT_3D ( 'NONE', #4090, #5446, #2728 ) ;
#4132 = EDGE_LOOP ( 'NONE', ( #830, #4854, #3112, #2720 ) ) ;
#4133 = ORIENTED_EDGE ( 'NONE', *, *, #3950, .T. ) ;
#4134 = EDGE_LOOP ( 'NONE', ( #3663, #4753, #149, #1684 ) ) ;
#4135 = EDGE_LOOP ( 'NONE', ( #2692, #2354, #939, #1983 ) ) ;
#4136 = CARTESIAN_POINT ( 'NONE',  ( 0.5000000000000000000, 0.0000000000000000000, -0.5000000000000000000 ) ) ;
#4137 = ORIENTED_EDGE ( 'NONE', *, *, #5199, .T. ) ;
#4138 = LINE ( 'NONE', #3597, #2773 ) ;
#4139 = EDGE_LOOP ( 'NONE', ( #2037, #5787, #4778, #775 ) ) ;
#4140 = CARTESIAN_POINT ( 'NONE',  ( 0.1053477934590670018, 0.2500000000000000000, 0.0000000000000000000 ) ) ;
#4141 = EDGE_LOOP ( 'NONE', ( #4535, #3475, #1355, #4898, #4148 ) ) ;
#4142 = ORIENTED_EDGE ( 'NONE', *, *, #2473, .T. ) ;
#4143 = CARTESIAN_POINT ( 'NONE',  ( 0.1187308496519081935, 0.05000000000000000278, 0.3487332069152305203 ) ) ;
#4144 = EDGE_CURVE ( 'NONE', #3834, #3816, #2785, .T. ) ;
#4145 = DIRECTION ( 'NONE',  ( 0.0000000000000000000, 0.0000000000000000000, -1.000000000000000000 ) ) ;
#4146 = CARTESIAN_POINT ( 'NONE',  ( -0.1187308496519079853, 0.2500000000000000000, 0.2146867790523304953 ) ) ;
#4147 = FACE_OUTER_BOUND ( 'NONE', #4799, .T. ) ;
#4148 = ORIENTED_EDGE ( 'NONE', *, *, #5773, .T. ) ;
#4149 = EDGE_CURVE ( 'NONE', #3889, #2962, #3865, .T. ) ;
#4150 = ORIENTED_EDGE ( 'NONE', *, *, #3248, .T. ) ;
#4151 = LINE ( 'NONE', #3408, #506 ) ;
#4152 = LINE ( 'NONE', #1975, #1580 ) ;
#4153 = LINE ( 'NONE', #3166, #5360 ) ;
#4154 = CARTESIAN_POINT ( 'NONE',  ( -0.2100000000000000200, -6.776263578034400401E-18, -0.4949999999999999956 ) ) ;
#4155 = ORIENTED_EDGE ( 'NONE', *, *, #668, .T. ) ;
#4156 = VECTOR ( 'NONE', #1070, 1000.000000000000000 ) ;
#4157 = PRESENTATION_STYLE_ASSIGNMENT (( #2678 ) ) ;
#4158 = LINE ( 'NONE', #2634, #1587 ) ;
#4159 = DIRECTION ( 'NONE',  ( -1.000000000000000000, 0.0000000000000000000, 0.0000000000000000000 ) ) ;
#4160 = VERTEX_POINT ( 'NONE', #3473 ) ;
#4161 = EDGE_CURVE ( 'NONE', #4160, #2940, #3721, .T. ) ;
#4162 = LINE ( 'NONE', #4826, #2941 ) ;
#4163 = PRESENTATION_LAYER_ASSIGNMENT (  '', '', ( #3557 ) ) ;
#4164 = DIRECTION ( 'NONE',  ( 1.000000000000000000, 0.0000000000000000000, -1.141265444721584103E-15 ) ) ;
#4165 = LINE ( 'NONE', #2688, #2942 ) ;
#4166 = LINE ( 'NONE', #4242, #5078 ) ;
#4167 = DIRECTION ( 'NONE',  ( -8.165012460189281423E-49, 8.735837922282160084E-33, 1.000000000000000000 ) ) ;
#4168 = VECTOR ( 'NONE', #2420, 1000.000000000000000 ) ;
#4169 = ORIENTED_EDGE ( 'NONE', *, *, #3489, .T. ) ;
#4170 = DIRECTION ( 'NONE',  ( -1.936075308009829787E-17, 0.0000000000000000000, 1.000000000000000000 ) ) ;
#4171 = CARTESIAN_POINT ( 'NONE',  ( 0.4899999999999999911, 0.05000000000000000278, -0.05000000000000000278 ) ) ;
#4172 = VERTEX_POINT ( 'NONE', #274 ) ;
#4173 = ORIENTED_EDGE ( 'NONE', *, *, #872, .T. ) ;
#4174 = DIRECTION ( 'NONE',  ( 0.0000000000000000000, 0.0000000000000000000, 1.000000000000000000 ) ) ;
#4175 = ORIENTED_EDGE ( 'NONE', *, *, #5767, .T. ) ;
#4176 = LINE ( 'NONE', #4121, #5661 ) ;
#4177 = DIRECTION ( 'NONE',  ( -1.000000000000000000, 0.0000000000000000000, 0.0000000000000000000 ) ) ;
#4178 = PRESENTATION_STYLE_ASSIGNMENT (( #1525 ) ) ;
#4179 = ORIENTED_EDGE ( 'NONE', *, *, #80, .T. ) ;
#4180 = DIRECTION ( 'NONE',  ( -0.0000000000000000000, 1.000000000000000000, 0.0000000000000000000 ) ) ;
#4181 = EDGE_CURVE ( 'NONE', #5072, #3667, #1431, .T. ) ;
#4182 = LINE ( 'NONE', #3023, #1612 ) ;
#4184 = EDGE_CURVE ( 'NONE', #1383, #3271, #4933, .T. ) ;
#4183 = VECTOR ( 'NONE', #4348, 1000.000000000000000 ) ;
#4185 = VECTOR ( 'NONE', #3100, 1000.000000000000000 ) ;
#4186 = ORIENTED_EDGE ( 'NONE', *, *, #4554, .T. ) ;
#4187 = ADVANCED_FACE ( 'NONE', ( #63 ), #5757, .F. ) ;
#4188 = DIRECTION ( 'NONE',  ( 1.000000000000000000, 0.0000000000000000000, 0.0000000000000000000 ) ) ;
#4189 = CARTESIAN_POINT ( 'NONE',  ( 0.2933618639406084805, 0.05000000000000000278, 0.4437942073613649896 ) ) ;
#4190 =( GEOMETRIC_REPRESENTATION_CONTEXT ( 3 ) GLOBAL_UNCERTAINTY_ASSIGNED_CONTEXT ( ( #419 ) ) GLOBAL_UNIT_ASSIGNED_CONTEXT ( ( #5488, #2761, #24 ) ) REPRESENTATION_CONTEXT ( 'NONE', 'WORKASPACE' ) );
#4191 = DIRECTION ( 'NONE',  ( -2.168404344971010446E-15, 0.0000000000000000000, -1.000000000000000000 ) ) ;
#4192 = VECTOR ( 'NONE', #120, 1000.000000000000000 ) ;
#4193 = VERTEX_POINT ( 'NONE', #5309 ) ;
#4194 = AXIS2_PLACEMENT_3D ( 'NONE', #5277, #5728, #3012 ) ;
#4195 = VERTEX_POINT ( 'NONE', #3959 ) ;
#4196 = CARTESIAN_POINT ( 'NONE',  ( -0.2100000000000000200, 0.05000000000000000278, 0.4800000000000000377 ) ) ;
#4197 = EDGE_CURVE ( 'NONE', #2807, #2281, #2362, .T. ) ;
#4198 = ORIENTED_EDGE ( 'NONE', *, *, #5049, .F. ) ;
#4199 = ORIENTED_EDGE ( 'NONE', *, *, #4876, .F. ) ;
#4200 = VERTEX_POINT ( 'NONE', #5326 ) ;
#4201 = UNCERTAINTY_MEASURE_WITH_UNIT (LENGTH_MEASURE( 1.000000000000000082E-05 ), #870, 'distance_accuracy_value', 'NONE');
#4202 = CARTESIAN_POINT ( 'NONE',  ( -0.5000000000000000000, 0.05000000000000000278, -0.3099999999999999978 ) ) ;
#4203 = EDGE_CURVE ( 'NONE', #2211, #2954, #5849, .T. ) ;
#4204 = ORIENTED_EDGE ( 'NONE', *, *, #4569, .T. ) ;
#4205 = DIRECTION ( 'NONE',  ( 0.0000000000000000000, -9.346570452461239128E-17, 1.000000000000000000 ) ) ;
#4206 = ADVANCED_FACE ( 'NONE', ( #3420 ), #316, .F. ) ;
#4207 = EDGE_CURVE ( 'NONE', #3864, #363, #993, .T. ) ;
#4208 = ADVANCED_FACE ( 'NONE', ( #4503 ), #4434, .F. ) ;
#4209 = VECTOR ( 'NONE', #1780, 1000.000000000000000 ) ;
#4210 = LINE ( 'NONE', #717, #725 ) ;
#4211 = CARTESIAN_POINT ( 'NONE',  ( -0.3099999999999999978, 0.05000000000000000278, -0.4949999999999999956 ) ) ;
#4212 = CARTESIAN_POINT ( 'NONE',  ( 0.0000000000000000000, 0.05000000000000000278, -0.2783841551168639850 ) ) ;
#4213 = LINE ( 'NONE', #4231, #3000 ) ;
#4214 = ORIENTED_EDGE ( 'NONE', *, *, #2668, .F. ) ;
#4215 = ORIENTED_EDGE ( 'NONE', *, *, #2953, .T. ) ;
#4216 = ORIENTED_EDGE ( 'NONE', *, *, #2388, .F. ) ;
#4217 = ORIENTED_EDGE ( 'NONE', *, *, #512, .F. ) ;
#4218 = VECTOR ( 'NONE', #3461, 1000.000000000000000 ) ;
#4219 = VECTOR ( 'NONE', #8, 1000.000000000000000 ) ;
#4220 = FACE_OUTER_BOUND ( 'NONE', #5505, .T. ) ;
#4221 = CARTESIAN_POINT ( 'NONE',  ( -0.2100000000000000200, -6.776263578034400401E-18, -0.4949999999999999956 ) ) ;
#4222 = EDGE_CURVE ( 'NONE', #1444, #175, #1136, .T. ) ;
#4223 = CARTESIAN_POINT ( 'NONE',  ( 5.421010862427519705E-17, 0.05000000000000000278, 0.5000000000000000000 ) ) ;
#4224 = ORIENTED_EDGE ( 'NONE', *, *, #25, .T. ) ;
#4225 = VECTOR ( 'NONE', #5516, 1000.000000000000000 ) ;
#4226 = SURFACE_STYLE_FILL_AREA ( #2526 ) ;
#4227 = DIRECTION ( 'NONE',  ( 0.0000000000000000000, 0.0000000000000000000, -1.000000000000000000 ) ) ;
#4228 = VERTEX_POINT ( 'NONE', #2178 ) ;
#4229 = CARTESIAN_POINT ( 'NONE',  ( 0.05000000000000000278, 0.05000000000000000278, -0.1499999999999999944 ) ) ;
#4230 = CARTESIAN_POINT ( 'NONE',  ( -0.5000000000000000000, 0.0000000000000000000, -0.05000000000000000278 ) ) ;
#4231 = CARTESIAN_POINT ( 'NONE',  ( 0.2933618639406084805, 0.2500000000000000000, 0.4800000000000000377 ) ) ;
#4232 = CIRCLE ( 'NONE', #4396, 0.03499999999999998251 ) ;
#4233 = LINE ( 'NONE', #2451, #3022 ) ;
#4234 = EDGE_CURVE ( 'NONE', #2298, #1867, #874, .T. ) ;
#4236 = CARTESIAN_POINT ( 'NONE',  ( -0.2100000000000000200, 0.05000000000000000278, 0.2100000000000000200 ) ) ;
#4235 = STYLED_ITEM ( 'NONE', ( #5093 ), #3126 ) ;
#4237 = VERTEX_POINT ( 'NONE', #4001 ) ;
#4238 = ORIENTED_EDGE ( 'NONE', *, *, #4338, .T. ) ;
#4239 = EDGE_LOOP ( 'NONE', ( #5019, #170, #2835, #1469 ) ) ;
#4240 = ADVANCED_FACE ( 'NONE', ( #2082 ), #2199, .F. ) ;
#4241 = CARTESIAN_POINT ( 'NONE',  ( 0.1053477934590670018, 0.05000000000000000278, -0.1758845661859115006 ) ) ;
#4242 = CARTESIAN_POINT ( 'NONE',  ( 0.3099999999999999978, -6.776263578034400401E-18, 0.5000000000000000000 ) ) ;
#4243 = ADVANCED_FACE ( 'NONE', ( #4352 ), #4915, .T. ) ;
#4244 = VECTOR ( 'NONE', #4350, 1000.000000000000000 ) ;
#4245 = ORIENTED_EDGE ( 'NONE', *, *, #4927, .T. ) ;
#4246 = CARTESIAN_POINT ( 'NONE',  ( 0.05000000000000000278, -6.776263578034400401E-18, 0.5000000000000000000 ) ) ;
#4247 = DIRECTION ( 'NONE',  ( -1.000000000000000000, 0.0000000000000000000, 0.0000000000000000000 ) ) ;
#4248 = EDGE_CURVE ( 'NONE', #958, #1383, #3287, .T. ) ;
#4249 = FILL_AREA_STYLE ('',( #606 ) ) ;
#4250 = VECTOR ( 'NONE', #4039, 1000.000000000000000 ) ;
#4251 = COLOUR_RGB ( '',1.000000000000000000, 1.000000000000000000, 1.000000000000000000 ) ;
#4252 = SURFACE_SIDE_STYLE ('',( #5393 ) ) ;
#4253 = CARTESIAN_POINT ( 'NONE',  ( -0.4899999999999999911, 0.05000000000000000278, 3.761581922631320025E-34 ) ) ;
#4254 = COLOUR_RGB ( '',1.000000000000000000, 1.000000000000000000, 1.000000000000000000 ) ;
#4255 = EDGE_CURVE ( 'NONE', #5737, #1020, #1934, .T. ) ;
#4256 = FACE_OUTER_BOUND ( 'NONE', #3448, .T. ) ;
#4257 = EDGE_LOOP ( 'NONE', ( #327, #561, #402, #1283 ) ) ;
#4258 =( LENGTH_UNIT ( ) NAMED_UNIT ( * ) SI_UNIT ( .MILLI., .METRE. ) );
#4259 = LINE ( 'NONE', #2191, #625 ) ;
#4260 = DIRECTION ( 'NONE',  ( 0.0000000000000000000, 1.000000000000000000, 0.0000000000000000000 ) ) ;
#4261 = VERTEX_POINT ( 'NONE', #5818 ) ;
#4262 = ORIENTED_EDGE ( 'NONE', *, *, #3303, .F. ) ;
#4263 = AXIS2_PLACEMENT_3D ( 'NONE', #3093, #4462, #1740 ) ;
#4264 = ORIENTED_EDGE ( 'NONE', *, *, #5226, .F. ) ;
#4265 = EDGE_CURVE ( 'NONE', #3840, #5046, #724, .T. ) ;
#4266 = CARTESIAN_POINT ( 'NONE',  ( 0.1053477934590670018, 0.2500000000000000000, 0.0000000000000000000 ) ) ;
#4267 = ORIENTED_EDGE ( 'NONE', *, *, #3197, .T. ) ;
#4268 = ORIENTED_EDGE ( 'NONE', *, *, #4719, .T. ) ;
#4269 = VECTOR ( 'NONE', #3549, 1000.000000000000000 ) ;
#4270 = ADVANCED_FACE ( 'NONE', ( #2998 ), #3588, .F. ) ;
#4271 = VERTEX_POINT ( 'NONE', #2670 ) ;
#4272 = CARTESIAN_POINT ( 'NONE',  ( -0.05000000000000000278, 0.0000000000000000000, -0.5000000000000000000 ) ) ;
#4273 = CARTESIAN_POINT ( 'NONE',  ( -0.4949999999999999956, 0.05000000000000000278, 0.0000000000000000000 ) ) ;
#4274 = ORIENTED_EDGE ( 'NONE', *, *, #4415, .F. ) ;
#4275 = ORIENTED_EDGE ( 'NONE', *, *, #4505, .F. ) ;
#4276 = AXIS2_PLACEMENT_3D ( 'NONE', #1693, #5348, #2625 ) ;
#4277 = CARTESIAN_POINT ( 'NONE',  ( -0.4949999999999999956, 0.05000000000000000278, -0.2100000000000000200 ) ) ;
#4278 = DIRECTION ( 'NONE',  ( -1.000000000000000000, 0.0000000000000000000, 0.0000000000000000000 ) ) ;
#4279 = DIRECTION ( 'NONE',  ( -1.000000000000000000, 0.0000000000000000000, 0.0000000000000000000 ) ) ;
#4280 = VECTOR ( 'NONE', #527, 1000.000000000000000 ) ;
#4281 = AXIS2_PLACEMENT_3D ( 'NONE', #2612, #801, #3985 ) ;
#4282 = CARTESIAN_POINT ( 'NONE',  ( 0.4949999999999999956, -6.776263578034400401E-18, 0.3099999999999999978 ) ) ;
#4283 = CARTESIAN_POINT ( 'NONE',  ( 0.2933618639406084805, 0.05000000000000000278, 0.4800000000000000377 ) ) ;
#4284 = ORIENTED_EDGE ( 'NONE', *, *, #4554, .F. ) ;
#4285 = CARTESIAN_POINT ( 'NONE',  ( 0.5000000000000000000, 0.05000000000000000278, 0.4650000000000000244 ) ) ;
#4286 = FACE_OUTER_BOUND ( 'NONE', #3706, .T. ) ;
#4287 = VECTOR ( 'NONE', #1496, 1000.000000000000000 ) ;
#4288 = LINE ( 'NONE', #430, #509 ) ;
#4289 = EDGE_CURVE ( 'NONE', #3802, #2049, #573, .T. ) ;
#4290 = ORIENTED_EDGE ( 'NONE', *, *, #1868, .T. ) ;
#4291 = LINE ( 'NONE', #2884, #1737 ) ;
#4292 = FACE_OUTER_BOUND ( 'NONE', #5047, .T. ) ;
#4293 = VECTOR ( 'NONE', #3505, 1000.000000000000000 ) ;
#4294 = EDGE_CURVE ( 'NONE', #1986, #5153, #5275, .T. ) ;
#4295 = VERTEX_POINT ( 'NONE', #5412 ) ;
#4296 = VECTOR ( 'NONE', #374, 1000.000000000000000 ) ;
#4297 = SURFACE_STYLE_USAGE ( .BOTH. , #1103 ) ;
#4298 = VECTOR ( 'NONE', #858, 1000.000000000000000 ) ;
#4299 = LINE ( 'NONE', #5548, #5508 ) ;
#4300 = FILL_AREA_STYLE_COLOUR ( '', #1295 ) ;
#4301 = CARTESIAN_POINT ( 'NONE',  ( -0.3202182358878855606, 0.2500000000000000000, -0.4350657705372935058 ) ) ;
#4302 = AXIS2_PLACEMENT_3D ( 'NONE', #5785, #3984, #1246 ) ;
#4303 = ADVANCED_FACE ( 'NONE', ( #1807 ), #3152, .F. ) ;
#4304 = DIRECTION ( 'NONE',  ( 8.583267198843580056E-16, 0.0000000000000000000, -1.000000000000000000 ) ) ;
#4305 = FACE_OUTER_BOUND ( 'NONE', #2140, .T. ) ;
#4306 = STYLED_ITEM ( 'NONE', ( #908 ), #1613 ) ;
#4307 = ORIENTED_EDGE ( 'NONE', *, *, #2105, .F. ) ;
#4308 = PLANE ( 'NONE',  #3249 ) ;
#4309 = PLANE ( 'NONE',  #5127 ) ;
#4310 = DIRECTION ( 'NONE',  ( 1.000000000000000000, 0.0000000000000000000, 0.0000000000000000000 ) ) ;
#4311 = EDGE_CURVE ( 'NONE', #1148, #272, #4085, .T. ) ;
#4312 = VERTEX_POINT ( 'NONE', #2221 ) ;
#4313 = ORIENTED_EDGE ( 'NONE', *, *, #1914, .F. ) ;
#4315 = DIRECTION ( 'NONE',  ( 1.000000000000000000, 0.0000000000000000000, 0.0000000000000000000 ) ) ;
#4314 = AXIS2_PLACEMENT_3D ( 'NONE', #5873, #1339, #4530 ) ;
#4316 = EDGE_LOOP ( 'NONE', ( #3278, #3031, #4275, #4849 ) ) ;
#4317 = CARTESIAN_POINT ( 'NONE',  ( 0.3099999999999999978, -6.776263578034400401E-18, -0.4949999999999999956 ) ) ;
#4318 = ORIENTED_EDGE ( 'NONE', *, *, #2065, .F. ) ;
#4319 = LINE ( 'NONE', #458, #3118 ) ;
#4320 = EDGE_CURVE ( 'NONE', #2385, #256, #5129, .T. ) ;
#4321 = CIRCLE ( 'NONE', #5903, 0.03499999999999998251 ) ;
#4322 = DIRECTION ( 'NONE',  ( 0.0000000000000000000, 1.000000000000000000, 0.0000000000000000000 ) ) ;
#4323 = CARTESIAN_POINT ( 'NONE',  ( 0.5000000000000000000, 0.2500000000000000000, 0.0000000000000000000 ) ) ;
#4324 = DIRECTION ( 'NONE',  ( 0.0000000000000000000, -1.000000000000000000, 0.0000000000000000000 ) ) ;
#4325 = LINE ( 'NONE', #5677, #691 ) ;
#4326 = LINE ( 'NONE', #1622, #1777 ) ;
#4327 = DIRECTION ( 'NONE',  ( 0.0000000000000000000, -1.000000000000000000, 0.0000000000000000000 ) ) ;
#4328 = EDGE_CURVE ( 'NONE', #5044, #5068, #2725, .T. ) ;
#4329 = LINE ( 'NONE', #5361, #2972 ) ;
#4330 = CARTESIAN_POINT ( 'NONE',  ( -0.4949999999999999956, 0.05000000000000000278, -0.3099999999999999978 ) ) ;
#4331 = ORIENTED_EDGE ( 'NONE', *, *, #2492, .T. ) ;
#4332 = DIRECTION ( 'NONE',  ( -1.215054158819962036E-15, 0.0000000000000000000, -1.000000000000000000 ) ) ;
#4333 = PLANE ( 'NONE',  #1421 ) ;
#4334 = ADVANCED_FACE ( 'NONE', ( #3935 ), #1341, .F. ) ;
#4335 = FACE_OUTER_BOUND ( 'NONE', #3844, .T. ) ;
#4336 = ORIENTED_EDGE ( 'NONE', *, *, #473, .F. ) ;
#4337 = CARTESIAN_POINT ( 'NONE',  ( -0.1053477934590670018, 0.05000000000000000278, -0.1758845661859115006 ) ) ;
#4338 = EDGE_CURVE ( 'NONE', #3057, #1920, #3786, .T. ) ;
#4339 = ORIENTED_EDGE ( 'NONE', *, *, #828, .F. ) ;
#4340 = DIRECTION ( 'NONE',  ( 1.000000000000000000, 0.0000000000000000000, 0.0000000000000000000 ) ) ;
#4341 = ORIENTED_EDGE ( 'NONE', *, *, #2796, .F. ) ;
#4342 = EDGE_LOOP ( 'NONE', ( #1626, #580, #3173, #1855, #784, #230, #3491, #2110, #4414 ) ) ;
#4343 = ORIENTED_EDGE ( 'NONE', *, *, #3656, .T. ) ;
#4344 = CARTESIAN_POINT ( 'NONE',  ( -0.5000000000000000000, -6.776263578034400401E-18, 0.3099999999999999978 ) ) ;
#4345 = CARTESIAN_POINT ( 'NONE',  ( 0.2933618639406084805, 0.05000000000000000278, 0.4800000000000000377 ) ) ;
#4346 = EDGE_CURVE ( 'NONE', #4581, #4543, #1503, .T. ) ;
#4347 = DIRECTION ( 'NONE',  ( 0.0000000000000000000, -1.000000000000000000, 0.0000000000000000000 ) ) ;
#4348 = DIRECTION ( 'NONE',  ( 0.0000000000000000000, -1.000000000000000000, 0.0000000000000000000 ) ) ;
#4349 = CARTESIAN_POINT ( 'NONE',  ( -0.5000000000000000000, -6.776263578034400401E-18, -0.5000000000000000000 ) ) ;
#4350 = DIRECTION ( 'NONE',  ( 1.000000000000000000, 0.0000000000000000000, 0.0000000000000000000 ) ) ;
#4351 = CARTESIAN_POINT ( 'NONE',  ( -0.2933618639406079809, 0.05000000000000000278, 0.4437942073613649896 ) ) ;
#4352 = FACE_OUTER_BOUND ( 'NONE', #2607, .T. ) ;
#4353 = VECTOR ( 'NONE', #5227, 1000.000000000000000 ) ;
#4354 = DIRECTION ( 'NONE',  ( 0.0000000000000000000, 0.0000000000000000000, -1.000000000000000000 ) ) ;
#4355 = CARTESIAN_POINT ( 'NONE',  ( -0.3099999999999999978, -6.776263578034400401E-18, -0.5000000000000000000 ) ) ;
#4356 = PLANE ( 'NONE',  #5602 ) ;
#4357 = ADVANCED_FACE ( 'NONE', ( #1360 ), #907, .F. ) ;
#4358 = ORIENTED_EDGE ( 'NONE', *, *, #4989, .T. ) ;
#4359 = ORIENTED_EDGE ( 'NONE', *, *, #1261, .T. ) ;
#4360 =( GEOMETRIC_REPRESENTATION_CONTEXT ( 3 ) GLOBAL_UNCERTAINTY_ASSIGNED_CONTEXT ( ( #2524 ) ) GLOBAL_UNIT_ASSIGNED_CONTEXT ( ( #1982, #5156, #2430 ) ) REPRESENTATION_CONTEXT ( 'NONE', 'WORKASPACE' ) );
#4361 = ORIENTED_EDGE ( 'NONE', *, *, #2637, .T. ) ;
#4362 = FACE_OUTER_BOUND ( 'NONE', #4650, .T. ) ;
#4363 = SURFACE_STYLE_FILL_AREA ( #1860 ) ;
#4364 = DIRECTION ( 'NONE',  ( 0.0000000000000000000, 0.0000000000000000000, 1.000000000000000000 ) ) ;
#4365 = VECTOR ( 'NONE', #4816, 1000.000000000000000 ) ;
#4366 = DIRECTION ( 'NONE',  ( -1.000000000000000000, 0.0000000000000000000, 4.216341781888070115E-16 ) ) ;
#4367 = CARTESIAN_POINT ( 'NONE',  ( 0.5000000000000000000, -6.776263578034400401E-18, -0.3099999999999999978 ) ) ;
#4368 = DIRECTION ( 'NONE',  ( -1.000000000000000000, 0.0000000000000000000, 2.168404344971010446E-15 ) ) ;
#4369 = ORIENTED_EDGE ( 'NONE', *, *, #2599, .F. ) ;
#4370 = LINE ( 'NONE', #2054, #739 ) ;
#4371 = LINE ( 'NONE', #5645, #3020 ) ;
#4372 = CARTESIAN_POINT ( 'NONE',  ( 0.1324024845846046294, 0.05000000000000000278, 0.1355136704081486010 ) ) ;
#4373 = EDGE_CURVE ( 'NONE', #666, #4442, #2576, .T. ) ;
#4374 = LINE ( 'NONE', #3386, #4105 ) ;
#4375 = VERTEX_POINT ( 'NONE', #3646 ) ;
#4376 = DIRECTION ( 'NONE',  ( 0.0000000000000000000, 1.000000000000000000, 0.0000000000000000000 ) ) ;
#4377 = ORIENTED_EDGE ( 'NONE', *, *, #4541, .T. ) ;
#4378 = ORIENTED_EDGE ( 'NONE', *, *, #3717, .F. ) ;
#4379 = DIRECTION ( 'NONE',  ( 0.0000000000000000000, -8.411913407215120269E-16, 1.000000000000000000 ) ) ;
#4380 = DIRECTION ( 'NONE',  ( 9.510545372679860126E-17, 0.0000000000000000000, -1.000000000000000000 ) ) ;
#4381 = VERTEX_POINT ( 'NONE', #2296 ) ;
#4382 = EDGE_CURVE ( 'NONE', #975, #3029, #5912, .T. ) ;
#4383 = EDGE_LOOP ( 'NONE', ( #2410, #5701, #1013, #1346 ) ) ;
#4384 = STYLED_ITEM ( 'NONE', ( #4178 ), #2095 ) ;
#4385 = CARTESIAN_POINT ( 'NONE',  ( 2.159057774518549935E-16, 0.05000000000000000278, 0.2100000000000000200 ) ) ;
#4386 = CARTESIAN_POINT ( 'NONE',  ( 0.2801399107849885106, 0.2500000000000000000, 0.0000000000000000000 ) ) ;
#4387 = CARTESIAN_POINT ( 'NONE',  ( -0.5000000000000000000, -6.776263578034400401E-18, -0.05000000000000000278 ) ) ;
#4388 = DIRECTION ( 'NONE',  ( 1.019578823124770204E-44, 4.701977403289150032E-30, 1.000000000000000000 ) ) ;
#4389 = LINE ( 'NONE', #3546, #3036 ) ;
#4390 = ORIENTED_EDGE ( 'NONE', *, *, #1939, .T. ) ;
#4391 = FACE_OUTER_BOUND ( 'NONE', #4830, .T. ) ;
#4392 = ADVANCED_FACE ( 'NONE', ( #3654 ), #927, .T. ) ;
#4393 = DIRECTION ( 'NONE',  ( -1.279960898073166052E-15, 0.0000000000000000000, -1.000000000000000000 ) ) ;
#4394 = VECTOR ( 'NONE', #3996, 1000.000000000000000 ) ;
#4395 = VECTOR ( 'NONE', #1931, 1000.000000000000000 ) ;
#4396 = AXIS2_PLACEMENT_3D ( 'NONE', #1633, #4805, #2100 ) ;
#4397 = LINE ( 'NONE', #4241, #5592 ) ;
#4398 = DIRECTION ( 'NONE',  ( 0.0000000000000000000, -1.000000000000000000, 0.0000000000000000000 ) ) ;
#4399 = DIRECTION ( 'NONE',  ( 0.0000000000000000000, 1.000000000000000000, 0.0000000000000000000 ) ) ;
#4400 = DIRECTION ( 'NONE',  ( 0.0000000000000000000, -1.000000000000000000, 0.0000000000000000000 ) ) ;
#4401 = COLOUR_RGB ( '',1.000000000000000000, 1.000000000000000000, 1.000000000000000000 ) ;
#4402 = VERTEX_POINT ( 'NONE', #5460 ) ;
#4403 = VECTOR ( 'NONE', #5321, 1000.000000000000000 ) ;
#4404 = CARTESIAN_POINT ( 'NONE',  ( 0.1324024845846046294, 0.2500000000000000000, -0.04827599225835989966 ) ) ;
#4405 = EDGE_CURVE ( 'NONE', #3251, #1829, #1214, .T. ) ;
#4406 = CARTESIAN_POINT ( 'NONE',  ( -0.4899999999999999911, 0.2500000000000000000, 0.3204630797616150328 ) ) ;
#4407 = CARTESIAN_POINT ( 'NONE',  ( 0.1053477934590670018, 0.05000000000000000278, 0.0000000000000000000 ) ) ;
#4408 = ORIENTED_EDGE ( 'NONE', *, *, #3218, .F. ) ;
#4409 = CARTESIAN_POINT ( 'NONE',  ( -0.4899999999999999911, 0.2500000000000000000, 0.0000000000000000000 ) ) ;
#4410 = VERTEX_POINT ( 'NONE', #2310 ) ;
#4411 = ORIENTED_EDGE ( 'NONE', *, *, #5640, .F. ) ;
#4412 = ORIENTED_EDGE ( 'NONE', *, *, #2929, .F. ) ;
#4413 = ORIENTED_EDGE ( 'NONE', *, *, #2802, .T. ) ;
#4414 = ORIENTED_EDGE ( 'NONE', *, *, #4657, .F. ) ;
#4415 = EDGE_CURVE ( 'NONE', #2114, #3816, #2302, .T. ) ;
#4416 = LINE ( 'NONE', #322, #4269 ) ;
#4417 = CARTESIAN_POINT ( 'NONE',  ( 0.05000000000000000278, 0.05000000000000000278, -0.1499999999999999944 ) ) ;
#4418 = EDGE_LOOP ( 'NONE', ( #5756, #2118, #4550, #3647, #3694, #3018, #1736, #4824, #3113 ) ) ;
#4419 = ORIENTED_EDGE ( 'NONE', *, *, #4128, .T. ) ;
#4420 = ORIENTED_EDGE ( 'NONE', *, *, #3350, .T. ) ;
#4421 = STYLED_ITEM ( 'NONE', ( #849 ), #1463 ) ;
#4422 = CARTESIAN_POINT ( 'NONE',  ( 0.1053477934590670018, 0.2500000000000000000, -0.3021996039790479927 ) ) ;
#4423 = DIRECTION ( 'NONE',  ( -1.000000000000000000, 0.0000000000000000000, 1.141265444721584103E-15 ) ) ;
#4424 = DIRECTION ( 'NONE',  ( 0.0000000000000000000, 1.000000000000000000, 0.0000000000000000000 ) ) ;
#4425 = DIRECTION ( 'NONE',  ( -1.141265444721584103E-15, 0.0000000000000000000, -1.000000000000000000 ) ) ;
#4426 = CARTESIAN_POINT ( 'NONE',  ( 0.4899999999999999911, 0.05000000000000000278, 0.0000000000000000000 ) ) ;
#4427 = EDGE_CURVE ( 'NONE', #5517, #958, #2425, .T. ) ;
#4428 = CIRCLE ( 'NONE', #4959, 0.03499999999999998251 ) ;
#4429 = DIRECTION ( 'NONE',  ( 0.0000000000000000000, 0.0000000000000000000, 1.000000000000000000 ) ) ;
#4430 = ORIENTED_EDGE ( 'NONE', *, *, #2135, .T. ) ;
#4431 = ORIENTED_EDGE ( 'NONE', *, *, #1211, .F. ) ;
#4432 = FACE_OUTER_BOUND ( 'NONE', #5594, .T. ) ;
#4433 = VECTOR ( 'NONE', #1470, 1000.000000000000000 ) ;
#4434 = PLANE ( 'NONE',  #4276 ) ;
#4435 = FILL_AREA_STYLE_COLOUR ( '', #4537 ) ;
#4436 = ORIENTED_EDGE ( 'NONE', *, *, #5868, .F. ) ;
#4437 = VECTOR ( 'NONE', #4661, 1000.000000000000000 ) ;
#4438 = FACE_OUTER_BOUND ( 'NONE', #1356, .T. ) ;
#4439 = LINE ( 'NONE', #280, #3237 ) ;
#4440 = CARTESIAN_POINT ( 'NONE',  ( -0.04999999999999939909, 0.05000000000000000278, 0.5000000000000000000 ) ) ;
#4441 = CARTESIAN_POINT ( 'NONE',  ( 0.2933618639406084805, 0.2500000000000000000, 0.4437942073613649896 ) ) ;
#4442 = VERTEX_POINT ( 'NONE', #1398 ) ;
#4443 = EDGE_CURVE ( 'NONE', #388, #988, #936, .T. ) ;
#4444 = CARTESIAN_POINT ( 'NONE',  ( -0.4949999999999999956, 0.05000000000000000278, -0.3099999999999999978 ) ) ;
#4445 = CARTESIAN_POINT ( 'NONE',  ( -0.1187308496519079853, 0.2500000000000000000, 0.2146867790523304953 ) ) ;
#4446 = VECTOR ( 'NONE', #1799, 1000.000000000000000 ) ;
#4447 = LINE ( 'NONE', #3731, #5643 ) ;
#4448 = CARTESIAN_POINT ( 'NONE',  ( -0.05000000000000000278, 0.05000000000000000278, -0.5000000000000000000 ) ) ;
#4449 = CARTESIAN_POINT ( 'NONE',  ( 0.4949999999999999956, 0.05000000000000000278, 0.2100000000000000200 ) ) ;
#4450 = DIRECTION ( 'NONE',  ( 0.0000000000000000000, -1.000000000000000000, 0.0000000000000000000 ) ) ;
#4451 = DIRECTION ( 'NONE',  ( -1.000000000000000000, 0.0000000000000000000, 1.141265444721584103E-15 ) ) ;
#4452 = VECTOR ( 'NONE', #4931, 1000.000000000000000 ) ;
#4453 = EDGE_CURVE ( 'NONE', #2285, #1264, #4566, .T. ) ;
#4454 = ORIENTED_EDGE ( 'NONE', *, *, #5640, .T. ) ;
#4455 = DIRECTION ( 'NONE',  ( 0.0000000000000000000, -1.000000000000000000, 0.0000000000000000000 ) ) ;
#4456 = CARTESIAN_POINT ( 'NONE',  ( 0.05000000000000000278, 0.0000000000000000000, 0.05000000000000000278 ) ) ;
#4457 = VERTEX_POINT ( 'NONE', #5498 ) ;
#4458 = ORIENTED_EDGE ( 'NONE', *, *, #1005, .F. ) ;
#4459 = ADVANCED_FACE ( 'NONE', ( #3224 ), #37, .T. ) ;
#4460 = ORIENTED_EDGE ( 'NONE', *, *, #3368, .T. ) ;
#4461 = VERTEX_POINT ( 'NONE', #3244 ) ;
#4462 = DIRECTION ( 'NONE',  ( -0.0000000000000000000, 1.000000000000000000, 0.0000000000000000000 ) ) ;
#4463 = PLANE ( 'NONE',  #5519 ) ;
#4464 = SURFACE_SIDE_STYLE ('',( #3522 ) ) ;
#4465 = LINE ( 'NONE', #5879, #3255 ) ;
#4466 = CARTESIAN_POINT ( 'NONE',  ( -0.3099999999999999978, 0.05000000000000000278, 0.0000000000000000000 ) ) ;
#4467 = EDGE_CURVE ( 'NONE', #4976, #1969, #4428, .T. ) ;
#4468 = CARTESIAN_POINT ( 'NONE',  ( -0.4650000000000000244, 0.05000000000000000278, -0.5000000000000000000 ) ) ;
#4469 = MECHANICAL_DESIGN_GEOMETRIC_PRESENTATION_REPRESENTATION (  '', ( #3557 ), #4756 ) ;
#4470 = CARTESIAN_POINT ( 'NONE',  ( -0.1187308496519079853, 0.2500000000000000000, 0.3487332069152305203 ) ) ;
#4471 = VECTOR ( 'NONE', #3315, 1000.000000000000000 ) ;
#4472 = LINE ( 'NONE', #2477, #2043 ) ;
#4473 = DIRECTION ( 'NONE',  ( 0.8471602077226357830, 0.0000000000000000000, -0.5313375409768639202 ) ) ;
#4474 = DIRECTION ( 'NONE',  ( 0.0000000000000000000, 1.000000000000000000, 0.0000000000000000000 ) ) ;
#4475 = UNCERTAINTY_MEASURE_WITH_UNIT (LENGTH_MEASURE( 1.000000000000000082E-05 ), #5664, 'distance_accuracy_value', 'NONE');
#4476 = CARTESIAN_POINT ( 'NONE',  ( 0.0000000000000000000, 0.05000000000000000278, 0.0000000000000000000 ) ) ;
#4477 = LINE ( 'NONE', #1704, #845 ) ;
#4478 = ORIENTED_EDGE ( 'NONE', *, *, #1933, .T. ) ;
#4479 = CARTESIAN_POINT ( 'NONE',  ( 0.0000000000000000000, 0.2500000000000000000, -0.4800000000000000377 ) ) ;
#4480 = VECTOR ( 'NONE', #3620, 1000.000000000000000 ) ;
#4481 = AXIS2_PLACEMENT_3D ( 'NONE', #313, #3972, #1237 ) ;
#4482 = VECTOR ( 'NONE', #2393, 1000.000000000000000 ) ;
#4483 = VERTEX_POINT ( 'NONE', #4154 ) ;
#4484 = PLANE ( 'NONE',  #4875 ) ;
#4485 = PLANE ( 'NONE',  #1437 ) ;
#4486 = PLANE ( 'NONE',  #3681 ) ;
#4487 = DIRECTION ( 'NONE',  ( 6.657381760875909730E-16, 0.0000000000000000000, -1.000000000000000000 ) ) ;
#4488 = DIRECTION ( 'NONE',  ( -1.000000000000000000, 0.0000000000000000000, -9.510545372679860126E-17 ) ) ;
#4489 = CARTESIAN_POINT ( 'NONE',  ( 0.4949999999999999956, -6.776263578034400401E-18, -0.2100000000000000200 ) ) ;
#4490 = EDGE_CURVE ( 'NONE', #2650, #3680, #5489, .T. ) ;
#4491 = ORIENTED_EDGE ( 'NONE', *, *, #1914, .T. ) ;
#4492 = CARTESIAN_POINT ( 'NONE',  ( -0.5000000000000000000, -6.776263578034400401E-18, -0.05000000000000000278 ) ) ;
#4493 = ADVANCED_FACE ( 'NONE', ( #797 ), #5060, .F. ) ;
#4494 = SURFACE_SIDE_STYLE ('',( #3510 ) ) ;
#4495 = EDGE_LOOP ( 'NONE', ( #1564, #4869, #4742, #3924 ) ) ;
#4496 = ORIENTED_EDGE ( 'NONE', *, *, #687, .T. ) ;
#4497 = VERTEX_POINT ( 'NONE', #1420 ) ;
#4498 = EDGE_CURVE ( 'NONE', #1305, #439, #5771, .T. ) ;
#4499 = CARTESIAN_POINT ( 'NONE',  ( 0.4949999999999999956, -6.776263578034400401E-18, 0.2100000000000000200 ) ) ;
#4500 = CARTESIAN_POINT ( 'NONE',  ( 0.5000000000000000000, 0.05000000000000000278, 0.3099999999999999978 ) ) ;
#4501 = CARTESIAN_POINT ( 'NONE',  ( -0.1324024845846042131, 0.05000000000000000278, -0.04827599225835989966 ) ) ;
#4502 = CARTESIAN_POINT ( 'NONE',  ( 0.05000000000000000278, -6.776263578034400401E-18, -0.5000000000000000000 ) ) ;
#4503 = FACE_OUTER_BOUND ( 'NONE', #3929, .T. ) ;
#4504 = DIRECTION ( 'NONE',  ( 0.0000000000000000000, 1.000000000000000000, 0.0000000000000000000 ) ) ;
#4505 = EDGE_CURVE ( 'NONE', #1084, #2177, #2006, .T. ) ;
#4506 = VERTEX_POINT ( 'NONE', #5538 ) ;
#4507 = AXIS2_PLACEMENT_3D ( 'NONE', #4246, #5152, #2426 ) ;
#4508 = ORIENTED_EDGE ( 'NONE', *, *, #3904, .T. ) ;
#4509 = CARTESIAN_POINT ( 'NONE',  ( 0.4899999999999999911, 0.05000000000000000278, 0.3204630797616150328 ) ) ;
#4510 = VECTOR ( 'NONE', #241, 1000.000000000000000 ) ;
#4511 = LINE ( 'NONE', #3216, #3168 ) ;
#4512 = VECTOR ( 'NONE', #249, 1000.000000000000000 ) ;
#4513 = CARTESIAN_POINT ( 'NONE',  ( 0.4899999999999999911, 0.2500000000000000000, -0.2783841551168639850 ) ) ;
#4514 = ORIENTED_EDGE ( 'NONE', *, *, #1676, .T. ) ;
#4515 = VECTOR ( 'NONE', #3396, 1000.000000000000000 ) ;
#4516 = CARTESIAN_POINT ( 'NONE',  ( 0.1187308496519081935, 0.2500000000000000000, 0.3487332069152305203 ) ) ;
#4517 = CARTESIAN_POINT ( 'NONE',  ( -0.05000000000000000278, 0.05000000000000000278, -0.05000000000000000278 ) ) ;
#4518 = ADVANCED_FACE ( 'NONE', ( #4147 ), #544, .F. ) ;
#4519 = CARTESIAN_POINT ( 'NONE',  ( 0.0000000000000000000, 0.05000000000000000278, -0.3099999999999999978 ) ) ;
#4520 = DIRECTION ( 'NONE',  ( 0.0000000000000000000, 0.0000000000000000000, 1.000000000000000000 ) ) ;
#4521 = EDGE_LOOP ( 'NONE', ( #3107, #863, #5181, #1333 ) ) ;
#4522 = EDGE_CURVE ( 'NONE', #3768, #1487, #1727, .T. ) ;
#4523 = CARTESIAN_POINT ( 'NONE',  ( -0.1324024845846042131, 0.2500000000000000000, -0.04827599225835989966 ) ) ;
#4524 = ORIENTED_EDGE ( 'NONE', *, *, #5155, .T. ) ;
#4525 = ORIENTED_EDGE ( 'NONE', *, *, #1628, .T. ) ;
#4526 = ORIENTED_EDGE ( 'NONE', *, *, #5022, .F. ) ;
#4527 = ORIENTED_EDGE ( 'NONE', *, *, #2495, .T. ) ;
#4528 = DIRECTION ( 'NONE',  ( 0.7071067811865474617, 0.0000000000000000000, 0.7071067811865474617 ) ) ;
#4529 = EDGE_CURVE ( 'NONE', #1198, #2712, #2923, .T. ) ;
#4530 = DIRECTION ( 'NONE',  ( 0.0000000000000000000, 0.0000000000000000000, 1.000000000000000000 ) ) ;
#4531 = AXIS2_PLACEMENT_3D ( 'NONE', #3856, #5670, #2951 ) ;
#4532 = DIRECTION ( 'NONE',  ( -1.000000000000000000, 0.0000000000000000000, 0.0000000000000000000 ) ) ;
#4533 = FACE_OUTER_BOUND ( 'NONE', #3310, .T. ) ;
#4534 = DIRECTION ( 'NONE',  ( 0.0000000000000000000, 1.000000000000000000, 0.0000000000000000000 ) ) ;
#4535 = ORIENTED_EDGE ( 'NONE', *, *, #3129, .T. ) ;
#4536 = DIRECTION ( 'NONE',  ( 1.000000000000000000, 0.0000000000000000000, 0.0000000000000000000 ) ) ;
#4537 = COLOUR_RGB ( '',0.2509803921568627416, 0.2509803921568627416, 0.2509803921568627416 ) ;
#4538 = VECTOR ( 'NONE', #5322, 1000.000000000000000 ) ;
#4539 = DIRECTION ( 'NONE',  ( 0.7071067811865474617, 0.0000000000000000000, 0.7071067811865474617 ) ) ;
#4540 = DIRECTION ( 'NONE',  ( 0.0000000000000000000, 0.0000000000000000000, 1.000000000000000000 ) ) ;
#4541 = EDGE_CURVE ( 'NONE', #5044, #3574, #504, .T. ) ;
#4542 = VECTOR ( 'NONE', #4177, 1000.000000000000000 ) ;
#4543 = VERTEX_POINT ( 'NONE', #86 ) ;
#4544 = AXIS2_PLACEMENT_3D ( 'NONE', #1652, #2116, #5287 ) ;
#4545 = VECTOR ( 'NONE', #1954, 1000.000000000000114 ) ;
#4546 = LINE ( 'NONE', #1599, #769 ) ;
#4547 = ORIENTED_EDGE ( 'NONE', *, *, #494, .T. ) ;
#4548 = DIRECTION ( 'NONE',  ( -1.000000000000000000, 0.0000000000000000000, 0.0000000000000000000 ) ) ;
#4549 = VECTOR ( 'NONE', #4855, 1000.000000000000000 ) ;
#4550 = ORIENTED_EDGE ( 'NONE', *, *, #1386, .F. ) ;
#4551 = ORIENTED_EDGE ( 'NONE', *, *, #5125, .F. ) ;
#4552 = DIRECTION ( 'NONE',  ( 1.000000000000000000, 0.0000000000000000000, 0.0000000000000000000 ) ) ;
#4553 = VERTEX_POINT ( 'NONE', #4630 ) ;
#4554 = EDGE_CURVE ( 'NONE', #518, #2940, #1872, .T. ) ;
#4555 = EDGE_LOOP ( 'NONE', ( #3058, #1995, #2684, #4685, #3308, #5608 ) ) ;
#4556 = VERTEX_POINT ( 'NONE', #1011 ) ;
#4557 = CARTESIAN_POINT ( 'NONE',  ( 0.2100000000000000200, -6.776263578034400401E-18, -0.2100000000000000200 ) ) ;
#4558 =( LENGTH_UNIT ( ) NAMED_UNIT ( * ) SI_UNIT ( .MILLI., .METRE. ) );
#4559 = ORIENTED_EDGE ( 'NONE', *, *, #4693, .T. ) ;
#4560 = LINE ( 'NONE', #4870, #1056 ) ;
#4561 = DIRECTION ( 'NONE',  ( 1.000000000000000000, 0.0000000000000000000, -1.028122749770736045E-15 ) ) ;
#4562 = ORIENTED_EDGE ( 'NONE', *, *, #2332, .T. ) ;
#4563 = ORIENTED_EDGE ( 'NONE', *, *, #3625, .T. ) ;
#4564 = VERTEX_POINT ( 'NONE', #5115 ) ;
#4565 = EDGE_CURVE ( 'NONE', #1084, #2021, #357, .T. ) ;
#4566 = LINE ( 'NONE', #4585, #2159 ) ;
#4567 = CARTESIAN_POINT ( 'NONE',  ( -0.1324024845846042131, 0.2500000000000000000, 0.1355136704081486010 ) ) ;
#4568 = DIRECTION ( 'NONE',  ( -1.279960898073166052E-15, 0.0000000000000000000, -1.000000000000000000 ) ) ;
#4569 = EDGE_CURVE ( 'NONE', #5635, #2338, #4003, .T. ) ;
#4570 = ORIENTED_EDGE ( 'NONE', *, *, #2763, .F. ) ;
#4571 = CLOSED_SHELL ( 'NONE', ( #4392, #5725, #2005, #4187, #4459, #4270 ) ) ;
#4572 = VECTOR ( 'NONE', #3602, 1000.000000000000000 ) ;
#4573 = LINE ( 'NONE', #5085, #5630 ) ;
#4574 = AXIS2_PLACEMENT_3D ( 'NONE', #3751, #1010, #4205 ) ;
#4575 = DIRECTION ( 'NONE',  ( 0.0000000000000000000, 0.0000000000000000000, 1.000000000000000000 ) ) ;
#4576 = DIRECTION ( 'NONE',  ( 0.0000000000000000000, 0.0000000000000000000, 1.000000000000000000 ) ) ;
#4577 = DIRECTION ( 'NONE',  ( 0.0000000000000000000, 0.0000000000000000000, 1.000000000000000000 ) ) ;
#4578 = VERTEX_POINT ( 'NONE', #579 ) ;
#4579 = CIRCLE ( 'NONE', #3283, 0.03499999999999998251 ) ;
#4580 = FACE_OUTER_BOUND ( 'NONE', #924, .T. ) ;
#4581 = VERTEX_POINT ( 'NONE', #4230 ) ;
#4582 = DIRECTION ( 'NONE',  ( 0.0000000000000000000, 1.000000000000000000, 0.0000000000000000000 ) ) ;
#4583 = LINE ( 'NONE', #1907, #952 ) ;
#4584 = CARTESIAN_POINT ( 'NONE',  ( 0.1324024845846046294, 0.2500000000000000000, -0.04827599225835989966 ) ) ;
#4585 = CARTESIAN_POINT ( 'NONE',  ( 0.4949999999999999956, -6.776263578034400401E-18, 0.2100000000000000200 ) ) ;
#4586 = LINE ( 'NONE', #483, #956 ) ;
#4587 = DIRECTION ( 'NONE',  ( 0.0000000000000000000, -1.000000000000000000, 0.0000000000000000000 ) ) ;
#4588 = ORIENTED_EDGE ( 'NONE', *, *, #5547, .F. ) ;
#4589 = PLANE ( 'NONE',  #2812 ) ;
#4590 = EDGE_CURVE ( 'NONE', #5517, #91, #1573, .T. ) ;
#4591 = ORIENTED_EDGE ( 'NONE', *, *, #2009, .F. ) ;
#4592 = ORIENTED_EDGE ( 'NONE', *, *, #479, .T. ) ;
#4593 = VERTEX_POINT ( 'NONE', #2411 ) ;
#4594 = EDGE_CURVE ( 'NONE', #2739, #2866, #2677, .T. ) ;
#4595 = LINE ( 'NONE', #4517, #1392 ) ;
#4596 = DIRECTION ( 'NONE',  ( 0.0000000000000000000, 1.000000000000000000, 0.0000000000000000000 ) ) ;
#4597 = DIRECTION ( 'NONE',  ( -1.000000000000000000, 0.0000000000000000000, 2.168404344971010446E-15 ) ) ;
#4598 = LINE ( 'NONE', #2831, #2201 ) ;
#4599 = DIRECTION ( 'NONE',  ( -0.0000000000000000000, 1.000000000000000000, 0.0000000000000000000 ) ) ;
#4600 = LINE ( 'NONE', #4722, #972 ) ;
#4601 = AXIS2_PLACEMENT_3D ( 'NONE', #5124, #3784, #1041 ) ;
#4602 = CARTESIAN_POINT ( 'NONE',  ( -0.1324024845846042131, 0.05000000000000000278, 0.1355136704081486010 ) ) ;
#4603 = VECTOR ( 'NONE', #3463, 1000.000000000000000 ) ;
#4604 = ORIENTED_EDGE ( 'NONE', *, *, #4623, .F. ) ;
#4605 = CARTESIAN_POINT ( 'NONE',  ( 0.05000000000000000278, 0.05000000000000000278, -0.3021996039790479927 ) ) ;
#4606 = VECTOR ( 'NONE', #2212, 1000.000000000000000 ) ;
#4607 = EDGE_CURVE ( 'NONE', #2290, #3013, #4955, .T. ) ;
#4608 = VECTOR ( 'NONE', #5427, 1000.000000000000000 ) ;
#4609 = ORIENTED_EDGE ( 'NONE', *, *, #443, .T. ) ;
#4610 = DIRECTION ( 'NONE',  ( 0.0000000000000000000, 0.0000000000000000000, 1.000000000000000000 ) ) ;
#4611 = EDGE_CURVE ( 'NONE', #2790, #5114, #1313, .T. ) ;
#4612 = CARTESIAN_POINT ( 'NONE',  ( -0.5000000000000000000, 0.05000000000000000278, 0.3099999999999999978 ) ) ;
#4613 = FILL_AREA_STYLE ('',( #1435 ) ) ;
#4614 = ORIENTED_EDGE ( 'NONE', *, *, #2457, .T. ) ;
#4615 = CARTESIAN_POINT ( 'NONE',  ( 0.5000000000000000000, 0.2500000000000000000, 0.5000000000000000000 ) ) ;
#4616 = ORIENTED_EDGE ( 'NONE', *, *, #205, .T. ) ;
#4617 = ORIENTED_EDGE ( 'NONE', *, *, #92, .T. ) ;
#4618 = VERTEX_POINT ( 'NONE', #5134 ) ;
#4619 = EDGE_CURVE ( 'NONE', #82, #3693, #3611, .T. ) ;
#4620 = ADVANCED_FACE ( 'NONE', ( #4790 ), #604, .F. ) ;
#4621 = CARTESIAN_POINT ( 'NONE',  ( -0.1187308496519079853, 0.05000000000000000278, 0.3487332069152305203 ) ) ;
#4622 = CARTESIAN_POINT ( 'NONE',  ( 0.0000000000000000000, 0.2500000000000000000, -0.2783841551168639850 ) ) ;
#4623 = EDGE_CURVE ( 'NONE', #5751, #2285, #745, .T. ) ;
#4624 = UNCERTAINTY_MEASURE_WITH_UNIT (LENGTH_MEASURE( 1.000000000000000082E-05 ), #4258, 'distance_accuracy_value', 'NONE');
#4625 = DIRECTION ( 'NONE',  ( 0.0000000000000000000, 0.0000000000000000000, 1.000000000000000000 ) ) ;
#4626 = AXIS2_PLACEMENT_3D ( 'NONE', #3662, #4119, #1382 ) ;
#4627 = VECTOR ( 'NONE', #3021, 1000.000000000000000 ) ;
#4628 = FACE_OUTER_BOUND ( 'NONE', #2916, .T. ) ;
#4629 = DIRECTION ( 'NONE',  ( -1.000000000000000000, 0.0000000000000000000, 0.0000000000000000000 ) ) ;
#4630 = CARTESIAN_POINT ( 'NONE',  ( -0.05000000000000000278, 0.05000000000000000278, 0.2146867790523304953 ) ) ;
#4631 = ORIENTED_EDGE ( 'NONE', *, *, #1952, .F. ) ;
#4632 = ORIENTED_EDGE ( 'NONE', *, *, #4222, .T. ) ;
#4633 = EDGE_LOOP ( 'NONE', ( #4268, #2071, #1909, #641 ) ) ;
#4634 = LINE ( 'NONE', #4981, #5857 ) ;
#4635 = LINE ( 'NONE', #2109, #2247 ) ;
#4636 = UNCERTAINTY_MEASURE_WITH_UNIT (LENGTH_MEASURE( 1.000000000000000082E-05 ), #5573, 'distance_accuracy_value', 'NONE');
#4637 = VERTEX_POINT ( 'NONE', #3365 ) ;
#4638 = EDGE_CURVE ( 'NONE', #4750, #4988, #4233, .T. ) ;
#4639 = AXIS2_PLACEMENT_3D ( 'NONE', #984, #75, #3281 ) ;
#4640 = VERTEX_POINT ( 'NONE', #646 ) ;
#4641 = FACE_OUTER_BOUND ( 'NONE', #3617, .T. ) ;
#4642 = LINE ( 'NONE', #660, #1157 ) ;
#4643 = ADVANCED_FACE ( 'NONE', ( #5441 ), #5606, .F. ) ;
#4644 = ORIENTED_EDGE ( 'NONE', *, *, #517, .T. ) ;
#4645 = ADVANCED_FACE ( 'NONE', ( #1826 ), #5653, .F. ) ;
#4646 = DIRECTION ( 'NONE',  ( -1.000000000000000000, 0.0000000000000000000, 0.0000000000000000000 ) ) ;
#4647 = VERTEX_POINT ( 'NONE', #2468 ) ;
#4648 = CARTESIAN_POINT ( 'NONE',  ( 0.0000000000000000000, 0.05000000000000000278, 0.0000000000000000000 ) ) ;
#4649 = CARTESIAN_POINT ( 'NONE',  ( 0.5000000000000000000, -6.776263578034400401E-18, -0.05000000000000000278 ) ) ;
#4650 = EDGE_LOOP ( 'NONE', ( #73, #732, #1116, #68 ) ) ;
#4651 = CARTESIAN_POINT ( 'NONE',  ( 0.1187308496519081935, 0.2500000000000000000, 0.2146867790523304953 ) ) ;
#4652 = PLANE ( 'NONE',  #1172 ) ;
#4653 = LINE ( 'NONE', #5657, #3452 ) ;
#4654 = ORIENTED_EDGE ( 'NONE', *, *, #5848, .T. ) ;
#4655 = CARTESIAN_POINT ( 'NONE',  ( 0.4899999999999999911, 0.05000000000000000278, 0.3204630797616150328 ) ) ;
#4657 = EDGE_CURVE ( 'NONE', #3979, #2764, #4374, .T. ) ;
#4656 = VECTOR ( 'NONE', #3514, 1000.000000000000000 ) ;
#4658 = CARTESIAN_POINT ( 'NONE',  ( -0.1187308496519079853, 0.2500000000000000000, 0.2146867790523304953 ) ) ;
#4659 = LINE ( 'NONE', #969, #3465 ) ;
#4660 = ORIENTED_EDGE ( 'NONE', *, *, #5586, .T. ) ;
#4661 = DIRECTION ( 'NONE',  ( 2.168404344971010446E-15, 0.0000000000000000000, 1.000000000000000000 ) ) ;
#4662 = FACE_OUTER_BOUND ( 'NONE', #501, .T. ) ;
#4663 = AXIS2_PLACEMENT_3D ( 'NONE', #3869, #1121, #4324 ) ;
#4664 = DIRECTION ( 'NONE',  ( 0.0000000000000000000, -1.000000000000000000, 0.0000000000000000000 ) ) ;
#4665 = EDGE_CURVE ( 'NONE', #681, #2527, #1955, .T. ) ;
#4666 = FACE_OUTER_BOUND ( 'NONE', #4099, .T. ) ;
#4667 = CARTESIAN_POINT ( 'NONE',  ( -0.5000000000000000000, 0.05000000000000000278, 0.05000000000000070360 ) ) ;
#4668 = ORIENTED_EDGE ( 'NONE', *, *, #1137, .T. ) ;
#4669 = ADVANCED_FACE ( 'NONE', ( #5299 ), #2491, .F. ) ;
#4670 = AXIS2_PLACEMENT_3D ( 'NONE', #586, #107, #1488 ) ;
#4671 = FACE_OUTER_BOUND ( 'NONE', #3246, .T. ) ;
#4672 = ADVANCED_FACE ( 'NONE', ( #1675 ), #4309, .T. ) ;
#4673 = ORIENTED_EDGE ( 'NONE', *, *, #4665, .T. ) ;
#4674 = CARTESIAN_POINT ( 'NONE',  ( 0.4949999999999999956, 0.05000000000000000278, 0.3099999999999999978 ) ) ;
#4675 = CARTESIAN_POINT ( 'NONE',  ( 0.3099999999999999978, 0.05000000000000000278, 0.4949999999999999956 ) ) ;
#4676 = ORIENTED_EDGE ( 'NONE', *, *, #5243, .T. ) ;
#4677 = EDGE_LOOP ( 'NONE', ( #548, #491, #109, #4491, #811, #292 ) ) ;
#4678 = AXIS2_PLACEMENT_3D ( 'NONE', #4852, #2150, #5317 ) ;
#4679 = ORIENTED_EDGE ( 'NONE', *, *, #5017, .F. ) ;
#4680 = ORIENTED_EDGE ( 'NONE', *, *, #3171, .F. ) ;
#4681 = ORIENTED_EDGE ( 'NONE', *, *, #2976, .F. ) ;
#4682 = ORIENTED_EDGE ( 'NONE', *, *, #5089, .T. ) ;
#4683 = FACE_OUTER_BOUND ( 'NONE', #4135, .T. ) ;
#4684 = CARTESIAN_POINT ( 'NONE',  ( 0.1499999999999999944, 0.0000000000000000000, -0.05000000000000000278 ) ) ;
#4685 = ORIENTED_EDGE ( 'NONE', *, *, #4013, .F. ) ;
#4686 = AXIS2_PLACEMENT_3D ( 'NONE', #4323, #3890, #1592 ) ;
#4687 = ORIENTED_EDGE ( 'NONE', *, *, #2263, .T. ) ;
#4688 = VERTEX_POINT ( 'NONE', #2061 ) ;
#4689 = CARTESIAN_POINT ( 'NONE',  ( 0.3099999999999999978, -6.776263578034400401E-18, 0.5000000000000000000 ) ) ;
#4690 = ORIENTED_EDGE ( 'NONE', *, *, #9, .T. ) ;
#4691 = CARTESIAN_POINT ( 'NONE',  ( -0.05000000000000000278, 0.05000000000000000278, -0.5000000000000000000 ) ) ;
#4692 = SURFACE_STYLE_USAGE ( .BOTH. , #1520 ) ;
#4693 = EDGE_CURVE ( 'NONE', #3930, #4688, #5148, .T. ) ;
#4694 = VECTOR ( 'NONE', #470, 1000.000000000000000 ) ;
#4695 =( LENGTH_UNIT ( ) NAMED_UNIT ( * ) SI_UNIT ( .MILLI., .METRE. ) );
#4696 = CARTESIAN_POINT ( 'NONE',  ( 0.1187308496519081935, 0.05000000000000000278, 0.3487332069152305203 ) ) ;
#4697 = ORIENTED_EDGE ( 'NONE', *, *, #4594, .F. ) ;
#4698 = VERTEX_POINT ( 'NONE', #1600 ) ;
#4699 = LINE ( 'NONE', #424, #5629 ) ;
#4700 = ADVANCED_FACE ( 'NONE', ( #3953 ), #2971, .F. ) ;
#4701 = LINE ( 'NONE', #2800, #4 ) ;
#4702 = LINE ( 'NONE', #4509, #657 ) ;
#4703 =( NAMED_UNIT ( * ) SI_UNIT ( $, .STERADIAN. ) SOLID_ANGLE_UNIT ( ) );
#4704 = EDGE_CURVE ( 'NONE', #466, #1154, #300, .T. ) ;
#4705 = DIRECTION ( 'NONE',  ( -1.000000000000000000, 0.0000000000000000000, 0.0000000000000000000 ) ) ;
#4706 = AXIS2_PLACEMENT_3D ( 'NONE', #615, #4705, #1997 ) ;
#4707 = ADVANCED_FACE ( 'NONE', ( #3808 ), #1150, .T. ) ;
#4708 = ORIENTED_EDGE ( 'NONE', *, *, #5140, .T. ) ;
#4709 = VECTOR ( 'NONE', #84, 1000.000000000000000 ) ;
#4710 = FACE_OUTER_BOUND ( 'NONE', #2057, .T. ) ;
#4711 = AXIS2_PLACEMENT_3D ( 'NONE', #3556, #378, #3580 ) ;
#4712 = CARTESIAN_POINT ( 'NONE',  ( -0.5000000000000000000, 0.2500000000000000000, -0.5000000000000000000 ) ) ;
#4713 = ORIENTED_EDGE ( 'NONE', *, *, #3729, .T. ) ;
#4714 = PLANE ( 'NONE',  #2640 ) ;
#4715 = DIRECTION ( 'NONE',  ( 2.171844282894509933E-45, 1.677074887862969767E-30, 1.000000000000000000 ) ) ;
#4716 = DIRECTION ( 'NONE',  ( 0.0000000000000000000, 1.000000000000000000, 0.0000000000000000000 ) ) ;
#4717 = FACE_OUTER_BOUND ( 'NONE', #1168, .T. ) ;
#4718 = VECTOR ( 'NONE', #4596, 1000.000000000000000 ) ;
#4719 = EDGE_CURVE ( 'NONE', #2372, #213, #462, .T. ) ;
#4721 = CARTESIAN_POINT ( 'NONE',  ( -0.1324024845846042131, 0.2500000000000000000, 0.1355136704081486010 ) ) ;
#4720 = AXIS2_PLACEMENT_3D ( 'NONE', #2300, #5914, #3210 ) ;
#4722 = CARTESIAN_POINT ( 'NONE',  ( -0.1187308496519079853, 0.05000000000000000278, 0.0000000000000000000 ) ) ;
#4723 = VECTOR ( 'NONE', #1513, 1000.000000000000000 ) ;
#4724 = ORIENTED_EDGE ( 'NONE', *, *, #343, .F. ) ;
#4725 = EDGE_CURVE ( 'NONE', #5413, #60, #2598, .T. ) ;
#4726 = PLANE ( 'NONE',  #2262 ) ;
#4727 = PLANE ( 'NONE',  #5330 ) ;
#4728 = EDGE_LOOP ( 'NONE', ( #4133, #3908, #5607, #4390, #4408, #5907 ) ) ;
#4729 = ORIENTED_EDGE ( 'NONE', *, *, #4255, .T. ) ;
#4730 = LINE ( 'NONE', #3590, #2331 ) ;
#4731 = CARTESIAN_POINT ( 'NONE',  ( 0.1053477934590670018, 0.2500000000000000000, -0.1758845661859115006 ) ) ;
#4732 = DIRECTION ( 'NONE',  ( 1.000000000000000000, 0.0000000000000000000, 0.0000000000000000000 ) ) ;
#4733 = EDGE_CURVE ( 'NONE', #3220, #5386, #1523, .T. ) ;
#4734 = DIRECTION ( 'NONE',  ( 1.000000000000000000, 0.0000000000000000000, 6.542599316722870224E-16 ) ) ;
#4735 = LINE ( 'NONE', #2376, #4887 ) ;
#4736 = LINE ( 'NONE', #4253, #3548 ) ;
#4737 = ADVANCED_FACE ( 'NONE', ( #1232 ), #1641, .F. ) ;
#4738 = DIRECTION ( 'NONE',  ( 0.0000000000000000000, 0.0000000000000000000, 1.000000000000000000 ) ) ;
#4739 = PRESENTATION_STYLE_ASSIGNMENT (( #4297 ) ) ;
#4740 = EDGE_CURVE ( 'NONE', #3693, #5402, #17, .T. ) ;
#4741 = LINE ( 'NONE', #3488, #4603 ) ;
#4742 = ORIENTED_EDGE ( 'NONE', *, *, #869, .F. ) ;
#4743 = DIRECTION ( 'NONE',  ( 0.0000000000000000000, 0.0000000000000000000, -1.000000000000000000 ) ) ;
#4744 = LINE ( 'NONE', #1747, #1112 ) ;
#4745 = PLANE ( 'NONE',  #4663 ) ;
#4746 = DIRECTION ( 'NONE',  ( 0.0000000000000000000, -1.000000000000000000, 0.0000000000000000000 ) ) ;
#4747 = CARTESIAN_POINT ( 'NONE',  ( -0.2100000000000000200, 0.05000000000000000278, 0.4949999999999999956 ) ) ;
#4748 = EDGE_LOOP ( 'NONE', ( #3380, #4863, #209, #4551, #1, #1598, #2988, #339 ) ) ;
#4749 = VECTOR ( 'NONE', #2691, 1000.000000000000000 ) ;
#4750 = VERTEX_POINT ( 'NONE', #267 ) ;
#4751 = FILL_AREA_STYLE_COLOUR ( '', #5070 ) ;
#4752 = DIRECTION ( 'NONE',  ( 1.000000000000000000, 0.0000000000000000000, 0.0000000000000000000 ) ) ;
#4753 = ORIENTED_EDGE ( 'NONE', *, *, #5349, .F. ) ;
#4754 = EDGE_CURVE ( 'NONE', #1460, #1692, #3524, .T. ) ;
#4755 = DIRECTION ( 'NONE',  ( 0.0000000000000000000, -1.141265444721584103E-15, 1.000000000000000000 ) ) ;
#4756 =( GEOMETRIC_REPRESENTATION_CONTEXT ( 3 ) GLOBAL_UNCERTAINTY_ASSIGNED_CONTEXT ( ( #2970 ) ) GLOBAL_UNIT_ASSIGNED_CONTEXT ( ( #5254, #2531, #5707 ) ) REPRESENTATION_CONTEXT ( 'NONE', 'WORKASPACE' ) );
#4757 = VECTOR ( 'NONE', #4996, 1000.000000000000000 ) ;
#4758 = ORIENTED_EDGE ( 'NONE', *, *, #5541, .F. ) ;
#4759 = DIRECTION ( 'NONE',  ( 0.0000000000000000000, 0.0000000000000000000, 1.000000000000000000 ) ) ;
#4760 = CARTESIAN_POINT ( 'NONE',  ( 0.0000000000000000000, 0.2500000000000000000, -0.2783841551168639850 ) ) ;
#4761 = ORIENTED_EDGE ( 'NONE', *, *, #4112, .T. ) ;
#4762 = CARTESIAN_POINT ( 'NONE',  ( 0.0000000000000000000, -6.776263578034400401E-18, 0.0000000000000000000 ) ) ;
#4763 = ORIENTED_EDGE ( 'NONE', *, *, #5579, .F. ) ;
#4764 = VERTEX_POINT ( 'NONE', #5057 ) ;
#4765 = DIRECTION ( 'NONE',  ( 1.000000000000000000, 0.0000000000000000000, 0.0000000000000000000 ) ) ;
#4766 = CARTESIAN_POINT ( 'NONE',  ( -0.1053477934590670018, 0.2500000000000000000, -0.3021996039790479927 ) ) ;
#4767 = ADVANCED_FACE ( 'NONE', ( #1380 ), #1415, .F. ) ;
#4768 = DIRECTION ( 'NONE',  ( 1.000000000000000000, 0.0000000000000000000, -4.366925416955505011E-16 ) ) ;
#4769 = CARTESIAN_POINT ( 'NONE',  ( -0.3202182358878855606, 0.2500000000000000000, -0.4800000000000000377 ) ) ;
#4770 = VECTOR ( 'NONE', #2585, 1000.000000000000114 ) ;
#4771 = DIRECTION ( 'NONE',  ( 0.0000000000000000000, 0.0000000000000000000, -1.000000000000000000 ) ) ;
#4772 = VECTOR ( 'NONE', #5910, 1000.000000000000000 ) ;
#4773 = ORIENTED_EDGE ( 'NONE', *, *, #192, .T. ) ;
#4774 = EDGE_CURVE ( 'NONE', #3279, #2669, #2442, .T. ) ;
#4775 = ORIENTED_EDGE ( 'NONE', *, *, #553, .F. ) ;
#4776 = CARTESIAN_POINT ( 'NONE',  ( 0.5000000000000000000, 0.05000000000000000278, -0.4650000000000000244 ) ) ;
#4777 = DIRECTION ( 'NONE',  ( 0.0000000000000000000, 0.0000000000000000000, -1.000000000000000000 ) ) ;
#4778 = ORIENTED_EDGE ( 'NONE', *, *, #3450, .F. ) ;
#4779 = VECTOR ( 'NONE', #5421, 1000.000000000000000 ) ;
#4780 = CARTESIAN_POINT ( 'NONE',  ( 0.5000000000000000000, 0.05000000000000000278, -0.5000000000000000000 ) ) ;
#4781 = FACE_OUTER_BOUND ( 'NONE', #4839, .T. ) ;
#4782 = EDGE_CURVE ( 'NONE', #5324, #1144, #1086, .T. ) ;
#4783 = ORIENTED_EDGE ( 'NONE', *, *, #5169, .F. ) ;
#4784 = ORIENTED_EDGE ( 'NONE', *, *, #886, .F. ) ;
#4785 = VECTOR ( 'NONE', #2309, 1000.000000000000000 ) ;
#4786 = VECTOR ( 'NONE', #4279, 1000.000000000000000 ) ;
#4787 = DIRECTION ( 'NONE',  ( 0.5313375409768639202, 0.0000000000000000000, 0.8471602077226357830 ) ) ;
#4788 = VECTOR ( 'NONE', #1838, 1000.000000000000000 ) ;
#4789 = AXIS2_PLACEMENT_3D ( 'NONE', #2577, #3034, #294 ) ;
#4790 = FACE_OUTER_BOUND ( 'NONE', #2894, .T. ) ;
#4791 = EDGE_LOOP ( 'NONE', ( #5470, #653, #2523, #1635, #1734, #2490, #945, #2833 ) ) ;
#4792 = SURFACE_SIDE_STYLE ('',( #5463 ) ) ;
#4793 = CARTESIAN_POINT ( 'NONE',  ( -0.2825860074852220016, 0.05000000000000000278, 0.4505528074687949469 ) ) ;
#4794 = PLANE ( 'NONE',  #3595 ) ;
#4795 = DIRECTION ( 'NONE',  ( 1.141265444721584103E-15, 0.0000000000000000000, -1.000000000000000000 ) ) ;
#4796 = EDGE_CURVE ( 'NONE', #3562, #2343, #4583, .T. ) ;
#4797 = ORIENTED_EDGE ( 'NONE', *, *, #2473, .F. ) ;
#4798 = ADVANCED_FACE ( 'NONE', ( #5791 ), #2804, .F. ) ;
#4799 = EDGE_LOOP ( 'NONE', ( #4525, #1830, #3049, #2010 ) ) ;
#4800 = CARTESIAN_POINT ( 'NONE',  ( -0.05000000000000000278, 0.05000000000000000278, -0.5000000000000000000 ) ) ;
#4801 = VECTOR ( 'NONE', #2027, 1000.000000000000114 ) ;
#4802 = ORIENTED_EDGE ( 'NONE', *, *, #1117, .F. ) ;
#4803 = PLANE ( 'NONE',  #602 ) ;
#4804 = DIRECTION ( 'NONE',  ( 1.000000000000000000, 1.141265444721584103E-15, 0.0000000000000000000 ) ) ;
#4805 = DIRECTION ( 'NONE',  ( 0.0000000000000000000, 1.000000000000000000, 0.0000000000000000000 ) ) ;
#4806 = CARTESIAN_POINT ( 'NONE',  ( 0.1324024845846046294, 0.05000000000000000278, 0.1355136704081486010 ) ) ;
#4807 = LINE ( 'NONE', #4407, #2394 ) ;
#4809 = UNCERTAINTY_MEASURE_WITH_UNIT (LENGTH_MEASURE( 1.000000000000000082E-05 ), #4953, 'distance_accuracy_value', 'NONE');
#4808 = CARTESIAN_POINT ( 'NONE',  ( -0.5000000000000000000, 0.05000000000000000278, 0.05000000000000070360 ) ) ;
#4810 = CARTESIAN_POINT ( 'NONE',  ( -0.5000000000000000000, -6.776263578034400401E-18, 0.05000000000000070360 ) ) ;
#4811 = EDGE_CURVE ( 'NONE', #894, #5902, #4447, .T. ) ;
#4812 = LINE ( 'NONE', #5065, #2275 ) ;
#4813 = CARTESIAN_POINT ( 'NONE',  ( -0.2100000000000000200, 0.05000000000000000278, -0.4949999999999999956 ) ) ;
#4814 = EDGE_LOOP ( 'NONE', ( #252, #1660, #5435, #633 ) ) ;
#4815 = CARTESIAN_POINT ( 'NONE',  ( 1.073360150760649981E-15, 0.05000000000000000278, 0.4949999999999999956 ) ) ;
#4816 = DIRECTION ( 'NONE',  ( 1.000000000000000000, 0.0000000000000000000, 0.0000000000000000000 ) ) ;
#4817 = VECTOR ( 'NONE', #4561, 1000.000000000000000 ) ;
#4818 = ORIENTED_EDGE ( 'NONE', *, *, #361, .T. ) ;
#4819 = DIRECTION ( 'NONE',  ( 0.0000000000000000000, 1.000000000000000000, 0.0000000000000000000 ) ) ;
#4820 = EDGE_CURVE ( 'NONE', #1526, #530, #2179, .T. ) ;
#4821 = VECTOR ( 'NONE', #4835, 1000.000000000000000 ) ;
#4822 = DIRECTION ( 'NONE',  ( 0.0000000000000000000, 0.0000000000000000000, 1.000000000000000000 ) ) ;
#4823 = VERTEX_POINT ( 'NONE', #1455 ) ;
#4824 = ORIENTED_EDGE ( 'NONE', *, *, #4490, .F. ) ;
#4825 = DIRECTION ( 'NONE',  ( -1.000000000000000000, 0.0000000000000000000, 0.0000000000000000000 ) ) ;
#4826 = CARTESIAN_POINT ( 'NONE',  ( 0.4949999999999999956, 0.05000000000000000278, 0.3099999999999999978 ) ) ;
#4827 = ADVANCED_FACE ( 'NONE', ( #3242 ), #2818, .F. ) ;
#4828 = ORIENTED_EDGE ( 'NONE', *, *, #4529, .F. ) ;
#4829 = ORIENTED_EDGE ( 'NONE', *, *, #935, .T. ) ;
#4830 = EDGE_LOOP ( 'NONE', ( #815, #2244, #5332, #2429, #1162 ) ) ;
#4831 = DIRECTION ( 'NONE',  ( -1.028122749770736045E-15, 0.0000000000000000000, -1.000000000000000000 ) ) ;
#4832 = ORIENTED_EDGE ( 'NONE', *, *, #721, .F. ) ;
#4833 = CARTESIAN_POINT ( 'NONE',  ( 0.05000000000000000278, 0.05000000000000000278, -0.5000000000000000000 ) ) ;
#4834 = EDGE_CURVE ( 'NONE', #138, #1516, #4299, .T. ) ;
#4835 = DIRECTION ( 'NONE',  ( 0.0000000000000000000, 1.000000000000000000, 0.0000000000000000000 ) ) ;
#4836 = ORIENTED_EDGE ( 'NONE', *, *, #5859, .F. ) ;
#4837 = PRESENTATION_LAYER_ASSIGNMENT (  '', '', ( #4235 ) ) ;
#4838 = CARTESIAN_POINT ( 'NONE',  ( 0.0000000000000000000, 0.05000000000000000278, 0.0000000000000000000 ) ) ;
#4839 = EDGE_LOOP ( 'NONE', ( #2419, #2471, #1823, #5207, #3639, #5387 ) ) ;
#4840 = VERTEX_POINT ( 'NONE', #2373 ) ;
#4841 = CARTESIAN_POINT ( 'NONE',  ( 0.4949999999999999956, 0.05000000000000000278, 0.2100000000000000200 ) ) ;
#4842 = FILL_AREA_STYLE_COLOUR ( '', #3750 ) ;
#4843 = VECTOR ( 'NONE', #5894, 1000.000000000000000 ) ;
#4844 = FILL_AREA_STYLE ('',( #3946 ) ) ;
#4845 = CARTESIAN_POINT ( 'NONE',  ( -0.3099999999999999978, -6.776263578034400401E-18, 0.5000000000000000000 ) ) ;
#4846 = DIRECTION ( 'NONE',  ( -4.673285226230620180E-16, 0.0000000000000000000, -1.000000000000000000 ) ) ;
#4847 = ORIENTED_EDGE ( 'NONE', *, *, #4861, .F. ) ;
#4848 = EDGE_CURVE ( 'NONE', #175, #2297, #672, .T. ) ;
#4849 = ORIENTED_EDGE ( 'NONE', *, *, #4565, .T. ) ;
#4850 = VECTOR ( 'NONE', #4900, 1000.000000000000000 ) ;
#4851 = VECTOR ( 'NONE', #5051, 1000.000000000000000 ) ;
#4852 = CARTESIAN_POINT ( 'NONE',  ( 0.0000000000000000000, 0.2500000000000000000, -0.1758845661859115006 ) ) ;
#4853 = LINE ( 'NONE', #1754, #2434 ) ;
#4854 = ORIENTED_EDGE ( 'NONE', *, *, #405, .F. ) ;
#4855 = DIRECTION ( 'NONE',  ( -1.000000000000000000, 0.0000000000000000000, 0.0000000000000000000 ) ) ;
#4856 = DIRECTION ( 'NONE',  ( 0.0000000000000000000, 0.0000000000000000000, 1.000000000000000000 ) ) ;
#4857 = ORIENTED_EDGE ( 'NONE', *, *, #1261, .F. ) ;
#4858 = CARTESIAN_POINT ( 'NONE',  ( 0.4899999999999999911, 0.05000000000000000278, -1.200153863164406197E-16 ) ) ;
#4859 = LINE ( 'NONE', #3736, #3664 ) ;
#4860 = FACE_OUTER_BOUND ( 'NONE', #2157, .T. ) ;
#4861 = EDGE_CURVE ( 'NONE', #2343, #4640, #1893, .T. ) ;
#4862 = ADVANCED_FACE ( 'NONE', ( #1750 ), #2838, .F. ) ;
#4863 = ORIENTED_EDGE ( 'NONE', *, *, #4590, .F. ) ;
#4864 = CARTESIAN_POINT ( 'NONE',  ( 0.3099999999999999978, -6.776263578034400401E-18, -0.5000000000000000000 ) ) ;
#4865 = LINE ( 'NONE', #324, #298 ) ;
#4866 = FACE_OUTER_BOUND ( 'NONE', #737, .T. ) ;
#4867 = VECTOR ( 'NONE', #747, 1000.000000000000000 ) ;
#4868 = DIRECTION ( 'NONE',  ( 0.0000000000000000000, -1.000000000000000000, 0.0000000000000000000 ) ) ;
#4869 = ORIENTED_EDGE ( 'NONE', *, *, #4611, .F. ) ;
#4870 = CARTESIAN_POINT ( 'NONE',  ( 0.0000000000000000000, 0.05000000000000000278, -0.4949999999999999956 ) ) ;
#4871 = PLANE ( 'NONE',  #4302 ) ;
#4872 = PLANE ( 'NONE',  #928 ) ;
#4873 = CARTESIAN_POINT ( 'NONE',  ( 0.1187308496519081935, 0.05000000000000000278, 0.2146867790523304953 ) ) ;
#4874 = VERTEX_POINT ( 'NONE', #1497 ) ;
#4875 = AXIS2_PLACEMENT_3D ( 'NONE', #1766, #2227, #5399 ) ;
#4876 = EDGE_CURVE ( 'NONE', #5710, #1903, #2943, .T. ) ;
#4877 = CARTESIAN_POINT ( 'NONE',  ( 0.4949999999999999956, 0.05000000000000000278, -0.3099999999999999978 ) ) ;
#4878 = DIRECTION ( 'NONE',  ( -1.000000000000000000, 0.0000000000000000000, 4.673285226230620180E-16 ) ) ;
#4879 = CARTESIAN_POINT ( 'NONE',  ( -0.2933618639406079809, 0.05000000000000000278, 0.4437942073613649896 ) ) ;
#4880 = DIRECTION ( 'NONE',  ( 0.0000000000000000000, 1.000000000000000000, 0.0000000000000000000 ) ) ;
#4881 = ORIENTED_EDGE ( 'NONE', *, *, #2190, .T. ) ;
#4882 = CARTESIAN_POINT ( 'NONE',  ( 0.3099999999999999978, -6.776263578034400401E-18, 0.5000000000000000000 ) ) ;
#4883 = EDGE_LOOP ( 'NONE', ( #4018, #2407, #4173, #1897, #5543, #3982, #98, #781 ) ) ;
#4884 = LINE ( 'NONE', #5844, #31 ) ;
#4885 = AXIS2_PLACEMENT_3D ( 'NONE', #1731, #5372, #2652 ) ;
#4886 = DIRECTION ( 'NONE',  ( 1.000000000000000000, 0.0000000000000000000, 0.0000000000000000000 ) ) ;
#4887 = VECTOR ( 'NONE', #5550, 1000.000000000000000 ) ;
#4888 = DIRECTION ( 'NONE',  ( 0.0000000000000000000, 1.000000000000000000, 0.0000000000000000000 ) ) ;
#4889 = LINE ( 'NONE', #1989, #3824 ) ;
#4890 = AXIS2_PLACEMENT_3D ( 'NONE', #3551, #4007, #1270 ) ;
#4891 = FACE_OUTER_BOUND ( 'NONE', #792, .T. ) ;
#4892 = CARTESIAN_POINT ( 'NONE',  ( 0.2801399107849885106, 0.05000000000000000278, -0.4800000000000000377 ) ) ;
#4893 = DIRECTION ( 'NONE',  ( 0.0000000000000000000, 1.000000000000000000, 0.0000000000000000000 ) ) ;
#4894 = DIRECTION ( 'NONE',  ( 0.0000000000000000000, -1.000000000000000000, 0.0000000000000000000 ) ) ;
#4895 = CARTESIAN_POINT ( 'NONE',  ( -0.3202182358878855606, 0.2500000000000000000, -0.4350657705372935058 ) ) ;
#4896 = VECTOR ( 'NONE', #5272, 1000.000000000000000 ) ;
#4897 = VERTEX_POINT ( 'NONE', #3305 ) ;
#4898 = ORIENTED_EDGE ( 'NONE', *, *, #5811, .F. ) ;
#4899 = CARTESIAN_POINT ( 'NONE',  ( -0.2933618639406079809, 0.2500000000000000000, 0.4437942073613649896 ) ) ;
#4900 = DIRECTION ( 'NONE',  ( 1.000000000000000000, 0.0000000000000000000, 0.0000000000000000000 ) ) ;
#4901 = VECTOR ( 'NONE', #1250, 1000.000000000000000 ) ;
#4902 = CARTESIAN_POINT ( 'NONE',  ( 0.05000000000000000278, 0.05000000000000000278, 0.5000000000000000000 ) ) ;
#4903 = EDGE_CURVE ( 'NONE', #666, #1589, #2026, .T. ) ;
#4904 = CARTESIAN_POINT ( 'NONE',  ( -0.04999999999999939909, 0.05000000000000000278, 0.5000000000000000000 ) ) ;
#4905 = ADVANCED_FACE ( 'NONE', ( #524 ), #2389, .F. ) ;
#4906 = ORIENTED_EDGE ( 'NONE', *, *, #5513, .F. ) ;
#4907 = VECTOR ( 'NONE', #3134, 1000.000000000000000 ) ;
#4908 = CARTESIAN_POINT ( 'NONE',  ( 0.1053477934590670018, 0.2500000000000000000, -0.1758845661859115006 ) ) ;
#4909 = VERTEX_POINT ( 'NONE', #2405 ) ;
#4910 = ORIENTED_EDGE ( 'NONE', *, *, #2548, .T. ) ;
#4911 = EDGE_CURVE ( 'NONE', #3713, #2650, #4166, .T. ) ;
#4912 = UNCERTAINTY_MEASURE_WITH_UNIT (LENGTH_MEASURE( 1.000000000000000082E-05 ), #2359, 'distance_accuracy_value', 'NONE');
#4913 = VERTEX_POINT ( 'NONE', #4684 ) ;
#4914 = EDGE_LOOP ( 'NONE', ( #3998, #1607, #3876, #5558, #1266, #1812, #892, #3640, #67 ) ) ;
#4915 = PLANE ( 'NONE',  #5492 ) ;
#4916 = DIRECTION ( 'NONE',  ( -9.346570452461239128E-17, 0.0000000000000000000, 1.000000000000000000 ) ) ;
#4917 = VECTOR ( 'NONE', #4074, 1000.000000000000000 ) ;
#4918 = AXIS2_PLACEMENT_3D ( 'NONE', #799, #2183, #5353 ) ;
#4919 = ORIENTED_EDGE ( 'NONE', *, *, #4665, .F. ) ;
#4920 = ORIENTED_EDGE ( 'NONE', *, *, #1965, .T. ) ;
#4921 = VERTEX_POINT ( 'NONE', #5150 ) ;
#4922 = VERTEX_POINT ( 'NONE', #5599 ) ;
#4923 = PRESENTATION_LAYER_ASSIGNMENT (  '', '', ( #4306 ) ) ;
#4924 = CARTESIAN_POINT ( 'NONE',  ( -0.3202182358878855606, 0.05000000000000000278, -0.4350657705372935058 ) ) ;
#4925 = DIRECTION ( 'NONE',  ( 0.0000000000000000000, 1.000000000000000000, 0.0000000000000000000 ) ) ;
#4926 =( LENGTH_UNIT ( ) NAMED_UNIT ( * ) SI_UNIT ( .MILLI., .METRE. ) );
#4927 = EDGE_CURVE ( 'NONE', #423, #2830, #2672, .T. ) ;
#4928 = CARTESIAN_POINT ( 'NONE',  ( -0.5000000000000000000, 0.2500000000000000000, -0.5000000000000000000 ) ) ;
#4929 = CARTESIAN_POINT ( 'NONE',  ( 0.3099999999999999978, 0.0000000000000000000, -0.4949999999999999956 ) ) ;
#4930 = CARTESIAN_POINT ( 'NONE',  ( 0.1187308496519081935, 0.05000000000000000278, 0.2146867790523304953 ) ) ;
#4931 = DIRECTION ( 'NONE',  ( 0.0000000000000000000, 1.000000000000000000, 0.0000000000000000000 ) ) ;
#4932 = DIRECTION ( 'NONE',  ( 1.000000000000000000, 0.0000000000000000000, 0.0000000000000000000 ) ) ;
#4933 = LINE ( 'NONE', #2134, #4770 ) ;
#4934 = LINE ( 'NONE', #174, #2660 ) ;
#4935 = CARTESIAN_POINT ( 'NONE',  ( 0.2801399107849885106, 0.05000000000000000278, -0.4800000000000000377 ) ) ;
#4936 = EDGE_CURVE ( 'NONE', #5190, #5483, #1591, .T. ) ;
#4937 = VECTOR ( 'NONE', #3202, 1000.000000000000000 ) ;
#4938 = EDGE_LOOP ( 'NONE', ( #4818, #5002, #1669, #3986 ) ) ;
#4939 = CARTESIAN_POINT ( 'NONE',  ( 0.3099999999999999978, 0.0000000000000000000, 0.5000000000000000000 ) ) ;
#4940 = ORIENTED_EDGE ( 'NONE', *, *, #4638, .T. ) ;
#4941 = ADVANCED_FACE ( 'NONE', ( #382 ), #1530, .F. ) ;
#4942 = ORIENTED_EDGE ( 'NONE', *, *, #1666, .F. ) ;
#4943 = LINE ( 'NONE', #2679, #1443 ) ;
#4944 = CARTESIAN_POINT ( 'NONE',  ( 0.05000000000000000278, 0.05000000000000000278, -0.5000000000000000000 ) ) ;
#4945 = CARTESIAN_POINT ( 'NONE',  ( 0.0000000000000000000, 0.05000000000000000278, 0.3099999999999999978 ) ) ;
#4946 = ORIENTED_EDGE ( 'NONE', *, *, #5552, .F. ) ;
#4947 = EDGE_CURVE ( 'NONE', #1229, #5072, #217, .T. ) ;
#4948 = CARTESIAN_POINT ( 'NONE',  ( 1.073360150760649981E-15, 0.05000000000000000278, 0.4949999999999999956 ) ) ;
#4949 = ORIENTED_EDGE ( 'NONE', *, *, #4782, .T. ) ;
#4950 = LINE ( 'NONE', #469, #381 ) ;
#4951 = LINE ( 'NONE', #3823, #4786 ) ;
#4952 = CARTESIAN_POINT ( 'NONE',  ( -0.1187308496519079853, 0.05000000000000000278, 0.2146867790523304953 ) ) ;
#4953 =( LENGTH_UNIT ( ) NAMED_UNIT ( * ) SI_UNIT ( .MILLI., .METRE. ) );
#4954 = LINE ( 'NONE', #293, #1452 ) ;
#4955 = LINE ( 'NONE', #121, #3739 ) ;
#4956 = EDGE_CURVE ( 'NONE', #338, #2114, #3735, .T. ) ;
#4957 = EDGE_LOOP ( 'NONE', ( #3063, #1319, #5762, #5574 ) ) ;
#4958 = DIRECTION ( 'NONE',  ( 1.075291662706239021E-46, 2.261261832145059788E-31, 1.000000000000000000 ) ) ;
#4959 = AXIS2_PLACEMENT_3D ( 'NONE', #5520, #2791, #57 ) ;
#4960 = CARTESIAN_POINT ( 'NONE',  ( 0.1187308496519081935, 0.2500000000000000000, 0.2146867790523304953 ) ) ;
#4961 = CARTESIAN_POINT ( 'NONE',  ( 0.0000000000000000000, 0.05000000000000000278, 0.0000000000000000000 ) ) ;
#4962 = EDGE_LOOP ( 'NONE', ( #1852, #4216, #3612, #3923 ) ) ;
#4963 = EDGE_LOOP ( 'NONE', ( #4150, #3740, #2834, #4773 ) ) ;
#4964 = DIRECTION ( 'NONE',  ( 1.000000000000000000, 0.0000000000000000000, 0.0000000000000000000 ) ) ;
#4965 = EDGE_CURVE ( 'NONE', #4457, #3889, #4951, .T. ) ;
#4966 = CARTESIAN_POINT ( 'NONE',  ( -0.05000000000000000278, 0.05000000000000000278, -0.5000000000000000000 ) ) ;
#4967 = STYLED_ITEM ( 'NONE', ( #3041 ), #2891 ) ;
#4968 = CARTESIAN_POINT ( 'NONE',  ( 0.2825860074852225012, 0.2500000000000000000, 0.4505528074687949469 ) ) ;
#4969 = FACE_OUTER_BOUND ( 'NONE', #4791, .T. ) ;
#4970 = ORIENTED_EDGE ( 'NONE', *, *, #2613, .F. ) ;
#4971 = VECTOR ( 'NONE', #2137, 1000.000000000000000 ) ;
#4972 = ADVANCED_FACE ( 'NONE', ( #2516 ), #4727, .T. ) ;
#4973 = DIRECTION ( 'NONE',  ( 0.0000000000000000000, 0.0000000000000000000, -1.000000000000000000 ) ) ;
#4974 = VECTOR ( 'NONE', #750, 1000.000000000000000 ) ;
#4975 = LINE ( 'NONE', #2760, #2542 ) ;
#4976 = VERTEX_POINT ( 'NONE', #3359 ) ;
#4977 = CARTESIAN_POINT ( 'NONE',  ( -0.5000000000000000000, 0.05000000000000000278, -0.5000000000000000000 ) ) ;
#4978 = FACE_OUTER_BOUND ( 'NONE', #715, .T. ) ;
#4979 = ORIENTED_EDGE ( 'NONE', *, *, #2811, .F. ) ;
#4980 = DIRECTION ( 'NONE',  ( -1.000000000000000000, 0.0000000000000000000, 0.0000000000000000000 ) ) ;
#4981 = CARTESIAN_POINT ( 'NONE',  ( 0.2100000000000000200, -6.776263578034400401E-18, -0.4949999999999999956 ) ) ;
#4982 = VECTOR ( 'NONE', #245, 1000.000000000000114 ) ;
#4983 = VERTEX_POINT ( 'NONE', #2921 ) ;
#4984 = ORIENTED_EDGE ( 'NONE', *, *, #564, .T. ) ;
#4985 = ORIENTED_EDGE ( 'NONE', *, *, #850, .T. ) ;
#4986 = DIRECTION ( 'NONE',  ( 0.0000000000000000000, 0.0000000000000000000, -1.000000000000000000 ) ) ;
#4987 = ORIENTED_EDGE ( 'NONE', *, *, #4505, .T. ) ;
#4988 = VERTEX_POINT ( 'NONE', #5647 ) ;
#4989 = EDGE_CURVE ( 'NONE', #2979, #4237, #2378, .T. ) ;
#4990 = ORIENTED_EDGE ( 'NONE', *, *, #353, .F. ) ;
#4991 = CARTESIAN_POINT ( 'NONE',  ( -0.5000000000000000000, 0.05000000000000000278, 0.0000000000000000000 ) ) ;
#4992 = ORIENTED_EDGE ( 'NONE', *, *, #1666, .T. ) ;
#4993 = VERTEX_POINT ( 'NONE', #4301 ) ;
#4994 = EDGE_CURVE ( 'NONE', #388, #480, #3605, .T. ) ;
#4995 = MECHANICAL_DESIGN_GEOMETRIC_PRESENTATION_REPRESENTATION (  '', ( #4384 ), #5297 ) ;
#4996 = DIRECTION ( 'NONE',  ( 1.000000000000000000, 0.0000000000000000000, 0.0000000000000000000 ) ) ;
#4997 = CARTESIAN_POINT ( 'NONE',  ( -0.1187308496519079853, 0.05000000000000000278, 0.3487332069152305203 ) ) ;
#4998 = VECTOR ( 'NONE', #4087, 1000.000000000000000 ) ;
#4999 = CARTESIAN_POINT ( 'NONE',  ( 2.159057774518549935E-16, 0.05000000000000000278, 0.2100000000000000200 ) ) ;
#5000 = COLOUR_RGB ( '',1.000000000000000000, 1.000000000000000000, 1.000000000000000000 ) ;
#5001 = ORIENTED_EDGE ( 'NONE', *, *, #2009, .T. ) ;
#5002 = ORIENTED_EDGE ( 'NONE', *, *, #1161, .F. ) ;
#5003 = ORIENTED_EDGE ( 'NONE', *, *, #803, .T. ) ;
#5004 = CARTESIAN_POINT ( 'NONE',  ( 0.4949999999999999956, 0.0000000000000000000, 0.0000000000000000000 ) ) ;
#5005 = VECTOR ( 'NONE', #4878, 1000.000000000000000 ) ;
#5006 = VECTOR ( 'NONE', #4576, 1000.000000000000000 ) ;
#5007 = VECTOR ( 'NONE', #5365, 1000.000000000000000 ) ;
#5008 = CARTESIAN_POINT ( 'NONE',  ( -0.1187308496519079853, 0.2500000000000000000, 0.0000000000000000000 ) ) ;
#5009 = ORIENTED_EDGE ( 'NONE', *, *, #2230, .F. ) ;
#5010 = FACE_OUTER_BOUND ( 'NONE', #1223, .T. ) ;
#5011 = ORIENTED_EDGE ( 'NONE', *, *, #5513, .T. ) ;
#5012 = VECTOR ( 'NONE', #3043, 1000.000000000000000 ) ;
#5013 = CARTESIAN_POINT ( 'NONE',  ( 0.3099999999999999978, -6.776263578034400401E-18, -0.4949999999999999956 ) ) ;
#5014 = VECTOR ( 'NONE', #2532, 1000.000000000000000 ) ;
#5015 =( NAMED_UNIT ( * ) SI_UNIT ( $, .STERADIAN. ) SOLID_ANGLE_UNIT ( ) );
#5016 = DIRECTION ( 'NONE',  ( -1.936075308009829787E-17, 0.0000000000000000000, 1.000000000000000000 ) ) ;
#5017 = EDGE_CURVE ( 'NONE', #4073, #1111, #4642, .T. ) ;
#5018 = CARTESIAN_POINT ( 'NONE',  ( 0.4949999999999999956, -6.776263578034400401E-18, -0.2100000000000000200 ) ) ;
#5019 = ORIENTED_EDGE ( 'NONE', *, *, #2663, .T. ) ;
#5020 = VERTEX_POINT ( 'NONE', #2484 ) ;
#5021 = CARTESIAN_POINT ( 'NONE',  ( 0.1053477934590670018, 0.05000000000000000278, -0.1758845661859115006 ) ) ;
#5022 = EDGE_CURVE ( 'NONE', #1148, #3068, #5712, .T. ) ;
#5023 = CARTESIAN_POINT ( 'NONE',  ( -0.1324024845846042131, 0.05000000000000000278, 0.1355136704081486010 ) ) ;
#5024 = ORIENTED_EDGE ( 'NONE', *, *, #780, .T. ) ;
#5025 = STYLED_ITEM ( 'NONE', ( #1821 ), #5073 ) ;
#5026 = EDGE_LOOP ( 'NONE', ( #3507, #5744, #4697, #1514 ) ) ;
#5027 = PRESENTATION_LAYER_ASSIGNMENT (  '', '', ( #4421 ) ) ;
#5028 = DIRECTION ( 'NONE',  ( -8.559490835411880276E-16, 0.0000000000000000000, 1.000000000000000000 ) ) ;
#5029 = LINE ( 'NONE', #1735, #3820 ) ;
#5030 = CARTESIAN_POINT ( 'NONE',  ( 0.0000000000000000000, 0.05000000000000000278, 0.0000000000000000000 ) ) ;
#5031 = FACE_OUTER_BOUND ( 'NONE', #129, .T. ) ;
#5032 = DIRECTION ( 'NONE',  ( 1.000000000000000000, 0.0000000000000000000, 0.0000000000000000000 ) ) ;
#5033 = SURFACE_SIDE_STYLE ('',( #4363 ) ) ;
#5034 = EDGE_CURVE ( 'NONE', #264, #4647, #1008, .T. ) ;
#5035 = VECTOR ( 'NONE', #127, 1000.000000000000000 ) ;
#5036 = VECTOR ( 'NONE', #708, 1000.000000000000000 ) ;
#5037 = LINE ( 'NONE', #1191, #41 ) ;
#5038 = ORIENTED_EDGE ( 'NONE', *, *, #2316, .F. ) ;
#5039 = ORIENTED_EDGE ( 'NONE', *, *, #2200, .T. ) ;
#5040 = EDGE_CURVE ( 'NONE', #3506, #782, #78, .T. ) ;
#5041 = CARTESIAN_POINT ( 'NONE',  ( -0.1053477934590670018, 0.05000000000000000278, -0.3021996039790479927 ) ) ;
#5042 = VECTOR ( 'NONE', #2614, 1000.000000000000000 ) ;
#5043 = DIRECTION ( 'NONE',  ( 0.0000000000000000000, 0.0000000000000000000, 1.000000000000000000 ) ) ;
#5044 = VERTEX_POINT ( 'NONE', #4766 ) ;
#5045 = LINE ( 'NONE', #1760, #3839 ) ;
#5046 = VERTEX_POINT ( 'NONE', #5228 ) ;
#5047 = EDGE_LOOP ( 'NONE', ( #4123, #5282, #5781, #557 ) ) ;
#5048 = ORIENTED_EDGE ( 'NONE', *, *, #1965, .F. ) ;
#5049 = EDGE_CURVE ( 'NONE', #5413, #4497, #2097, .T. ) ;
#5050 = ORIENTED_EDGE ( 'NONE', *, *, #3957, .T. ) ;
#5051 = DIRECTION ( 'NONE',  ( -9.346570452461239128E-17, 0.0000000000000000000, 1.000000000000000000 ) ) ;
#5052 = VECTOR ( 'NONE', #4980, 1000.000000000000000 ) ;
#5053 = EDGE_LOOP ( 'NONE', ( #2766, #2087, #3442, #3773, #2501, #2326, #5050, #2456, #4617 ) ) ;
#5054 = ORIENTED_EDGE ( 'NONE', *, *, #3614, .F. ) ;
#5055 = VERTEX_POINT ( 'NONE', #3414 ) ;
#5056 = EDGE_CURVE ( 'NONE', #4461, #4375, #4370, .T. ) ;
#5057 = CARTESIAN_POINT ( 'NONE',  ( 0.3099999999999999978, 0.05000000000000000278, -0.4949999999999999956 ) ) ;
#5058 = PLANE ( 'NONE',  #2846 ) ;
#5059 = VECTOR ( 'NONE', #1938, 1000.000000000000000 ) ;
#5060 = PLANE ( 'NONE',  #235 ) ;
#5061 = DIRECTION ( 'NONE',  ( 1.000000000000000000, 0.0000000000000000000, 0.0000000000000000000 ) ) ;
#5062 = EDGE_CURVE ( 'NONE', #4375, #1492, #1951, .T. ) ;
#5063 = VECTOR ( 'NONE', #5263, 1000.000000000000000 ) ;
#5064 = LINE ( 'NONE', #2053, #3288 ) ;
#5065 = CARTESIAN_POINT ( 'NONE',  ( -0.05000000000000000278, 0.05000000000000000278, 0.05000000000000000278 ) ) ;
#5066 = LINE ( 'NONE', #3641, #3867 ) ;
#5067 = CARTESIAN_POINT ( 'NONE',  ( 0.05000000000000000278, 0.05000000000000000278, -0.1758845661859115006 ) ) ;
#5068 = VERTEX_POINT ( 'NONE', #219 ) ;
#5069 = ORIENTED_EDGE ( 'NONE', *, *, #4774, .F. ) ;
#5070 = COLOUR_RGB ( '',1.000000000000000000, 1.000000000000000000, 1.000000000000000000 ) ;
#5071 = FACE_OUTER_BOUND ( 'NONE', #5409, .T. ) ;
#5072 = VERTEX_POINT ( 'NONE', #1611 ) ;
#5073 = MANIFOLD_SOLID_BREP ( 'NONE', #2147 ) ;
#5074 = CARTESIAN_POINT ( 'NONE',  ( 0.4949999999999999956, -6.776263578034400401E-18, -0.3099999999999999978 ) ) ;
#5075 = ADVANCED_FACE ( 'NONE', ( #5010 ), #700, .F. ) ;
#5076 = CARTESIAN_POINT ( 'NONE',  ( 0.05000000000000000278, 0.05000000000000000278, 0.05000000000000000278 ) ) ;
#5077 = VECTOR ( 'NONE', #2724, 1000.000000000000000 ) ;
#5078 = VECTOR ( 'NONE', #1976, 1000.000000000000000 ) ;
#5079 = SURFACE_STYLE_USAGE ( .BOTH. , #1910 ) ;
#5080 = CARTESIAN_POINT ( 'NONE',  ( -0.1053477934590670018, 0.2500000000000000000, -0.3021996039790479927 ) ) ;
#5081 = AXIS2_PLACEMENT_3D ( 'NONE', #5814, #3105, #360 ) ;
#5082 = LINE ( 'NONE', #1062, #4168 ) ;
#5083 = ORIENTED_EDGE ( 'NONE', *, *, #716, .F. ) ;
#5084 = DIRECTION ( 'NONE',  ( 1.000000000000000000, 0.0000000000000000000, 0.0000000000000000000 ) ) ;
#5085 = CARTESIAN_POINT ( 'NONE',  ( -0.4899999999999999911, 0.2500000000000000000, -0.3268298959158210115 ) ) ;
#5086 = EDGE_CURVE ( 'NONE', #4261, #2049, #3803, .T. ) ;
#5087 = ORIENTED_EDGE ( 'NONE', *, *, #2637, .F. ) ;
#5088 = ORIENTED_EDGE ( 'NONE', *, *, #3228, .T. ) ;
#5089 = EDGE_CURVE ( 'NONE', #5635, #4698, #3016, .T. ) ;
#5090 = CARTESIAN_POINT ( 'NONE',  ( -0.4949999999999999956, 0.05000000000000000278, 0.3099999999999999978 ) ) ;
#5091 = ORIENTED_EDGE ( 'NONE', *, *, #3334, .F. ) ;
#5092 = CARTESIAN_POINT ( 'NONE',  ( 0.4899999999999999911, 0.05000000000000000278, 0.3204630797616150328 ) ) ;
#5093 = PRESENTATION_STYLE_ASSIGNMENT (( #301 ) ) ;
#5094 = AXIS2_PLACEMENT_3D ( 'NONE', #498, #3687, #953 ) ;
#5095 = DIRECTION ( 'NONE',  ( 1.000000000000000000, 0.0000000000000000000, -1.046159990994783998E-15 ) ) ;
#5096 = ADVANCED_FACE ( 'NONE', ( #1375 ), #3931, .F. ) ;
#5097 = VECTOR ( 'NONE', #4368, 1000.000000000000000 ) ;
#5098 = LINE ( 'NONE', #3214, #2697 ) ;
#5099 = EDGE_LOOP ( 'NONE', ( #3919, #1644, #3974, #1646 ) ) ;
#5100 = ADVANCED_FACE ( 'NONE', ( #4860 ), #259, .T. ) ;
#5101 = PLANE ( 'NONE',  #4095 ) ;
#5102 = CARTESIAN_POINT ( 'NONE',  ( -0.5000000000000000000, 0.05000000000000000278, -0.05000000000000000278 ) ) ;
#5103 = FACE_OUTER_BOUND ( 'NONE', #5763, .T. ) ;
#5104 = EDGE_CURVE ( 'NONE', #490, #4312, #1225, .T. ) ;
#5105 = AXIS2_PLACEMENT_3D ( 'NONE', #156, #643, #3826 ) ;
#5106 = VERTEX_POINT ( 'NONE', #3026 ) ;
#5107 = LINE ( 'NONE', #2952, #3914 ) ;
#5108 = DIRECTION ( 'NONE',  ( -1.000000000000000000, 0.0000000000000000000, 0.0000000000000000000 ) ) ;
#5109 = ORIENTED_EDGE ( 'NONE', *, *, #4373, .F. ) ;
#5110 = AXIS2_PLACEMENT_3D ( 'NONE', #3019, #2605, #2579 ) ;
#5111 = ORIENTED_EDGE ( 'NONE', *, *, #2395, .T. ) ;
#5112 = CARTESIAN_POINT ( 'NONE',  ( -0.05000000000000000278, 0.05000000000000000278, -0.1758845661859115006 ) ) ;
#5113 = DIRECTION ( 'NONE',  ( 0.0000000000000000000, -1.000000000000000000, 0.0000000000000000000 ) ) ;
#5114 = VERTEX_POINT ( 'NONE', #2120 ) ;
#5115 = CARTESIAN_POINT ( 'NONE',  ( -0.2933618639406079809, 0.2500000000000000000, 0.4800000000000000377 ) ) ;
#5116 = ORIENTED_EDGE ( 'NONE', *, *, #1540, .F. ) ;
#5117 = ORIENTED_EDGE ( 'NONE', *, *, #4234, .F. ) ;
#5118 = EDGE_CURVE ( 'NONE', #825, #1175, #2590, .T. ) ;
#5119 = EDGE_LOOP ( 'NONE', ( #4245, #1850, #1061, #4592 ) ) ;
#5120 = SURFACE_SIDE_STYLE ('',( #765 ) ) ;
#5121 = ORIENTED_EDGE ( 'NONE', *, *, #4911, .F. ) ;
#5122 = EDGE_LOOP ( 'NONE', ( #434, #5802, #1797, #3712 ) ) ;
#5123 = ADVANCED_FACE ( 'NONE', ( #4710 ), #2142, .F. ) ;
#5124 = CARTESIAN_POINT ( 'NONE',  ( -0.4899999999999999911, 0.05000000000000000278, -0.3268298959158210115 ) ) ;
#5125 = EDGE_CURVE ( 'NONE', #3181, #5448, #1082, .T. ) ;
#5126 = CARTESIAN_POINT ( 'NONE',  ( 0.05000000000000000278, 0.05000000000000000278, 0.5000000000000000000 ) ) ;
#5127 = AXIS2_PLACEMENT_3D ( 'NONE', #5214, #3878, #1130 ) ;
#5128 = ADVANCED_FACE ( 'NONE', ( #4580 ), #304, .F. ) ;
#5129 = LINE ( 'NONE', #2708, #444 ) ;
#5130 = SURFACE_STYLE_FILL_AREA ( #4844 ) ;
#5131 = LINE ( 'NONE', #2069, #5215 ) ;
#5132 = CARTESIAN_POINT ( 'NONE',  ( 0.3099999999999999978, 0.05000000000000000278, 0.4949999999999999956 ) ) ;
#5133 = DIRECTION ( 'NONE',  ( 0.0000000000000000000, -1.000000000000000000, 0.0000000000000000000 ) ) ;
#5134 = CARTESIAN_POINT ( 'NONE',  ( 0.2100000000000000200, 0.05000000000000000278, -0.4949999999999999956 ) ) ;
#5135 = EDGE_LOOP ( 'NONE', ( #1940, #5563, #4264, #2151, #5087, #5906, #4524 ) ) ;
#5136 = PLANE ( 'NONE',  #3440 ) ;
#5137 = ORIENTED_EDGE ( 'NONE', *, *, #2696, .T. ) ;
#5138 = FACE_OUTER_BOUND ( 'NONE', #284, .T. ) ;
#5139 = LINE ( 'NONE', #3997, #1510 ) ;
#5140 = EDGE_CURVE ( 'NONE', #4130, #5601, #3519, .T. ) ;
#5142 = DIRECTION ( 'NONE',  ( 1.236370898448382038E-15, 0.0000000000000000000, 1.000000000000000000 ) ) ;
#5141 = MECHANICAL_DESIGN_GEOMETRIC_PRESENTATION_REPRESENTATION (  '', ( #4235 ), #5453 ) ;
#5143 = CARTESIAN_POINT ( 'NONE',  ( 0.5000000000000000000, 0.05000000000000000278, -0.5000000000000000000 ) ) ;
#5144 = ORIENTED_EDGE ( 'NONE', *, *, #2907, .T. ) ;
#5145 = ORIENTED_EDGE ( 'NONE', *, *, #5062, .F. ) ;
#5146 = VECTOR ( 'NONE', #2121, 1000.000000000000000 ) ;
#5147 = CARTESIAN_POINT ( 'NONE',  ( -0.1187308496519079853, 0.05000000000000000278, 0.2146867790523304953 ) ) ;
#5148 = LINE ( 'NONE', #4769, #2743 ) ;
#5149 = DIRECTION ( 'NONE',  ( -0.5313375409768632540, 0.0000000000000000000, 0.8471602077226363381 ) ) ;
#5150 = CARTESIAN_POINT ( 'NONE',  ( 0.2100000000000000200, -6.776263578034400401E-18, 0.4949999999999999956 ) ) ;
#5151 = ORIENTED_EDGE ( 'NONE', *, *, #1352, .T. ) ;
#5152 = DIRECTION ( 'NONE',  ( -1.000000000000000000, 0.0000000000000000000, 4.366925416955505011E-16 ) ) ;
#5153 = VERTEX_POINT ( 'NONE', #2609 ) ;
#5154 = DIRECTION ( 'NONE',  ( 8.583267198843580056E-16, 0.0000000000000000000, -1.000000000000000000 ) ) ;
#5155 = EDGE_CURVE ( 'NONE', #3912, #637, #947, .T. ) ;
#5156 =( NAMED_UNIT ( * ) PLANE_ANGLE_UNIT ( ) SI_UNIT ( $, .RADIAN. ) );
#5157 = ADVANCED_FACE ( 'NONE', ( #2174 ), #4871, .F. ) ;
#5158 = ADVANCED_FACE ( 'NONE', ( #4438 ), #3527, .T. ) ;
#5159 =( NAMED_UNIT ( * ) SI_UNIT ( $, .STERADIAN. ) SOLID_ANGLE_UNIT ( ) );
#5160 = DIRECTION ( 'NONE',  ( 1.000000000000000000, 0.0000000000000000000, -1.028122749770736045E-15 ) ) ;
#5161 = ORIENTED_EDGE ( 'NONE', *, *, #3993, .F. ) ;
#5162 = EDGE_CURVE ( 'NONE', #4200, #5867, #2313, .T. ) ;
#5163 = CARTESIAN_POINT ( 'NONE',  ( -0.05000000000000000278, 0.05000000000000000278, -0.05000000000000000278 ) ) ;
#5164 = FACE_OUTER_BOUND ( 'NONE', #5801, .T. ) ;
#5165 = CARTESIAN_POINT ( 'NONE',  ( 0.5000000000000000000, 0.0000000000000000000, -0.5000000000000000000 ) ) ;
#5166 = DIRECTION ( 'NONE',  ( -1.000000000000000000, 0.0000000000000000000, 0.0000000000000000000 ) ) ;
#5167 = CARTESIAN_POINT ( 'NONE',  ( 0.05000000000000000278, 0.0000000000000000000, -0.1499999999999999944 ) ) ;
#5168 = SURFACE_SIDE_STYLE ('',( #551 ) ) ;
#5169 = EDGE_CURVE ( 'NONE', #5190, #5055, #2018, .T. ) ;
#5170 = CARTESIAN_POINT ( 'NONE',  ( 0.2933618639406084805, 0.05000000000000000278, 0.4800000000000000377 ) ) ;
#5171 = ORIENTED_EDGE ( 'NONE', *, *, #4947, .T. ) ;
#5172 = ORIENTED_EDGE ( 'NONE', *, *, #4161, .T. ) ;
#5173 = AXIS2_PLACEMENT_3D ( 'NONE', #4648, #578, #3772 ) ;
#5174 = FACE_OUTER_BOUND ( 'NONE', #3593, .T. ) ;
#5175 = ORIENTED_EDGE ( 'NONE', *, *, #1837, .F. ) ;
#5176 = DIRECTION ( 'NONE',  ( 0.0000000000000000000, -1.000000000000000000, 0.0000000000000000000 ) ) ;
#5177 = DIRECTION ( 'NONE',  ( 0.0000000000000000000, 1.000000000000000000, 0.0000000000000000000 ) ) ;
#5178 = VECTOR ( 'NONE', #3110, 1000.000000000000000 ) ;
#5179 = DIRECTION ( 'NONE',  ( 1.000000000000000000, 0.0000000000000000000, 0.0000000000000000000 ) ) ;
#5180 = ORIENTED_EDGE ( 'NONE', *, *, #4611, .T. ) ;
#5181 = ORIENTED_EDGE ( 'NONE', *, *, #1906, .T. ) ;
#5182 = EDGE_LOOP ( 'NONE', ( #1126, #4431, #770, #4430 ) ) ;
#5183 = ORIENTED_EDGE ( 'NONE', *, *, #3904, .F. ) ;
#5184 = FACE_OUTER_BOUND ( 'NONE', #2565, .T. ) ;
#5185 = DIRECTION ( 'NONE',  ( 0.0000000000000000000, 1.000000000000000000, 0.0000000000000000000 ) ) ;
#5186 = DIRECTION ( 'NONE',  ( 1.000000000000000000, 0.0000000000000000000, 0.0000000000000000000 ) ) ;
#5187 = ADVANCED_FACE ( 'NONE', ( #4292 ), #4463, .F. ) ;
#5188 = EDGE_LOOP ( 'NONE', ( #1055, #4037, #3645, #3115, #1054, #4616, #4527, #3495, #5137 ) ) ;
#5189 = ORIENTED_EDGE ( 'NONE', *, *, #793, .T. ) ;
#5190 = VERTEX_POINT ( 'NONE', #4441 ) ;
#5191 = DIRECTION ( 'NONE',  ( 0.0000000000000000000, 0.0000000000000000000, 1.000000000000000000 ) ) ;
#5192 = DIRECTION ( 'NONE',  ( 0.0000000000000000000, 0.0000000000000000000, -1.000000000000000000 ) ) ;
#5193 = CARTESIAN_POINT ( 'NONE',  ( -0.5000000000000000000, 0.2500000000000000000, 0.0000000000000000000 ) ) ;
#5194 = DIRECTION ( 'NONE',  ( 0.0000000000000000000, 1.000000000000000000, 0.0000000000000000000 ) ) ;
#5195 = EDGE_CURVE ( 'NONE', #1659, #1969, #3362, .T. ) ;
#5196 = VECTOR ( 'NONE', #5095, 1000.000000000000000 ) ;
#5197 = CARTESIAN_POINT ( 'NONE',  ( -0.04999999999999939909, -6.776263578034400401E-18, 0.5000000000000000000 ) ) ;
#5198 = DIRECTION ( 'NONE',  ( -1.000000000000000000, 0.0000000000000000000, 0.0000000000000000000 ) ) ;
#5199 = EDGE_CURVE ( 'NONE', #178, #1829, #1884, .T. ) ;
#5200 = LINE ( 'NONE', #5715, #1579 ) ;
#5201 = LINE ( 'NONE', #3340, #507 ) ;
#5202 = LINE ( 'NONE', #2740, #4937 ) ;
#5203 = DIRECTION ( 'NONE',  ( 0.0000000000000000000, 0.0000000000000000000, -1.000000000000000000 ) ) ;
#5204 = SURFACE_SIDE_STYLE ('',( #2497 ) ) ;
#5205 = DIRECTION ( 'NONE',  ( 0.0000000000000000000, 1.000000000000000000, 0.0000000000000000000 ) ) ;
#5206 = STYLED_ITEM ( 'NONE', ( #4157 ), #5220 ) ;
#5207 = ORIENTED_EDGE ( 'NONE', *, *, #1751, .T. ) ;
#5208 = FACE_OUTER_BOUND ( 'NONE', #3872, .T. ) ;
#5209 = MECHANICAL_DESIGN_GEOMETRIC_PRESENTATION_REPRESENTATION (  '', ( #4306 ), #5523 ) ;
#5210 = DIRECTION ( 'NONE',  ( 0.0000000000000000000, -1.000000000000000000, 0.0000000000000000000 ) ) ;
#5211 = FACE_OUTER_BOUND ( 'NONE', #5759, .T. ) ;
#5212 = ORIENTED_EDGE ( 'NONE', *, *, #4965, .F. ) ;
#5213 = DIRECTION ( 'NONE',  ( 0.0000000000000000000, 0.0000000000000000000, -1.000000000000000000 ) ) ;
#5214 = CARTESIAN_POINT ( 'NONE',  ( 1.073360150760649981E-15, 0.05000000000000000278, 0.4949999999999999956 ) ) ;
#5215 = VECTOR ( 'NONE', #4916, 1000.000000000000000 ) ;
#5216 =( NAMED_UNIT ( * ) PLANE_ANGLE_UNIT ( ) SI_UNIT ( $, .RADIAN. ) );
#5217 = LINE ( 'NONE', #4117, #4785 ) ;
#5218 = VECTOR ( 'NONE', #1958, 1000.000000000000000 ) ;
#5219 = EDGE_CURVE ( 'NONE', #2836, #5402, #3090, .T. ) ;
#5220 = ADVANCED_FACE ( 'NONE', ( #515 ), #4485, .F. ) ;
#5222 = DIRECTION ( 'NONE',  ( 0.0000000000000000000, 0.0000000000000000000, -1.000000000000000000 ) ) ;
#5221 = AXIS2_PLACEMENT_3D ( 'NONE', #4106, #2293, #5458 ) ;
#5223 = DIRECTION ( 'NONE',  ( 0.0000000000000000000, 1.000000000000000000, 0.0000000000000000000 ) ) ;
#5224 = VECTOR ( 'NONE', #4304, 1000.000000000000000 ) ;
#5225 = VERTEX_POINT ( 'NONE', #1289 ) ;
#5226 = EDGE_CURVE ( 'NONE', #5402, #2562, #1302, .T. ) ;
#5227 = DIRECTION ( 'NONE',  ( 0.0000000000000000000, 1.000000000000000000, 0.0000000000000000000 ) ) ;
#5228 = CARTESIAN_POINT ( 'NONE',  ( 0.2100000000000000200, 0.0000000000000000000, -0.2100000000000000200 ) ) ;
#5229 = ORIENTED_EDGE ( 'NONE', *, *, #1322, .F. ) ;
#5230 = ORIENTED_EDGE ( 'NONE', *, *, #5451, .T. ) ;
#5231 = ORIENTED_EDGE ( 'NONE', *, *, #5485, .T. ) ;
#5232 = CARTESIAN_POINT ( 'NONE',  ( 0.0000000000000000000, -6.776263578034400401E-18, 0.0000000000000000000 ) ) ;
#5233 = LINE ( 'NONE', #505, #3807 ) ;
#5234 = DIRECTION ( 'NONE',  ( -1.000000000000000000, 0.0000000000000000000, 0.0000000000000000000 ) ) ;
#5235 = DIRECTION ( 'NONE',  ( 0.0000000000000000000, -1.000000000000000000, 0.0000000000000000000 ) ) ;
#5236 = EDGE_CURVE ( 'NONE', #3029, #4640, #2505, .T. ) ;
#5237 = CARTESIAN_POINT ( 'NONE',  ( -0.05000000000000000278, 0.05000000000000000278, 0.1355136704081486010 ) ) ;
#5238 = ORIENTED_EDGE ( 'NONE', *, *, #2169, .F. ) ;
#5239 = LINE ( 'NONE', #2519, #4049 ) ;
#5240 = DIRECTION ( 'NONE',  ( 0.0000000000000000000, 0.0000000000000000000, -1.000000000000000000 ) ) ;
#5241 = DIRECTION ( 'NONE',  ( 4.366925416955505011E-16, 0.0000000000000000000, 1.000000000000000000 ) ) ;
#5242 = VECTOR ( 'NONE', #726, 1000.000000000000000 ) ;
#5243 = EDGE_CURVE ( 'NONE', #1095, #754, #3594, .T. ) ;
#5244 = VECTOR ( 'NONE', #3193, 1000.000000000000000 ) ;
#5245 = EDGE_LOOP ( 'NONE', ( #5355, #1080, #1793, #5720 ) ) ;
#5246 = AXIS2_PLACEMENT_3D ( 'NONE', #1873, #3699, #964 ) ;
#5247 = PLANE ( 'NONE',  #5718 ) ;
#5248 = PLANE ( 'NONE',  #4686 ) ;
#5249 = FILL_AREA_STYLE_COLOUR ( '', #5437 ) ;
#5250 = ADVANCED_FACE ( 'NONE', ( #71 ), #1331, .F. ) ;
#5251 = VECTOR ( 'NONE', #2427, 1000.000000000000000 ) ;
#5252 = ORIENTED_EDGE ( 'NONE', *, *, #2428, .T. ) ;
#5253 = LINE ( 'NONE', #2973, #1485 ) ;
#5254 =( LENGTH_UNIT ( ) NAMED_UNIT ( * ) SI_UNIT ( .MILLI., .METRE. ) );
#5255 = DIRECTION ( 'NONE',  ( 0.0000000000000000000, -1.000000000000000000, 0.0000000000000000000 ) ) ;
#5256 = EDGE_CURVE ( 'NONE', #349, #4618, #4634, .T. ) ;
#5257 = VERTEX_POINT ( 'NONE', #3157 ) ;
#5258 = AXIS2_PLACEMENT_3D ( 'NONE', #1467, #89, #3300 ) ;
#5259 = ORIENTED_EDGE ( 'NONE', *, *, #4522, .F. ) ;
#5260 = ORIENTED_EDGE ( 'NONE', *, *, #872, .F. ) ;
#5261 = CARTESIAN_POINT ( 'NONE',  ( 0.1053477934590670018, 0.05000000000000000278, -0.1758845661859115006 ) ) ;
#5262 = ORIENTED_EDGE ( 'NONE', *, *, #1772, .F. ) ;
#5263 = DIRECTION ( 'NONE',  ( 4.366925416955505011E-16, 0.0000000000000000000, 1.000000000000000000 ) ) ;
#5264 = VERTEX_POINT ( 'NONE', #2267 ) ;
#5265 = CARTESIAN_POINT ( 'NONE',  ( -0.05000000000000000278, -6.776263578034400401E-18, -0.5000000000000000000 ) ) ;
#5266 = ORIENTED_EDGE ( 'NONE', *, *, #3668, .F. ) ;
#5267 = EDGE_LOOP ( 'NONE', ( #184, #4729, #4496, #5054, #3897, #5839 ) ) ;
#5268 = DIRECTION ( 'NONE',  ( 0.0000000000000000000, -1.000000000000000000, 0.0000000000000000000 ) ) ;
#5269 = DIRECTION ( 'NONE',  ( 0.0000000000000000000, -1.000000000000000000, 0.0000000000000000000 ) ) ;
#5270 = AXIS2_PLACEMENT_3D ( 'NONE', #4266, #1538, #4716 ) ;
#5271 = CARTESIAN_POINT ( 'NONE',  ( -0.1324024845846042131, 0.2500000000000000000, 0.0000000000000000000 ) ) ;
#5272 = DIRECTION ( 'NONE',  ( 0.0000000000000000000, 0.0000000000000000000, -1.000000000000000000 ) ) ;
#5273 = DIRECTION ( 'NONE',  ( -1.295019261579907964E-15, 0.0000000000000000000, -1.000000000000000000 ) ) ;
#5274 = PLANE ( 'NONE',  #1048 ) ;
#5275 = LINE ( 'NONE', #2237, #2847 ) ;
#5276 = VECTOR ( 'NONE', #258, 1000.000000000000000 ) ;
#5277 = CARTESIAN_POINT ( 'NONE',  ( -0.1324024845846042131, 0.05000000000000000278, -0.04827599225835989966 ) ) ;
#5278 = LINE ( 'NONE', #5627, #3424 ) ;
#5279 = ADVANCED_FACE ( 'NONE', ( #1003 ), #3180, .F. ) ;
#5280 = CARTESIAN_POINT ( 'NONE',  ( -0.5000000000000000000, 0.0000000000000000000, 0.5000000000000000000 ) ) ;
#5281 = ORIENTED_EDGE ( 'NONE', *, *, #343, .T. ) ;
#5282 = ORIENTED_EDGE ( 'NONE', *, *, #1698, .F. ) ;
#5283 = ORIENTED_EDGE ( 'NONE', *, *, #3171, .T. ) ;
#5284 = LINE ( 'NONE', #5768, #1662 ) ;
#5285 = VECTOR ( 'NONE', #3056, 1000.000000000000000 ) ;
#5286 = EDGE_CURVE ( 'NONE', #4840, #2568, #2246, .T. ) ;
#5287 = DIRECTION ( 'NONE',  ( 0.0000000000000000000, -8.583267198843580056E-16, 1.000000000000000000 ) ) ;
#5288 = ORIENTED_EDGE ( 'NONE', *, *, #1688, .F. ) ;
#5289 = FACE_OUTER_BOUND ( 'NONE', #471, .T. ) ;
#5290 = PLANE ( 'NONE',  #1210 ) ;
#5291 = DIRECTION ( 'NONE',  ( -0.0000000000000000000, 1.000000000000000000, 0.0000000000000000000 ) ) ;
#5292 = CARTESIAN_POINT ( 'NONE',  ( 0.0000000000000000000, 0.05000000000000000278, 0.0000000000000000000 ) ) ;
#5293 = AXIS2_PLACEMENT_3D ( 'NONE', #218, #699, #3891 ) ;
#5294 = ORIENTED_EDGE ( 'NONE', *, *, #50, .T. ) ;
#5295 = EDGE_CURVE ( 'NONE', #2528, #1201, #5704, .T. ) ;
#5296 = LINE ( 'NONE', #1682, #3951 ) ;
#5297 =( GEOMETRIC_REPRESENTATION_CONTEXT ( 3 ) GLOBAL_UNCERTAINTY_ASSIGNED_CONTEXT ( ( #1464 ) ) GLOBAL_UNIT_ASSIGNED_CONTEXT ( ( #4695, #1988, #5159 ) ) REPRESENTATION_CONTEXT ( 'NONE', 'WORKASPACE' ) );
#5298 = CARTESIAN_POINT ( 'NONE',  ( 0.3099999999999999978, 0.05000000000000000278, -0.4949999999999999956 ) ) ;
#5299 = FACE_OUTER_BOUND ( 'NONE', #5477, .T. ) ;
#5300 = CARTESIAN_POINT ( 'NONE',  ( 0.0000000000000000000, 0.05000000000000000278, 0.0000000000000000000 ) ) ;
#5301 = PLANE ( 'NONE',  #4789 ) ;
#5302 = DIRECTION ( 'NONE',  ( 0.0000000000000000000, 0.0000000000000000000, -1.000000000000000000 ) ) ;
#5303 = ORIENTED_EDGE ( 'NONE', *, *, #1161, .T. ) ;
#5304 = ORIENTED_EDGE ( 'NONE', *, *, #1092, .F. ) ;
#5305 = VERTEX_POINT ( 'NONE', #3196 ) ;
#5306 = PLANE ( 'NONE',  #5110 ) ;
#5307 = CARTESIAN_POINT ( 'NONE',  ( -0.2100000000000000200, -6.776263578034400401E-18, -0.2100000000000000200 ) ) ;
#5308 = AXIS2_PLACEMENT_3D ( 'NONE', #2168, #5790, #3073 ) ;
#5309 = CARTESIAN_POINT ( 'NONE',  ( 0.4949999999999999956, 0.0000000000000000000, -0.3099999999999999978 ) ) ;
#5310 = CARTESIAN_POINT ( 'NONE',  ( 0.2100000000000000200, 0.05000000000000000278, -9.813898975084309034E-17 ) ) ;
#5311 = ORIENTED_EDGE ( 'NONE', *, *, #4054, .T. ) ;
#5312 = SURFACE_STYLE_USAGE ( .BOTH. , #2141 ) ;
#5313 = DIRECTION ( 'NONE',  ( 0.0000000000000000000, 0.0000000000000000000, 1.000000000000000000 ) ) ;
#5314 = CARTESIAN_POINT ( 'NONE',  ( -0.5000000000000000000, -6.776263578034400401E-18, -0.05000000000000000278 ) ) ;
#5315 = DIRECTION ( 'NONE',  ( 8.583267198843580056E-16, 0.0000000000000000000, -1.000000000000000000 ) ) ;
#5316 = ADVANCED_FACE ( 'NONE', ( #2091 ), #2716, .T. ) ;
#5317 = DIRECTION ( 'NONE',  ( 0.0000000000000000000, -1.000000000000000000, 0.0000000000000000000 ) ) ;
#5318 = LINE ( 'NONE', #852, #1694 ) ;
#5319 = CARTESIAN_POINT ( 'NONE',  ( 0.1187308496519081935, 0.05000000000000000278, 0.2146867790523304953 ) ) ;
#5320 = EDGE_CURVE ( 'NONE', #4228, #3296, #5560, .T. ) ;
#5321 = DIRECTION ( 'NONE',  ( 0.0000000000000000000, -1.000000000000000000, 0.0000000000000000000 ) ) ;
#5322 = DIRECTION ( 'NONE',  ( 1.000000000000000000, 0.0000000000000000000, 0.0000000000000000000 ) ) ;
#5323 = CARTESIAN_POINT ( 'NONE',  ( -0.5000000000000000000, -6.776263578034400401E-18, -0.05000000000000000278 ) ) ;
#5324 = VERTEX_POINT ( 'NONE', #1371 ) ;
#5325 = CLOSED_SHELL ( 'NONE', ( #1493, #2827, #1216, #4334, #5526, #3607, #753, #661, #3286, #4643, #3046, #220, #4303, #4645, #4206, #4357, #428, #5691 ) ) ;
#5326 = CARTESIAN_POINT ( 'NONE',  ( -0.3202182358878855606, 0.05000000000000000278, -0.4350657705372935058 ) ) ;
#5327 = EDGE_CURVE ( 'NONE', #601, #175, #883, .T. ) ;
#5328 = FACE_OUTER_BOUND ( 'NONE', #2563, .T. ) ;
#5329 = CARTESIAN_POINT ( 'NONE',  ( -0.5000000000000000000, -6.776263578034400401E-18, 0.05000000000000070360 ) ) ;
#5330 = AXIS2_PLACEMENT_3D ( 'NONE', #2899, #2015, #5186 ) ;
#5331 = ORIENTED_EDGE ( 'NONE', *, *, #283, .T. ) ;
#5332 = ORIENTED_EDGE ( 'NONE', *, *, #1486, .F. ) ;
#5333 = MECHANICAL_DESIGN_GEOMETRIC_PRESENTATION_REPRESENTATION (  '', ( #4421 ), #5622 ) ;
#5334 = CARTESIAN_POINT ( 'NONE',  ( -0.3099999999999999978, 0.05000000000000000278, 0.5000000000000000000 ) ) ;
#5335 = CARTESIAN_POINT ( 'NONE',  ( 0.05000000000000000278, 0.05000000000000000278, -0.5000000000000000000 ) ) ;
#5336 = DIRECTION ( 'NONE',  ( 1.000000000000000000, 0.0000000000000000000, 0.0000000000000000000 ) ) ;
#5337 = CARTESIAN_POINT ( 'NONE',  ( 0.3099999999999999978, 0.05000000000000000278, -0.4949999999999999956 ) ) ;
#5338 = ORIENTED_EDGE ( 'NONE', *, *, #4994, .T. ) ;
#5339 = ORIENTED_EDGE ( 'NONE', *, *, #1450, .F. ) ;
#5340 = LINE ( 'NONE', #4031, #1713 ) ;
#5341 = EDGE_CURVE ( 'NONE', #5535, #1018, #4511, .T. ) ;
#5342 = CARTESIAN_POINT ( 'NONE',  ( 0.1053477934590670018, 0.05000000000000000278, -0.3021996039790479927 ) ) ;
#5343 = ORIENTED_EDGE ( 'NONE', *, *, #626, .T. ) ;
#5344 = AXIS2_PLACEMENT_3D ( 'NONE', #5897, #1854, #5028 ) ;
#5345 = DIRECTION ( 'NONE',  ( 0.0000000000000000000, 0.0000000000000000000, -1.000000000000000000 ) ) ;
#5346 = ORIENTED_EDGE ( 'NONE', *, *, #5662, .T. ) ;
#5347 = ORIENTED_EDGE ( 'NONE', *, *, #2094, .F. ) ;
#5348 = DIRECTION ( 'NONE',  ( 1.000000000000000000, 0.0000000000000000000, 0.0000000000000000000 ) ) ;
#5349 = EDGE_CURVE ( 'NONE', #1699, #190, #734, .T. ) ;
#5350 = FILL_AREA_STYLE ('',( #4435 ) ) ;
#5351 = VECTOR ( 'NONE', #5551, 1000.000000000000000 ) ;
#5352 = ADVANCED_FACE ( 'NONE', ( #1815 ), #4126, .F. ) ;
#5353 = DIRECTION ( 'NONE',  ( 1.000000000000000000, 0.0000000000000000000, 0.0000000000000000000 ) ) ;
#5354 = CARTESIAN_POINT ( 'NONE',  ( -0.3099999999999999978, 0.05000000000000000278, 0.5000000000000000000 ) ) ;
#5355 = ORIENTED_EDGE ( 'NONE', *, *, #5713, .F. ) ;
#5356 = EDGE_CURVE ( 'NONE', #271, #3958, #2584, .T. ) ;
#5357 = LINE ( 'NONE', #714, #5063 ) ;
#5358 = LINE ( 'NONE', #2404, #2932 ) ;
#5359 = CARTESIAN_POINT ( 'NONE',  ( -0.05000000000000000278, 0.05000000000000000278, -0.05000000000000000278 ) ) ;
#5360 = VECTOR ( 'NONE', #3609, 1000.000000000000000 ) ;
#5361 = CARTESIAN_POINT ( 'NONE',  ( 0.2100000000000000200, 0.05000000000000000278, -0.2100000000000000200 ) ) ;
#5362 = ORIENTED_EDGE ( 'NONE', *, *, #1601, .F. ) ;
#5363 = DIRECTION ( 'NONE',  ( 0.0000000000000000000, -1.000000000000000000, 0.0000000000000000000 ) ) ;
#5364 = EDGE_LOOP ( 'NONE', ( #4631, #4681, #328, #2792, #1196, #1763, #3941, #417, #2853, #3209 ) ) ;
#5365 = DIRECTION ( 'NONE',  ( 0.0000000000000000000, -1.000000000000000000, 0.0000000000000000000 ) ) ;
#5366 = VECTOR ( 'NONE', #5210, 1000.000000000000000 ) ;
#5367 = SURFACE_STYLE_FILL_AREA ( #2228 ) ;
#5368 = VECTOR ( 'NONE', #2185, 1000.000000000000000 ) ;
#5369 = EDGE_CURVE ( 'NONE', #2895, #427, #3796, .T. ) ;
#5370 = ORIENTED_EDGE ( 'NONE', *, *, #234, .F. ) ;
#5371 = FACE_BOUND ( 'NONE', #495, .T. ) ;
#5372 = DIRECTION ( 'NONE',  ( 0.0000000000000000000, 0.0000000000000000000, -1.000000000000000000 ) ) ;
#5373 = FACE_OUTER_BOUND ( 'NONE', #2375, .T. ) ;
#5374 = VECTOR ( 'NONE', #5108, 1000.000000000000000 ) ;
#5375 = CARTESIAN_POINT ( 'NONE',  ( 0.4899999999999999911, 0.2500000000000000000, -1.200153863164406197E-16 ) ) ;
#5376 = CARTESIAN_POINT ( 'NONE',  ( -0.05000000000000000278, 0.05000000000000000278, 0.4800000000000000377 ) ) ;
#5377 = FACE_OUTER_BOUND ( 'NONE', #5053, .T. ) ;
#5378 = CARTESIAN_POINT ( 'NONE',  ( -0.1324024845846042131, 0.2500000000000000000, -0.04827599225835989966 ) ) ;
#5379 = CARTESIAN_POINT ( 'NONE',  ( -0.05000000000000000278, 0.05000000000000000278, 0.05000000000000000278 ) ) ;
#5380 =( NAMED_UNIT ( * ) SI_UNIT ( $, .STERADIAN. ) SOLID_ANGLE_UNIT ( ) );
#5381 = DIRECTION ( 'NONE',  ( -1.000000000000000000, 0.0000000000000000000, 0.0000000000000000000 ) ) ;
#5382 = ORIENTED_EDGE ( 'NONE', *, *, #959, .F. ) ;
#5383 = EDGE_CURVE ( 'NONE', #4637, #2568, #1367, .T. ) ;
#5384 = CARTESIAN_POINT ( 'NONE',  ( -0.4650000000000000244, 0.05000000000000000278, -0.5000000000000000000 ) ) ;
#5385 = DIRECTION ( 'NONE',  ( 1.000000000000000000, 0.0000000000000000000, 0.0000000000000000000 ) ) ;
#5386 = VERTEX_POINT ( 'NONE', #45 ) ;
#5387 = ORIENTED_EDGE ( 'NONE', *, *, #4704, .T. ) ;
#5388 = CARTESIAN_POINT ( 'NONE',  ( 0.0000000000000000000, 0.05000000000000000278, -0.3099999999999999978 ) ) ;
#5389 = ADVANCED_FACE ( 'NONE', ( #3659 ), #971, .F. ) ;
#5390 = ORIENTED_EDGE ( 'NONE', *, *, #4203, .T. ) ;
#5391 = LINE ( 'NONE', #22, #4043 ) ;
#5392 = DIRECTION ( 'NONE',  ( 0.0000000000000000000, 0.0000000000000000000, 1.000000000000000000 ) ) ;
#5393 = SURFACE_STYLE_FILL_AREA ( #1060 ) ;
#5394 = ORIENTED_EDGE ( 'NONE', *, *, #2907, .F. ) ;
#5395 = CARTESIAN_POINT ( 'NONE',  ( -0.4949999999999999956, 0.0000000000000000000, 0.3099999999999999978 ) ) ;
#5396 = FACE_OUTER_BOUND ( 'NONE', #3851, .T. ) ;
#5397 = STYLED_ITEM ( 'NONE', ( #2308 ), #859 ) ;
#5398 = LINE ( 'NONE', #5689, #4183 ) ;
#5399 = DIRECTION ( 'NONE',  ( 1.000000000000000000, 0.0000000000000000000, 0.0000000000000000000 ) ) ;
#5400 = SURFACE_SIDE_STYLE ('',( #5367 ) ) ;
#5401 = VECTOR ( 'NONE', #2643, 1000.000000000000000 ) ;
#5402 = VERTEX_POINT ( 'NONE', #5067 ) ;
#5403 = CARTESIAN_POINT ( 'NONE',  ( -0.3099999999999999978, 0.05000000000000000278, 0.4949999999999999956 ) ) ;
#5404 = CARTESIAN_POINT ( 'NONE',  ( -0.05000000000000000278, 0.05000000000000000278, -0.5000000000000000000 ) ) ;
#5405 = EDGE_CURVE ( 'NONE', #1829, #338, #1220, .T. ) ;
#5406 = PLANE ( 'NONE',  #1328 ) ;
#5407 = LINE ( 'NONE', #620, #2825 ) ;
#5408 =( NAMED_UNIT ( * ) SI_UNIT ( $, .STERADIAN. ) SOLID_ANGLE_UNIT ( ) );
#5409 = EDGE_LOOP ( 'NONE', ( #87, #2841, #3005, #5679 ) ) ;
#5410 = ORIENTED_EDGE ( 'NONE', *, *, #377, .F. ) ;
#5411 = EDGE_CURVE ( 'NONE', #5476, #117, #4701, .T. ) ;
#5412 = CARTESIAN_POINT ( 'NONE',  ( 0.5000000000000000000, 0.05000000000000000278, 0.05000000000000000278 ) ) ;
#5413 = VERTEX_POINT ( 'NONE', #510 ) ;
#5414 = DIRECTION ( 'NONE',  ( -4.755272686339930310E-16, 0.0000000000000000000, -1.000000000000000000 ) ) ;
#5415 = EDGE_LOOP ( 'NONE', ( #3812, #188, #5281, #5674 ) ) ;
#5416 = ADVANCED_FACE ( 'NONE', ( #131 ), #3267, .F. ) ;
#5417 = ORIENTED_EDGE ( 'NONE', *, *, #1336, .T. ) ;
#5418 = VERTEX_POINT ( 'NONE', #2348 ) ;
#5419 = AXIS2_PLACEMENT_3D ( 'NONE', #1728, #3103, #358 ) ;
#5420 = CARTESIAN_POINT ( 'NONE',  ( 0.2100000000000000200, -6.776263578034400401E-18, -0.4949999999999999956 ) ) ;
#5421 = DIRECTION ( 'NONE',  ( -1.936075308009829787E-17, 0.0000000000000000000, 1.000000000000000000 ) ) ;
#5422 = DIRECTION ( 'NONE',  ( -8.583267198843580056E-16, 0.0000000000000000000, 1.000000000000000000 ) ) ;
#5423 = EDGE_CURVE ( 'NONE', #4637, #1148, #5778, .T. ) ;
#5424 = DIRECTION ( 'NONE',  ( 0.0000000000000000000, 0.0000000000000000000, -1.000000000000000000 ) ) ;
#5425 = VECTOR ( 'NONE', #5392, 1000.000000000000000 ) ;
#5426 = LINE ( 'NONE', #3001, #1654 ) ;
#5427 = DIRECTION ( 'NONE',  ( -1.215054158819962036E-15, 0.0000000000000000000, -1.000000000000000000 ) ) ;
#5428 = DIRECTION ( 'NONE',  ( 0.0000000000000000000, 0.0000000000000000000, -1.000000000000000000 ) ) ;
#5429 = EDGE_LOOP ( 'NONE', ( #1904, #3088, #1490, #5656, #4588, #4614, #4910, #2820, #3336, #902, #3331 ) ) ;
#5430 = ORIENTED_EDGE ( 'NONE', *, *, #4034, .F. ) ;
#5431 = LINE ( 'NONE', #3933, #733 ) ;
#5432 = PRESENTATION_STYLE_ASSIGNMENT (( #2320 ) ) ;
#5433 = LINE ( 'NONE', #4409, #2093 ) ;
#5434 = EDGE_CURVE ( 'NONE', #1492, #3013, #2307, .T. ) ;
#5435 = ORIENTED_EDGE ( 'NONE', *, *, #2768, .F. ) ;
#5436 = LINE ( 'NONE', #2379, #4709 ) ;
#5437 = COLOUR_RGB ( '',1.000000000000000000, 1.000000000000000000, 1.000000000000000000 ) ;
#5438 = EDGE_LOOP ( 'NONE', ( #1993, #3037, #628, #4563 ) ) ;
#5439 = CARTESIAN_POINT ( 'NONE',  ( 0.1499999999999999944, 0.05000000000000000278, -0.05000000000000000278 ) ) ;
#5440 = LINE ( 'NONE', #5314, #1521 ) ;
#5441 = FACE_OUTER_BOUND ( 'NONE', #334, .T. ) ;
#5442 = EDGE_CURVE ( 'NONE', #118, #3345, #4573, .T. ) ;
#5443 = CARTESIAN_POINT ( 'NONE',  ( 0.2933618639406084805, 0.05000000000000000278, 0.4800000000000000377 ) ) ;
#5444 = ORIENTED_EDGE ( 'NONE', *, *, #3418, .F. ) ;
#5445 = ORIENTED_EDGE ( 'NONE', *, *, #1577, .T. ) ;
#5446 = DIRECTION ( 'NONE',  ( 0.0000000000000000000, 0.0000000000000000000, -1.000000000000000000 ) ) ;
#5447 = ORIENTED_EDGE ( 'NONE', *, *, #850, .F. ) ;
#5448 = VERTEX_POINT ( 'NONE', #4196 ) ;
#5449 = DIRECTION ( 'NONE',  ( 1.000000000000000000, 0.0000000000000000000, 0.0000000000000000000 ) ) ;
#5450 = CARTESIAN_POINT ( 'NONE',  ( -0.4949999999999999956, -6.776263578034400401E-18, -0.3099999999999999978 ) ) ;
#5451 = EDGE_CURVE ( 'NONE', #754, #1492, #3231, .T. ) ;
#5452 = DIRECTION ( 'NONE',  ( -1.000000000000000000, 0.0000000000000000000, 2.168404344971010446E-15 ) ) ;
#5453 =( GEOMETRIC_REPRESENTATION_CONTEXT ( 3 ) GLOBAL_UNCERTAINTY_ASSIGNED_CONTEXT ( ( #1921 ) ) GLOBAL_UNIT_ASSIGNED_CONTEXT ( ( #3499, #773, #3960 ) ) REPRESENTATION_CONTEXT ( 'NONE', 'WORKASPACE' ) );
#5454 = FACE_OUTER_BOUND ( 'NONE', #4938, .T. ) ;
#5455 = ORIENTED_EDGE ( 'NONE', *, *, #2047, .F. ) ;
#5456 = CARTESIAN_POINT ( 'NONE',  ( 0.2801399107849885106, 0.2500000000000000000, -0.4800000000000000377 ) ) ;
#5457 = LINE ( 'NONE', #2194, #1841 ) ;
#5458 = DIRECTION ( 'NONE',  ( 1.000000000000000000, 0.0000000000000000000, 0.0000000000000000000 ) ) ;
#5459 = LINE ( 'NONE', #4212, #5589 ) ;
#5460 = CARTESIAN_POINT ( 'NONE',  ( 0.1499999999999999944, 0.05000000000000000278, -0.05000000000000000278 ) ) ;
#5461 = VECTOR ( 'NONE', #2877, 1000.000000000000000 ) ;
#5462 = EDGE_CURVE ( 'NONE', #493, #4581, #942, .T. ) ;
#5463 = SURFACE_STYLE_FILL_AREA ( #1617 ) ;
#5464 = ORIENTED_EDGE ( 'NONE', *, *, #3884, .F. ) ;
#5465 = CARTESIAN_POINT ( 'NONE',  ( 0.5000000000000000000, 0.2500000000000000000, 0.0000000000000000000 ) ) ;
#5466 = FILL_AREA_STYLE ('',( #2734 ) ) ;
#5467 = DIRECTION ( 'NONE',  ( 1.000000000000000000, 0.0000000000000000000, -1.084202172485503818E-16 ) ) ;
#5468 = VECTOR ( 'NONE', #2214, 1000.000000000000000 ) ;
#5469 = EDGE_LOOP ( 'NONE', ( #4419, #4460, #2315, #1300 ) ) ;
#5470 = ORIENTED_EDGE ( 'NONE', *, *, #716, .T. ) ;
#5471 = ORIENTED_EDGE ( 'NONE', *, *, #3668, .T. ) ;
#5472 = EDGE_CURVE ( 'NONE', #439, #4080, #2167, .T. ) ;
#5473 = ORIENTED_EDGE ( 'NONE', *, *, #2355, .F. ) ;
#5474 = CARTESIAN_POINT ( 'NONE',  ( 0.5000000000000000000, 0.2500000000000000000, -0.5000000000000000000 ) ) ;
#5475 = ORIENTED_EDGE ( 'NONE', *, *, #3075, .T. ) ;
#5476 = VERTEX_POINT ( 'NONE', #1957 ) ;
#5477 = EDGE_LOOP ( 'NONE', ( #4175, #1886, #5702, #5180 ) ) ;
#5478 = LINE ( 'NONE', #4005, #638 ) ;
#5479 = PLANE ( 'NONE',  #5835 ) ;
#5480 = ORIENTED_EDGE ( 'NONE', *, *, #2811, .T. ) ;
#5481 = DIRECTION ( 'NONE',  ( 0.0000000000000000000, 0.0000000000000000000, 1.000000000000000000 ) ) ;
#5482 = ORIENTED_EDGE ( 'NONE', *, *, #4184, .T. ) ;
#5483 = VERTEX_POINT ( 'NONE', #3765 ) ;
#5484 = AXIS2_PLACEMENT_3D ( 'NONE', #1314, #4964, #2248 ) ;
#5485 = EDGE_CURVE ( 'NONE', #1929, #1154, #1877, .T. ) ;
#5486 = DIRECTION ( 'NONE',  ( 1.000000000000000000, 0.0000000000000000000, 0.0000000000000000000 ) ) ;
#5487 = APPLICATION_PROTOCOL_DEFINITION ( 'draft international standard', 'automotive_design', 1998, #2319 ) ;
#5488 =( LENGTH_UNIT ( ) NAMED_UNIT ( * ) SI_UNIT ( .MILLI., .METRE. ) );
#5489 = LINE ( 'NONE', #2342, #4280 ) ;
#5490 = PLANE ( 'NONE',  #4004 ) ;
#5491 = ORIENTED_EDGE ( 'NONE', *, *, #1486, .T. ) ;
#5492 = AXIS2_PLACEMENT_3D ( 'NONE', #5797, #3569, #836 ) ;
#5493 = VECTOR ( 'NONE', #3621, 1000.000000000000000 ) ;
#5494 = LINE ( 'NONE', #1022, #3082 ) ;
#5495 = VECTOR ( 'NONE', #385, 1000.000000000000000 ) ;
#5496 = CARTESIAN_POINT ( 'NONE',  ( -0.04999999999999939909, 0.0000000000000000000, 0.5000000000000000000 ) ) ;
#5497 = FILL_AREA_STYLE_COLOUR ( '', #2377 ) ;
#5498 = CARTESIAN_POINT ( 'NONE',  ( 0.5000000000000000000, 0.0000000000000000000, 0.3099999999999999978 ) ) ;
#5499 = AXIS2_PLACEMENT_3D ( 'NONE', #4466, #5827, #3119 ) ;
#5500 = EDGE_LOOP ( 'NONE', ( #5339, #2753, #4906, #4274 ) ) ;
#5501 = VECTOR ( 'NONE', #618, 1000.000000000000000 ) ;
#5502 = VECTOR ( 'NONE', #4006, 1000.000000000000000 ) ;
#5503 = LINE ( 'NONE', #4895, #5368 ) ;
#5504 = CARTESIAN_POINT ( 'NONE',  ( -0.3099999999999999978, -6.776263578034400401E-18, -0.4949999999999999956 ) ) ;
#5505 = EDGE_LOOP ( 'NONE', ( #1354, #2038, #3643, #3573 ) ) ;
#5506 = LINE ( 'NONE', #5826, #4296 ) ;
#5507 = VECTOR ( 'NONE', #406, 1000.000000000000000 ) ;
#5508 = VECTOR ( 'NONE', #3746, 1000.000000000000000 ) ;
#5509 = CARTESIAN_POINT ( 'NONE',  ( 1.962779795016860328E-17, 0.05000000000000000278, -0.2100000000000000200 ) ) ;
#5510 = EDGE_CURVE ( 'NONE', #427, #5737, #5494, .T. ) ;
#5511 = VECTOR ( 'NONE', #5774, 1000.000000000000000 ) ;
#5512 = ORIENTED_EDGE ( 'NONE', *, *, #2366, .F. ) ;
#5513 = EDGE_CURVE ( 'NONE', #3816, #2669, #5358, .T. ) ;
#5514 = VERTEX_POINT ( 'NONE', #3321 ) ;
#5515 = CARTESIAN_POINT ( 'NONE',  ( 1.962779795016860328E-17, 0.05000000000000000278, -0.2100000000000000200 ) ) ;
#5516 = DIRECTION ( 'NONE',  ( 0.0000000000000000000, 1.000000000000000000, 0.0000000000000000000 ) ) ;
#5517 = VERTEX_POINT ( 'NONE', #1044 ) ;
#5518 = ORIENTED_EDGE ( 'NONE', *, *, #3075, .F. ) ;
#5519 = AXIS2_PLACEMENT_3D ( 'NONE', #5803, #1742, #4925 ) ;
#5520 = CARTESIAN_POINT ( 'NONE',  ( -0.5000000000000000000, 0.0000000000000000000, -0.5000000000000000000 ) ) ;
#5521 = ORIENTED_EDGE ( 'NONE', *, *, #5356, .F. ) ;
#5522 = EDGE_LOOP ( 'NONE', ( #2086, #1035, #2909, #1533, #2475 ) ) ;
#5523 =( GEOMETRIC_REPRESENTATION_CONTEXT ( 3 ) GLOBAL_UNCERTAINTY_ASSIGNED_CONTEXT ( ( #4624 ) ) GLOBAL_UNIT_ASSIGNED_CONTEXT ( ( #4258, #1528, #4703 ) ) REPRESENTATION_CONTEXT ( 'NONE', 'WORKASPACE' ) );
#5524 = CARTESIAN_POINT ( 'NONE',  ( 0.1324024845846046294, 0.05000000000000000278, 0.0000000000000000000 ) ) ;
#5525 = VECTOR ( 'NONE', #4109, 1000.000000000000000 ) ;
#5526 = ADVANCED_FACE ( 'NONE', ( #1730 ), #114, .F. ) ;
#5527 = VECTOR ( 'NONE', #5142, 1000.000000000000000 ) ;
#5528 = DIRECTION ( 'NONE',  ( 0.0000000000000000000, 0.0000000000000000000, 1.000000000000000000 ) ) ;
#5529 = EDGE_CURVE ( 'NONE', #4913, #5570, #5201, .T. ) ;
#5530 = VECTOR ( 'NONE', #5659, 1000.000000000000000 ) ;
#5531 = STYLED_ITEM ( 'NONE', ( #3436 ), #3572 ) ;
#5532 = VECTOR ( 'NONE', #4332, 1000.000000000000000 ) ;
#5533 = CARTESIAN_POINT ( 'NONE',  ( -0.05000000000000000278, -6.776263578034400401E-18, 0.05000000000000000278 ) ) ;
#5534 = LINE ( 'NONE', #461, #5244 ) ;
#5535 = VERTEX_POINT ( 'NONE', #2879 ) ;
#5536 = EDGE_CURVE ( 'NONE', #3356, #5324, #4152, .T. ) ;
#5537 =( NAMED_UNIT ( * ) PLANE_ANGLE_UNIT ( ) SI_UNIT ( $, .RADIAN. ) );
#5538 = CARTESIAN_POINT ( 'NONE',  ( 0.1053477934590670018, 0.2500000000000000000, -0.1758845661859115006 ) ) ;
#5539 = VECTOR ( 'NONE', #5113, 1000.000000000000000 ) ;
#5540 = ORIENTED_EDGE ( 'NONE', *, *, #3238, .F. ) ;
#5541 = EDGE_CURVE ( 'NONE', #2979, #4200, #806, .T. ) ;
#5542 = VERTEX_POINT ( 'NONE', #1066 ) ;
#5543 = ORIENTED_EDGE ( 'NONE', *, *, #748, .F. ) ;
#5544 = EDGE_LOOP ( 'NONE', ( #4979, #448, #4224, #5338 ) ) ;
#5545 = ADVANCED_FACE ( 'NONE', ( #4009 ), #5618, .T. ) ;
#5546 = VERTEX_POINT ( 'NONE', #2443 ) ;
#5547 = EDGE_CURVE ( 'NONE', #3981, #637, #365, .T. ) ;
#5548 = CARTESIAN_POINT ( 'NONE',  ( -0.5000000000000000000, 0.05000000000000000278, -0.05000000000000000278 ) ) ;
#5549 = ADVANCED_FACE ( 'NONE', ( #3866 ), #4726, .T. ) ;
#5550 = DIRECTION ( 'NONE',  ( 0.0000000000000000000, -1.000000000000000000, 0.0000000000000000000 ) ) ;
#5551 = DIRECTION ( 'NONE',  ( 1.000000000000000000, 0.0000000000000000000, 0.0000000000000000000 ) ) ;
#5552 = EDGE_CURVE ( 'NONE', #2345, #2382, #4934, .T. ) ;
#5553 = VECTOR ( 'NONE', #4455, 1000.000000000000000 ) ;
#5554 = VECTOR ( 'NONE', #5698, 1000.000000000000000 ) ;
#5555 = PRESENTATION_LAYER_ASSIGNMENT (  '', '', ( #4967 ) ) ;
#5556 = CLOSED_SHELL ( 'NONE', ( #2035, #880, #2987, #1097, #2101, #720, #5794, #3496, #394, #3284, #2361, #1430, #154, #5158, #5632, #3742, #3761, #1002, #2861, #359, #3978, #5754, #627, #5600, #1036, #4240, #5823, #2701, #2131, #1583, #4208, #5569, #1254, #1551, #5549, #1716, #74, #2264, #982, #2417, #1320, #2955, #3337, #2675, #2857, #122, #3458, #1753, #94, #3538, #5545, #2805, #4243, #3154, #692, #5157, #598, #4050, #5666, #1185, #2390, #5389, #5187, #1943, #251, #1466, #4707, #5096, #3426, #539, #5316, #124, #624, #4672, #2233, #3860, #1971, #5279, #565, #3572, #3369, #5352, #2891, #1463, #1613, #4620, #5220, #3795, #2572, #5571, #3126, #2474 ) ) ;
#5557 = ORIENTED_EDGE ( 'NONE', *, *, #1429, .T. ) ;
#5558 = ORIENTED_EDGE ( 'NONE', *, *, #5662, .F. ) ;
#5559 = VECTOR ( 'NONE', #2489, 1000.000000000000114 ) ;
#5560 = LINE ( 'NONE', #1843, #2370 ) ;
#5561 = LINE ( 'NONE', #2556, #4365 ) ;
#5562 = CARTESIAN_POINT ( 'NONE',  ( 0.1324024845846046294, 0.2500000000000000000, 0.1355136704081486010 ) ) ;
#5563 = ORIENTED_EDGE ( 'NONE', *, *, #2428, .F. ) ;
#5564 = VECTOR ( 'NONE', #2076, 1000.000000000000000 ) ;
#5565 = CARTESIAN_POINT ( 'NONE',  ( -0.05000000000000000278, 0.05000000000000000278, 0.05000000000000000278 ) ) ;
#5566 = DIRECTION ( 'NONE',  ( 1.000000000000000000, 0.0000000000000000000, 0.0000000000000000000 ) ) ;
#5567 = CARTESIAN_POINT ( 'NONE',  ( 0.05000000000000000278, 0.05000000000000000278, 0.05000000000000000278 ) ) ;
#5568 = VECTOR ( 'NONE', #273, 1000.000000000000000 ) ;
#5569 = ADVANCED_FACE ( 'NONE', ( #3722 ), #2462, .F. ) ;
#5570 = VERTEX_POINT ( 'NONE', #659 ) ;
#5571 = ADVANCED_FACE ( 'NONE', ( #64 ), #4745, .F. ) ;
#5572 = CARTESIAN_POINT ( 'NONE',  ( 0.05000000000000000278, 0.0000000000000000000, 0.5000000000000000000 ) ) ;
#5573 =( LENGTH_UNIT ( ) NAMED_UNIT ( * ) SI_UNIT ( .MILLI., .METRE. ) );
#5574 = ORIENTED_EDGE ( 'NONE', *, *, #3109, .T. ) ;
#5575 = ORIENTED_EDGE ( 'NONE', *, *, #1358, .T. ) ;
#5576 = ORIENTED_EDGE ( 'NONE', *, *, #2878, .F. ) ;
#5577 = ORIENTED_EDGE ( 'NONE', *, *, #4994, .F. ) ;
#5578 = CARTESIAN_POINT ( 'NONE',  ( -0.2897406927382009667, 0.2500000000000000000, -0.4544952042952180027 ) ) ;
#5579 = EDGE_CURVE ( 'NONE', #2901, #682, #5064, .T. ) ;
#5580 = DIRECTION ( 'NONE',  ( 4.366925416955505011E-16, 0.0000000000000000000, 1.000000000000000000 ) ) ;
#5581 = VECTOR ( 'NONE', #1606, 1000.000000000000000 ) ;
#5582 = ORIENTED_EDGE ( 'NONE', *, *, #1428, .T. ) ;
#5583 = DIRECTION ( 'NONE',  ( 0.0000000000000000000, -1.000000000000000000, 0.0000000000000000000 ) ) ;
#5584 = VECTOR ( 'NONE', #796, 1000.000000000000000 ) ;
#5585 = CARTESIAN_POINT ( 'NONE',  ( -0.3099999999999999978, -6.776263578034400401E-18, 0.4949999999999999956 ) ) ;
#5586 = EDGE_CURVE ( 'NONE', #3280, #3410, #875, .T. ) ;
#5587 = DIRECTION ( 'NONE',  ( 0.0000000000000000000, 0.0000000000000000000, -1.000000000000000000 ) ) ;
#5588 = VECTOR ( 'NONE', #1279, 1000.000000000000000 ) ;
#5589 = VECTOR ( 'NONE', #1489, 1000.000000000000000 ) ;
#5590 = CARTESIAN_POINT ( 'NONE',  ( -0.5000000000000000000, 0.05000000000000000278, 0.0000000000000000000 ) ) ;
#5591 = DIRECTION ( 'NONE',  ( 1.000000000000000000, 0.0000000000000000000, 0.0000000000000000000 ) ) ;
#5592 = VECTOR ( 'NONE', #3319, 1000.000000000000000 ) ;
#5593 = LINE ( 'NONE', #2060, #2132 ) ;
#5594 = EDGE_LOOP ( 'NONE', ( #4632, #5862, #3335, #1351 ) ) ;
#5595 = ADVANCED_FACE ( 'NONE', ( #1935 ), #2963, .T. ) ;
#5596 = FILL_AREA_STYLE_COLOUR ( '', #4254 ) ;
#5597 = LINE ( 'NONE', #3994, #1984 ) ;
#5598 = DIRECTION ( 'NONE',  ( 0.8432271980573247117, 0.0000000000000000000, -0.5375573387615438792 ) ) ;
#5599 = CARTESIAN_POINT ( 'NONE',  ( 0.2100000000000000200, -6.776263578034400401E-18, -0.2100000000000000200 ) ) ;
#5600 = ADVANCED_FACE ( 'NONE', ( #3161 ), #2031, .T. ) ;
#5601 = VERTEX_POINT ( 'NONE', #1141 ) ;
#5602 = AXIS2_PLACEMENT_3D ( 'NONE', #2546, #5723, #3002 ) ;
#5603 = ORIENTED_EDGE ( 'NONE', *, *, #3729, .F. ) ;
#5604 = DIRECTION ( 'NONE',  ( 0.0000000000000000000, -1.000000000000000000, 0.0000000000000000000 ) ) ;
#5605 = ORIENTED_EDGE ( 'NONE', *, *, #4569, .F. ) ;
#5606 = PLANE ( 'NONE',  #3306 ) ;
#5607 = ORIENTED_EDGE ( 'NONE', *, *, #1881, .F. ) ;
#5608 = ORIENTED_EDGE ( 'NONE', *, *, #4876, .T. ) ;
#5609 = LINE ( 'NONE', #4440, #1996 ) ;
#5610 = EDGE_CURVE ( 'NONE', #2138, #1046, #2083, .T. ) ;
#5611 = EDGE_LOOP ( 'NONE', ( #533, #116, #832, #2416, #2352 ) ) ;
#5612 = CARTESIAN_POINT ( 'NONE',  ( -0.1324024845846042131, 0.2500000000000000000, -0.04827599225835989966 ) ) ;
#5613 = CARTESIAN_POINT ( 'NONE',  ( 0.2100000000000000200, 0.0000000000000000000, 0.2100000000000000200 ) ) ;
#5614 = ORIENTED_EDGE ( 'NONE', *, *, #4754, .F. ) ;
#5615 = VERTEX_POINT ( 'NONE', #238 ) ;
#5616 = DIRECTION ( 'NONE',  ( 0.0000000000000000000, -1.000000000000000000, 0.0000000000000000000 ) ) ;
#5617 = EDGE_CURVE ( 'NONE', #782, #1994, #2999, .T. ) ;
#5618 = PLANE ( 'NONE',  #1634 ) ;
#5619 = CARTESIAN_POINT ( 'NONE',  ( -0.1324024845846042131, 0.05000000000000000278, 0.1355136704081486010 ) ) ;
#5620 = PRESENTATION_LAYER_ASSIGNMENT (  '', '', ( #5025 ) ) ;
#5621 = VECTOR ( 'NONE', #5043, 1000.000000000000000 ) ;
#5622 =( GEOMETRIC_REPRESENTATION_CONTEXT ( 3 ) GLOBAL_UNCERTAINTY_ASSIGNED_CONTEXT ( ( #4201 ) ) GLOBAL_UNIT_ASSIGNED_CONTEXT ( ( #870, #4057, #1317 ) ) REPRESENTATION_CONTEXT ( 'NONE', 'WORKASPACE' ) );
#5623 = PLANE ( 'NONE',  #5105 ) ;
#5624 =( LENGTH_UNIT ( ) NAMED_UNIT ( * ) SI_UNIT ( .MILLI., .METRE. ) );
#5625 = CARTESIAN_POINT ( 'NONE',  ( 0.2801399107849885106, 0.2500000000000000000, 0.0000000000000000000 ) ) ;
#5626 = ORIENTED_EDGE ( 'NONE', *, *, #5286, .F. ) ;
#5627 = CARTESIAN_POINT ( 'NONE',  ( -0.04999999999999939909, -6.776263578034400401E-18, 0.5000000000000000000 ) ) ;
#5628 = ORIENTED_EDGE ( 'NONE', *, *, #5341, .T. ) ;
#5629 = VECTOR ( 'NONE', #3162, 1000.000000000000000 ) ;
#5630 = VECTOR ( 'NONE', #550, 1000.000000000000000 ) ;
#5631 = EDGE_CURVE ( 'NONE', #4564, #2298, #4210, .T. ) ;
#5632 = ADVANCED_FACE ( 'NONE', ( #4086 ), #4803, .F. ) ;
#5633 = DIRECTION ( 'NONE',  ( -1.000000000000000000, 0.0000000000000000000, 0.0000000000000000000 ) ) ;
#5634 = CARTESIAN_POINT ( 'NONE',  ( -0.4899999999999999911, 0.05000000000000000278, -0.3268298959158210115 ) ) ;
#5635 = VERTEX_POINT ( 'NONE', #3911 ) ;
#5636 = LINE ( 'NONE', #2842, #4437 ) ;
#5637 = VECTOR ( 'NONE', #323, 1000.000000000000000 ) ;
#5638 = LINE ( 'NONE', #306, #2020 ) ;
#5639 = ORIENTED_EDGE ( 'NONE', *, *, #3950, .F. ) ;
#5640 = EDGE_CURVE ( 'NONE', #3254, #246, #5426, .T. ) ;
#5641 = PLANE ( 'NONE',  #2967 ) ;
#5642 = VECTOR ( 'NONE', #3130, 1000.000000000000000 ) ;
#5643 = VECTOR ( 'NONE', #2357, 1000.000000000000000 ) ;
#5644 = CARTESIAN_POINT ( 'NONE',  ( 0.1324024845846046294, 0.05000000000000000278, -0.04827599225835989966 ) ) ;
#5645 = CARTESIAN_POINT ( 'NONE',  ( 0.3099999999999999978, -6.776263578034400401E-18, -0.4949999999999999956 ) ) ;
#5646 = FILL_AREA_STYLE ('',( #4300 ) ) ;
#5647 = CARTESIAN_POINT ( 'NONE',  ( -0.05000000000000000278, 0.05000000000000000278, -0.4800000000000000377 ) ) ;
#5648 = FACE_OUTER_BOUND ( 'NONE', #865, .T. ) ;
#5649 = ORIENTED_EDGE ( 'NONE', *, *, #4025, .T. ) ;
#5650 = SURFACE_STYLE_USAGE ( .BOTH. , #644 ) ;
#5651 = ORIENTED_EDGE ( 'NONE', *, *, #3606, .F. ) ;
#5652 = CARTESIAN_POINT ( 'NONE',  ( -0.2100000000000000200, -6.776263578034400401E-18, -0.4949999999999999956 ) ) ;
#5653 = PLANE ( 'NONE',  #3927 ) ;
#5654 = EDGE_CURVE ( 'NONE', #825, #466, #574, .T. ) ;
#5655 = ORIENTED_EDGE ( 'NONE', *, *, #1358, .F. ) ;
#5656 = ORIENTED_EDGE ( 'NONE', *, *, #2748, .F. ) ;
#5657 = CARTESIAN_POINT ( 'NONE',  ( 0.2100000000000000200, 0.05000000000000000278, -0.4949999999999999956 ) ) ;
#5658 = ORIENTED_EDGE ( 'NONE', *, *, #4013, .T. ) ;
#5659 = DIRECTION ( 'NONE',  ( -1.000000000000000000, 0.0000000000000000000, 0.0000000000000000000 ) ) ;
#5660 = ORIENTED_EDGE ( 'NONE', *, *, #2696, .F. ) ;
#5661 = VECTOR ( 'NONE', #1384, 1000.000000000000000 ) ;
#5662 = EDGE_CURVE ( 'NONE', #4764, #423, #446, .T. ) ;
#5663 = FACE_OUTER_BOUND ( 'NONE', #2418, .T. ) ;
#5664 =( LENGTH_UNIT ( ) NAMED_UNIT ( * ) SI_UNIT ( .MILLI., .METRE. ) );
#5665 = VECTOR ( 'NONE', #5198, 1000.000000000000000 ) ;
#5666 = ADVANCED_FACE ( 'NONE', ( #1504 ), #5290, .T. ) ;
#5667 = PLANE ( 'NONE',  #1655 ) ;
#5668 = PLANE ( 'NONE',  #2272 ) ;
#5669 = PLANE ( 'NONE',  #3859 ) ;
#5670 = DIRECTION ( 'NONE',  ( -1.000000000000000000, 0.0000000000000000000, 0.0000000000000000000 ) ) ;
#5671 = EDGE_CURVE ( 'NONE', #3893, #3889, #277, .T. ) ;
#5672 = VECTOR ( 'NONE', #1726, 1000.000000000000000 ) ;
#5673 = CARTESIAN_POINT ( 'NONE',  ( 0.1053477934590670018, 0.05000000000000000278, -0.1758845661859115006 ) ) ;
#5674 = ORIENTED_EDGE ( 'NONE', *, *, #605, .T. ) ;
#5675 = AXIS2_PLACEMENT_3D ( 'NONE', #3443, #723, #3915 ) ;
#5676 = VECTOR ( 'NONE', #1770, 1000.000000000000000 ) ;
#5677 = CARTESIAN_POINT ( 'NONE',  ( 0.05000000000000000278, 0.05000000000000000278, 0.5000000000000000000 ) ) ;
#5678 = LINE ( 'NONE', #5090, #2344 ) ;
#5679 = ORIENTED_EDGE ( 'NONE', *, *, #5034, .T. ) ;
#5680 = DIRECTION ( 'NONE',  ( 0.0000000000000000000, 0.0000000000000000000, 1.000000000000000000 ) ) ;
#5681 = ORIENTED_EDGE ( 'NONE', *, *, #2742, .T. ) ;
#5682 = AXIS2_PLACEMENT_3D ( 'NONE', #3127, #3584, #856 ) ;
#5683 = ORIENTED_EDGE ( 'NONE', *, *, #243, .T. ) ;
#5684 = ORIENTED_EDGE ( 'NONE', *, *, #2704, .F. ) ;
#5685 = ORIENTED_EDGE ( 'NONE', *, *, #2621, .F. ) ;
#5687 = MANIFOLD_SOLID_BREP ( 'NONE', #2875 ) ;
#5686 = DIRECTION ( 'NONE',  ( -1.000000000000000000, 0.0000000000000000000, 0.0000000000000000000 ) ) ;
#5688 = DIRECTION ( 'NONE',  ( 1.000000000000000000, 0.0000000000000000000, 0.0000000000000000000 ) ) ;
#5689 = CARTESIAN_POINT ( 'NONE',  ( 0.4949999999999999956, 0.05000000000000000278, -0.2100000000000000200 ) ) ;
#5690 = CARTESIAN_POINT ( 'NONE',  ( 0.5000000000000000000, 0.05000000000000000278, 0.0000000000000000000 ) ) ;
#5691 = ADVANCED_FACE ( 'NONE', ( #4683, #3487 ), #3478, .F. ) ;
#5692 = CARTESIAN_POINT ( 'NONE',  ( -0.2100000000000000200, 0.05000000000000000278, 2.551613733521924712E-16 ) ) ;
#5693 = FILL_AREA_STYLE ('',( #2346 ) ) ;
#5694 = EDGE_CURVE ( 'NONE', #530, #2895, #4560, .T. ) ;
#5695 = UNCERTAINTY_MEASURE_WITH_UNIT (LENGTH_MEASURE( 1.000000000000000082E-05 ), #3566, 'distance_accuracy_value', 'NONE');
#5696 = VECTOR ( 'NONE', #3975, 1000.000000000000000 ) ;
#5697 = EDGE_LOOP ( 'NONE', ( #5455, #5001, #3849, #2606 ) ) ;
#5698 = DIRECTION ( 'NONE',  ( 0.0000000000000000000, 0.0000000000000000000, 1.000000000000000000 ) ) ;
#5699 = SURFACE_SIDE_STYLE ('',( #4226 ) ) ;
#5700 = AXIS2_PLACEMENT_3D ( 'NONE', #5509, #4167, #1427 ) ;
#5701 = ORIENTED_EDGE ( 'NONE', *, *, #5900, .T. ) ;
#5702 = ORIENTED_EDGE ( 'NONE', *, *, #2917, .F. ) ;
#5703 = LINE ( 'NONE', #2968, #2245 ) ;
#5704 = LINE ( 'NONE', #4997, #3295 ) ;
#5705 = CARTESIAN_POINT ( 'NONE',  ( -0.3099999999999999978, -6.776263578034400401E-18, -0.4949999999999999956 ) ) ;
#5706 = FACE_OUTER_BOUND ( 'NONE', #3409, .T. ) ;
#5707 =( NAMED_UNIT ( * ) SI_UNIT ( $, .STERADIAN. ) SOLID_ANGLE_UNIT ( ) );
#5708 = CARTESIAN_POINT ( 'NONE',  ( -0.5000000000000000000, 0.05000000000000000278, 0.0000000000000000000 ) ) ;
#5709 = DIRECTION ( 'NONE',  ( 1.000000000000000000, 0.0000000000000000000, 0.0000000000000000000 ) ) ;
#5710 = VERTEX_POINT ( 'NONE', #5334 ) ;
#5711 = PLANE ( 'NONE',  #2655 ) ;
#5712 = LINE ( 'NONE', #2032, #4515 ) ;
#5713 = EDGE_CURVE ( 'NONE', #4271, #2527, #2152, .T. ) ;
#5714 = AXIS2_PLACEMENT_3D ( 'NONE', #1556, #2019, #5191 ) ;
#5715 = CARTESIAN_POINT ( 'NONE',  ( 0.5000000000000000000, 0.05000000000000000278, -0.5000000000000000000 ) ) ;
#5716 = ORIENTED_EDGE ( 'NONE', *, *, #4149, .F. ) ;
#5717 = CARTESIAN_POINT ( 'NONE',  ( -0.5000000000000000000, 0.05000000000000000278, 0.05000000000000070360 ) ) ;
#5718 = AXIS2_PLACEMENT_3D ( 'NONE', #5644, #4340, #4322 ) ;
#5719 = ORIENTED_EDGE ( 'NONE', *, *, #1171, .F. ) ;
#5720 = ORIENTED_EDGE ( 'NONE', *, *, #1985, .T. ) ;
#5721 = DIRECTION ( 'NONE',  ( 0.0000000000000000000, 1.000000000000000000, 0.0000000000000000000 ) ) ;
#5722 = CARTESIAN_POINT ( 'NONE',  ( -0.2100000000000000200, 0.05000000000000000278, -1.766501815515174911E-16 ) ) ;
#5723 = DIRECTION ( 'NONE',  ( 1.000000000000000000, 0.0000000000000000000, 0.0000000000000000000 ) ) ;
#5724 = VERTEX_POINT ( 'NONE', #1696 ) ;
#5725 = ADVANCED_FACE ( 'NONE', ( #2292 ), #3069, .T. ) ;
#5726 = ORIENTED_EDGE ( 'NONE', *, *, #4965, .T. ) ;
#5727 = EDGE_CURVE ( 'NONE', #1526, #3981, #5760, .T. ) ;
#5728 = DIRECTION ( 'NONE',  ( 0.0000000000000000000, 0.0000000000000000000, -1.000000000000000000 ) ) ;
#5729 = CARTESIAN_POINT ( 'NONE',  ( 0.3099999999999999978, 0.0000000000000000000, 0.4949999999999999956 ) ) ;
#5730 = FACE_OUTER_BOUND ( 'NONE', #3182, .T. ) ;
#5731 = ORIENTED_EDGE ( 'NONE', *, *, #3272, .T. ) ;
#5732 = VECTOR ( 'NONE', #3065, 1000.000000000000000 ) ;
#5733 = CARTESIAN_POINT ( 'NONE',  ( 0.0000000000000000000, 0.05000000000000000278, 0.3487332069152305203 ) ) ;
#5734 = LINE ( 'NONE', #2170, #4394 ) ;
#5735 = EDGE_CURVE ( 'NONE', #3181, #1201, #5609, .T. ) ;
#5736 = FACE_OUTER_BOUND ( 'NONE', #189, .T. ) ;
#5737 = VERTEX_POINT ( 'NONE', #4892 ) ;
#5738 = AXIS2_PLACEMENT_3D ( 'NONE', #686, #226, #3417 ) ;
#5739 = FACE_OUTER_BOUND ( 'NONE', #999, .T. ) ;
#5740 = CARTESIAN_POINT ( 'NONE',  ( 0.5000000000000000000, -6.776263578034400401E-18, 0.3099999999999999978 ) ) ;
#5741 = DIRECTION ( 'NONE',  ( -0.0000000000000000000, 1.000000000000000000, 0.0000000000000000000 ) ) ;
#5742 = CARTESIAN_POINT ( 'NONE',  ( 0.2100000000000000200, -6.776263578034400401E-18, -0.2100000000000000200 ) ) ;
#5743 = VECTOR ( 'NONE', #5213, 1000.000000000000000 ) ;
#5744 = ORIENTED_EDGE ( 'NONE', *, *, #5842, .F. ) ;
#5745 = DIRECTION ( 'NONE',  ( 0.0000000000000000000, -1.000000000000000000, 0.0000000000000000000 ) ) ;
#5746 = LINE ( 'NONE', #1689, #2136 ) ;
#5747 = CARTESIAN_POINT ( 'NONE',  ( 0.3099999999999999978, 0.05000000000000000278, 0.5000000000000000000 ) ) ;
#5748 = EDGE_CURVE ( 'NONE', #682, #4032, #4416, .T. ) ;
#5749 = CARTESIAN_POINT ( 'NONE',  ( 0.0000000000000000000, 0.05000000000000000278, -0.5000000000000000000 ) ) ;
#5750 = DIRECTION ( 'NONE',  ( 0.0000000000000000000, -1.000000000000000000, 0.0000000000000000000 ) ) ;
#5751 = VERTEX_POINT ( 'NONE', #2631 ) ;
#5752 = CARTESIAN_POINT ( 'NONE',  ( -0.4949999999999999956, 0.05000000000000000278, -0.3099999999999999978 ) ) ;
#5753 = ORIENTED_EDGE ( 'NONE', *, *, #4116, .T. ) ;
#5754 = ADVANCED_FACE ( 'NONE', ( #785 ), #1267, .F. ) ;
#5755 = ORIENTED_EDGE ( 'NONE', *, *, #1272, .T. ) ;
#5756 = ORIENTED_EDGE ( 'NONE', *, *, #2105, .T. ) ;
#5757 = PLANE ( 'NONE',  #3059 ) ;
#5758 = VERTEX_POINT ( 'NONE', #5378 ) ;
#5759 = EDGE_LOOP ( 'NONE', ( #2365, #1241, #2770, #1391 ) ) ;
#5760 = LINE ( 'NONE', #1245, #3339 ) ;
#5761 = FILL_AREA_STYLE ('',( #4842 ) ) ;
#5762 = ORIENTED_EDGE ( 'NONE', *, *, #3011, .F. ) ;
#5763 = EDGE_LOOP ( 'NONE', ( #437, #2759, #4690, #2016, #5111, #3379 ) ) ;
#5764 = VERTEX_POINT ( 'NONE', #4924 ) ;
#5765 =( NAMED_UNIT ( * ) PLANE_ANGLE_UNIT ( ) SI_UNIT ( $, .RADIAN. ) );
#5766 = CARTESIAN_POINT ( 'NONE',  ( 0.0000000000000000000, 0.2500000000000000000, 0.4800000000000000377 ) ) ;
#5767 = EDGE_CURVE ( 'NONE', #5114, #4410, #5478, .T. ) ;
#5768 = CARTESIAN_POINT ( 'NONE',  ( 0.3099999999999999978, -6.776263578034400401E-18, -0.4949999999999999956 ) ) ;
#5769 = DIRECTION ( 'NONE',  ( 0.0000000000000000000, 1.000000000000000000, 0.0000000000000000000 ) ) ;
#5770 = DIRECTION ( 'NONE',  ( 0.0000000000000000000, 1.000000000000000000, 0.0000000000000000000 ) ) ;
#5771 = LINE ( 'NONE', #4615, #649 ) ;
#5772 = CARTESIAN_POINT ( 'NONE',  ( 0.5000000000000000000, 0.0000000000000000000, -0.3099999999999999978 ) ) ;
#5773 = EDGE_CURVE ( 'NONE', #5825, #2863, #3064, .T. ) ;
#5774 = DIRECTION ( 'NONE',  ( 1.000000000000000000, 0.0000000000000000000, 0.0000000000000000000 ) ) ;
#5775 = ORIENTED_EDGE ( 'NONE', *, *, #5694, .F. ) ;
#5776 = ORIENTED_EDGE ( 'NONE', *, *, #3373, .T. ) ;
#5777 = LINE ( 'NONE', #4489, #3508 ) ;
#5778 = LINE ( 'NONE', #4622, #3358 ) ;
#5779 = DIRECTION ( 'NONE',  ( 0.0000000000000000000, -1.000000000000000000, 0.0000000000000000000 ) ) ;
#5780 = CARTESIAN_POINT ( 'NONE',  ( -0.2100000000000000200, 0.0000000000000000000, -1.766501815515174911E-16 ) ) ;
#5781 = ORIENTED_EDGE ( 'NONE', *, *, #2787, .F. ) ;
#5782 = VECTOR ( 'NONE', #2821, 1000.000000000000000 ) ;
#5783 = VECTOR ( 'NONE', #3963, 1000.000000000000000 ) ;
#5784 = DIRECTION ( 'NONE',  ( -1.000000000000000000, 0.0000000000000000000, 0.0000000000000000000 ) ) ;
#5785 = CARTESIAN_POINT ( 'NONE',  ( 0.3099999999999999978, 0.05000000000000000278, 0.0000000000000000000 ) ) ;
#5786 =( GEOMETRIC_REPRESENTATION_CONTEXT ( 3 ) GLOBAL_UNCERTAINTY_ASSIGNED_CONTEXT ( ( #1474 ) ) GLOBAL_UNIT_ASSIGNED_CONTEXT ( ( #4558, #1842, #5015 ) ) REPRESENTATION_CONTEXT ( 'NONE', 'WORKASPACE' ) );
#5787 = ORIENTED_EDGE ( 'NONE', *, *, #192, .F. ) ;
#5788 = EDGE_CURVE ( 'NONE', #297, #1229, #3217, .T. ) ;
#5789 = AXIS2_PLACEMENT_3D ( 'NONE', #1028, #5566, #1961 ) ;
#5790 = DIRECTION ( 'NONE',  ( 0.0000000000000000000, 0.0000000000000000000, -1.000000000000000000 ) ) ;
#5791 = FACE_OUTER_BOUND ( 'NONE', #3066, .T. ) ;
#5792 = CARTESIAN_POINT ( 'NONE',  ( -0.2100000000000000200, 0.05000000000000000278, 0.2100000000000000200 ) ) ;
#5793 = CARTESIAN_POINT ( 'NONE',  ( 0.1499999999999999944, -6.776263578034400401E-18, -0.05000000000000000278 ) ) ;
#5794 = ADVANCED_FACE ( 'NONE', ( #499 ), #4484, .T. ) ;
#5795 = VECTOR ( 'NONE', #3169, 1000.000000000000000 ) ;
#5796 = ORIENTED_EDGE ( 'NONE', *, *, #2366, .T. ) ;
#5797 = CARTESIAN_POINT ( 'NONE',  ( 9.813898975084309034E-17, 0.05000000000000000278, 0.2100000000000000200 ) ) ;
#5798 = DIRECTION ( 'NONE',  ( 1.000000000000000000, 0.0000000000000000000, 0.0000000000000000000 ) ) ;
#5799 = SURFACE_STYLE_USAGE ( .BOTH. , #2627 ) ;
#5800 = ORIENTED_EDGE ( 'NONE', *, *, #748, .T. ) ;
#5801 = EDGE_LOOP ( 'NONE', ( #2745, #2623, #5262, #3903 ) ) ;
#5802 = ORIENTED_EDGE ( 'NONE', *, *, #5034, .F. ) ;
#5803 = CARTESIAN_POINT ( 'NONE',  ( 0.4949999999999999956, 0.05000000000000000278, 0.0000000000000000000 ) ) ;
#5804 = DIRECTION ( 'NONE',  ( 1.000000000000000000, 0.0000000000000000000, 0.0000000000000000000 ) ) ;
#5805 = VECTOR ( 'NONE', #909, 1000.000000000000000 ) ;
#5806 = CARTESIAN_POINT ( 'NONE',  ( 0.5000000000000000000, 0.05000000000000000278, -0.05000000000000000278 ) ) ;
#5807 = DIRECTION ( 'NONE',  ( 1.000000000000000000, 0.0000000000000000000, 0.0000000000000000000 ) ) ;
#5808 = DIRECTION ( 'NONE',  ( 0.0000000000000000000, 1.000000000000000000, 0.0000000000000000000 ) ) ;
#5809 = FACE_OUTER_BOUND ( 'NONE', #3004, .T. ) ;
#5810 = CARTESIAN_POINT ( 'NONE',  ( -0.04999999999999939909, -6.776263578034400401E-18, 0.5000000000000000000 ) ) ;
#5811 = EDGE_CURVE ( 'NONE', #5825, #59, #5340, .T. ) ;
#5812 = LINE ( 'NONE', #3371, #5530 ) ;
#5813 = PLANE ( 'NONE',  #5419 ) ;
#5814 = CARTESIAN_POINT ( 'NONE',  ( 0.5000000000000000000, -6.776263578034400401E-18, -0.3099999999999999978 ) ) ;
#5815 = EDGE_CURVE ( 'NONE', #338, #631, #4138, .T. ) ;
#5816 = FACE_OUTER_BOUND ( 'NONE', #1494, .T. ) ;
#5817 = VERTEX_POINT ( 'NONE', #397 ) ;
#5818 = CARTESIAN_POINT ( 'NONE',  ( 0.1187308496519081935, 0.05000000000000000278, 0.2146867790523304953 ) ) ;
#5819 = CARTESIAN_POINT ( 'NONE',  ( -0.2933618639406079809, 0.2500000000000000000, 0.4437942073613649896 ) ) ;
#5820 = SURFACE_STYLE_FILL_AREA ( #4035 ) ;
#5821 = DIRECTION ( 'NONE',  ( 1.000000000000000000, 0.0000000000000000000, -1.028122749770736045E-15 ) ) ;
#5822 = PRESENTATION_LAYER_ASSIGNMENT (  '', '', ( #5206 ) ) ;
#5823 = ADVANCED_FACE ( 'NONE', ( #5184 ), #866, .F. ) ;
#5824 = LINE ( 'NONE', #1310, #4608 ) ;
#5825 = VERTEX_POINT ( 'NONE', #3138 ) ;
#5826 = CARTESIAN_POINT ( 'NONE',  ( -0.2100000000000000200, 0.05000000000000000278, 2.551613733521924712E-16 ) ) ;
#5827 = DIRECTION ( 'NONE',  ( -1.000000000000000000, 0.0000000000000000000, 0.0000000000000000000 ) ) ;
#5828 = CARTESIAN_POINT ( 'NONE',  ( -0.4949999999999999956, 0.05000000000000000278, -0.2100000000000000200 ) ) ;
#5829 = PLANE ( 'NONE',  #611 ) ;
#5830 = SHAPE_DEFINITION_REPRESENTATION ( #1859, #1741 ) ;
#5831 = EDGE_CURVE ( 'NONE', #4022, #213, #3991, .T. ) ;
#5832 = CARTESIAN_POINT ( 'NONE',  ( 0.0000000000000000000, 0.05000000000000000278, 0.0000000000000000000 ) ) ;
#5833 = ORIENTED_EDGE ( 'NONE', *, *, #4623, .T. ) ;
#5834 = PLANE ( 'NONE',  #88 ) ;
#5835 = AXIS2_PLACEMENT_3D ( 'NONE', #5023, #19, #3223 ) ;
#5836 = PLANE ( 'NONE',  #5682 ) ;
#5837 = ORIENTED_EDGE ( 'NONE', *, *, #1832, .F. ) ;
#5838 = VERTEX_POINT ( 'NONE', #885 ) ;
#5839 = ORIENTED_EDGE ( 'NONE', *, *, #2283, .F. ) ;
#5840 = CARTESIAN_POINT ( 'NONE',  ( -0.3202182358878855606, 0.05000000000000000278, -0.4800000000000000377 ) ) ;
#5841 = CARTESIAN_POINT ( 'NONE',  ( 0.2100000000000000200, 0.0000000000000000000, 1.962779795016865258E-17 ) ) ;
#5842 = EDGE_CURVE ( 'NONE', #2866, #3667, #1562, .T. ) ;
#5843 = CARTESIAN_POINT ( 'NONE',  ( -0.5000000000000000000, 0.0000000000000000000, 0.5000000000000000000 ) ) ;
#5844 = CARTESIAN_POINT ( 'NONE',  ( -0.05000000000000000278, 0.05000000000000000278, -0.05000000000000000278 ) ) ;
#5845 = DIRECTION ( 'NONE',  ( -8.411913407215120269E-16, 0.0000000000000000000, 1.000000000000000000 ) ) ;
#5846 =( LENGTH_UNIT ( ) NAMED_UNIT ( * ) SI_UNIT ( .MILLI., .METRE. ) );
#5847 = DIRECTION ( 'NONE',  ( 0.0000000000000000000, -1.000000000000000000, 0.0000000000000000000 ) ) ;
#5848 = EDGE_CURVE ( 'NONE', #3114, #1349, #345, .T. ) ;
#5849 = LINE ( 'NONE', #1221, #3587 ) ;
#5850 = DIRECTION ( 'NONE',  ( -1.000000000000000000, 0.0000000000000000000, 0.0000000000000000000 ) ) ;
#5851 = LINE ( 'NONE', #2869, #1138 ) ;
#5852 = ORIENTED_EDGE ( 'NONE', *, *, #4453, .F. ) ;
#5853 = ORIENTED_EDGE ( 'NONE', *, *, #5735, .F. ) ;
#5854 = ADVANCED_FACE ( 'NONE', ( #185 ), #2266, .F. ) ;
#5855 = ORIENTED_EDGE ( 'NONE', *, *, #4289, .F. ) ;
#5856 = DIRECTION ( 'NONE',  ( -1.000000000000000000, 0.0000000000000000000, 2.168404344971010446E-15 ) ) ;
#5857 = VECTOR ( 'NONE', #4075, 1000.000000000000000 ) ;
#5858 = LINE ( 'NONE', #3920, #4512 ) ;
#5859 = EDGE_CURVE ( 'NONE', #1950, #3211, #3708, .T. ) ;
#5860 = CARTESIAN_POINT ( 'NONE',  ( -0.05000000000000000278, 0.05000000000000000278, 6.399804490365840123E-17 ) ) ;
#5861 = VERTEX_POINT ( 'NONE', #1804 ) ;
#5862 = ORIENTED_EDGE ( 'NONE', *, *, #5327, .F. ) ;
#5863 = VECTOR ( 'NONE', #1870, 1000.000000000000000 ) ;
#5864 = VECTOR ( 'NONE', #3848, 1000.000000000000000 ) ;
#5865 = PLANE ( 'NONE',  #3352 ) ;
#5866 = CARTESIAN_POINT ( 'NONE',  ( -0.4949999999999999956, 0.05000000000000000278, 0.0000000000000000000 ) ) ;
#5867 = VERTEX_POINT ( 'NONE', #898 ) ;
#5868 = EDGE_CURVE ( 'NONE', #4442, #3095, #54, .T. ) ;
#5869 = MECHANICAL_DESIGN_GEOMETRIC_PRESENTATION_REPRESENTATION (  '', ( #4967 ), #248 ) ;
#5870 = ORIENTED_EDGE ( 'NONE', *, *, #675, .F. ) ;
#5871 = ORIENTED_EDGE ( 'NONE', *, *, #5195, .T. ) ;
#5872 = DIRECTION ( 'NONE',  ( -1.000000000000000000, 0.0000000000000000000, 1.084202172485503818E-16 ) ) ;
#5873 = CARTESIAN_POINT ( 'NONE',  ( -0.1324024845846042131, 0.05000000000000000278, -0.04827599225835989966 ) ) ;
#5874 = UNCERTAINTY_MEASURE_WITH_UNIT (LENGTH_MEASURE( 1.000000000000000082E-05 ), #5624, 'distance_accuracy_value', 'NONE');
#5875 = DIRECTION ( 'NONE',  ( 1.000000000000000000, 0.0000000000000000000, 8.733850833911000162E-16 ) ) ;
#5876 = LINE ( 'NONE', #1584, #2535 ) ;
#5877 = CARTESIAN_POINT ( 'NONE',  ( -0.05000000000000000278, 0.0000000000000000000, 0.05000000000000000278 ) ) ;
#5878 = ORIENTED_EDGE ( 'NONE', *, *, #3586, .T. ) ;
#5879 = CARTESIAN_POINT ( 'NONE',  ( -0.4949999999999999956, 0.05000000000000000278, 1.073360150760649981E-15 ) ) ;
#5880 = AXIS2_PLACEMENT_3D ( 'NONE', #5170, #3366, #647 ) ;
#5881 = VECTOR ( 'NONE', #1668, 1000.000000000000000 ) ;
#5882 = DIRECTION ( 'NONE',  ( 1.000000000000000000, 0.0000000000000000000, 0.0000000000000000000 ) ) ;
#5883 = CARTESIAN_POINT ( 'NONE',  ( 0.2801399107849885106, 0.05000000000000000278, 0.0000000000000000000 ) ) ;
#5884 = FACE_OUTER_BOUND ( 'NONE', #1058, .T. ) ;
#5885 = EDGE_LOOP ( 'NONE', ( #3657, #3633, #3791, #456 ) ) ;
#5886 = CARTESIAN_POINT ( 'NONE',  ( 0.5000000000000000000, -6.776263578034400401E-18, 0.3099999999999999978 ) ) ;
#5887 = LINE ( 'NONE', #4129, #3468 ) ;
#5888 = VECTOR ( 'NONE', #3855, 1000.000000000000000 ) ;
#5889 = CARTESIAN_POINT ( 'NONE',  ( 0.5000000000000000000, 0.05000000000000000278, 0.0000000000000000000 ) ) ;
#5890 = EDGE_LOOP ( 'NONE', ( #5039, #5410, #4290, #2710, #963, #5796, #5833, #5471, #4056 ) ) ;
#5891 = EDGE_CURVE ( 'NONE', #3579, #1875, #1276, .T. ) ;
#5892 = CARTESIAN_POINT ( 'NONE',  ( 0.5000000000000000000, 0.05000000000000000278, -0.5000000000000000000 ) ) ;
#5893 = LINE ( 'NONE', #4386, #3474 ) ;
#5894 = DIRECTION ( 'NONE',  ( 0.0000000000000000000, 0.0000000000000000000, 1.000000000000000000 ) ) ;
#5895 = EDGE_LOOP ( 'NONE', ( #3760, #3940, #1819, #2905 ) ) ;
#5896 = ORIENTED_EDGE ( 'NONE', *, *, #959, .T. ) ;
#5897 = CARTESIAN_POINT ( 'NONE',  ( -0.2100000000000000200, -6.776263578034400401E-18, -0.2100000000000000200 ) ) ;
#5898 = AXIS2_PLACEMENT_3D ( 'NONE', #3413, #4787, #2075 ) ;
#5899 = ORIENTED_EDGE ( 'NONE', *, *, #4320, .T. ) ;
#5900 = EDGE_CURVE ( 'NONE', #631, #5817, #3570, .T. ) ;
#5901 = EDGE_LOOP ( 'NONE', ( #5212, #2089, #1413, #1439 ) ) ;
#5902 = VERTEX_POINT ( 'NONE', #3195 ) ;
#5903 = AXIS2_PLACEMENT_3D ( 'NONE', #2007, #5176, #2455 ) ;
#5904 = CARTESIAN_POINT ( 'NONE',  ( -0.3099999999999999978, 0.0000000000000000000, 0.0000000000000000000 ) ) ;
#5905 = DIRECTION ( 'NONE',  ( 0.0000000000000000000, 0.0000000000000000000, -1.000000000000000000 ) ) ;
#5906 = ORIENTED_EDGE ( 'NONE', *, *, #18, .F. ) ;
#5907 = ORIENTED_EDGE ( 'NONE', *, *, #5086, .T. ) ;
#5908 = ORIENTED_EDGE ( 'NONE', *, *, #4149, .T. ) ;
#5909 = AXIS2_PLACEMENT_3D ( 'NONE', #1725, #2641, #5808 ) ;
#5910 = DIRECTION ( 'NONE',  ( 0.0000000000000000000, 0.0000000000000000000, 1.000000000000000000 ) ) ;
#5911 = CARTESIAN_POINT ( 'NONE',  ( 0.4899999999999999911, 0.05000000000000000278, 0.3204630797616150328 ) ) ;
#5912 = LINE ( 'NONE', #2744, #4694 ) ;
#5913 = CARTESIAN_POINT ( 'NONE',  ( -0.1324024845846042131, 0.05000000000000000278, -0.04827599225835989966 ) ) ;
#5914 = DIRECTION ( 'NONE',  ( -6.662194550858931651E-46, 7.628015038900789766E-31, 1.000000000000000000 ) ) ;
ENDSEC;
END-ISO-10303-21;
