ISO-10303-21;
HEADER;
FILE_DESCRIPTION(('FreeCAD Model'),'2;1');
FILE_NAME('Open CASCADE Shape Model','2025-05-13T23:37:01',(''),(''),
  'Open CASCADE STEP processor 7.8','FreeCAD','Unknown');
FILE_SCHEMA(('AUTOMOTIVE_DESIGN { 1 0 10303 214 1 1 1 1 }'));
ENDSEC;
DATA;
#1 = APPLICATION_PROTOCOL_DEFINITION('international standard',
  'automotive_design',2000,#2);
#2 = APPLICATION_CONTEXT(
  'core data for automotive mechanical design processes');
#3 = SHAPE_DEFINITION_REPRESENTATION(#4,#10);
#4 = PRODUCT_DEFINITION_SHAPE('','',#5);
#5 = PRODUCT_DEFINITION('design','',#6,#9);
#6 = PRODUCT_DEFINITION_FORMATION('','',#7);
#7 = PRODUCT('top','top','',(#8));
#8 = PRODUCT_CONTEXT('',#2,'mechanical');
#9 = PRODUCT_DEFINITION_CONTEXT('part definition',#2,'design');
#10 = ADVANCED_BREP_SHAPE_REPRESENTATION('',(#11,#15),#6658);
#11 = AXIS2_PLACEMENT_3D('',#12,#13,#14);
#12 = CARTESIAN_POINT('',(0.,0.,0.));
#13 = DIRECTION('',(0.,0.,1.));
#14 = DIRECTION('',(1.,0.,-0.));
#15 = MANIFOLD_SOLID_BREP('',#16);
#16 = CLOSED_SHELL('',(#17,#119,#268,#293,#317,#341,#435,#747,#772,#812,
    #836,#863,#888,#959,#983,#1030,#1117,#1157,#1286,#1365,#1396,#1421,
    #1446,#1470,#1494,#1519,#1544,#1561,#1745,#1770,#1795,#1826,#1844,
    #1869,#1962,#2002,#2027,#2051,#2091,#2116,#2141,#2174,#2198,#2216,
    #2256,#2281,#2321,#2345,#2370,#2395,#2419,#2452,#2477,#2510,#2541,
    #2565,#2589,#2606,#2676,#2702,#2771,#2818,#2843,#2861,#2886,#2973,
    #2998,#3022,#3049,#3066,#3250,#3308,#3339,#3364,#3389,#3413,#3437,
    #3462,#3487,#3504,#3535,#3559,#3588,#3604,#3635,#3660,#3685,#3741,
    #3797,#3822,#3847,#3864,#3889,#3924,#3959,#3994,#4019,#4036,#4060,
    #4099,#4117,#4134,#4159,#4176,#4201,#4218,#4242,#4260,#4284,#4301,
    #4319,#4336,#4414,#4439,#4471,#4488,#4516,#4534,#4552,#4570,#4582,
    #4613,#4638,#4663,#4687,#4722,#4747,#4772,#4789,#4808,#5089,#5113,
    #5340,#5357,#5391,#5403,#5415,#5427,#5452,#5477,#5502,#5527,#5552,
    #5577,#5617,#5641,#5689,#5712,#5729,#5743,#5761,#5778,#5795,#5812,
    #5829,#5846,#5864,#5881,#5899,#5917,#5935,#5953,#5971,#5988,#6030,
    #6052,#6064,#6081,#6112,#6136,#6160,#6177,#6208,#6232,#6256,#6273,
    #6343,#6360,#6377,#6400,#6431,#6455,#6479,#6496,#6527,#6551,#6575,
    #6592,#6617,#6634,#6646));
#17 = ADVANCED_FACE('',(#18,#103),#114,.F.);
#18 = FACE_BOUND('',#19,.F.);
#19 = EDGE_LOOP('',(#20,#30,#39,#47,#55,#63,#72,#80,#89,#97));
#20 = ORIENTED_EDGE('',*,*,#21,.F.);
#21 = EDGE_CURVE('',#22,#24,#26,.T.);
#22 = VERTEX_POINT('',#23);
#23 = CARTESIAN_POINT('',(0.,-16.8,8.692309241267));
#24 = VERTEX_POINT('',#25);
#25 = CARTESIAN_POINT('',(0.,-16.8,6.));
#26 = LINE('',#27,#28);
#27 = CARTESIAN_POINT('',(0.,-16.8,13.));
#28 = VECTOR('',#29,1.);
#29 = DIRECTION('',(-0.,-0.,-1.));
#30 = ORIENTED_EDGE('',*,*,#31,.F.);
#31 = EDGE_CURVE('',#32,#22,#34,.T.);
#32 = VERTEX_POINT('',#33);
#33 = CARTESIAN_POINT('',(1.756095617524,-16.8,12.49718563313));
#34 = CIRCLE('',#35,5.);
#35 = AXIS2_PLACEMENT_3D('',#36,#37,#38);
#36 = CARTESIAN_POINT('',(5.,-16.8,8.692309241267));
#37 = DIRECTION('',(0.,-1.,0.));
#38 = DIRECTION('',(0.,0.,1.));
#39 = ORIENTED_EDGE('',*,*,#40,.T.);
#40 = EDGE_CURVE('',#32,#41,#43,.T.);
#41 = VERTEX_POINT('',#42);
#42 = CARTESIAN_POINT('',(1.974824832375,-16.8,12.683666502823));
#43 = LINE('',#44,#45);
#44 = CARTESIAN_POINT('',(3.014204226217,-16.8,13.56980497974));
#45 = VECTOR('',#46,1.);
#46 = DIRECTION('',(0.760975278373,0.,0.648780876495));
#47 = ORIENTED_EDGE('',*,*,#48,.T.);
#48 = EDGE_CURVE('',#41,#49,#51,.T.);
#49 = VERTEX_POINT('',#50);
#50 = CARTESIAN_POINT('',(8.974824832375,-16.8,11.562385038292));
#51 = LINE('',#52,#53);
#52 = CARTESIAN_POINT('',(3.412441478743,-16.8,12.453384660156));
#53 = VECTOR('',#54,1.);
#54 = DIRECTION('',(0.987412416187,0.,-0.158166748588));
#55 = ORIENTED_EDGE('',*,*,#56,.T.);
#56 = EDGE_CURVE('',#49,#57,#59,.T.);
#57 = VERTEX_POINT('',#58);
#58 = CARTESIAN_POINT('',(7.70243824701,-16.8,10.477592788721));
#59 = LINE('',#60,#61);
#60 = CARTESIAN_POINT('',(8.264204226217,-16.8,10.956534792139));
#61 = VECTOR('',#62,1.);
#62 = DIRECTION('',(-0.760975278373,0.,-0.648780876495));
#63 = ORIENTED_EDGE('',*,*,#64,.T.);
#64 = EDGE_CURVE('',#57,#65,#67,.T.);
#65 = VERTEX_POINT('',#66);
#66 = CARTESIAN_POINT('',(7.,-16.8,8.955642231976));
#67 = CIRCLE('',#68,2.);
#68 = AXIS2_PLACEMENT_3D('',#69,#70,#71);
#69 = CARTESIAN_POINT('',(9.,-16.8,8.955642231976));
#70 = DIRECTION('',(0.,-1.,2.2E-16));
#71 = DIRECTION('',(0.,2.2E-16,1.));
#72 = ORIENTED_EDGE('',*,*,#73,.T.);
#73 = EDGE_CURVE('',#65,#74,#76,.T.);
#74 = VERTEX_POINT('',#75);
#75 = CARTESIAN_POINT('',(7.,-16.8,8.828427124746));
#76 = LINE('',#77,#78);
#77 = CARTESIAN_POINT('',(7.,-16.8,13.));
#78 = VECTOR('',#79,1.);
#79 = DIRECTION('',(-0.,-0.,-1.));
#80 = ORIENTED_EDGE('',*,*,#81,.F.);
#81 = EDGE_CURVE('',#82,#74,#84,.T.);
#82 = VERTEX_POINT('',#83);
#83 = CARTESIAN_POINT('',(6.414213562373,-16.8,7.414213562373));
#84 = CIRCLE('',#85,2.);
#85 = AXIS2_PLACEMENT_3D('',#86,#87,#88);
#86 = CARTESIAN_POINT('',(5.,-16.8,8.828427124746));
#87 = DIRECTION('',(0.,-1.,0.));
#88 = DIRECTION('',(0.,0.,1.));
#89 = ORIENTED_EDGE('',*,*,#90,.F.);
#90 = EDGE_CURVE('',#91,#82,#93,.T.);
#91 = VERTEX_POINT('',#92);
#92 = CARTESIAN_POINT('',(5.,-16.8,6.));
#93 = LINE('',#94,#95);
#94 = CARTESIAN_POINT('',(7.75,-16.8,8.75));
#95 = VECTOR('',#96,1.);
#96 = DIRECTION('',(0.707106781187,0.,0.707106781187));
#97 = ORIENTED_EDGE('',*,*,#98,.T.);
#98 = EDGE_CURVE('',#91,#24,#99,.T.);
#99 = LINE('',#100,#101);
#100 = CARTESIAN_POINT('',(7.,-16.8,6.));
#101 = VECTOR('',#102,1.);
#102 = DIRECTION('',(-1.,0.,0.));
#103 = FACE_BOUND('',#104,.F.);
#104 = EDGE_LOOP('',(#105));
#105 = ORIENTED_EDGE('',*,*,#106,.T.);
#106 = EDGE_CURVE('',#107,#107,#109,.T.);
#107 = VERTEX_POINT('',#108);
#108 = CARTESIAN_POINT('',(4.7,-16.8,9.5));
#109 = CIRCLE('',#110,1.2);
#110 = AXIS2_PLACEMENT_3D('',#111,#112,#113);
#111 = CARTESIAN_POINT('',(3.5,-16.8,9.5));
#112 = DIRECTION('',(0.,-1.,0.));
#113 = DIRECTION('',(1.,0.,0.));
#114 = PLANE('',#115);
#115 = AXIS2_PLACEMENT_3D('',#116,#117,#118);
#116 = CARTESIAN_POINT('',(7.,-16.8,13.));
#117 = DIRECTION('',(0.,1.,0.));
#118 = DIRECTION('',(-1.,0.,0.));
#119 = ADVANCED_FACE('',(#120,#193),#263,.T.);
#120 = FACE_BOUND('',#121,.T.);
#121 = EDGE_LOOP('',(#122,#132,#140,#148,#156,#164,#172,#180,#186,#187)
  );
#122 = ORIENTED_EDGE('',*,*,#123,.T.);
#123 = EDGE_CURVE('',#124,#126,#128,.T.);
#124 = VERTEX_POINT('',#125);
#125 = CARTESIAN_POINT('',(0.,-4.,8.692309241267));
#126 = VERTEX_POINT('',#127);
#127 = CARTESIAN_POINT('',(0.,-4.,6.));
#128 = LINE('',#129,#130);
#129 = CARTESIAN_POINT('',(0.,-4.,13.));
#130 = VECTOR('',#131,1.);
#131 = DIRECTION('',(-0.,-0.,-1.));
#132 = ORIENTED_EDGE('',*,*,#133,.F.);
#133 = EDGE_CURVE('',#134,#126,#136,.T.);
#134 = VERTEX_POINT('',#135);
#135 = CARTESIAN_POINT('',(0.,-3.9999,6.));
#136 = LINE('',#137,#138);
#137 = CARTESIAN_POINT('',(0.,-3.33E-15,6.));
#138 = VECTOR('',#139,1.);
#139 = DIRECTION('',(0.,-1.,0.));
#140 = ORIENTED_EDGE('',*,*,#141,.T.);
#141 = EDGE_CURVE('',#134,#142,#144,.T.);
#142 = VERTEX_POINT('',#143);
#143 = CARTESIAN_POINT('',(0.,-2.,4.0001));
#144 = LINE('',#145,#146);
#145 = CARTESIAN_POINT('',(0.,-4.72495,6.72505));
#146 = VECTOR('',#147,1.);
#147 = DIRECTION('',(0.,0.707106781187,-0.707106781187));
#148 = ORIENTED_EDGE('',*,*,#149,.F.);
#149 = EDGE_CURVE('',#150,#142,#152,.T.);
#150 = VERTEX_POINT('',#151);
#151 = CARTESIAN_POINT('',(0.,-2.,0.));
#152 = LINE('',#153,#154);
#153 = CARTESIAN_POINT('',(-4.4E-16,-2.,3.97E-15));
#154 = VECTOR('',#155,1.);
#155 = DIRECTION('',(0.,-4.4E-16,1.));
#156 = ORIENTED_EDGE('',*,*,#157,.F.);
#157 = EDGE_CURVE('',#158,#150,#160,.T.);
#158 = VERTEX_POINT('',#159);
#159 = CARTESIAN_POINT('',(0.,-18.8,-8.E-15));
#160 = LINE('',#161,#162);
#161 = CARTESIAN_POINT('',(0.,-20.8,-9.24E-15));
#162 = VECTOR('',#163,1.);
#163 = DIRECTION('',(0.,1.,4.4E-16));
#164 = ORIENTED_EDGE('',*,*,#165,.T.);
#165 = EDGE_CURVE('',#158,#166,#168,.T.);
#166 = VERTEX_POINT('',#167);
#167 = CARTESIAN_POINT('',(0.,-18.8,4.0001));
#168 = LINE('',#169,#170);
#169 = CARTESIAN_POINT('',(-4.4E-16,-18.8,-8.88E-15));
#170 = VECTOR('',#171,1.);
#171 = DIRECTION('',(0.,0.,1.));
#172 = ORIENTED_EDGE('',*,*,#173,.F.);
#173 = EDGE_CURVE('',#174,#166,#176,.T.);
#174 = VERTEX_POINT('',#175);
#175 = CARTESIAN_POINT('',(0.,-16.8001,6.));
#176 = LINE('',#177,#178);
#177 = CARTESIAN_POINT('',(0.,-16.07505,6.72505));
#178 = VECTOR('',#179,1.);
#179 = DIRECTION('',(0.,-0.707106781187,-0.707106781187));
#180 = ORIENTED_EDGE('',*,*,#181,.F.);
#181 = EDGE_CURVE('',#24,#174,#182,.T.);
#182 = LINE('',#183,#184);
#183 = CARTESIAN_POINT('',(0.,-16.8,6.));
#184 = VECTOR('',#185,1.);
#185 = DIRECTION('',(0.,-1.,0.));
#186 = ORIENTED_EDGE('',*,*,#21,.F.);
#187 = ORIENTED_EDGE('',*,*,#188,.T.);
#188 = EDGE_CURVE('',#22,#124,#189,.T.);
#189 = LINE('',#190,#191);
#190 = CARTESIAN_POINT('',(0.,-16.8,8.692309241267));
#191 = VECTOR('',#192,1.);
#192 = DIRECTION('',(0.,1.,0.));
#193 = FACE_BOUND('',#194,.T.);
#194 = EDGE_LOOP('',(#195,#205,#214,#222,#231,#239,#248,#256));
#195 = ORIENTED_EDGE('',*,*,#196,.T.);
#196 = EDGE_CURVE('',#197,#199,#201,.T.);
#197 = VERTEX_POINT('',#198);
#198 = CARTESIAN_POINT('',(0.,-14.4,0.5));
#199 = VERTEX_POINT('',#200);
#200 = CARTESIAN_POINT('',(0.,-6.4,0.5));
#201 = LINE('',#202,#203);
#202 = CARTESIAN_POINT('',(0.,-14.4,0.5));
#203 = VECTOR('',#204,1.);
#204 = DIRECTION('',(0.,1.,4.4E-16));
#205 = ORIENTED_EDGE('',*,*,#206,.T.);
#206 = EDGE_CURVE('',#199,#207,#209,.T.);
#207 = VERTEX_POINT('',#208);
#208 = CARTESIAN_POINT('',(0.,-4.4,2.5));
#209 = CIRCLE('',#210,2.);
#210 = AXIS2_PLACEMENT_3D('',#211,#212,#213);
#211 = CARTESIAN_POINT('',(0.,-6.4,2.5));
#212 = DIRECTION('',(1.,-0.,0.));
#213 = DIRECTION('',(0.,4.4E-16,-1.));
#214 = ORIENTED_EDGE('',*,*,#215,.T.);
#215 = EDGE_CURVE('',#207,#216,#218,.T.);
#216 = VERTEX_POINT('',#217);
#217 = CARTESIAN_POINT('',(0.,-4.4,3.));
#218 = LINE('',#219,#220);
#219 = CARTESIAN_POINT('',(0.,-4.4,2.5));
#220 = VECTOR('',#221,1.);
#221 = DIRECTION('',(0.,-1.9E-16,1.));
#222 = ORIENTED_EDGE('',*,*,#223,.T.);
#223 = EDGE_CURVE('',#216,#224,#226,.T.);
#224 = VERTEX_POINT('',#225);
#225 = CARTESIAN_POINT('',(0.,-6.4,5.));
#226 = CIRCLE('',#227,2.);
#227 = AXIS2_PLACEMENT_3D('',#228,#229,#230);
#228 = CARTESIAN_POINT('',(0.,-6.4,3.));
#229 = DIRECTION('',(1.,0.,-0.));
#230 = DIRECTION('',(0.,1.,4.4E-16));
#231 = ORIENTED_EDGE('',*,*,#232,.T.);
#232 = EDGE_CURVE('',#224,#233,#235,.T.);
#233 = VERTEX_POINT('',#234);
#234 = CARTESIAN_POINT('',(0.,-14.4,5.));
#235 = LINE('',#236,#237);
#236 = CARTESIAN_POINT('',(0.,-6.4,5.));
#237 = VECTOR('',#238,1.);
#238 = DIRECTION('',(-0.,-1.,-4.4E-16));
#239 = ORIENTED_EDGE('',*,*,#240,.T.);
#240 = EDGE_CURVE('',#233,#241,#243,.T.);
#241 = VERTEX_POINT('',#242);
#242 = CARTESIAN_POINT('',(0.,-16.4,3.));
#243 = CIRCLE('',#244,2.);
#244 = AXIS2_PLACEMENT_3D('',#245,#246,#247);
#245 = CARTESIAN_POINT('',(0.,-14.4,3.));
#246 = DIRECTION('',(1.,0.,0.));
#247 = DIRECTION('',(0.,-4.4E-16,1.));
#248 = ORIENTED_EDGE('',*,*,#249,.T.);
#249 = EDGE_CURVE('',#241,#250,#252,.T.);
#250 = VERTEX_POINT('',#251);
#251 = CARTESIAN_POINT('',(0.,-16.4,2.5));
#252 = LINE('',#253,#254);
#253 = CARTESIAN_POINT('',(0.,-16.4,3.));
#254 = VECTOR('',#255,1.);
#255 = DIRECTION('',(-0.,-2.09E-15,-1.));
#256 = ORIENTED_EDGE('',*,*,#257,.T.);
#257 = EDGE_CURVE('',#250,#197,#258,.T.);
#258 = CIRCLE('',#259,2.);
#259 = AXIS2_PLACEMENT_3D('',#260,#261,#262);
#260 = CARTESIAN_POINT('',(0.,-14.4,2.5));
#261 = DIRECTION('',(1.,0.,0.));
#262 = DIRECTION('',(0.,-1.,4.4E-16));
#263 = PLANE('',#264);
#264 = AXIS2_PLACEMENT_3D('',#265,#266,#267);
#265 = CARTESIAN_POINT('',(0.,-10.4,6.5));
#266 = DIRECTION('',(-1.,-0.,-0.));
#267 = DIRECTION('',(0.,0.,-1.));
#268 = ADVANCED_FACE('',(#269),#288,.T.);
#269 = FACE_BOUND('',#270,.F.);
#270 = EDGE_LOOP('',(#271,#272,#273,#282));
#271 = ORIENTED_EDGE('',*,*,#31,.T.);
#272 = ORIENTED_EDGE('',*,*,#188,.T.);
#273 = ORIENTED_EDGE('',*,*,#274,.F.);
#274 = EDGE_CURVE('',#275,#124,#277,.T.);
#275 = VERTEX_POINT('',#276);
#276 = CARTESIAN_POINT('',(1.756095617524,-4.,12.49718563313));
#277 = CIRCLE('',#278,5.);
#278 = AXIS2_PLACEMENT_3D('',#279,#280,#281);
#279 = CARTESIAN_POINT('',(5.,-4.,8.692309241267));
#280 = DIRECTION('',(0.,-1.,0.));
#281 = DIRECTION('',(0.,0.,1.));
#282 = ORIENTED_EDGE('',*,*,#283,.F.);
#283 = EDGE_CURVE('',#32,#275,#284,.T.);
#284 = LINE('',#285,#286);
#285 = CARTESIAN_POINT('',(1.756095617524,-16.8,12.49718563313));
#286 = VECTOR('',#287,1.);
#287 = DIRECTION('',(0.,1.,0.));
#288 = CYLINDRICAL_SURFACE('',#289,5.);
#289 = AXIS2_PLACEMENT_3D('',#290,#291,#292);
#290 = CARTESIAN_POINT('',(5.,-16.8,8.692309241267));
#291 = DIRECTION('',(0.,1.,0.));
#292 = DIRECTION('',(-0.648780876495,0.,0.760975278373));
#293 = ADVANCED_FACE('',(#294),#312,.T.);
#294 = FACE_BOUND('',#295,.T.);
#295 = EDGE_LOOP('',(#296,#304,#305,#306));
#296 = ORIENTED_EDGE('',*,*,#297,.T.);
#297 = EDGE_CURVE('',#298,#91,#300,.T.);
#298 = VERTEX_POINT('',#299);
#299 = CARTESIAN_POINT('',(5.,-16.8001,6.));
#300 = LINE('',#301,#302);
#301 = CARTESIAN_POINT('',(5.,-20.8,6.));
#302 = VECTOR('',#303,1.);
#303 = DIRECTION('',(0.,1.,0.));
#304 = ORIENTED_EDGE('',*,*,#98,.T.);
#305 = ORIENTED_EDGE('',*,*,#181,.T.);
#306 = ORIENTED_EDGE('',*,*,#307,.T.);
#307 = EDGE_CURVE('',#174,#298,#308,.T.);
#308 = LINE('',#309,#310);
#309 = CARTESIAN_POINT('',(0.,-16.8001,6.));
#310 = VECTOR('',#311,1.);
#311 = DIRECTION('',(1.,0.,0.));
#312 = PLANE('',#313);
#313 = AXIS2_PLACEMENT_3D('',#314,#315,#316);
#314 = CARTESIAN_POINT('',(3.5,-10.4,6.));
#315 = DIRECTION('',(0.,0.,1.));
#316 = DIRECTION('',(1.,0.,0.));
#317 = ADVANCED_FACE('',(#318),#336,.F.);
#318 = FACE_BOUND('',#319,.F.);
#319 = EDGE_LOOP('',(#320,#321,#322,#330));
#320 = ORIENTED_EDGE('',*,*,#40,.F.);
#321 = ORIENTED_EDGE('',*,*,#283,.T.);
#322 = ORIENTED_EDGE('',*,*,#323,.T.);
#323 = EDGE_CURVE('',#275,#324,#326,.T.);
#324 = VERTEX_POINT('',#325);
#325 = CARTESIAN_POINT('',(1.974824832375,-4.,12.683666502823));
#326 = LINE('',#327,#328);
#327 = CARTESIAN_POINT('',(0.987412416187,-4.,11.841833251412));
#328 = VECTOR('',#329,1.);
#329 = DIRECTION('',(0.760975278373,0.,0.648780876495));
#330 = ORIENTED_EDGE('',*,*,#331,.F.);
#331 = EDGE_CURVE('',#41,#324,#332,.T.);
#332 = LINE('',#333,#334);
#333 = CARTESIAN_POINT('',(1.974824832375,-16.8,12.683666502823));
#334 = VECTOR('',#335,1.);
#335 = DIRECTION('',(0.,1.,0.));
#336 = PLANE('',#337);
#337 = AXIS2_PLACEMENT_3D('',#338,#339,#340);
#338 = CARTESIAN_POINT('',(0.987412416187,-16.8,11.841833251412));
#339 = DIRECTION('',(0.648780876495,-1.3E-16,-0.760975278373));
#340 = DIRECTION('',(8.129756307854E-17,1.,-1.015219521115E-16));
#341 = ADVANCED_FACE('',(#342),#430,.T.);
#342 = FACE_BOUND('',#343,.F.);
#343 = EDGE_LOOP('',(#344,#352,#353,#354,#362,#370));
#344 = ORIENTED_EDGE('',*,*,#345,.F.);
#345 = EDGE_CURVE('',#298,#346,#348,.T.);
#346 = VERTEX_POINT('',#347);
#347 = CARTESIAN_POINT('',(1.465294121193,-20.3348058788,2.465294121193)
  );
#348 = LINE('',#349,#350);
#349 = CARTESIAN_POINT('',(3.1667,-18.6334,4.1667));
#350 = VECTOR('',#351,1.);
#351 = DIRECTION('',(-0.57735026919,-0.57735026919,-0.57735026919));
#352 = ORIENTED_EDGE('',*,*,#297,.T.);
#353 = ORIENTED_EDGE('',*,*,#90,.T.);
#354 = ORIENTED_EDGE('',*,*,#355,.F.);
#355 = EDGE_CURVE('',#356,#82,#358,.T.);
#356 = VERTEX_POINT('',#357);
#357 = CARTESIAN_POINT('',(6.414213562373,-20.35,7.414213562373));
#358 = LINE('',#359,#360);
#359 = CARTESIAN_POINT('',(6.414213562373,-20.8,7.414213562373));
#360 = VECTOR('',#361,1.);
#361 = DIRECTION('',(0.,1.,0.));
#362 = ORIENTED_EDGE('',*,*,#363,.F.);
#363 = EDGE_CURVE('',#364,#356,#366,.T.);
#364 = VERTEX_POINT('',#365);
#365 = CARTESIAN_POINT('',(1.681801948466,-20.35,2.681801948466));
#366 = LINE('',#367,#368);
#367 = CARTESIAN_POINT('',(2.,-20.35,3.));
#368 = VECTOR('',#369,1.);
#369 = DIRECTION('',(0.707106781187,0.,0.707106781187));
#370 = ORIENTED_EDGE('',*,*,#371,.F.);
#371 = EDGE_CURVE('',#346,#364,#372,.T.);
#372 = ( BOUNDED_CURVE() B_SPLINE_CURVE(12,(#373,#374,#375,#376,#377,
    #378,#379,#380,#381,#382,#383,#384,#385,#386,#387,#388,#389,#390,
    #391,#392,#393,#394,#395,#396,#397,#398,#399,#400,#401,#402,#403,
    #404,#405,#406,#407,#408,#409,#410,#411,#412,#413,#414,#415,#416,
    #417,#418,#419,#420,#421,#422,#423,#424,#425,#426,#427,#428,#429),
.UNSPECIFIED.,.F.,.F.) B_SPLINE_CURVE_WITH_KNOTS((13,11,11,11,11,13),(
    -1.775555117663,-1.553610727955,-1.331666338247,-0.887777558831,0.,
0.730711991371),.UNSPECIFIED.) CURVE() GEOMETRIC_REPRESENTATION_ITEM() 
RATIONAL_B_SPLINE_CURVE((1.,1.,0.999999999999,1.000000000002,
    0.999999999996,1.000000000005,0.999999999994,1.000000000005,
    0.999999999997,1.000000000002,0.999999999999,1.,1.,1.,1.,
    0.999999999999,1.000000000001,0.999999999999,1.000000000001,
    0.999999999999,1.,1.,1.,1.,1.,1.000000000001,0.999999999998,
    1.000000000003,0.999999999996,1.000000000003,0.999999999998,
    1.000000000001,1.,1.,1.,1.,1.000000000001,0.999999999999,
    1.000000000001,0.999999999999,1.000000000001,1.,1.,1.,1.,1.,
    0.999999999999,1.000000000001,0.999999999998,1.000000000003,
    0.999999999997,1.000000000002,0.999999999999,1.000000000001,1.,1.,1.
)) REPRESENTATION_ITEM('') );
#373 = CARTESIAN_POINT('',(1.866030491753E-02,-18.66150760922,
    1.018660304918));
#374 = CARTESIAN_POINT('',(1.87720525658E-02,-18.78250623687,
    1.018772052566));
#375 = CARTESIAN_POINT('',(2.931626948715E-02,-18.86044271904,
    1.029316269487));
#376 = CARTESIAN_POINT('',(3.84280120314E-02,-18.9411871247,
    1.038428012031));
#377 = CARTESIAN_POINT('',(5.438354823911E-02,-18.99301696941,
    1.05438354824));
#378 = CARTESIAN_POINT('',(6.486185211278E-02,-19.06344260358,
    1.064861852112));
#379 = CARTESIAN_POINT('',(8.29580452424E-02,-19.10218296407,
    1.082958045243));
#380 = CARTESIAN_POINT('',(9.561746146982E-02,-19.1595395717,
    1.095617461469));
#381 = CARTESIAN_POINT('',(0.112571274937,-19.19816138022,1.112571274938
    ));
#382 = CARTESIAN_POINT('',(0.127747515346,-19.24147756234,1.127747515346
    ));
#383 = CARTESIAN_POINT('',(0.143786302536,-19.27940398358,1.143786302536
    ));
#384 = CARTESIAN_POINT('',(0.159733776557,-19.31567648312,1.159733776557
    ));
#385 = CARTESIAN_POINT('',(0.191724694209,-19.38397056446,1.191724694209
    ));
#386 = CARTESIAN_POINT('',(0.207746869555,-19.41607409548,1.207746869555
    ));
#387 = CARTESIAN_POINT('',(0.223751272067,-19.4463691435,1.223751272067)
  );
#388 = CARTESIAN_POINT('',(0.239702583153,-19.47505294059,1.239702583153
    ));
#389 = CARTESIAN_POINT('',(0.255573448045,-19.50228973739,1.255573448045
    ));
#390 = CARTESIAN_POINT('',(0.271343268891,-19.52821561626,1.271343268891
    ));
#391 = CARTESIAN_POINT('',(0.28699699781,-19.55294330437,1.28699699781)
  );
#392 = CARTESIAN_POINT('',(0.30252392999,-19.5765669869,1.30252392999));
#393 = CARTESIAN_POINT('',(0.317916496742,-19.59916712008,1.317916496742
    ));
#394 = CARTESIAN_POINT('',(0.333169058592,-19.62081524443,1.333169058592
    ));
#395 = CARTESIAN_POINT('',(0.348276698344,-19.64157879779,1.348276698344
    ));
#396 = CARTESIAN_POINT('',(0.393148645799,-19.70142019001,1.393148645799
    ));
#397 = CARTESIAN_POINT('',(0.422463515802,-19.7380437393,1.422463515802)
  );
#398 = CARTESIAN_POINT('',(0.451161137585,-19.77183881463,1.451161137585
    ));
#399 = CARTESIAN_POINT('',(0.479238307914,-19.80317403651,1.479238307914
    ));
#400 = CARTESIAN_POINT('',(0.506704040193,-19.83235380543,1.506704040193
    ));
#401 = CARTESIAN_POINT('',(0.533577497746,-19.85962769943,1.533577497747
    ));
#402 = CARTESIAN_POINT('',(0.559885927106,-19.88519987175,1.559885927106
    ));
#403 = CARTESIAN_POINT('',(0.585662591292,-19.90923844844,1.585662591292
    ));
#404 = CARTESIAN_POINT('',(0.6109447031,-19.93188492599,1.6109447031));
#405 = CARTESIAN_POINT('',(0.635771358385,-19.95326356896,1.635771358385
    ));
#406 = CARTESIAN_POINT('',(0.660181469344,-19.97349080761,1.660181469344
    ));
#407 = CARTESIAN_POINT('',(0.732272154718,-20.03107229124,1.732272154718
    ));
#408 = CARTESIAN_POINT('',(0.778822850846,-20.06529392308,1.778822850846
    ));
#409 = CARTESIAN_POINT('',(0.824184900016,-20.09613153595,1.824184900016
    ));
#410 = CARTESIAN_POINT('',(0.868700067247,-20.12418565883,1.868700067248
    ));
#411 = CARTESIAN_POINT('',(0.912704770001,-20.1499047936,1.91270477));
#412 = CARTESIAN_POINT('',(0.956507952089,-20.17361204981,1.95650795209)
  );
#413 = CARTESIAN_POINT('',(1.000372830251,-20.19552896532,2.000372830251
    ));
#414 = CARTESIAN_POINT('',(1.044502513383,-20.21579651309,2.044502513384
    ));
#415 = CARTESIAN_POINT('',(1.089029494434,-20.2344932937,2.089029494434)
  );
#416 = CARTESIAN_POINT('',(1.134009014961,-20.25165091404,2.134009014961
    ));
#417 = CARTESIAN_POINT('',(1.179416302342,-20.2672665518,2.179416302342)
  );
#418 = CARTESIAN_POINT('',(1.262788263667,-20.29287381519,2.262788263667
    ));
#419 = CARTESIAN_POINT('',(1.300650107509,-20.30337301113,2.300650107509
    ));
#420 = CARTESIAN_POINT('',(1.338686090952,-20.31280448379,2.338686090951
    ));
#421 = CARTESIAN_POINT('',(1.376850569647,-20.32116508671,2.376850569648
    ));
#422 = CARTESIAN_POINT('',(1.415099375135,-20.328454337,2.415099375135)
  );
#423 = CARTESIAN_POINT('',(1.453389814835,-20.3346744153,2.453389814835)
  );
#424 = CARTESIAN_POINT('',(1.491680672052,-20.33983016587,2.491680672052
    ));
#425 = CARTESIAN_POINT('',(1.529932205976,-20.34392909648,2.529932205976
    ));
#426 = CARTESIAN_POINT('',(1.56810615168,-20.3469813785,2.56810615168));
#427 = CARTESIAN_POINT('',(1.606165720121,-20.34899984685,2.606165720121
    ));
#428 = CARTESIAN_POINT('',(1.644075598142,-20.35,2.644075598142));
#429 = CARTESIAN_POINT('',(1.681801948466,-20.35,2.681801948466));
#430 = PLANE('',#431);
#431 = AXIS2_PLACEMENT_3D('',#432,#433,#434);
#432 = CARTESIAN_POINT('',(6.,-20.8,7.));
#433 = DIRECTION('',(-0.707106781187,0.,0.707106781187));
#434 = DIRECTION('',(-0.,-1.,-0.));
#435 = ADVANCED_FACE('',(#436,#447,#683,#717),#742,.T.);
#436 = FACE_BOUND('',#437,.T.);
#437 = EDGE_LOOP('',(#438));
#438 = ORIENTED_EDGE('',*,*,#439,.F.);
#439 = EDGE_CURVE('',#440,#440,#442,.T.);
#440 = VERTEX_POINT('',#441);
#441 = CARTESIAN_POINT('',(37.355943456656,-11.3,7.016210430284));
#442 = CIRCLE('',#443,3.5);
#443 = AXIS2_PLACEMENT_3D('',#444,#445,#446);
#444 = CARTESIAN_POINT('',(33.9,-11.3,7.569794050343));
#445 = DIRECTION('',(0.158166748588,-0.,0.987412416187));
#446 = DIRECTION('',(0.987412416187,0.,-0.158166748588));
#447 = FACE_BOUND('',#448,.T.);
#448 = EDGE_LOOP('',(#449,#459,#468,#476,#484,#493,#501,#510,#518,#526,
    #534,#543,#551,#560,#568,#576,#584,#593,#601,#610,#618,#626,#635,
    #643,#652,#660,#666,#667,#668,#676));
#449 = ORIENTED_EDGE('',*,*,#450,.T.);
#450 = EDGE_CURVE('',#451,#453,#455,.T.);
#451 = VERTEX_POINT('',#452);
#452 = CARTESIAN_POINT('',(10.272386585365,-19.6,11.354537617905));
#453 = VERTEX_POINT('',#454);
#454 = CARTESIAN_POINT('',(41.527692684388,-19.6,6.347966846894));
#455 = LINE('',#456,#457);
#456 = CARTESIAN_POINT('',(7.903687496164,-19.6,11.733963101301));
#457 = VECTOR('',#458,1.);
#458 = DIRECTION('',(0.987412416187,0.,-0.158166748588));
#459 = ORIENTED_EDGE('',*,*,#460,.T.);
#460 = EDGE_CURVE('',#453,#461,#463,.T.);
#461 = VERTEX_POINT('',#462);
#462 = CARTESIAN_POINT('',(42.515105100575,-18.6,6.189800098306));
#463 = CIRCLE('',#464,1.);
#464 = AXIS2_PLACEMENT_3D('',#465,#466,#467);
#465 = CARTESIAN_POINT('',(41.527692684388,-18.6,6.347966846894));
#466 = DIRECTION('',(0.158166748588,-0.,0.987412416187));
#467 = DIRECTION('',(0.987412416187,0.,-0.158166748588));
#468 = ORIENTED_EDGE('',*,*,#469,.T.);
#469 = EDGE_CURVE('',#461,#470,#472,.T.);
#470 = VERTEX_POINT('',#471);
#471 = CARTESIAN_POINT('',(42.515105100575,-16.675,6.189800098306));
#472 = LINE('',#473,#474);
#473 = CARTESIAN_POINT('',(42.515105100575,-19.6,6.189800098306));
#474 = VECTOR('',#475,1.);
#475 = DIRECTION('',(0.,1.,0.));
#476 = ORIENTED_EDGE('',*,*,#477,.T.);
#477 = EDGE_CURVE('',#470,#478,#480,.T.);
#478 = VERTEX_POINT('',#479);
#479 = CARTESIAN_POINT('',(43.066652588844,-16.675,6.101451530391));
#480 = LINE('',#481,#482);
#481 = CARTESIAN_POINT('',(42.515105100575,-16.675,6.189800098306));
#482 = VECTOR('',#483,1.);
#483 = DIRECTION('',(0.987412416187,0.,-0.158166748588));
#484 = ORIENTED_EDGE('',*,*,#485,.T.);
#485 = EDGE_CURVE('',#478,#486,#488,.T.);
#486 = VERTEX_POINT('',#487);
#487 = CARTESIAN_POINT('',(43.206293791906,-16.575,6.079083374294));
#488 = ELLIPSE('',#489,0.141421356237,0.1);
#489 = AXIS2_PLACEMENT_3D('',#490,#491,#492);
#490 = CARTESIAN_POINT('',(43.066652588844,-16.575,6.101451530391));
#491 = DIRECTION('',(0.158166748588,0.,0.987412416187));
#492 = DIRECTION('',(-0.987412416187,0.,0.158166748588));
#493 = ORIENTED_EDGE('',*,*,#494,.F.);
#494 = EDGE_CURVE('',#495,#486,#497,.T.);
#495 = VERTEX_POINT('',#496);
#496 = CARTESIAN_POINT('',(43.206293791906,-14.275,6.079083374294));
#497 = LINE('',#498,#499);
#498 = CARTESIAN_POINT('',(43.206293791906,-14.175,6.079083374294));
#499 = VECTOR('',#500,1.);
#500 = DIRECTION('',(0.,-1.,0.));
#501 = ORIENTED_EDGE('',*,*,#502,.T.);
#502 = EDGE_CURVE('',#495,#503,#505,.T.);
#503 = VERTEX_POINT('',#504);
#504 = CARTESIAN_POINT('',(43.066652588844,-14.175,6.101451530391));
#505 = ELLIPSE('',#506,0.141421356237,0.1);
#506 = AXIS2_PLACEMENT_3D('',#507,#508,#509);
#507 = CARTESIAN_POINT('',(43.066652588844,-14.275,6.101451530391));
#508 = DIRECTION('',(0.158166748588,0.,0.987412416187));
#509 = DIRECTION('',(-0.987412416187,0.,0.158166748588));
#510 = ORIENTED_EDGE('',*,*,#511,.F.);
#511 = EDGE_CURVE('',#512,#503,#514,.T.);
#512 = VERTEX_POINT('',#513);
#513 = CARTESIAN_POINT('',(42.515105100575,-14.175,6.189800098306));
#514 = LINE('',#515,#516);
#515 = CARTESIAN_POINT('',(42.515105100575,-14.175,6.189800098306));
#516 = VECTOR('',#517,1.);
#517 = DIRECTION('',(0.987412416187,0.,-0.158166748588));
#518 = ORIENTED_EDGE('',*,*,#519,.T.);
#519 = EDGE_CURVE('',#512,#520,#522,.T.);
#520 = VERTEX_POINT('',#521);
#521 = CARTESIAN_POINT('',(42.515105100575,-11.65,6.189800098306));
#522 = LINE('',#523,#524);
#523 = CARTESIAN_POINT('',(42.515105100575,-19.6,6.189800098306));
#524 = VECTOR('',#525,1.);
#525 = DIRECTION('',(0.,1.,0.));
#526 = ORIENTED_EDGE('',*,*,#527,.T.);
#527 = EDGE_CURVE('',#520,#528,#530,.T.);
#528 = VERTEX_POINT('',#529);
#529 = CARTESIAN_POINT('',(43.066652588844,-11.65,6.101451530391));
#530 = LINE('',#531,#532);
#531 = CARTESIAN_POINT('',(42.515105100575,-11.65,6.189800098306));
#532 = VECTOR('',#533,1.);
#533 = DIRECTION('',(0.987412416187,0.,-0.158166748588));
#534 = ORIENTED_EDGE('',*,*,#535,.T.);
#535 = EDGE_CURVE('',#528,#536,#538,.T.);
#536 = VERTEX_POINT('',#537);
#537 = CARTESIAN_POINT('',(43.206293791906,-11.55,6.079083374294));
#538 = ELLIPSE('',#539,0.141421356237,0.1);
#539 = AXIS2_PLACEMENT_3D('',#540,#541,#542);
#540 = CARTESIAN_POINT('',(43.066652588844,-11.55,6.101451530391));
#541 = DIRECTION('',(0.158166748588,0.,0.987412416187));
#542 = DIRECTION('',(-0.987412416187,0.,0.158166748588));
#543 = ORIENTED_EDGE('',*,*,#544,.F.);
#544 = EDGE_CURVE('',#545,#536,#547,.T.);
#545 = VERTEX_POINT('',#546);
#546 = CARTESIAN_POINT('',(43.206293791906,-9.25,6.079083374294));
#547 = LINE('',#548,#549);
#548 = CARTESIAN_POINT('',(43.206293791906,-9.15,6.079083374294));
#549 = VECTOR('',#550,1.);
#550 = DIRECTION('',(0.,-1.,0.));
#551 = ORIENTED_EDGE('',*,*,#552,.T.);
#552 = EDGE_CURVE('',#545,#553,#555,.T.);
#553 = VERTEX_POINT('',#554);
#554 = CARTESIAN_POINT('',(43.066652588844,-9.15,6.101451530391));
#555 = ELLIPSE('',#556,0.141421356237,0.1);
#556 = AXIS2_PLACEMENT_3D('',#557,#558,#559);
#557 = CARTESIAN_POINT('',(43.066652588844,-9.25,6.101451530391));
#558 = DIRECTION('',(0.158166748588,0.,0.987412416187));
#559 = DIRECTION('',(-0.987412416187,0.,0.158166748588));
#560 = ORIENTED_EDGE('',*,*,#561,.F.);
#561 = EDGE_CURVE('',#562,#553,#564,.T.);
#562 = VERTEX_POINT('',#563);
#563 = CARTESIAN_POINT('',(42.515105100575,-9.15,6.189800098306));
#564 = LINE('',#565,#566);
#565 = CARTESIAN_POINT('',(42.515105100575,-9.15,6.189800098306));
#566 = VECTOR('',#567,1.);
#567 = DIRECTION('',(0.987412416187,0.,-0.158166748588));
#568 = ORIENTED_EDGE('',*,*,#569,.T.);
#569 = EDGE_CURVE('',#562,#570,#572,.T.);
#570 = VERTEX_POINT('',#571);
#571 = CARTESIAN_POINT('',(42.515105100575,-6.624999999999,
    6.189800098306));
#572 = LINE('',#573,#574);
#573 = CARTESIAN_POINT('',(42.515105100575,-19.6,6.189800098306));
#574 = VECTOR('',#575,1.);
#575 = DIRECTION('',(0.,1.,0.));
#576 = ORIENTED_EDGE('',*,*,#577,.T.);
#577 = EDGE_CURVE('',#570,#578,#580,.T.);
#578 = VERTEX_POINT('',#579);
#579 = CARTESIAN_POINT('',(43.066652588844,-6.624999999999,
    6.101451530391));
#580 = LINE('',#581,#582);
#581 = CARTESIAN_POINT('',(42.515105100575,-6.624999999999,
    6.189800098306));
#582 = VECTOR('',#583,1.);
#583 = DIRECTION('',(0.987412416187,0.,-0.158166748588));
#584 = ORIENTED_EDGE('',*,*,#585,.T.);
#585 = EDGE_CURVE('',#578,#586,#588,.T.);
#586 = VERTEX_POINT('',#587);
#587 = CARTESIAN_POINT('',(43.206293791906,-6.524999999999,
    6.079083374294));
#588 = ELLIPSE('',#589,0.141421356237,0.1);
#589 = AXIS2_PLACEMENT_3D('',#590,#591,#592);
#590 = CARTESIAN_POINT('',(43.066652588844,-6.524999999999,
    6.101451530391));
#591 = DIRECTION('',(0.158166748588,0.,0.987412416187));
#592 = DIRECTION('',(-0.987412416187,0.,0.158166748588));
#593 = ORIENTED_EDGE('',*,*,#594,.F.);
#594 = EDGE_CURVE('',#595,#586,#597,.T.);
#595 = VERTEX_POINT('',#596);
#596 = CARTESIAN_POINT('',(43.206293791906,-4.224999999999,
    6.079083374294));
#597 = LINE('',#598,#599);
#598 = CARTESIAN_POINT('',(43.206293791906,-4.124999999999,
    6.079083374294));
#599 = VECTOR('',#600,1.);
#600 = DIRECTION('',(0.,-1.,0.));
#601 = ORIENTED_EDGE('',*,*,#602,.T.);
#602 = EDGE_CURVE('',#595,#603,#605,.T.);
#603 = VERTEX_POINT('',#604);
#604 = CARTESIAN_POINT('',(43.066652588844,-4.124999999999,
    6.101451530391));
#605 = ELLIPSE('',#606,0.141421356237,0.1);
#606 = AXIS2_PLACEMENT_3D('',#607,#608,#609);
#607 = CARTESIAN_POINT('',(43.066652588844,-4.224999999999,
    6.101451530391));
#608 = DIRECTION('',(0.158166748588,0.,0.987412416187));
#609 = DIRECTION('',(-0.987412416187,0.,0.158166748588));
#610 = ORIENTED_EDGE('',*,*,#611,.F.);
#611 = EDGE_CURVE('',#612,#603,#614,.T.);
#612 = VERTEX_POINT('',#613);
#613 = CARTESIAN_POINT('',(42.515105100575,-4.124999999999,
    6.189800098306));
#614 = LINE('',#615,#616);
#615 = CARTESIAN_POINT('',(42.515105100575,-4.124999999999,
    6.189800098306));
#616 = VECTOR('',#617,1.);
#617 = DIRECTION('',(0.987412416187,0.,-0.158166748588));
#618 = ORIENTED_EDGE('',*,*,#619,.T.);
#619 = EDGE_CURVE('',#612,#620,#622,.T.);
#620 = VERTEX_POINT('',#621);
#621 = CARTESIAN_POINT('',(42.515105100575,-2.200000000001,
    6.189800098306));
#622 = LINE('',#623,#624);
#623 = CARTESIAN_POINT('',(42.515105100575,-19.6,6.189800098306));
#624 = VECTOR('',#625,1.);
#625 = DIRECTION('',(0.,1.,0.));
#626 = ORIENTED_EDGE('',*,*,#627,.F.);
#627 = EDGE_CURVE('',#628,#620,#630,.T.);
#628 = VERTEX_POINT('',#629);
#629 = CARTESIAN_POINT('',(41.527692684388,-1.200000000001,
    6.347966846894));
#630 = CIRCLE('',#631,1.);
#631 = AXIS2_PLACEMENT_3D('',#632,#633,#634);
#632 = CARTESIAN_POINT('',(41.527692684388,-2.200000000001,
    6.347966846894));
#633 = DIRECTION('',(-0.158166748588,-0.,-0.987412416187));
#634 = DIRECTION('',(0.987412416187,0.,-0.158166748588));
#635 = ORIENTED_EDGE('',*,*,#636,.T.);
#636 = EDGE_CURVE('',#628,#637,#639,.T.);
#637 = VERTEX_POINT('',#638);
#638 = CARTESIAN_POINT('',(10.272386585365,-1.200000000001,
    11.354537617905));
#639 = LINE('',#640,#641);
#640 = CARTESIAN_POINT('',(42.515105100575,-1.200000000001,
    6.189800098306));
#641 = VECTOR('',#642,1.);
#642 = DIRECTION('',(-0.987412416187,0.,0.158166748588));
#643 = ORIENTED_EDGE('',*,*,#644,.F.);
#644 = EDGE_CURVE('',#645,#637,#647,.T.);
#645 = VERTEX_POINT('',#646);
#646 = CARTESIAN_POINT('',(8.974824832375,-2.200000000001,
    11.562385038292));
#647 = ELLIPSE('',#648,1.314103136358,1.);
#648 = AXIS2_PLACEMENT_3D('',#649,#650,#651);
#649 = CARTESIAN_POINT('',(10.272386585365,-2.200000000001,
    11.354537617905));
#650 = DIRECTION('',(-0.158166748588,0.,-0.987412416187));
#651 = DIRECTION('',(-0.987412416187,0.,0.158166748588));
#652 = ORIENTED_EDGE('',*,*,#653,.F.);
#653 = EDGE_CURVE('',#654,#645,#656,.T.);
#654 = VERTEX_POINT('',#655);
#655 = CARTESIAN_POINT('',(8.974824832375,-4.,11.562385038292));
#656 = LINE('',#657,#658);
#657 = CARTESIAN_POINT('',(8.974824832375,-4.,11.562385038292));
#658 = VECTOR('',#659,1.);
#659 = DIRECTION('',(0.,1.,-2.2E-16));
#660 = ORIENTED_EDGE('',*,*,#661,.F.);
#661 = EDGE_CURVE('',#324,#654,#662,.T.);
#662 = LINE('',#663,#664);
#663 = CARTESIAN_POINT('',(-9.9E-16,-4.,13.));
#664 = VECTOR('',#665,1.);
#665 = DIRECTION('',(0.987412416187,0.,-0.158166748588));
#666 = ORIENTED_EDGE('',*,*,#331,.F.);
#667 = ORIENTED_EDGE('',*,*,#48,.T.);
#668 = ORIENTED_EDGE('',*,*,#669,.F.);
#669 = EDGE_CURVE('',#670,#49,#672,.T.);
#670 = VERTEX_POINT('',#671);
#671 = CARTESIAN_POINT('',(8.974824832375,-18.6,11.562385038292));
#672 = LINE('',#673,#674);
#673 = CARTESIAN_POINT('',(8.974824832375,-20.8,11.562385038292));
#674 = VECTOR('',#675,1.);
#675 = DIRECTION('',(0.,1.,-2.2E-16));
#676 = ORIENTED_EDGE('',*,*,#677,.T.);
#677 = EDGE_CURVE('',#670,#451,#678,.T.);
#678 = ELLIPSE('',#679,1.314103136358,1.);
#679 = AXIS2_PLACEMENT_3D('',#680,#681,#682);
#680 = CARTESIAN_POINT('',(10.272386585365,-18.6,11.354537617905));
#681 = DIRECTION('',(0.158166748588,-0.,0.987412416187));
#682 = DIRECTION('',(0.987412416187,0.,-0.158166748588));
#683 = FACE_BOUND('',#684,.T.);
#684 = EDGE_LOOP('',(#685,#695,#703,#711));
#685 = ORIENTED_EDGE('',*,*,#686,.T.);
#686 = EDGE_CURVE('',#687,#689,#691,.T.);
#687 = VERTEX_POINT('',#688);
#688 = CARTESIAN_POINT('',(10.1,-19.1,11.382151029748));
#689 = VERTEX_POINT('',#690);
#690 = CARTESIAN_POINT('',(10.1,-1.7,11.382151029748));
#691 = LINE('',#692,#693);
#692 = CARTESIAN_POINT('',(10.1,-15.6,11.382151029748));
#693 = VECTOR('',#694,1.);
#694 = DIRECTION('',(0.,1.,-2.2E-16));
#695 = ORIENTED_EDGE('',*,*,#696,.T.);
#696 = EDGE_CURVE('',#689,#697,#699,.T.);
#697 = VERTEX_POINT('',#698);
#698 = CARTESIAN_POINT('',(27.5,-1.7,8.594965675057));
#699 = LINE('',#700,#701);
#700 = CARTESIAN_POINT('',(9.51623840424,-1.7,11.475659752181));
#701 = VECTOR('',#702,1.);
#702 = DIRECTION('',(0.987412416187,0.,-0.158166748588));
#703 = ORIENTED_EDGE('',*,*,#704,.T.);
#704 = EDGE_CURVE('',#697,#705,#707,.T.);
#705 = VERTEX_POINT('',#706);
#706 = CARTESIAN_POINT('',(27.5,-19.1,8.594965675057));
#707 = LINE('',#708,#709);
#708 = CARTESIAN_POINT('',(27.5,-15.6,8.594965675057));
#709 = VECTOR('',#710,1.);
#710 = DIRECTION('',(0.,-1.,2.2E-16));
#711 = ORIENTED_EDGE('',*,*,#712,.T.);
#712 = EDGE_CURVE('',#705,#687,#713,.T.);
#713 = LINE('',#714,#715);
#714 = CARTESIAN_POINT('',(9.51623840424,-19.1,11.475659752181));
#715 = VECTOR('',#716,1.);
#716 = DIRECTION('',(-0.987412416187,-5.E-17,0.158166748588));
#717 = FACE_BOUND('',#718,.T.);
#718 = EDGE_LOOP('',(#719));
#719 = ORIENTED_EDGE('',*,*,#720,.F.);
#720 = EDGE_CURVE('',#721,#721,#723,.T.);
#721 = VERTEX_POINT('',#722);
#722 = CARTESIAN_POINT('',(35.016853104047,-4.3,7.390893095462));
#723 = B_SPLINE_CURVE_WITH_KNOTS('',9,(#724,#725,#726,#727,#728,#729,
    #730,#731,#732,#733,#734,#735,#736,#737,#738,#739,#740,#741),
  .UNSPECIFIED.,.T.,.F.,(10,8,10),(-4.6E-15,2.37123675201,4.74247350402)
  ,.UNSPECIFIED.);
#724 = CARTESIAN_POINT('',(35.016853104047,-4.3,7.390893095462));
#725 = CARTESIAN_POINT('',(35.016853104047,-3.954887248166,
    7.390893095462));
#726 = CARTESIAN_POINT('',(34.883274619213,-3.604027849899,
    7.412290106762));
#727 = CARTESIAN_POINT('',(34.608498286472,-3.310560515051,
    7.456304622305));
#728 = CARTESIAN_POINT('',(34.223950033206,-3.150927429394,
    7.517902740675));
#729 = CARTESIAN_POINT('',(33.815241513442,-3.152610068999,
    7.583370924622));
#730 = CARTESIAN_POINT('',(33.435358892291,-3.311750649642,
    7.644221687733));
#731 = CARTESIAN_POINT('',(33.160712968868,-3.59976314244,7.688215313911
    ));
#732 = CARTESIAN_POINT('',(33.023146895953,-3.949821672288,
    7.710251069298));
#733 = CARTESIAN_POINT('',(33.023146895953,-4.650178327712,
    7.710251069298));
#734 = CARTESIAN_POINT('',(33.160712968869,-5.000236857559,
    7.688215313912));
#735 = CARTESIAN_POINT('',(33.435358892292,-5.288249350361,
    7.644221687732));
#736 = CARTESIAN_POINT('',(33.815241513437,-5.447389930997,
    7.583370924623));
#737 = CARTESIAN_POINT('',(34.223950033212,-5.449072570608,
    7.517902740673));
#738 = CARTESIAN_POINT('',(34.608498286468,-5.289439484948,
    7.456304622306));
#739 = CARTESIAN_POINT('',(34.883274619213,-4.995972150101,
    7.412290106761));
#740 = CARTESIAN_POINT('',(35.016853104047,-4.645112751834,
    7.390893095462));
#741 = CARTESIAN_POINT('',(35.016853104047,-4.3,7.390893095462));
#742 = PLANE('',#743);
#743 = AXIS2_PLACEMENT_3D('',#744,#745,#746);
#744 = CARTESIAN_POINT('',(23.271021006671,-10.4,9.272376497787));
#745 = DIRECTION('',(0.158166748588,0.,0.987412416187));
#746 = DIRECTION('',(0.987412416187,0.,-0.158166748588));
#747 = ADVANCED_FACE('',(#748),#767,.F.);
#748 = FACE_BOUND('',#749,.T.);
#749 = EDGE_LOOP('',(#750,#751,#760,#766));
#750 = ORIENTED_EDGE('',*,*,#355,.F.);
#751 = ORIENTED_EDGE('',*,*,#752,.T.);
#752 = EDGE_CURVE('',#356,#753,#755,.T.);
#753 = VERTEX_POINT('',#754);
#754 = CARTESIAN_POINT('',(7.,-20.35,8.828427124746));
#755 = CIRCLE('',#756,2.);
#756 = AXIS2_PLACEMENT_3D('',#757,#758,#759);
#757 = CARTESIAN_POINT('',(5.,-20.35,8.828427124746));
#758 = DIRECTION('',(0.,-1.,0.));
#759 = DIRECTION('',(0.707106781187,0.,-0.707106781187));
#760 = ORIENTED_EDGE('',*,*,#761,.T.);
#761 = EDGE_CURVE('',#753,#74,#762,.T.);
#762 = LINE('',#763,#764);
#763 = CARTESIAN_POINT('',(7.,-20.8,8.828427124746));
#764 = VECTOR('',#765,1.);
#765 = DIRECTION('',(0.,1.,0.));
#766 = ORIENTED_EDGE('',*,*,#81,.F.);
#767 = CYLINDRICAL_SURFACE('',#768,2.);
#768 = AXIS2_PLACEMENT_3D('',#769,#770,#771);
#769 = CARTESIAN_POINT('',(5.,-20.8,8.828427124746));
#770 = DIRECTION('',(0.,1.,0.));
#771 = DIRECTION('',(0.707106781187,0.,-0.707106781187));
#772 = ADVANCED_FACE('',(#773),#807,.T.);
#773 = FACE_BOUND('',#774,.T.);
#774 = EDGE_LOOP('',(#775,#776,#777,#785,#793,#801));
#775 = ORIENTED_EDGE('',*,*,#669,.T.);
#776 = ORIENTED_EDGE('',*,*,#56,.T.);
#777 = ORIENTED_EDGE('',*,*,#778,.F.);
#778 = EDGE_CURVE('',#779,#57,#781,.T.);
#779 = VERTEX_POINT('',#780);
#780 = CARTESIAN_POINT('',(7.70243824701,-19.72238658536,10.477592788721
    ));
#781 = LINE('',#782,#783);
#782 = CARTESIAN_POINT('',(7.70243824701,-20.8,10.477592788721));
#783 = VECTOR('',#784,1.);
#784 = DIRECTION('',(0.,1.,-2.2E-16));
#785 = ORIENTED_EDGE('',*,*,#786,.F.);
#786 = EDGE_CURVE('',#787,#779,#789,.T.);
#787 = VERTEX_POINT('',#788);
#788 = CARTESIAN_POINT('',(7.774824832375,-19.65,10.539307056759));
#789 = LINE('',#790,#791);
#790 = CARTESIAN_POINT('',(12.791432462048,-14.63339237032,
    14.816291063351));
#791 = VECTOR('',#792,1.);
#792 = DIRECTION('',(-0.605575111307,-0.605575111307,-0.516292135453));
#793 = ORIENTED_EDGE('',*,*,#794,.T.);
#794 = EDGE_CURVE('',#787,#795,#797,.T.);
#795 = VERTEX_POINT('',#796);
#796 = CARTESIAN_POINT('',(7.774824832375,-18.6,10.539307056759));
#797 = LINE('',#798,#799);
#798 = CARTESIAN_POINT('',(7.774824832375,-15.6,10.539307056759));
#799 = VECTOR('',#800,1.);
#800 = DIRECTION('',(1.7E-16,1.,-3.E-17));
#801 = ORIENTED_EDGE('',*,*,#802,.T.);
#802 = EDGE_CURVE('',#795,#670,#803,.T.);
#803 = LINE('',#804,#805);
#804 = CARTESIAN_POINT('',(7.774824832375,-18.6,10.539307056759));
#805 = VECTOR('',#806,1.);
#806 = DIRECTION('',(0.760975278373,0.,0.648780876495));
#807 = PLANE('',#808);
#808 = AXIS2_PLACEMENT_3D('',#809,#810,#811);
#809 = CARTESIAN_POINT('',(7.987412416187,-20.8,10.720551786881));
#810 = DIRECTION('',(-0.648780876495,1.3E-16,0.760975278373));
#811 = DIRECTION('',(-2.683516682226E-17,1.,-1.937121313153E-16));
#812 = ADVANCED_FACE('',(#813),#831,.F.);
#813 = FACE_BOUND('',#814,.F.);
#814 = EDGE_LOOP('',(#815,#823,#829,#830));
#815 = ORIENTED_EDGE('',*,*,#816,.F.);
#816 = EDGE_CURVE('',#817,#65,#819,.T.);
#817 = VERTEX_POINT('',#818);
#818 = CARTESIAN_POINT('',(7.,-20.35,8.955642231976));
#819 = LINE('',#820,#821);
#820 = CARTESIAN_POINT('',(7.,-20.8,8.955642231976));
#821 = VECTOR('',#822,1.);
#822 = DIRECTION('',(0.,1.,-2.2E-16));
#823 = ORIENTED_EDGE('',*,*,#824,.F.);
#824 = EDGE_CURVE('',#753,#817,#825,.T.);
#825 = LINE('',#826,#827);
#826 = CARTESIAN_POINT('',(7.,-20.35,8.828427124746));
#827 = VECTOR('',#828,1.);
#828 = DIRECTION('',(0.,0.,1.));
#829 = ORIENTED_EDGE('',*,*,#761,.T.);
#830 = ORIENTED_EDGE('',*,*,#73,.F.);
#831 = PLANE('',#832);
#832 = AXIS2_PLACEMENT_3D('',#833,#834,#835);
#833 = CARTESIAN_POINT('',(7.,-20.8,13.));
#834 = DIRECTION('',(1.,0.,0.));
#835 = DIRECTION('',(0.,1.,0.));
#836 = ADVANCED_FACE('',(#837),#858,.T.);
#837 = FACE_BOUND('',#838,.F.);
#838 = EDGE_LOOP('',(#839,#848,#855,#856,#857));
#839 = ORIENTED_EDGE('',*,*,#840,.T.);
#840 = EDGE_CURVE('',#779,#841,#843,.T.);
#841 = VERTEX_POINT('',#842);
#842 = CARTESIAN_POINT('',(7.245229682745,-20.35,9.915215644321));
#843 = ELLIPSE('',#844,2.828427124746,2.);
#844 = AXIS2_PLACEMENT_3D('',#845,#846,#847);
#845 = CARTESIAN_POINT('',(9.,-21.01994833835,8.955642231976));
#846 = DIRECTION('',(0.111840780485,-0.707106781187,0.698206015314));
#847 = DIRECTION('',(0.111840780485,0.707106781187,0.698206015314));
#848 = ORIENTED_EDGE('',*,*,#849,.F.);
#849 = EDGE_CURVE('',#817,#841,#850,.T.);
#850 = CIRCLE('',#851,2.);
#851 = AXIS2_PLACEMENT_3D('',#852,#853,#854);
#852 = CARTESIAN_POINT('',(9.,-20.35,8.955642231976));
#853 = DIRECTION('',(0.,1.,-0.));
#854 = DIRECTION('',(-1.,0.,0.));
#855 = ORIENTED_EDGE('',*,*,#816,.T.);
#856 = ORIENTED_EDGE('',*,*,#64,.F.);
#857 = ORIENTED_EDGE('',*,*,#778,.F.);
#858 = CYLINDRICAL_SURFACE('',#859,2.);
#859 = AXIS2_PLACEMENT_3D('',#860,#861,#862);
#860 = CARTESIAN_POINT('',(9.,-20.8,8.955642231976));
#861 = DIRECTION('',(0.,1.,-2.2E-16));
#862 = DIRECTION('',(-0.648780876495,1.67414561242E-16,0.760975278373));
#863 = ADVANCED_FACE('',(#864),#883,.F.);
#864 = FACE_BOUND('',#865,.T.);
#865 = EDGE_LOOP('',(#866,#874,#875,#876));
#866 = ORIENTED_EDGE('',*,*,#867,.F.);
#867 = EDGE_CURVE('',#107,#868,#870,.T.);
#868 = VERTEX_POINT('',#869);
#869 = CARTESIAN_POINT('',(4.45,-16.55,9.5));
#870 = LINE('',#871,#872);
#871 = CARTESIAN_POINT('',(4.45,-16.55,9.5));
#872 = VECTOR('',#873,1.);
#873 = DIRECTION('',(-0.707106781187,0.707106781187,0.));
#874 = ORIENTED_EDGE('',*,*,#106,.T.);
#875 = ORIENTED_EDGE('',*,*,#867,.T.);
#876 = ORIENTED_EDGE('',*,*,#877,.F.);
#877 = EDGE_CURVE('',#868,#868,#878,.T.);
#878 = CIRCLE('',#879,0.95);
#879 = AXIS2_PLACEMENT_3D('',#880,#881,#882);
#880 = CARTESIAN_POINT('',(3.5,-16.55,9.5));
#881 = DIRECTION('',(0.,-1.,0.));
#882 = DIRECTION('',(1.,0.,0.));
#883 = CONICAL_SURFACE('',#884,0.95,0.785398163397);
#884 = AXIS2_PLACEMENT_3D('',#885,#886,#887);
#885 = CARTESIAN_POINT('',(3.5,-16.55,9.5));
#886 = DIRECTION('',(-0.,-1.,-0.));
#887 = DIRECTION('',(1.,0.,0.));
#888 = ADVANCED_FACE('',(#889,#943),#954,.F.);
#889 = FACE_BOUND('',#890,.F.);
#890 = EDGE_LOOP('',(#891,#892,#900,#908,#917,#925,#934,#940,#941,#942)
  );
#891 = ORIENTED_EDGE('',*,*,#123,.T.);
#892 = ORIENTED_EDGE('',*,*,#893,.T.);
#893 = EDGE_CURVE('',#126,#894,#896,.T.);
#894 = VERTEX_POINT('',#895);
#895 = CARTESIAN_POINT('',(5.,-4.,6.));
#896 = LINE('',#897,#898);
#897 = CARTESIAN_POINT('',(0.,-4.,6.));
#898 = VECTOR('',#899,1.);
#899 = DIRECTION('',(1.,0.,0.));
#900 = ORIENTED_EDGE('',*,*,#901,.T.);
#901 = EDGE_CURVE('',#894,#902,#904,.T.);
#902 = VERTEX_POINT('',#903);
#903 = CARTESIAN_POINT('',(6.414213562373,-4.,7.414213562373));
#904 = LINE('',#905,#906);
#905 = CARTESIAN_POINT('',(6.,-4.,7.));
#906 = VECTOR('',#907,1.);
#907 = DIRECTION('',(0.707106781187,0.,0.707106781187));
#908 = ORIENTED_EDGE('',*,*,#909,.T.);
#909 = EDGE_CURVE('',#902,#910,#912,.T.);
#910 = VERTEX_POINT('',#911);
#911 = CARTESIAN_POINT('',(7.,-4.,8.828427124746));
#912 = CIRCLE('',#913,2.);
#913 = AXIS2_PLACEMENT_3D('',#914,#915,#916);
#914 = CARTESIAN_POINT('',(5.,-4.,8.828427124746));
#915 = DIRECTION('',(0.,-1.,0.));
#916 = DIRECTION('',(0.,0.,1.));
#917 = ORIENTED_EDGE('',*,*,#918,.F.);
#918 = EDGE_CURVE('',#919,#910,#921,.T.);
#919 = VERTEX_POINT('',#920);
#920 = CARTESIAN_POINT('',(7.,-4.,8.955642231976));
#921 = LINE('',#922,#923);
#922 = CARTESIAN_POINT('',(7.,-4.,13.));
#923 = VECTOR('',#924,1.);
#924 = DIRECTION('',(-0.,-0.,-1.));
#925 = ORIENTED_EDGE('',*,*,#926,.T.);
#926 = EDGE_CURVE('',#919,#927,#929,.T.);
#927 = VERTEX_POINT('',#928);
#928 = CARTESIAN_POINT('',(7.70243824701,-4.,10.477592788721));
#929 = CIRCLE('',#930,2.);
#930 = AXIS2_PLACEMENT_3D('',#931,#932,#933);
#931 = CARTESIAN_POINT('',(9.,-4.,8.955642231976));
#932 = DIRECTION('',(0.,1.,-2.2E-16));
#933 = DIRECTION('',(0.,2.2E-16,1.));
#934 = ORIENTED_EDGE('',*,*,#935,.F.);
#935 = EDGE_CURVE('',#654,#927,#936,.T.);
#936 = LINE('',#937,#938);
#937 = CARTESIAN_POINT('',(6.237412416187,-4.,9.228563063811));
#938 = VECTOR('',#939,1.);
#939 = DIRECTION('',(-0.760975278373,-0.,-0.648780876495));
#940 = ORIENTED_EDGE('',*,*,#661,.F.);
#941 = ORIENTED_EDGE('',*,*,#323,.F.);
#942 = ORIENTED_EDGE('',*,*,#274,.T.);
#943 = FACE_BOUND('',#944,.F.);
#944 = EDGE_LOOP('',(#945));
#945 = ORIENTED_EDGE('',*,*,#946,.F.);
#946 = EDGE_CURVE('',#947,#947,#949,.T.);
#947 = VERTEX_POINT('',#948);
#948 = CARTESIAN_POINT('',(4.7,-4.,9.5));
#949 = CIRCLE('',#950,1.2);
#950 = AXIS2_PLACEMENT_3D('',#951,#952,#953);
#951 = CARTESIAN_POINT('',(3.5,-4.,9.5));
#952 = DIRECTION('',(0.,-1.,0.));
#953 = DIRECTION('',(1.,0.,-3.74E-15));
#954 = PLANE('',#955);
#955 = AXIS2_PLACEMENT_3D('',#956,#957,#958);
#956 = CARTESIAN_POINT('',(0.,-4.,13.));
#957 = DIRECTION('',(0.,-1.,0.));
#958 = DIRECTION('',(1.,0.,0.));
#959 = ADVANCED_FACE('',(#960),#978,.T.);
#960 = FACE_BOUND('',#961,.T.);
#961 = EDGE_LOOP('',(#962,#970,#976,#977));
#962 = ORIENTED_EDGE('',*,*,#963,.T.);
#963 = EDGE_CURVE('',#894,#964,#966,.T.);
#964 = VERTEX_POINT('',#965);
#965 = CARTESIAN_POINT('',(5.,-3.9999,6.));
#966 = LINE('',#967,#968);
#967 = CARTESIAN_POINT('',(5.,-4.,6.));
#968 = VECTOR('',#969,1.);
#969 = DIRECTION('',(0.,1.,0.));
#970 = ORIENTED_EDGE('',*,*,#971,.T.);
#971 = EDGE_CURVE('',#964,#134,#972,.T.);
#972 = LINE('',#973,#974);
#973 = CARTESIAN_POINT('',(5.,-3.9999,6.));
#974 = VECTOR('',#975,1.);
#975 = DIRECTION('',(-1.,0.,0.));
#976 = ORIENTED_EDGE('',*,*,#133,.T.);
#977 = ORIENTED_EDGE('',*,*,#893,.T.);
#978 = PLANE('',#979);
#979 = AXIS2_PLACEMENT_3D('',#980,#981,#982);
#980 = CARTESIAN_POINT('',(3.5,-10.4,6.));
#981 = DIRECTION('',(0.,0.,1.));
#982 = DIRECTION('',(1.,0.,0.));
#983 = ADVANCED_FACE('',(#984),#1025,.T.);
#984 = FACE_BOUND('',#985,.F.);
#985 = EDGE_LOOP('',(#986,#994,#995,#996,#1005));
#986 = ORIENTED_EDGE('',*,*,#987,.F.);
#987 = EDGE_CURVE('',#964,#988,#990,.T.);
#988 = VERTEX_POINT('',#989);
#989 = CARTESIAN_POINT('',(1.465294121193,-0.465194121193,2.465294121193
    ));
#990 = LINE('',#991,#992);
#991 = CARTESIAN_POINT('',(4.6667,-3.6666,5.6667));
#992 = VECTOR('',#993,1.);
#993 = DIRECTION('',(-0.57735026919,0.57735026919,-0.57735026919));
#994 = ORIENTED_EDGE('',*,*,#971,.T.);
#995 = ORIENTED_EDGE('',*,*,#141,.T.);
#996 = ORIENTED_EDGE('',*,*,#997,.T.);
#997 = EDGE_CURVE('',#142,#998,#1000,.T.);
#998 = VERTEX_POINT('',#999);
#999 = CARTESIAN_POINT('',(1.586672205684,-4.317774620608E-02,
    2.043277746206));
#1000 = ELLIPSE('',#1001,2.828427124746,2.);
#1001 = AXIS2_PLACEMENT_3D('',#1002,#1003,#1004);
#1002 = CARTESIAN_POINT('',(2.,-2.,4.0001));
#1003 = DIRECTION('',(-6.E-17,-0.707106781187,-0.707106781187));
#1004 = DIRECTION('',(-6.E-17,-0.707106781187,0.707106781187));
#1005 = ORIENTED_EDGE('',*,*,#1006,.F.);
#1006 = EDGE_CURVE('',#988,#998,#1007,.T.);
#1007 = B_SPLINE_CURVE_WITH_KNOTS('',6,(#1008,#1009,#1010,#1011,#1012,
    #1013,#1014,#1015,#1016,#1017,#1018,#1019,#1020,#1021,#1022,#1023,
    #1024),.UNSPECIFIED.,.F.,.F.,(7,5,5,7),(0.,0.195219525216,
    0.601004421315,1.),.UNSPECIFIED.);
#1008 = CARTESIAN_POINT('',(1.465293909609,-0.465193909609,
    2.465293909609));
#1009 = CARTESIAN_POINT('',(1.448853687248,-0.448753687248,
    2.448853687248));
#1010 = CARTESIAN_POINT('',(1.433534434102,-0.432120411801,
    2.432220411801));
#1011 = CARTESIAN_POINT('',(1.41945115318,-0.415327646405,2.415427646405
    ));
#1012 = CARTESIAN_POINT('',(1.406716785975,-0.398416991902,
    2.398516991902));
#1013 = CARTESIAN_POINT('',(1.395437118177,-0.381438415084,
    2.381538415084));
#1014 = CARTESIAN_POINT('',(1.365477849839,-0.329139518082,
    2.329239518082));
#1015 = CARTESIAN_POINT('',(1.351931540054,-0.29377476928,2.29387476928)
  );
#1016 = CARTESIAN_POINT('',(1.34593018329,-0.258908055633,2.259008055633
    ));
#1017 = CARTESIAN_POINT('',(1.348055694944,-0.22521196149,2.22531196149)
  );
#1018 = CARTESIAN_POINT('',(1.358458813725,-0.193469044506,
    2.193569044506));
#1019 = CARTESIAN_POINT('',(1.394750873897,-0.135831365855,
    2.135931365855));
#1020 = CARTESIAN_POINT('',(1.420387898676,-0.109831718026,
    2.109931718026));
#1021 = CARTESIAN_POINT('',(1.453323382558,-8.710191078841E-02,
    2.087201910788));
#1022 = CARTESIAN_POINT('',(1.492763037363,-6.821809141408E-02,
    2.068318091414));
#1023 = CARTESIAN_POINT('',(1.537613365116,-5.354041097819E-02,
    2.053640410978));
#1024 = CARTESIAN_POINT('',(1.586672205684,-4.317774620608E-02,
    2.043277746206));
#1025 = PLANE('',#1026);
#1026 = AXIS2_PLACEMENT_3D('',#1027,#1028,#1029);
#1027 = CARTESIAN_POINT('',(5.,-1.99995,4.00005));
#1028 = DIRECTION('',(6.E-17,0.707106781187,0.707106781187));
#1029 = DIRECTION('',(1.,-4.242640687119E-17,-4.242640687119E-17));
#1030 = ADVANCED_FACE('',(#1031),#1112,.T.);
#1031 = FACE_BOUND('',#1032,.F.);
#1032 = EDGE_LOOP('',(#1033,#1043,#1103,#1104,#1105));
#1033 = ORIENTED_EDGE('',*,*,#1034,.T.);
#1034 = EDGE_CURVE('',#1035,#1037,#1039,.T.);
#1035 = VERTEX_POINT('',#1036);
#1036 = CARTESIAN_POINT('',(2.,0.,5.E-15));
#1037 = VERTEX_POINT('',#1038);
#1038 = CARTESIAN_POINT('',(2.,-1.E-15,2.363603896932));
#1039 = LINE('',#1040,#1041);
#1040 = CARTESIAN_POINT('',(2.,0.,4.86E-15));
#1041 = VECTOR('',#1042,1.);
#1042 = DIRECTION('',(0.,-4.4E-16,1.));
#1043 = ORIENTED_EDGE('',*,*,#1044,.F.);
#1044 = EDGE_CURVE('',#998,#1037,#1045,.T.);
#1045 = ( BOUNDED_CURVE() B_SPLINE_CURVE(12,(#1046,#1047,#1048,#1049,
    #1050,#1051,#1052,#1053,#1054,#1055,#1056,#1057,#1058,#1059,#1060,
    #1061,#1062,#1063,#1064,#1065,#1066,#1067,#1068,#1069,#1070,#1071,
    #1072,#1073,#1074,#1075,#1076,#1077,#1078,#1079,#1080,#1081,#1082,
    #1083,#1084,#1085,#1086,#1087,#1088,#1089,#1090,#1091,#1092,#1093,
    #1094,#1095,#1096,#1097,#1098,#1099,#1100,#1101,#1102),
.UNSPECIFIED.,.F.,.F.) B_SPLINE_CURVE_WITH_KNOTS((13,11,11,11,11,13),(
    -1.77555511766,-1.553610727952,-1.331666338245,-0.88777755883,0.,
0.730711991371),.UNSPECIFIED.) CURVE() GEOMETRIC_REPRESENTATION_ITEM() 
RATIONAL_B_SPLINE_CURVE((1.,1.,1.000000000001,0.999999999998,
    1.000000000004,0.999999999994,1.000000000006,0.999999999995,
    1.000000000003,0.999999999998,1.000000000001,1.,1.,1.,1.000000000001
    ,0.999999999999,1.000000000002,0.999999999998,1.000000000001,
    0.999999999999,1.,1.,1.,1.,1.,1.000000000001,0.999999999999,
    1.000000000002,0.999999999998,1.000000000002,0.999999999999,
    1.000000000001,1.,1.,1.,1.,0.999999999999,1.000000000001,
    0.999999999999,1.000000000001,0.999999999999,1.,1.,1.,1.,1.,1.,
    1.000000000001,0.999999999999,1.000000000001,0.999999999999,1.,1.,1.
,1.,1.,1.)) REPRESENTATION_ITEM('') );
#1046 = CARTESIAN_POINT('',(-4.4E-16,-2.,0.964746769364));
#1047 = CARTESIAN_POINT('',(-5.66E-15,-1.841241742045,0.944928993008));
#1048 = CARTESIAN_POINT('',(1.364407688546E-02,-1.744229169219,
    0.941974694639));
#1049 = CARTESIAN_POINT('',(2.449635304975E-02,-1.642229474376,
    0.937778356592));
#1050 = CARTESIAN_POINT('',(4.454478789711E-02,-1.581484097851,
    0.94446226663));
#1051 = CARTESIAN_POINT('',(5.634275520308E-02,-1.492955778112,
    0.943649513153));
#1052 = CARTESIAN_POINT('',(7.868737622738E-02,-1.449829451159,
    0.954647233459));
#1053 = CARTESIAN_POINT('',(9.299582855098E-02,-1.379013635252,
    0.958085123033));
#1054 = CARTESIAN_POINT('',(0.113231435197,-1.33486508231,0.968308839504
    ));
#1055 = CARTESIAN_POINT('',(0.130757227262,-1.283359886105,0.97630657395
    ));
#1056 = CARTESIAN_POINT('',(0.149382874491,-1.23919637097,0.985951844088
    ));
#1057 = CARTESIAN_POINT('',(0.167773185876,-1.196975803918,
    0.995810901942));
#1058 = CARTESIAN_POINT('',(0.204529273446,-1.117850450334,
    1.016327348409));
#1059 = CARTESIAN_POINT('',(0.222865166846,-1.080826726395,1.02695288216
    ));
#1060 = CARTESIAN_POINT('',(0.241118052883,-1.046029234348,
    1.037860420043));
#1061 = CARTESIAN_POINT('',(0.259256624266,-1.013197266522,
    1.048980746275));
#1062 = CARTESIAN_POINT('',(0.277257819139,-0.982115403559,
    1.060258640522));
#1063 = CARTESIAN_POINT('',(0.295105516814,-0.952606789428,
    1.071650782737));
#1064 = CARTESIAN_POINT('',(0.312789233527,-0.924526406449,
    1.083123658018));
#1065 = CARTESIAN_POINT('',(0.330302818169,-0.897754350311,
    1.094651461438));
#1066 = CARTESIAN_POINT('',(0.34764314804,-0.872189105089,1.106214002904
    ));
#1067 = CARTESIAN_POINT('',(0.364808824582,-0.847740818268,
    1.117794611994));
#1068 = CARTESIAN_POINT('',(0.381798869131,-0.824324575757,
    1.129378042804));
#1069 = CARTESIAN_POINT('',(0.432236517693,-0.756911879226,
    1.164089050779));
#1070 = CARTESIAN_POINT('',(0.465153883648,-0.715759789497,
    1.187179599222));
#1071 = CARTESIAN_POINT('',(0.497376546259,-0.677847631807,
    1.210137416123));
#1072 = CARTESIAN_POINT('',(0.528929302856,-0.642719946552,1.23290626017
    ));
#1073 = CARTESIAN_POINT('',(0.559846658998,-0.610003525742,
    1.255452395108));
#1074 = CARTESIAN_POINT('',(0.590170769104,-0.579395348296,
    1.277760728084));
#1075 = CARTESIAN_POINT('',(0.619949377098,-0.550650515345,
    1.299830948033));
#1076 = CARTESIAN_POINT('',(0.649233757039,-0.523570185526,
    1.321673664015));
#1077 = CARTESIAN_POINT('',(0.678076653761,-0.497989510283,
    1.343306543597));
#1078 = CARTESIAN_POINT('',(0.70653022351,-0.473765569164,1.364750451199
    ));
#1079 = CARTESIAN_POINT('',(0.734643974579,-0.450765305119,
    1.386025586469));
#1080 = CARTESIAN_POINT('',(0.818100174685,-0.385029769164,
    1.449391694956));
#1081 = CARTESIAN_POINT('',(0.872565187497,-0.345604040345,
    1.491037866472));
#1082 = CARTESIAN_POINT('',(0.926250985307,-0.309700216618,
    1.532276527274));
#1083 = CARTESIAN_POINT('',(0.979523106334,-0.276685541986,
    1.573316460202));
#1084 = CARTESIAN_POINT('',(1.032708775886,-0.246118358688,
    1.614365263114));
#1085 = CARTESIAN_POINT('',(1.08608809697,-0.21770317907,1.655613119764)
  );
#1086 = CARTESIAN_POINT('',(1.139887043738,-0.19125303183,1.6972199193)
  );
#1087 = CARTESIAN_POINT('',(1.194272257763,-0.166659082626,
    1.739305724357));
#1088 = CARTESIAN_POINT('',(1.249347647144,-0.143867529052,
    1.781944587769));
#1089 = CARTESIAN_POINT('',(1.30515278844,-0.12286376998,1.825161717881)
  );
#1090 = CARTESIAN_POINT('',(1.361663131434,-0.103663849272,
    1.868933992484));
#1091 = CARTESIAN_POINT('',(1.465813643869,-7.203217918678E-02,
    1.949623203177));
#1092 = CARTESIAN_POINT('',(1.513255512363,-5.900177903685E-02,
    1.986382985317));
#1093 = CARTESIAN_POINT('',(1.561066484277,-4.723917629695E-02,
    2.023432263068));
#1094 = CARTESIAN_POINT('',(1.60919636344,-3.675901807827E-02,
    2.060731041044));
#1095 = CARTESIAN_POINT('',(1.657595885449,-2.757339570407E-02,
    2.09824023316));
#1096 = CARTESIAN_POINT('',(1.706216717665,-1.96918447253E-02,
    2.135921662644));
#1097 = CARTESIAN_POINT('',(1.755011459215,-1.312134489617E-02,
    2.173738062014));
#1098 = CARTESIAN_POINT('',(1.803933640991,-7.86632020573E-03,
    2.211653073108));
#1099 = CARTESIAN_POINT('',(1.852937725652,-3.928638844019E-03,
    2.249631247054));
#1100 = CARTESIAN_POINT('',(1.90197910762,-1.307613232E-03,
    2.287638044296));
#1101 = CARTESIAN_POINT('',(1.951014113084,4.285E-14,2.325639834572));
#1102 = CARTESIAN_POINT('',(2.,-1.11E-15,2.363603896932));
#1103 = ORIENTED_EDGE('',*,*,#997,.F.);
#1104 = ORIENTED_EDGE('',*,*,#149,.F.);
#1105 = ORIENTED_EDGE('',*,*,#1106,.T.);
#1106 = EDGE_CURVE('',#150,#1035,#1107,.T.);
#1107 = CIRCLE('',#1108,2.);
#1108 = AXIS2_PLACEMENT_3D('',#1109,#1110,#1111);
#1109 = CARTESIAN_POINT('',(2.,-2.,-3.49E-15));
#1110 = DIRECTION('',(0.,4.4E-16,-1.));
#1111 = DIRECTION('',(0.,-1.,-4.4E-16));
#1112 = CYLINDRICAL_SURFACE('',#1113,2.);
#1113 = AXIS2_PLACEMENT_3D('',#1114,#1115,#1116);
#1114 = CARTESIAN_POINT('',(2.,-2.,3.97E-15));
#1115 = DIRECTION('',(0.,-4.4E-16,1.));
#1116 = DIRECTION('',(-1.,0.,0.));
#1117 = ADVANCED_FACE('',(#1118),#1152,.T.);
#1118 = FACE_BOUND('',#1119,.F.);
#1119 = EDGE_LOOP('',(#1120,#1121,#1143,#1150,#1151));
#1120 = ORIENTED_EDGE('',*,*,#345,.T.);
#1121 = ORIENTED_EDGE('',*,*,#1122,.T.);
#1122 = EDGE_CURVE('',#346,#1123,#1125,.T.);
#1123 = VERTEX_POINT('',#1124);
#1124 = CARTESIAN_POINT('',(1.586672205684,-20.75682225379,
    2.043277746206));
#1125 = B_SPLINE_CURVE_WITH_KNOTS('',6,(#1126,#1127,#1128,#1129,#1130,
    #1131,#1132,#1133,#1134,#1135,#1136,#1137,#1138,#1139,#1140,#1141,
    #1142),.UNSPECIFIED.,.F.,.F.,(7,5,5,7),(0.,0.195219525232,
    0.60100442133,1.),.UNSPECIFIED.);
#1126 = CARTESIAN_POINT('',(1.465293909609,-20.33480609039,
    2.465293909609));
#1127 = CARTESIAN_POINT('',(1.448853687246,-20.35124631275,
    2.448853687246));
#1128 = CARTESIAN_POINT('',(1.4335344341,-20.3678795882,2.432220411798)
  );
#1129 = CARTESIAN_POINT('',(1.419451153177,-20.38467235359,
    2.415427646401));
#1130 = CARTESIAN_POINT('',(1.406716785971,-20.4015830081,2.398516991897
    ));
#1131 = CARTESIAN_POINT('',(1.395437118173,-20.41856158492,
    2.381538415077));
#1132 = CARTESIAN_POINT('',(1.365477849836,-20.47086048192,
    2.329239518074));
#1133 = CARTESIAN_POINT('',(1.351931540052,-20.50622523072,
    2.293874769272));
#1134 = CARTESIAN_POINT('',(1.34593018329,-20.54109194437,2.259008055625
    ));
#1135 = CARTESIAN_POINT('',(1.348055694945,-20.57478803851,
    2.225311961482));
#1136 = CARTESIAN_POINT('',(1.358458813728,-20.6065309555,2.193569044499
    ));
#1137 = CARTESIAN_POINT('',(1.394750873902,-20.66416863415,2.13593136585
    ));
#1138 = CARTESIAN_POINT('',(1.420387898681,-20.69016828197,
    2.109931718023));
#1139 = CARTESIAN_POINT('',(1.453323382563,-20.71289808921,
    2.087201910786));
#1140 = CARTESIAN_POINT('',(1.492763037367,-20.73178190858,
    2.068318091413));
#1141 = CARTESIAN_POINT('',(1.537613365118,-20.74645958902,
    2.053640410978));
#1142 = CARTESIAN_POINT('',(1.586672205684,-20.75682225379,
    2.043277746206));
#1143 = ORIENTED_EDGE('',*,*,#1144,.F.);
#1144 = EDGE_CURVE('',#166,#1123,#1145,.T.);
#1145 = ELLIPSE('',#1146,2.828427124746,2.);
#1146 = AXIS2_PLACEMENT_3D('',#1147,#1148,#1149);
#1147 = CARTESIAN_POINT('',(2.,-18.8,4.0001));
#1148 = DIRECTION('',(-3.E-17,-0.707106781187,0.707106781187));
#1149 = DIRECTION('',(3.E-17,0.707106781187,0.707106781187));
#1150 = ORIENTED_EDGE('',*,*,#173,.F.);
#1151 = ORIENTED_EDGE('',*,*,#307,.T.);
#1152 = PLANE('',#1153);
#1153 = AXIS2_PLACEMENT_3D('',#1154,#1155,#1156);
#1154 = CARTESIAN_POINT('',(0.,-18.80005,4.00005));
#1155 = DIRECTION('',(-3.E-17,-0.707106781187,0.707106781187));
#1156 = DIRECTION('',(-1.,2.12132034356E-17,-2.12132034356E-17));
#1157 = ADVANCED_FACE('',(#1158,#1228),#1281,.T.);
#1158 = FACE_BOUND('',#1159,.T.);
#1159 = EDGE_LOOP('',(#1160,#1170,#1179,#1187,#1196,#1204,#1213,#1221));
#1160 = ORIENTED_EDGE('',*,*,#1161,.T.);
#1161 = EDGE_CURVE('',#1162,#1164,#1166,.T.);
#1162 = VERTEX_POINT('',#1163);
#1163 = CARTESIAN_POINT('',(41.500000000004,-0.950000000017,-3.E-15));
#1164 = VERTEX_POINT('',#1165);
#1165 = CARTESIAN_POINT('',(2.2,-0.950000000017,-3.E-15));
#1166 = LINE('',#1167,#1168);
#1167 = CARTESIAN_POINT('',(41.500000000004,-0.950000000017,-3.49E-15));
#1168 = VECTOR('',#1169,1.);
#1169 = DIRECTION('',(-1.,0.,0.));
#1170 = ORIENTED_EDGE('',*,*,#1171,.T.);
#1171 = EDGE_CURVE('',#1164,#1172,#1174,.T.);
#1172 = VERTEX_POINT('',#1173);
#1173 = CARTESIAN_POINT('',(0.95,-2.200000000017,-3.E-15));
#1174 = CIRCLE('',#1175,1.25);
#1175 = AXIS2_PLACEMENT_3D('',#1176,#1177,#1178);
#1176 = CARTESIAN_POINT('',(2.2,-2.200000000017,-3.49E-15));
#1177 = DIRECTION('',(0.,0.,1.));
#1178 = DIRECTION('',(-8.9E-16,1.,0.));
#1179 = ORIENTED_EDGE('',*,*,#1180,.T.);
#1180 = EDGE_CURVE('',#1172,#1181,#1183,.T.);
#1181 = VERTEX_POINT('',#1182);
#1182 = CARTESIAN_POINT('',(0.95,-18.59999999998,-7.E-15));
#1183 = LINE('',#1184,#1185);
#1184 = CARTESIAN_POINT('',(0.95,-2.200000000017,-3.52E-15));
#1185 = VECTOR('',#1186,1.);
#1186 = DIRECTION('',(0.,-1.,-4.4E-16));
#1187 = ORIENTED_EDGE('',*,*,#1188,.T.);
#1188 = EDGE_CURVE('',#1181,#1189,#1191,.T.);
#1189 = VERTEX_POINT('',#1190);
#1190 = CARTESIAN_POINT('',(2.2,-19.84999999998,-3.E-15));
#1191 = CIRCLE('',#1192,1.25);
#1192 = AXIS2_PLACEMENT_3D('',#1193,#1194,#1195);
#1193 = CARTESIAN_POINT('',(2.2,-18.59999999998,-3.49E-15));
#1194 = DIRECTION('',(0.,0.,1.));
#1195 = DIRECTION('',(-1.,0.,0.));
#1196 = ORIENTED_EDGE('',*,*,#1197,.T.);
#1197 = EDGE_CURVE('',#1189,#1198,#1200,.T.);
#1198 = VERTEX_POINT('',#1199);
#1199 = CARTESIAN_POINT('',(41.500000000004,-19.84999999998,-3.E-15));
#1200 = LINE('',#1201,#1202);
#1201 = CARTESIAN_POINT('',(2.2,-19.84999999998,-3.49E-15));
#1202 = VECTOR('',#1203,1.);
#1203 = DIRECTION('',(1.,0.,0.));
#1204 = ORIENTED_EDGE('',*,*,#1205,.T.);
#1205 = EDGE_CURVE('',#1198,#1206,#1208,.T.);
#1206 = VERTEX_POINT('',#1207);
#1207 = CARTESIAN_POINT('',(42.750000000004,-18.59999999998,-3.E-15));
#1208 = CIRCLE('',#1209,1.25);
#1209 = AXIS2_PLACEMENT_3D('',#1210,#1211,#1212);
#1210 = CARTESIAN_POINT('',(41.500000000004,-18.59999999998,-3.49E-15));
#1211 = DIRECTION('',(-0.,0.,1.));
#1212 = DIRECTION('',(0.,-1.,0.));
#1213 = ORIENTED_EDGE('',*,*,#1214,.T.);
#1214 = EDGE_CURVE('',#1206,#1215,#1217,.T.);
#1215 = VERTEX_POINT('',#1216);
#1216 = CARTESIAN_POINT('',(42.750000000004,-2.200000000017,-1.E-15));
#1217 = LINE('',#1218,#1219);
#1218 = CARTESIAN_POINT('',(42.750000000004,-18.59999999998,-3.49E-15));
#1219 = VECTOR('',#1220,1.);
#1220 = DIRECTION('',(0.,1.,4.4E-16));
#1221 = ORIENTED_EDGE('',*,*,#1222,.T.);
#1222 = EDGE_CURVE('',#1215,#1162,#1223,.T.);
#1223 = CIRCLE('',#1224,1.25);
#1224 = AXIS2_PLACEMENT_3D('',#1225,#1226,#1227);
#1225 = CARTESIAN_POINT('',(41.500000000004,-2.200000000017,-3.49E-15));
#1226 = DIRECTION('',(0.,-0.,1.));
#1227 = DIRECTION('',(1.,4.4E-16,0.));
#1228 = FACE_BOUND('',#1229,.T.);
#1229 = EDGE_LOOP('',(#1230,#1238,#1247,#1255,#1264,#1272,#1279,#1280));
#1230 = ORIENTED_EDGE('',*,*,#1231,.F.);
#1231 = EDGE_CURVE('',#1232,#1035,#1234,.T.);
#1232 = VERTEX_POINT('',#1233);
#1233 = CARTESIAN_POINT('',(41.7,1.E-15,4.E-15));
#1234 = LINE('',#1235,#1236);
#1235 = CARTESIAN_POINT('',(26.9,-2.2E-16,4.53E-15));
#1236 = VECTOR('',#1237,1.);
#1237 = DIRECTION('',(-1.,0.,0.));
#1238 = ORIENTED_EDGE('',*,*,#1239,.T.);
#1239 = EDGE_CURVE('',#1232,#1240,#1242,.T.);
#1240 = VERTEX_POINT('',#1241);
#1241 = CARTESIAN_POINT('',(43.7,-2.,0.));
#1242 = CIRCLE('',#1243,2.);
#1243 = AXIS2_PLACEMENT_3D('',#1244,#1245,#1246);
#1244 = CARTESIAN_POINT('',(41.7,-2.,-3.55E-15));
#1245 = DIRECTION('',(0.,4.4E-16,-1.));
#1246 = DIRECTION('',(0.,1.,4.4E-16));
#1247 = ORIENTED_EDGE('',*,*,#1248,.F.);
#1248 = EDGE_CURVE('',#1249,#1240,#1251,.T.);
#1249 = VERTEX_POINT('',#1250);
#1250 = CARTESIAN_POINT('',(43.7,-18.8,0.));
#1251 = LINE('',#1252,#1253);
#1252 = CARTESIAN_POINT('',(43.7,0.,0.));
#1253 = VECTOR('',#1254,1.);
#1254 = DIRECTION('',(0.,1.,0.));
#1255 = ORIENTED_EDGE('',*,*,#1256,.T.);
#1256 = EDGE_CURVE('',#1249,#1257,#1259,.T.);
#1257 = VERTEX_POINT('',#1258);
#1258 = CARTESIAN_POINT('',(41.7,-20.8,-9.E-15));
#1259 = CIRCLE('',#1260,2.);
#1260 = AXIS2_PLACEMENT_3D('',#1261,#1262,#1263);
#1261 = CARTESIAN_POINT('',(41.7,-18.8,-3.49E-15));
#1262 = DIRECTION('',(-0.,-0.,-1.));
#1263 = DIRECTION('',(0.,-1.,0.));
#1264 = ORIENTED_EDGE('',*,*,#1265,.T.);
#1265 = EDGE_CURVE('',#1257,#1266,#1268,.T.);
#1266 = VERTEX_POINT('',#1267);
#1267 = CARTESIAN_POINT('',(2.,-20.8,-9.E-15));
#1268 = LINE('',#1269,#1270);
#1269 = CARTESIAN_POINT('',(43.7,-20.8,-9.24E-15));
#1270 = VECTOR('',#1271,1.);
#1271 = DIRECTION('',(-1.,-0.,-0.));
#1272 = ORIENTED_EDGE('',*,*,#1273,.F.);
#1273 = EDGE_CURVE('',#158,#1266,#1274,.T.);
#1274 = CIRCLE('',#1275,2.);
#1275 = AXIS2_PLACEMENT_3D('',#1276,#1277,#1278);
#1276 = CARTESIAN_POINT('',(2.,-18.8,-3.49E-15));
#1277 = DIRECTION('',(-0.,0.,1.));
#1278 = DIRECTION('',(0.,-1.,0.));
#1279 = ORIENTED_EDGE('',*,*,#157,.T.);
#1280 = ORIENTED_EDGE('',*,*,#1106,.T.);
#1281 = PLANE('',#1282);
#1282 = AXIS2_PLACEMENT_3D('',#1283,#1284,#1285);
#1283 = CARTESIAN_POINT('',(21.85,8.3E-16,-3.49E-15));
#1284 = DIRECTION('',(-0.,-0.,-1.));
#1285 = DIRECTION('',(-1.,0.,0.));
#1286 = ADVANCED_FACE('',(#1287),#1360,.T.);
#1287 = FACE_BOUND('',#1288,.T.);
#1288 = EDGE_LOOP('',(#1289,#1297,#1357,#1358,#1359));
#1289 = ORIENTED_EDGE('',*,*,#1290,.T.);
#1290 = EDGE_CURVE('',#1266,#1291,#1293,.T.);
#1291 = VERTEX_POINT('',#1292);
#1292 = CARTESIAN_POINT('',(2.,-20.8,2.363603896932));
#1293 = LINE('',#1294,#1295);
#1294 = CARTESIAN_POINT('',(2.,-20.8,-8.88E-15));
#1295 = VECTOR('',#1296,1.);
#1296 = DIRECTION('',(0.,0.,1.));
#1297 = ORIENTED_EDGE('',*,*,#1298,.F.);
#1298 = EDGE_CURVE('',#1123,#1291,#1299,.T.);
#1299 = ( BOUNDED_CURVE() B_SPLINE_CURVE(12,(#1300,#1301,#1302,#1303,
    #1304,#1305,#1306,#1307,#1308,#1309,#1310,#1311,#1312,#1313,#1314,
    #1315,#1316,#1317,#1318,#1319,#1320,#1321,#1322,#1323,#1324,#1325,
    #1326,#1327,#1328,#1329,#1330,#1331,#1332,#1333,#1334,#1335,#1336,
    #1337,#1338,#1339,#1340,#1341,#1342,#1343,#1344,#1345,#1346,#1347,
    #1348,#1349,#1350,#1351,#1352,#1353,#1354,#1355,#1356),
.UNSPECIFIED.,.F.,.F.) B_SPLINE_CURVE_WITH_KNOTS((13,11,11,11,11,13),(
    -1.775555117663,-1.553610727955,-1.331666338247,-0.887777558831,0.,
0.730711991371),.UNSPECIFIED.) CURVE() GEOMETRIC_REPRESENTATION_ITEM() 
RATIONAL_B_SPLINE_CURVE((1.,1.,0.999999999999,1.000000000002,
    0.999999999996,1.000000000005,0.999999999994,1.000000000005,
    0.999999999997,1.000000000002,0.999999999999,1.,1.,1.,1.,
    0.999999999999,1.000000000001,0.999999999999,1.000000000001,
    0.999999999999,1.,1.,1.,1.,1.,1.000000000001,0.999999999998,
    1.000000000003,0.999999999996,1.000000000003,0.999999999998,
    1.000000000001,1.,1.,1.,1.,1.000000000001,0.999999999999,
    1.000000000001,0.999999999999,1.000000000001,1.,1.,1.,1.,1.,
    0.999999999999,1.000000000001,0.999999999998,1.000000000003,
    0.999999999997,1.000000000002,0.999999999999,1.000000000001,1.,1.,1.
)) REPRESENTATION_ITEM('') );
#1300 = CARTESIAN_POINT('',(-4.4E-16,-18.8,0.964746769364));
#1301 = CARTESIAN_POINT('',(5.829E-14,-18.95875825795,0.944928993008));
#1302 = CARTESIAN_POINT('',(1.364407688516E-02,-19.05577083078,
    0.941974694639));
#1303 = CARTESIAN_POINT('',(2.44963530502E-02,-19.15777052562,
    0.937778356592));
#1304 = CARTESIAN_POINT('',(4.454478789628E-02,-19.21851590214,
    0.94446226663));
#1305 = CARTESIAN_POINT('',(5.634275520363E-02,-19.30704422188,
    0.943649513153));
#1306 = CARTESIAN_POINT('',(7.868737622672E-02,-19.35017054884,
    0.954647233459));
#1307 = CARTESIAN_POINT('',(9.2995828551E-02,-19.42098636474,
    0.958085123032));
#1308 = CARTESIAN_POINT('',(0.113231435196,-19.46513491769,
    0.968308839504));
#1309 = CARTESIAN_POINT('',(0.130757227262,-19.51664011389,0.97630657395
    ));
#1310 = CARTESIAN_POINT('',(0.149382874491,-19.56080362903,
    0.985951844088));
#1311 = CARTESIAN_POINT('',(0.167773185875,-19.60302419608,
    0.995810901941));
#1312 = CARTESIAN_POINT('',(0.204529273445,-19.68214954966,
    1.016327348409));
#1313 = CARTESIAN_POINT('',(0.222865166846,-19.7191732736,1.026952882159
    ));
#1314 = CARTESIAN_POINT('',(0.241118052883,-19.75397076565,
    1.037860420042));
#1315 = CARTESIAN_POINT('',(0.259256624266,-19.78680273347,
    1.048980746275));
#1316 = CARTESIAN_POINT('',(0.277257819138,-19.81788459644,
    1.060258640522));
#1317 = CARTESIAN_POINT('',(0.295105516814,-19.84739321057,
    1.071650782737));
#1318 = CARTESIAN_POINT('',(0.312789233526,-19.87547359355,
    1.083123658018));
#1319 = CARTESIAN_POINT('',(0.330302818169,-19.90224564968,
    1.094651461437));
#1320 = CARTESIAN_POINT('',(0.347643148039,-19.92781089491,
    1.106214002904));
#1321 = CARTESIAN_POINT('',(0.364808824582,-19.95225918173,
    1.117794611994));
#1322 = CARTESIAN_POINT('',(0.38179886913,-19.97567542424,1.129378042804
    ));
#1323 = CARTESIAN_POINT('',(0.432236517692,-20.04308812077,
    1.164089050779));
#1324 = CARTESIAN_POINT('',(0.465153883648,-20.0842402105,1.187179599221
    ));
#1325 = CARTESIAN_POINT('',(0.497376546258,-20.12215236819,
    1.210137416122));
#1326 = CARTESIAN_POINT('',(0.528929302855,-20.15728005344,1.23290626017
    ));
#1327 = CARTESIAN_POINT('',(0.559846658997,-20.18999647425,
    1.255452395107));
#1328 = CARTESIAN_POINT('',(0.590170769103,-20.2206046517,1.277760728084
    ));
#1329 = CARTESIAN_POINT('',(0.619949377097,-20.24934948465,
    1.299830948032));
#1330 = CARTESIAN_POINT('',(0.649233757038,-20.27642981447,
    1.321673664014));
#1331 = CARTESIAN_POINT('',(0.67807665376,-20.30201048971,1.343306543596
    ));
#1332 = CARTESIAN_POINT('',(0.706530223509,-20.32623443083,
    1.364750451199));
#1333 = CARTESIAN_POINT('',(0.734643974578,-20.34923469488,
    1.386025586468));
#1334 = CARTESIAN_POINT('',(0.818100174684,-20.41497023083,
    1.449391694956));
#1335 = CARTESIAN_POINT('',(0.872565187497,-20.45439595965,
    1.491037866472));
#1336 = CARTESIAN_POINT('',(0.926250985306,-20.49029978338,
    1.532276527274));
#1337 = CARTESIAN_POINT('',(0.979523106334,-20.52331445801,
    1.573316460202));
#1338 = CARTESIAN_POINT('',(1.032708775886,-20.55388164131,
    1.614365263113));
#1339 = CARTESIAN_POINT('',(1.08608809697,-20.58229682093,1.655613119764
    ));
#1340 = CARTESIAN_POINT('',(1.139887043737,-20.60874696816,1.6972199193)
  );
#1341 = CARTESIAN_POINT('',(1.194272257763,-20.63334091737,
    1.739305724357));
#1342 = CARTESIAN_POINT('',(1.249347647144,-20.65613247094,
    1.781944587768));
#1343 = CARTESIAN_POINT('',(1.30515278844,-20.67713623002,1.825161717881
    ));
#1344 = CARTESIAN_POINT('',(1.361663131434,-20.69633615072,
    1.868933992484));
#1345 = CARTESIAN_POINT('',(1.465813643869,-20.72796782081,
    1.949623203177));
#1346 = CARTESIAN_POINT('',(1.513255512363,-20.74099822096,
    1.986382985317));
#1347 = CARTESIAN_POINT('',(1.561066484277,-20.7527608237,2.023432263069
    ));
#1348 = CARTESIAN_POINT('',(1.60919636344,-20.76324098192,2.060731041043
    ));
#1349 = CARTESIAN_POINT('',(1.657595885449,-20.77242660429,
    2.098240233162));
#1350 = CARTESIAN_POINT('',(1.706216717665,-20.78030815527,
    2.135921662642));
#1351 = CARTESIAN_POINT('',(1.755011459215,-20.7868786551,2.173738062015
    ));
#1352 = CARTESIAN_POINT('',(1.803933640991,-20.79213367979,
    2.211653073107));
#1353 = CARTESIAN_POINT('',(1.852937725651,-20.79607136115,
    2.249631247055));
#1354 = CARTESIAN_POINT('',(1.901979107619,-20.79869238676,
    2.287638044295));
#1355 = CARTESIAN_POINT('',(1.951014113084,-20.8,2.325639834572));
#1356 = CARTESIAN_POINT('',(2.,-20.8,2.363603896932));
#1357 = ORIENTED_EDGE('',*,*,#1144,.F.);
#1358 = ORIENTED_EDGE('',*,*,#165,.F.);
#1359 = ORIENTED_EDGE('',*,*,#1273,.T.);
#1360 = CYLINDRICAL_SURFACE('',#1361,2.);
#1361 = AXIS2_PLACEMENT_3D('',#1362,#1363,#1364);
#1362 = CARTESIAN_POINT('',(2.,-18.8,-8.88E-15));
#1363 = DIRECTION('',(0.,0.,1.));
#1364 = DIRECTION('',(-1.,0.,0.));
#1365 = ADVANCED_FACE('',(#1366),#1391,.F.);
#1366 = FACE_BOUND('',#1367,.F.);
#1367 = EDGE_LOOP('',(#1368,#1376,#1377,#1385));
#1368 = ORIENTED_EDGE('',*,*,#1369,.F.);
#1369 = EDGE_CURVE('',#197,#1370,#1372,.T.);
#1370 = VERTEX_POINT('',#1371);
#1371 = CARTESIAN_POINT('',(0.5,-14.4,1.));
#1372 = LINE('',#1373,#1374);
#1373 = CARTESIAN_POINT('',(0.25,-14.4,0.75));
#1374 = VECTOR('',#1375,1.);
#1375 = DIRECTION('',(0.707106781187,-3.1E-16,0.707106781187));
#1376 = ORIENTED_EDGE('',*,*,#196,.T.);
#1377 = ORIENTED_EDGE('',*,*,#1378,.T.);
#1378 = EDGE_CURVE('',#199,#1379,#1381,.T.);
#1379 = VERTEX_POINT('',#1380);
#1380 = CARTESIAN_POINT('',(0.5,-6.4,1.));
#1381 = LINE('',#1382,#1383);
#1382 = CARTESIAN_POINT('',(0.25,-6.4,0.75));
#1383 = VECTOR('',#1384,1.);
#1384 = DIRECTION('',(0.707106781187,-3.1E-16,0.707106781187));
#1385 = ORIENTED_EDGE('',*,*,#1386,.F.);
#1386 = EDGE_CURVE('',#1370,#1379,#1387,.T.);
#1387 = LINE('',#1388,#1389);
#1388 = CARTESIAN_POINT('',(0.5,-14.4,1.));
#1389 = VECTOR('',#1390,1.);
#1390 = DIRECTION('',(0.,1.,4.4E-16));
#1391 = PLANE('',#1392);
#1392 = AXIS2_PLACEMENT_3D('',#1393,#1394,#1395);
#1393 = CARTESIAN_POINT('',(0.25,-14.4,0.75));
#1394 = DIRECTION('',(0.707106781187,3.1E-16,-0.707106781187));
#1395 = DIRECTION('',(7.968978321703E-19,1.,4.392031021678E-16));
#1396 = ADVANCED_FACE('',(#1397),#1416,.F.);
#1397 = FACE_BOUND('',#1398,.F.);
#1398 = EDGE_LOOP('',(#1399,#1407,#1408,#1409));
#1399 = ORIENTED_EDGE('',*,*,#1400,.F.);
#1400 = EDGE_CURVE('',#250,#1401,#1403,.T.);
#1401 = VERTEX_POINT('',#1402);
#1402 = CARTESIAN_POINT('',(0.5,-15.9,2.5));
#1403 = LINE('',#1404,#1405);
#1404 = CARTESIAN_POINT('',(0.25,-16.15,2.5));
#1405 = VECTOR('',#1406,1.);
#1406 = DIRECTION('',(0.707106781187,0.707106781187,-1.48E-15));
#1407 = ORIENTED_EDGE('',*,*,#257,.T.);
#1408 = ORIENTED_EDGE('',*,*,#1369,.T.);
#1409 = ORIENTED_EDGE('',*,*,#1410,.F.);
#1410 = EDGE_CURVE('',#1401,#1370,#1411,.T.);
#1411 = CIRCLE('',#1412,1.5);
#1412 = AXIS2_PLACEMENT_3D('',#1413,#1414,#1415);
#1413 = CARTESIAN_POINT('',(0.5,-14.4,2.5));
#1414 = DIRECTION('',(1.,0.,0.));
#1415 = DIRECTION('',(0.,-1.,4.4E-16));
#1416 = CONICAL_SURFACE('',#1417,1.5,0.785398163397);
#1417 = AXIS2_PLACEMENT_3D('',#1418,#1419,#1420);
#1418 = CARTESIAN_POINT('',(0.5,-14.4,2.5));
#1419 = DIRECTION('',(-1.,-0.,-0.));
#1420 = DIRECTION('',(0.,-1.,4.4E-16));
#1421 = ADVANCED_FACE('',(#1422),#1441,.F.);
#1422 = FACE_BOUND('',#1423,.F.);
#1423 = EDGE_LOOP('',(#1424,#1425,#1426,#1434));
#1424 = ORIENTED_EDGE('',*,*,#1378,.F.);
#1425 = ORIENTED_EDGE('',*,*,#206,.T.);
#1426 = ORIENTED_EDGE('',*,*,#1427,.T.);
#1427 = EDGE_CURVE('',#207,#1428,#1430,.T.);
#1428 = VERTEX_POINT('',#1429);
#1429 = CARTESIAN_POINT('',(0.5,-4.9,2.5));
#1430 = LINE('',#1431,#1432);
#1431 = CARTESIAN_POINT('',(0.5,-4.9,2.5));
#1432 = VECTOR('',#1433,1.);
#1433 = DIRECTION('',(0.707106781187,-0.707106781187,-2.7E-16));
#1434 = ORIENTED_EDGE('',*,*,#1435,.F.);
#1435 = EDGE_CURVE('',#1379,#1428,#1436,.T.);
#1436 = CIRCLE('',#1437,1.5);
#1437 = AXIS2_PLACEMENT_3D('',#1438,#1439,#1440);
#1438 = CARTESIAN_POINT('',(0.5,-6.4,2.5));
#1439 = DIRECTION('',(1.,-0.,0.));
#1440 = DIRECTION('',(0.,4.4E-16,-1.));
#1441 = CONICAL_SURFACE('',#1442,1.5,0.785398163397);
#1442 = AXIS2_PLACEMENT_3D('',#1443,#1444,#1445);
#1443 = CARTESIAN_POINT('',(0.5,-6.4,2.5));
#1444 = DIRECTION('',(-1.,-0.,-0.));
#1445 = DIRECTION('',(0.,4.4E-16,-1.));
#1446 = ADVANCED_FACE('',(#1447),#1465,.F.);
#1447 = FACE_BOUND('',#1448,.F.);
#1448 = EDGE_LOOP('',(#1449,#1457,#1458,#1459));
#1449 = ORIENTED_EDGE('',*,*,#1450,.F.);
#1450 = EDGE_CURVE('',#241,#1451,#1453,.T.);
#1451 = VERTEX_POINT('',#1452);
#1452 = CARTESIAN_POINT('',(0.5,-15.9,3.));
#1453 = LINE('',#1454,#1455);
#1454 = CARTESIAN_POINT('',(0.5,-15.9,3.));
#1455 = VECTOR('',#1456,1.);
#1456 = DIRECTION('',(0.707106781187,0.707106781187,2.7E-16));
#1457 = ORIENTED_EDGE('',*,*,#249,.T.);
#1458 = ORIENTED_EDGE('',*,*,#1400,.T.);
#1459 = ORIENTED_EDGE('',*,*,#1460,.F.);
#1460 = EDGE_CURVE('',#1451,#1401,#1461,.T.);
#1461 = LINE('',#1462,#1463);
#1462 = CARTESIAN_POINT('',(0.5,-15.9,3.));
#1463 = VECTOR('',#1464,1.);
#1464 = DIRECTION('',(-0.,-2.09E-15,-1.));
#1465 = PLANE('',#1466);
#1466 = AXIS2_PLACEMENT_3D('',#1467,#1468,#1469);
#1467 = CARTESIAN_POINT('',(0.25,-16.15,3.));
#1468 = DIRECTION('',(0.707106781187,-0.707106781187,1.9E-16));
#1469 = DIRECTION('',(-9.106497115746E-16,-1.179350288425E-15,-1.));
#1470 = ADVANCED_FACE('',(#1471),#1489,.F.);
#1471 = FACE_BOUND('',#1472,.F.);
#1472 = EDGE_LOOP('',(#1473,#1474,#1475,#1483));
#1473 = ORIENTED_EDGE('',*,*,#1427,.F.);
#1474 = ORIENTED_EDGE('',*,*,#215,.T.);
#1475 = ORIENTED_EDGE('',*,*,#1476,.T.);
#1476 = EDGE_CURVE('',#216,#1477,#1479,.T.);
#1477 = VERTEX_POINT('',#1478);
#1478 = CARTESIAN_POINT('',(0.5,-4.9,3.));
#1479 = LINE('',#1480,#1481);
#1480 = CARTESIAN_POINT('',(0.25,-4.65,3.));
#1481 = VECTOR('',#1482,1.);
#1482 = DIRECTION('',(0.707106781187,-0.707106781187,-1.3E-16));
#1483 = ORIENTED_EDGE('',*,*,#1484,.F.);
#1484 = EDGE_CURVE('',#1428,#1477,#1485,.T.);
#1485 = LINE('',#1486,#1487);
#1486 = CARTESIAN_POINT('',(0.5,-4.9,2.5));
#1487 = VECTOR('',#1488,1.);
#1488 = DIRECTION('',(0.,-1.9E-16,1.));
#1489 = PLANE('',#1490);
#1490 = AXIS2_PLACEMENT_3D('',#1491,#1492,#1493);
#1491 = CARTESIAN_POINT('',(0.25,-4.65,2.5));
#1492 = DIRECTION('',(0.707106781187,0.707106781187,3.1E-16));
#1493 = DIRECTION('',(-1.242031021678E-16,-3.142031021678E-16,1.));
#1494 = ADVANCED_FACE('',(#1495),#1514,.F.);
#1495 = FACE_BOUND('',#1496,.F.);
#1496 = EDGE_LOOP('',(#1497,#1505,#1506,#1507));
#1497 = ORIENTED_EDGE('',*,*,#1498,.F.);
#1498 = EDGE_CURVE('',#233,#1499,#1501,.T.);
#1499 = VERTEX_POINT('',#1500);
#1500 = CARTESIAN_POINT('',(0.5,-14.4,4.5));
#1501 = LINE('',#1502,#1503);
#1502 = CARTESIAN_POINT('',(0.25,-14.4,4.75));
#1503 = VECTOR('',#1504,1.);
#1504 = DIRECTION('',(0.707106781187,3.1E-16,-0.707106781187));
#1505 = ORIENTED_EDGE('',*,*,#240,.T.);
#1506 = ORIENTED_EDGE('',*,*,#1450,.T.);
#1507 = ORIENTED_EDGE('',*,*,#1508,.F.);
#1508 = EDGE_CURVE('',#1499,#1451,#1509,.T.);
#1509 = CIRCLE('',#1510,1.5);
#1510 = AXIS2_PLACEMENT_3D('',#1511,#1512,#1513);
#1511 = CARTESIAN_POINT('',(0.5,-14.4,3.));
#1512 = DIRECTION('',(1.,0.,0.));
#1513 = DIRECTION('',(0.,-4.4E-16,1.));
#1514 = CONICAL_SURFACE('',#1515,1.5,0.785398163397);
#1515 = AXIS2_PLACEMENT_3D('',#1516,#1517,#1518);
#1516 = CARTESIAN_POINT('',(0.5,-14.4,3.));
#1517 = DIRECTION('',(-1.,-0.,-0.));
#1518 = DIRECTION('',(0.,-4.4E-16,1.));
#1519 = ADVANCED_FACE('',(#1520),#1539,.F.);
#1520 = FACE_BOUND('',#1521,.F.);
#1521 = EDGE_LOOP('',(#1522,#1523,#1524,#1532));
#1522 = ORIENTED_EDGE('',*,*,#1476,.F.);
#1523 = ORIENTED_EDGE('',*,*,#223,.T.);
#1524 = ORIENTED_EDGE('',*,*,#1525,.T.);
#1525 = EDGE_CURVE('',#224,#1526,#1528,.T.);
#1526 = VERTEX_POINT('',#1527);
#1527 = CARTESIAN_POINT('',(0.5,-6.4,4.5));
#1528 = LINE('',#1529,#1530);
#1529 = CARTESIAN_POINT('',(0.5,-6.4,4.5));
#1530 = VECTOR('',#1531,1.);
#1531 = DIRECTION('',(0.707106781187,2.7E-16,-0.707106781187));
#1532 = ORIENTED_EDGE('',*,*,#1533,.F.);
#1533 = EDGE_CURVE('',#1477,#1526,#1534,.T.);
#1534 = CIRCLE('',#1535,1.5);
#1535 = AXIS2_PLACEMENT_3D('',#1536,#1537,#1538);
#1536 = CARTESIAN_POINT('',(0.5,-6.4,3.));
#1537 = DIRECTION('',(1.,0.,-0.));
#1538 = DIRECTION('',(0.,1.,4.4E-16));
#1539 = CONICAL_SURFACE('',#1540,1.5,0.785398163397);
#1540 = AXIS2_PLACEMENT_3D('',#1541,#1542,#1543);
#1541 = CARTESIAN_POINT('',(0.5,-6.4,3.));
#1542 = DIRECTION('',(-1.,-0.,-0.));
#1543 = DIRECTION('',(0.,1.,4.4E-16));
#1544 = ADVANCED_FACE('',(#1545),#1556,.F.);
#1545 = FACE_BOUND('',#1546,.F.);
#1546 = EDGE_LOOP('',(#1547,#1548,#1549,#1550));
#1547 = ORIENTED_EDGE('',*,*,#1525,.F.);
#1548 = ORIENTED_EDGE('',*,*,#232,.T.);
#1549 = ORIENTED_EDGE('',*,*,#1498,.T.);
#1550 = ORIENTED_EDGE('',*,*,#1551,.F.);
#1551 = EDGE_CURVE('',#1526,#1499,#1552,.T.);
#1552 = LINE('',#1553,#1554);
#1553 = CARTESIAN_POINT('',(0.5,-6.4,4.5));
#1554 = VECTOR('',#1555,1.);
#1555 = DIRECTION('',(-0.,-1.,-4.4E-16));
#1556 = PLANE('',#1557);
#1557 = AXIS2_PLACEMENT_3D('',#1558,#1559,#1560);
#1558 = CARTESIAN_POINT('',(0.25,-6.4,4.75));
#1559 = DIRECTION('',(0.707106781187,-3.1E-16,0.707106781187));
#1560 = DIRECTION('',(7.968978321703E-19,-1.,-4.392031021678E-16));
#1561 = ADVANCED_FACE('',(#1562),#1573,.T.);
#1562 = FACE_BOUND('',#1563,.T.);
#1563 = EDGE_LOOP('',(#1564,#1565,#1566,#1572));
#1564 = ORIENTED_EDGE('',*,*,#1122,.T.);
#1565 = ORIENTED_EDGE('',*,*,#1298,.T.);
#1566 = ORIENTED_EDGE('',*,*,#1567,.F.);
#1567 = EDGE_CURVE('',#364,#1291,#1568,.T.);
#1568 = ( BOUNDED_CURVE() B_SPLINE_CURVE(2,(#1569,#1570,#1571),
.UNSPECIFIED.,.F.,.F.) B_SPLINE_CURVE_WITH_KNOTS((3,3),(0.,
2.506267109034),.PIECEWISE_BEZIER_KNOTS.) CURVE() 
GEOMETRIC_REPRESENTATION_ITEM() RATIONAL_B_SPLINE_CURVE((1.,
0.707106781187,1.)) REPRESENTATION_ITEM('') );
#1569 = CARTESIAN_POINT('',(1.681801948466,-20.35,2.681801948466));
#1570 = CARTESIAN_POINT('',(1.681801948466,-20.8,2.681801948466));
#1571 = CARTESIAN_POINT('',(2.,-20.8,2.363603896932));
#1572 = ORIENTED_EDGE('',*,*,#371,.F.);
#1573 = ( BOUNDED_SURFACE() B_SPLINE_SURFACE(2,12,(
    (#1574,#1575,#1576,#1577,#1578,#1579,#1580,#1581,#1582,#1583,#1584
      ,#1585,#1586,#1587,#1588,#1589,#1590,#1591,#1592,#1593,#1594,#1595
      ,#1596,#1597,#1598,#1599,#1600,#1601,#1602,#1603,#1604,#1605,#1606
      ,#1607,#1608,#1609,#1610,#1611,#1612,#1613,#1614,#1615,#1616,#1617
      ,#1618,#1619,#1620,#1621,#1622,#1623,#1624,#1625,#1626,#1627,#1628
      ,#1629,#1630)
    ,(#1631,#1632,#1633,#1634,#1635,#1636,#1637,#1638,#1639,#1640,#1641
      ,#1642,#1643,#1644,#1645,#1646,#1647,#1648,#1649,#1650,#1651,#1652
      ,#1653,#1654,#1655,#1656,#1657,#1658,#1659,#1660,#1661,#1662,#1663
      ,#1664,#1665,#1666,#1667,#1668,#1669,#1670,#1671,#1672,#1673,#1674
      ,#1675,#1676,#1677,#1678,#1679,#1680,#1681,#1682,#1683,#1684,#1685
      ,#1686,#1687)
    ,(#1688,#1689,#1690,#1691,#1692,#1693,#1694,#1695,#1696,#1697,#1698
      ,#1699,#1700,#1701,#1702,#1703,#1704,#1705,#1706,#1707,#1708,#1709
      ,#1710,#1711,#1712,#1713,#1714,#1715,#1716,#1717,#1718,#1719,#1720
      ,#1721,#1722,#1723,#1724,#1725,#1726,#1727,#1728,#1729,#1730,#1731
      ,#1732,#1733,#1734,#1735,#1736,#1737,#1738,#1739,#1740,#1741,#1742
      ,#1743,#1744
)),.UNSPECIFIED.,.F.,.F.,.F.) B_SPLINE_SURFACE_WITH_KNOTS((3,3),(13,11,
    11,11,11,13),(0.,2.506267109034),(-1.775555117663,-1.553610727955,
    -1.331666338247,-0.887777558831,0.,0.730711991371),.UNSPECIFIED.) 
GEOMETRIC_REPRESENTATION_ITEM() RATIONAL_B_SPLINE_SURFACE((
    (1.,1.,0.999999999999,1.000000000002,0.999999999996,1.000000000005
      ,0.999999999994,1.000000000005,0.999999999997,1.000000000002
      ,0.999999999999,1.,1.,1.,1.,0.999999999999,1.000000000001
      ,0.999999999999,1.000000000001,0.999999999999,1.,1.,1.,1.,1.
      ,1.000000000001,0.999999999998,1.000000000003,0.999999999996
      ,1.000000000003,0.999999999998,1.000000000001,1.,1.,1.,1.
      ,1.000000000001,0.999999999999,1.000000000001,0.999999999999
      ,1.000000000001,1.,1.,1.,1.,1.,0.999999999999,1.000000000001
      ,0.999999999998,1.000000000003,0.999999999997,1.000000000002
      ,0.999999999999,1.000000000001,1.,1.,1.)
    ,(0.986053977314,0.978158711959,0.971477102542,0.965378596071
      ,0.959920263405,0.954746819481,0.95005763486,0.945550193127
      ,0.941373525271,0.937383666424,0.933606006528,0.930002968454
      ,0.923117790036,0.919834903391,0.916694898265,0.913683391221
      ,0.910788142154,0.907998759998,0.905306408466,0.902703511744
      ,0.900183460232,0.897740316249,0.895368519758,0.888450742737
      ,0.884102367106,0.879979910501,0.876051279139,0.872289173492
      ,0.868670419548,0.865175300226,0.861786886578,0.858490369231
      ,0.855272389604,0.852120371299,0.842824811555,0.836844406648
      ,0.83099207558,0.825197531361,0.819405316776,0.81357199808
      ,0.807663996659,0.801656058717,0.795530362934,0.789276266134
      ,0.782890686939,0.771019592743,0.765574309503,0.76004623909
      ,0.754438443826,0.748754087007,0.74299643285,0.737168846563
      ,0.731274794265,0.725317843064,0.719301660992,0.713230017051
      ,0.707106781187)
    ,(1.,1.,0.999999999999,1.000000000002,0.999999999996,1.000000000005
      ,0.999999999994,1.000000000005,0.999999999997,1.000000000002
      ,0.999999999999,1.,1.,1.,1.,0.999999999999,1.000000000001
      ,0.999999999999,1.000000000001,0.999999999999,1.,1.,1.,1.,1.
      ,1.000000000001,0.999999999998,1.000000000003,0.999999999996
      ,1.000000000003,0.999999999998,1.000000000001,1.,1.,1.,1.
      ,1.000000000001,0.999999999999,1.000000000001,0.999999999999
      ,1.000000000001,1.,1.,1.,1.,1.,0.999999999999,1.000000000001
      ,0.999999999998,1.000000000003,0.999999999997,1.000000000002
,0.999999999999,1.000000000001,1.,1.,1.
))) REPRESENTATION_ITEM('') SURFACE() );
#1574 = CARTESIAN_POINT('',(1.866030491753E-02,-18.66150760922,
    1.018660304918));
#1575 = CARTESIAN_POINT('',(1.87720525658E-02,-18.78250623687,
    1.018772052566));
#1576 = CARTESIAN_POINT('',(2.931626948715E-02,-18.86044271904,
    1.029316269487));
#1577 = CARTESIAN_POINT('',(3.84280120314E-02,-18.9411871247,
    1.038428012031));
#1578 = CARTESIAN_POINT('',(5.438354823911E-02,-18.99301696941,
    1.05438354824));
#1579 = CARTESIAN_POINT('',(6.486185211278E-02,-19.06344260358,
    1.064861852112));
#1580 = CARTESIAN_POINT('',(8.29580452424E-02,-19.10218296407,
    1.082958045243));
#1581 = CARTESIAN_POINT('',(9.561746146982E-02,-19.1595395717,
    1.095617461469));
#1582 = CARTESIAN_POINT('',(0.112571274937,-19.19816138022,
    1.112571274938));
#1583 = CARTESIAN_POINT('',(0.127747515346,-19.24147756234,
    1.127747515346));
#1584 = CARTESIAN_POINT('',(0.143786302536,-19.27940398358,
    1.143786302536));
#1585 = CARTESIAN_POINT('',(0.159733776557,-19.31567648312,
    1.159733776557));
#1586 = CARTESIAN_POINT('',(0.191724694209,-19.38397056446,
    1.191724694209));
#1587 = CARTESIAN_POINT('',(0.207746869555,-19.41607409548,
    1.207746869555));
#1588 = CARTESIAN_POINT('',(0.223751272067,-19.4463691435,1.223751272067
    ));
#1589 = CARTESIAN_POINT('',(0.239702583153,-19.47505294059,
    1.239702583153));
#1590 = CARTESIAN_POINT('',(0.255573448045,-19.50228973739,
    1.255573448045));
#1591 = CARTESIAN_POINT('',(0.271343268891,-19.52821561626,
    1.271343268891));
#1592 = CARTESIAN_POINT('',(0.28699699781,-19.55294330437,1.28699699781)
  );
#1593 = CARTESIAN_POINT('',(0.30252392999,-19.5765669869,1.30252392999)
  );
#1594 = CARTESIAN_POINT('',(0.317916496742,-19.59916712008,
    1.317916496742));
#1595 = CARTESIAN_POINT('',(0.333169058592,-19.62081524443,
    1.333169058592));
#1596 = CARTESIAN_POINT('',(0.348276698344,-19.64157879779,
    1.348276698344));
#1597 = CARTESIAN_POINT('',(0.393148645799,-19.70142019001,
    1.393148645799));
#1598 = CARTESIAN_POINT('',(0.422463515802,-19.7380437393,1.422463515802
    ));
#1599 = CARTESIAN_POINT('',(0.451161137585,-19.77183881463,
    1.451161137585));
#1600 = CARTESIAN_POINT('',(0.479238307914,-19.80317403651,
    1.479238307914));
#1601 = CARTESIAN_POINT('',(0.506704040193,-19.83235380543,
    1.506704040193));
#1602 = CARTESIAN_POINT('',(0.533577497746,-19.85962769943,
    1.533577497747));
#1603 = CARTESIAN_POINT('',(0.559885927106,-19.88519987175,
    1.559885927106));
#1604 = CARTESIAN_POINT('',(0.585662591292,-19.90923844844,
    1.585662591292));
#1605 = CARTESIAN_POINT('',(0.6109447031,-19.93188492599,1.6109447031));
#1606 = CARTESIAN_POINT('',(0.635771358385,-19.95326356896,
    1.635771358385));
#1607 = CARTESIAN_POINT('',(0.660181469344,-19.97349080761,
    1.660181469344));
#1608 = CARTESIAN_POINT('',(0.732272154718,-20.03107229124,
    1.732272154718));
#1609 = CARTESIAN_POINT('',(0.778822850846,-20.06529392308,
    1.778822850846));
#1610 = CARTESIAN_POINT('',(0.824184900016,-20.09613153595,
    1.824184900016));
#1611 = CARTESIAN_POINT('',(0.868700067247,-20.12418565883,
    1.868700067248));
#1612 = CARTESIAN_POINT('',(0.912704770001,-20.1499047936,1.91270477));
#1613 = CARTESIAN_POINT('',(0.956507952089,-20.17361204981,1.95650795209
    ));
#1614 = CARTESIAN_POINT('',(1.000372830251,-20.19552896532,
    2.000372830251));
#1615 = CARTESIAN_POINT('',(1.044502513383,-20.21579651309,
    2.044502513384));
#1616 = CARTESIAN_POINT('',(1.089029494434,-20.2344932937,2.089029494434
    ));
#1617 = CARTESIAN_POINT('',(1.134009014961,-20.25165091404,
    2.134009014961));
#1618 = CARTESIAN_POINT('',(1.179416302342,-20.2672665518,2.179416302342
    ));
#1619 = CARTESIAN_POINT('',(1.262788263667,-20.29287381519,
    2.262788263667));
#1620 = CARTESIAN_POINT('',(1.300650107509,-20.30337301113,
    2.300650107509));
#1621 = CARTESIAN_POINT('',(1.338686090952,-20.31280448379,
    2.338686090951));
#1622 = CARTESIAN_POINT('',(1.376850569647,-20.32116508671,
    2.376850569648));
#1623 = CARTESIAN_POINT('',(1.415099375135,-20.328454337,2.415099375135)
  );
#1624 = CARTESIAN_POINT('',(1.453389814835,-20.3346744153,2.453389814835
    ));
#1625 = CARTESIAN_POINT('',(1.491680672052,-20.33983016587,
    2.491680672052));
#1626 = CARTESIAN_POINT('',(1.529932205976,-20.34392909648,
    2.529932205976));
#1627 = CARTESIAN_POINT('',(1.56810615168,-20.3469813785,2.56810615168)
  );
#1628 = CARTESIAN_POINT('',(1.606165720121,-20.34899984685,
    2.606165720121));
#1629 = CARTESIAN_POINT('',(1.644075598142,-20.35,2.644075598142));
#1630 = CARTESIAN_POINT('',(1.681801948466,-20.35,2.681801948466));
#1631 = CARTESIAN_POINT('',(-4.4E-16,-18.73272639064,1.));
#1632 = CARTESIAN_POINT('',(-5.383223609309E-03,-18.8754257257,
    0.994616776391));
#1633 = CARTESIAN_POINT('',(2.214480555797E-03,-18.96466352255,
    1.002214480556));
#1634 = CARTESIAN_POINT('',(7.86773044129E-03,-19.05846566027,
    1.007867730441));
#1635 = CARTESIAN_POINT('',(2.220980872991E-02,-19.11595747758,
    1.022209808731));
#1636 = CARTESIAN_POINT('',(2.947589581308E-02,-19.19816682796,
    1.029475895811));
#1637 = CARTESIAN_POINT('',(4.657063690165E-02,-19.2399385367,
    1.046570636904));
#1638 = CARTESIAN_POINT('',(5.662609813147E-02,-19.30653033258,
    1.05662609813));
#1639 = CARTESIAN_POINT('',(7.229647105471E-02,-19.3491545674,
    1.072296471055));
#1640 = CARTESIAN_POINT('',(8.568137603564E-02,-19.39842788604,
    1.085681376036));
#1641 = CARTESIAN_POINT('',(0.100243334504,-19.44104997451,
    1.100243334504));
#1642 = CARTESIAN_POINT('',(0.114739278951,-19.48190400418,
    1.114739278951));
#1643 = CARTESIAN_POINT('',(0.144087702164,-19.5590413246,1.144087702164
    ));
#1644 = CARTESIAN_POINT('',(0.158904313771,-19.59537461312,1.15890431377
    ));
#1645 = CARTESIAN_POINT('',(0.173756616623,-19.62961653688,
    1.173756616624));
#1646 = CARTESIAN_POINT('',(0.188603227715,-19.66200811101,
    1.188603227714));
#1647 = CARTESIAN_POINT('',(0.203412176134,-19.69274918667,
    1.203412176135));
#1648 = CARTESIAN_POINT('',(0.218159480156,-19.72200396789,
    1.218159480155));
#1649 = CARTESIAN_POINT('',(0.232827703739,-19.74990686488,1.23282770374
    ));
#1650 = CARTESIAN_POINT('',(0.24740449994,-19.7765686409,1.247404499939)
  );
#1651 = CARTESIAN_POINT('',(0.261881147074,-19.80208281761,
    1.261881147075));
#1652 = CARTESIAN_POINT('',(0.276251081906,-19.82653231048,
    1.276251081906));
#1653 = CARTESIAN_POINT('',(0.290508433271,-19.84999627017,
    1.290508433271));
#1654 = CARTESIAN_POINT('',(0.333142977793,-19.91803012227,
    1.333142977793));
#1655 = CARTESIAN_POINT('',(0.361134508214,-19.95979034561,
    1.361134508214));
#1656 = CARTESIAN_POINT('',(0.388604556671,-19.9983716652,1.388604556671
    ));
#1657 = CARTESIAN_POINT('',(0.415551938514,-20.03422037175,
    1.415551938515));
#1658 = CARTESIAN_POINT('',(0.441988277937,-20.06770393354,
    1.441988277936));
#1659 = CARTESIAN_POINT('',(0.467935463825,-20.09912096389,
    1.467935463826));
#1660 = CARTESIAN_POINT('',(0.493423177034,-20.12871218685,
    1.493423177033));
#1661 = CARTESIAN_POINT('',(0.518486498045,-20.15667224597,
    1.518486498046));
#1662 = CARTESIAN_POINT('',(0.543163599451,-20.18316223634,
    1.543163599451));
#1663 = CARTESIAN_POINT('',(0.567493524604,-20.20832286779,
    1.567493524604));
#1664 = CARTESIAN_POINT('',(0.591514052248,-20.23228818971,
    1.591514052248));
#1665 = CARTESIAN_POINT('',(0.66327461651,-20.30152848638,1.66327461651)
  );
#1666 = CARTESIAN_POINT('',(0.710145527289,-20.34346670792,
    1.710145527289));
#1667 = CARTESIAN_POINT('',(0.75621361941,-20.38195609952,1.75621361941)
  );
#1668 = CARTESIAN_POINT('',(0.8018115146,-20.4176918184,1.8018115146));
#1669 = CARTESIAN_POINT('',(0.847245207417,-20.45117095916,
    1.847245207417));
#1670 = CARTESIAN_POINT('',(0.892780204592,-20.48273667995,
    1.892780204592));
#1671 = CARTESIAN_POINT('',(0.9386315007,-20.51261667731,1.9386315007));
#1672 = CARTESIAN_POINT('',(0.9849571116,-20.54095498537,1.9849571116));
#1673 = CARTESIAN_POINT('',(1.031854924731,-20.56783629557,
    2.031854924731));
#1674 = CARTESIAN_POINT('',(1.079362660694,-20.59330210893,
    2.079362660694));
#1675 = CARTESIAN_POINT('',(1.12746077189,-20.61735808096,2.12746077189)
  );
#1676 = CARTESIAN_POINT('',(1.21671022457,-20.65887149843,2.21671022457)
  );
#1677 = CARTESIAN_POINT('',(1.25773500784,-20.67677851832,2.25773500784)
  );
#1678 = CARTESIAN_POINT('',(1.299112010205,-20.69368430685,
    2.299112010205));
#1679 = CARTESIAN_POINT('',(1.340803019032,-20.70958138392,
    2.340803019032));
#1680 = CARTESIAN_POINT('',(1.382772082726,-20.7244635287,2.382772082726
    ));
#1681 = CARTESIAN_POINT('',(1.424985517297,-20.73832585282,
    2.424985517297));
#1682 = CARTESIAN_POINT('',(1.467411919211,-20.75116488162,
    2.467411919211));
#1683 = CARTESIAN_POINT('',(1.510022184731,-20.76297864381,2.51002218473
    ));
#1684 = CARTESIAN_POINT('',(1.552789535886,-20.77376677,2.552789535886)
  );
#1685 = CARTESIAN_POINT('',(1.5956895533,-20.7835306005,2.5956895533));
#1686 = CARTESIAN_POINT('',(1.638700216005,-20.79227330293,
    2.638700216005));
#1687 = CARTESIAN_POINT('',(1.681801948466,-20.8,2.681801948466));
#1688 = CARTESIAN_POINT('',(-4.4E-16,-18.8,0.964746769364));
#1689 = CARTESIAN_POINT('',(5.829E-14,-18.95875825795,0.944928993008));
#1690 = CARTESIAN_POINT('',(1.364407688516E-02,-19.05577083078,
    0.941974694639));
#1691 = CARTESIAN_POINT('',(2.44963530502E-02,-19.15777052562,
    0.937778356592));
#1692 = CARTESIAN_POINT('',(4.454478789628E-02,-19.21851590214,
    0.94446226663));
#1693 = CARTESIAN_POINT('',(5.634275520363E-02,-19.30704422188,
    0.943649513153));
#1694 = CARTESIAN_POINT('',(7.868737622672E-02,-19.35017054884,
    0.954647233459));
#1695 = CARTESIAN_POINT('',(9.2995828551E-02,-19.42098636474,
    0.958085123032));
#1696 = CARTESIAN_POINT('',(0.113231435196,-19.46513491769,
    0.968308839504));
#1697 = CARTESIAN_POINT('',(0.130757227262,-19.51664011389,0.97630657395
    ));
#1698 = CARTESIAN_POINT('',(0.149382874491,-19.56080362903,
    0.985951844088));
#1699 = CARTESIAN_POINT('',(0.167773185875,-19.60302419608,
    0.995810901941));
#1700 = CARTESIAN_POINT('',(0.204529273445,-19.68214954966,
    1.016327348409));
#1701 = CARTESIAN_POINT('',(0.222865166846,-19.7191732736,1.026952882159
    ));
#1702 = CARTESIAN_POINT('',(0.241118052883,-19.75397076565,
    1.037860420042));
#1703 = CARTESIAN_POINT('',(0.259256624266,-19.78680273347,
    1.048980746275));
#1704 = CARTESIAN_POINT('',(0.277257819138,-19.81788459644,
    1.060258640522));
#1705 = CARTESIAN_POINT('',(0.295105516814,-19.84739321057,
    1.071650782737));
#1706 = CARTESIAN_POINT('',(0.312789233526,-19.87547359355,
    1.083123658018));
#1707 = CARTESIAN_POINT('',(0.330302818169,-19.90224564968,
    1.094651461437));
#1708 = CARTESIAN_POINT('',(0.347643148039,-19.92781089491,
    1.106214002904));
#1709 = CARTESIAN_POINT('',(0.364808824582,-19.95225918173,
    1.117794611994));
#1710 = CARTESIAN_POINT('',(0.38179886913,-19.97567542424,1.129378042804
    ));
#1711 = CARTESIAN_POINT('',(0.432236517692,-20.04308812077,
    1.164089050779));
#1712 = CARTESIAN_POINT('',(0.465153883648,-20.0842402105,1.187179599221
    ));
#1713 = CARTESIAN_POINT('',(0.497376546258,-20.12215236819,
    1.210137416122));
#1714 = CARTESIAN_POINT('',(0.528929302855,-20.15728005344,1.23290626017
    ));
#1715 = CARTESIAN_POINT('',(0.559846658997,-20.18999647425,
    1.255452395107));
#1716 = CARTESIAN_POINT('',(0.590170769103,-20.2206046517,1.277760728084
    ));
#1717 = CARTESIAN_POINT('',(0.619949377097,-20.24934948465,
    1.299830948032));
#1718 = CARTESIAN_POINT('',(0.649233757038,-20.27642981447,
    1.321673664014));
#1719 = CARTESIAN_POINT('',(0.67807665376,-20.30201048971,1.343306543596
    ));
#1720 = CARTESIAN_POINT('',(0.706530223509,-20.32623443083,
    1.364750451199));
#1721 = CARTESIAN_POINT('',(0.734643974578,-20.34923469488,
    1.386025586468));
#1722 = CARTESIAN_POINT('',(0.818100174684,-20.41497023083,
    1.449391694956));
#1723 = CARTESIAN_POINT('',(0.872565187497,-20.45439595965,
    1.491037866472));
#1724 = CARTESIAN_POINT('',(0.926250985306,-20.49029978338,
    1.532276527274));
#1725 = CARTESIAN_POINT('',(0.979523106334,-20.52331445801,
    1.573316460202));
#1726 = CARTESIAN_POINT('',(1.032708775886,-20.55388164131,
    1.614365263113));
#1727 = CARTESIAN_POINT('',(1.08608809697,-20.58229682093,1.655613119764
    ));
#1728 = CARTESIAN_POINT('',(1.139887043737,-20.60874696816,1.6972199193)
  );
#1729 = CARTESIAN_POINT('',(1.194272257763,-20.63334091737,
    1.739305724357));
#1730 = CARTESIAN_POINT('',(1.249347647144,-20.65613247094,
    1.781944587768));
#1731 = CARTESIAN_POINT('',(1.30515278844,-20.67713623002,1.825161717881
    ));
#1732 = CARTESIAN_POINT('',(1.361663131434,-20.69633615072,
    1.868933992484));
#1733 = CARTESIAN_POINT('',(1.465813643869,-20.72796782081,
    1.949623203177));
#1734 = CARTESIAN_POINT('',(1.513255512363,-20.74099822096,
    1.986382985317));
#1735 = CARTESIAN_POINT('',(1.561066484277,-20.7527608237,2.023432263069
    ));
#1736 = CARTESIAN_POINT('',(1.60919636344,-20.76324098192,2.060731041043
    ));
#1737 = CARTESIAN_POINT('',(1.657595885449,-20.77242660429,
    2.098240233162));
#1738 = CARTESIAN_POINT('',(1.706216717665,-20.78030815527,
    2.135921662642));
#1739 = CARTESIAN_POINT('',(1.755011459215,-20.7868786551,2.173738062015
    ));
#1740 = CARTESIAN_POINT('',(1.803933640991,-20.79213367979,
    2.211653073107));
#1741 = CARTESIAN_POINT('',(1.852937725651,-20.79607136115,
    2.249631247055));
#1742 = CARTESIAN_POINT('',(1.901979107619,-20.79869238676,
    2.287638044295));
#1743 = CARTESIAN_POINT('',(1.951014113084,-20.8,2.325639834572));
#1744 = CARTESIAN_POINT('',(2.,-20.8,2.363603896932));
#1745 = ADVANCED_FACE('',(#1746),#1765,.T.);
#1746 = FACE_BOUND('',#1747,.T.);
#1747 = EDGE_LOOP('',(#1748,#1749,#1757,#1764));
#1748 = ORIENTED_EDGE('',*,*,#1567,.T.);
#1749 = ORIENTED_EDGE('',*,*,#1750,.T.);
#1750 = EDGE_CURVE('',#1291,#1751,#1753,.T.);
#1751 = VERTEX_POINT('',#1752);
#1752 = CARTESIAN_POINT('',(6.732411613907,-20.8,7.096015510839));
#1753 = LINE('',#1754,#1755);
#1754 = CARTESIAN_POINT('',(2.318198051534,-20.8,2.681801948466));
#1755 = VECTOR('',#1756,1.);
#1756 = DIRECTION('',(0.707106781187,0.,0.707106781187));
#1757 = ORIENTED_EDGE('',*,*,#1758,.F.);
#1758 = EDGE_CURVE('',#356,#1751,#1759,.T.);
#1759 = CIRCLE('',#1760,0.45);
#1760 = AXIS2_PLACEMENT_3D('',#1761,#1762,#1763);
#1761 = CARTESIAN_POINT('',(6.732411613907,-20.35,7.096015510839));
#1762 = DIRECTION('',(0.707106781187,0.,0.707106781187));
#1763 = DIRECTION('',(-0.707106781187,0.,0.707106781187));
#1764 = ORIENTED_EDGE('',*,*,#363,.F.);
#1765 = CYLINDRICAL_SURFACE('',#1766,0.45);
#1766 = AXIS2_PLACEMENT_3D('',#1767,#1768,#1769);
#1767 = CARTESIAN_POINT('',(2.318198051534,-20.35,2.681801948466));
#1768 = DIRECTION('',(0.707106781187,0.,0.707106781187));
#1769 = DIRECTION('',(-0.707106781187,0.,0.707106781187));
#1770 = ADVANCED_FACE('',(#1771),#1790,.F.);
#1771 = FACE_BOUND('',#1772,.F.);
#1772 = EDGE_LOOP('',(#1773,#1781,#1788,#1789));
#1773 = ORIENTED_EDGE('',*,*,#1774,.F.);
#1774 = EDGE_CURVE('',#1775,#440,#1777,.T.);
#1775 = VERTEX_POINT('',#1776);
#1776 = CARTESIAN_POINT('',(36.783153874268,-11.3,6.601587596484));
#1777 = LINE('',#1778,#1779);
#1778 = CARTESIAN_POINT('',(36.783153874268,-11.3,6.601587596484));
#1779 = VECTOR('',#1780,1.);
#1780 = DIRECTION('',(0.810046795799,0.,0.586365234829));
#1781 = ORIENTED_EDGE('',*,*,#1782,.T.);
#1782 = EDGE_CURVE('',#1775,#1775,#1783,.T.);
#1783 = CIRCLE('',#1784,3.);
#1784 = AXIS2_PLACEMENT_3D('',#1785,#1786,#1787);
#1785 = CARTESIAN_POINT('',(33.820916625706,-11.3,7.07608784225));
#1786 = DIRECTION('',(0.158166748588,-0.,0.987412416187));
#1787 = DIRECTION('',(0.987412416187,0.,-0.158166748588));
#1788 = ORIENTED_EDGE('',*,*,#1774,.T.);
#1789 = ORIENTED_EDGE('',*,*,#439,.F.);
#1790 = CONICAL_SURFACE('',#1791,3.,0.785398163397);
#1791 = AXIS2_PLACEMENT_3D('',#1792,#1793,#1794);
#1792 = CARTESIAN_POINT('',(33.820916625706,-11.3,7.07608784225));
#1793 = DIRECTION('',(0.158166748588,0.,0.987412416187));
#1794 = DIRECTION('',(0.987412416187,0.,-0.158166748588));
#1795 = ADVANCED_FACE('',(#1796),#1821,.T.);
#1796 = FACE_BOUND('',#1797,.T.);
#1797 = EDGE_LOOP('',(#1798,#1799,#1807,#1815));
#1798 = ORIENTED_EDGE('',*,*,#450,.F.);
#1799 = ORIENTED_EDGE('',*,*,#1800,.F.);
#1800 = EDGE_CURVE('',#1801,#451,#1803,.T.);
#1801 = VERTEX_POINT('',#1802);
#1802 = CARTESIAN_POINT('',(9.072386585365,-19.6,10.331459636372));
#1803 = LINE('',#1804,#1805);
#1804 = CARTESIAN_POINT('',(8.42360570887,-19.6,9.778331778386));
#1805 = VECTOR('',#1806,1.);
#1806 = DIRECTION('',(0.760975278373,0.,0.648780876495));
#1807 = ORIENTED_EDGE('',*,*,#1808,.T.);
#1808 = EDGE_CURVE('',#1801,#1809,#1811,.T.);
#1809 = VERTEX_POINT('',#1810);
#1810 = CARTESIAN_POINT('',(41.337892586082,-19.6,5.16307194747));
#1811 = LINE('',#1812,#1813);
#1812 = CARTESIAN_POINT('',(7.713887397858,-19.6,10.549068201876));
#1813 = VECTOR('',#1814,1.);
#1814 = DIRECTION('',(0.987412416187,0.,-0.158166748588));
#1815 = ORIENTED_EDGE('',*,*,#1816,.F.);
#1816 = EDGE_CURVE('',#453,#1809,#1817,.T.);
#1817 = LINE('',#1818,#1819);
#1818 = CARTESIAN_POINT('',(41.527692684388,-19.6,6.347966846894));
#1819 = VECTOR('',#1820,1.);
#1820 = DIRECTION('',(-0.158166748588,-0.,-0.987412416187));
#1821 = PLANE('',#1822);
#1822 = AXIS2_PLACEMENT_3D('',#1823,#1824,#1825);
#1823 = CARTESIAN_POINT('',(7.903687496164,-19.6,11.733963101301));
#1824 = DIRECTION('',(0.,-1.,0.));
#1825 = DIRECTION('',(0.987412416187,0.,-0.158166748588));
#1826 = ADVANCED_FACE('',(#1827),#1839,.T.);
#1827 = FACE_BOUND('',#1828,.T.);
#1828 = EDGE_LOOP('',(#1829,#1836,#1837,#1838));
#1829 = ORIENTED_EDGE('',*,*,#1830,.T.);
#1830 = EDGE_CURVE('',#795,#1801,#1831,.T.);
#1831 = ELLIPSE('',#1832,1.314103136358,1.);
#1832 = AXIS2_PLACEMENT_3D('',#1833,#1834,#1835);
#1833 = CARTESIAN_POINT('',(9.072386585365,-18.6,10.331459636372));
#1834 = DIRECTION('',(0.158166748588,-0.,0.987412416187));
#1835 = DIRECTION('',(0.987412416187,0.,-0.158166748588));
#1836 = ORIENTED_EDGE('',*,*,#1800,.T.);
#1837 = ORIENTED_EDGE('',*,*,#677,.F.);
#1838 = ORIENTED_EDGE('',*,*,#802,.F.);
#1839 = CYLINDRICAL_SURFACE('',#1840,1.);
#1840 = AXIS2_PLACEMENT_3D('',#1841,#1842,#1843);
#1841 = CARTESIAN_POINT('',(8.42360570887,-18.6,9.778331778386));
#1842 = DIRECTION('',(0.760975278373,0.,0.648780876495));
#1843 = DIRECTION('',(-0.648780876495,1.3E-16,0.760975278373));
#1844 = ADVANCED_FACE('',(#1845),#1864,.T.);
#1845 = FACE_BOUND('',#1846,.F.);
#1846 = EDGE_LOOP('',(#1847,#1848,#1856,#1863));
#1847 = ORIENTED_EDGE('',*,*,#460,.T.);
#1848 = ORIENTED_EDGE('',*,*,#1849,.T.);
#1849 = EDGE_CURVE('',#461,#1850,#1852,.T.);
#1850 = VERTEX_POINT('',#1851);
#1851 = CARTESIAN_POINT('',(42.325305002269,-18.6,5.004905198881));
#1852 = LINE('',#1853,#1854);
#1853 = CARTESIAN_POINT('',(42.515105100575,-18.6,6.189800098306));
#1854 = VECTOR('',#1855,1.);
#1855 = DIRECTION('',(-0.158166748588,-0.,-0.987412416187));
#1856 = ORIENTED_EDGE('',*,*,#1857,.F.);
#1857 = EDGE_CURVE('',#1809,#1850,#1858,.T.);
#1858 = CIRCLE('',#1859,1.);
#1859 = AXIS2_PLACEMENT_3D('',#1860,#1861,#1862);
#1860 = CARTESIAN_POINT('',(41.337892586082,-18.6,5.16307194747));
#1861 = DIRECTION('',(0.158166748588,-0.,0.987412416187));
#1862 = DIRECTION('',(0.987412416187,0.,-0.158166748588));
#1863 = ORIENTED_EDGE('',*,*,#1816,.F.);
#1864 = CYLINDRICAL_SURFACE('',#1865,1.);
#1865 = AXIS2_PLACEMENT_3D('',#1866,#1867,#1868);
#1866 = CARTESIAN_POINT('',(41.527692684388,-18.6,6.347966846894));
#1867 = DIRECTION('',(-0.158166748588,-0.,-0.987412416187));
#1868 = DIRECTION('',(0.,-1.,0.));
#1869 = ADVANCED_FACE('',(#1870),#1957,.T.);
#1870 = FACE_BOUND('',#1871,.T.);
#1871 = EDGE_LOOP('',(#1872,#1873,#1874,#1882,#1888,#1889,#1897,#1905,
    #1911,#1912,#1920,#1928,#1934,#1935,#1943,#1951));
#1872 = ORIENTED_EDGE('',*,*,#469,.F.);
#1873 = ORIENTED_EDGE('',*,*,#1849,.T.);
#1874 = ORIENTED_EDGE('',*,*,#1875,.T.);
#1875 = EDGE_CURVE('',#1850,#1876,#1878,.T.);
#1876 = VERTEX_POINT('',#1877);
#1877 = CARTESIAN_POINT('',(42.325305002269,-2.200000000001,
    5.004905198881));
#1878 = LINE('',#1879,#1880);
#1879 = CARTESIAN_POINT('',(42.325305002269,-19.6,5.004905198881));
#1880 = VECTOR('',#1881,1.);
#1881 = DIRECTION('',(0.,1.,0.));
#1882 = ORIENTED_EDGE('',*,*,#1883,.F.);
#1883 = EDGE_CURVE('',#620,#1876,#1884,.T.);
#1884 = LINE('',#1885,#1886);
#1885 = CARTESIAN_POINT('',(42.515105100575,-2.200000000001,
    6.189800098306));
#1886 = VECTOR('',#1887,1.);
#1887 = DIRECTION('',(-0.158166748588,-0.,-0.987412416187));
#1888 = ORIENTED_EDGE('',*,*,#619,.F.);
#1889 = ORIENTED_EDGE('',*,*,#1890,.F.);
#1890 = EDGE_CURVE('',#1891,#612,#1893,.T.);
#1891 = VERTEX_POINT('',#1892);
#1892 = CARTESIAN_POINT('',(42.420205051422,-4.124999999999,
    5.597352648594));
#1893 = LINE('',#1894,#1895);
#1894 = CARTESIAN_POINT('',(42.420205051422,-4.124999999999,
    5.597352648594));
#1895 = VECTOR('',#1896,1.);
#1896 = DIRECTION('',(0.158166748588,0.,0.987412416187));
#1897 = ORIENTED_EDGE('',*,*,#1898,.F.);
#1898 = EDGE_CURVE('',#1899,#1891,#1901,.T.);
#1899 = VERTEX_POINT('',#1900);
#1900 = CARTESIAN_POINT('',(42.420205051422,-6.624999999999,
    5.597352648594));
#1901 = LINE('',#1902,#1903);
#1902 = CARTESIAN_POINT('',(42.420205051422,-6.624999999999,
    5.597352648594));
#1903 = VECTOR('',#1904,1.);
#1904 = DIRECTION('',(0.,1.,0.));
#1905 = ORIENTED_EDGE('',*,*,#1906,.F.);
#1906 = EDGE_CURVE('',#570,#1899,#1907,.T.);
#1907 = LINE('',#1908,#1909);
#1908 = CARTESIAN_POINT('',(42.515105100575,-6.624999999999,
    6.189800098306));
#1909 = VECTOR('',#1910,1.);
#1910 = DIRECTION('',(-0.158166748588,0.,-0.987412416187));
#1911 = ORIENTED_EDGE('',*,*,#569,.F.);
#1912 = ORIENTED_EDGE('',*,*,#1913,.F.);
#1913 = EDGE_CURVE('',#1914,#562,#1916,.T.);
#1914 = VERTEX_POINT('',#1915);
#1915 = CARTESIAN_POINT('',(42.420205051422,-9.15,5.597352648594));
#1916 = LINE('',#1917,#1918);
#1917 = CARTESIAN_POINT('',(42.420205051422,-9.15,5.597352648594));
#1918 = VECTOR('',#1919,1.);
#1919 = DIRECTION('',(0.158166748588,0.,0.987412416187));
#1920 = ORIENTED_EDGE('',*,*,#1921,.F.);
#1921 = EDGE_CURVE('',#1922,#1914,#1924,.T.);
#1922 = VERTEX_POINT('',#1923);
#1923 = CARTESIAN_POINT('',(42.420205051422,-11.65,5.597352648594));
#1924 = LINE('',#1925,#1926);
#1925 = CARTESIAN_POINT('',(42.420205051422,-11.65,5.597352648594));
#1926 = VECTOR('',#1927,1.);
#1927 = DIRECTION('',(0.,1.,0.));
#1928 = ORIENTED_EDGE('',*,*,#1929,.F.);
#1929 = EDGE_CURVE('',#520,#1922,#1930,.T.);
#1930 = LINE('',#1931,#1932);
#1931 = CARTESIAN_POINT('',(42.515105100575,-11.65,6.189800098306));
#1932 = VECTOR('',#1933,1.);
#1933 = DIRECTION('',(-0.158166748588,0.,-0.987412416187));
#1934 = ORIENTED_EDGE('',*,*,#519,.F.);
#1935 = ORIENTED_EDGE('',*,*,#1936,.F.);
#1936 = EDGE_CURVE('',#1937,#512,#1939,.T.);
#1937 = VERTEX_POINT('',#1938);
#1938 = CARTESIAN_POINT('',(42.420205051422,-14.175,5.597352648594));
#1939 = LINE('',#1940,#1941);
#1940 = CARTESIAN_POINT('',(42.420205051422,-14.175,5.597352648594));
#1941 = VECTOR('',#1942,1.);
#1942 = DIRECTION('',(0.158166748588,0.,0.987412416187));
#1943 = ORIENTED_EDGE('',*,*,#1944,.F.);
#1944 = EDGE_CURVE('',#1945,#1937,#1947,.T.);
#1945 = VERTEX_POINT('',#1946);
#1946 = CARTESIAN_POINT('',(42.420205051422,-16.675,5.597352648594));
#1947 = LINE('',#1948,#1949);
#1948 = CARTESIAN_POINT('',(42.420205051422,-16.675,5.597352648594));
#1949 = VECTOR('',#1950,1.);
#1950 = DIRECTION('',(0.,1.,0.));
#1951 = ORIENTED_EDGE('',*,*,#1952,.F.);
#1952 = EDGE_CURVE('',#470,#1945,#1953,.T.);
#1953 = LINE('',#1954,#1955);
#1954 = CARTESIAN_POINT('',(42.515105100575,-16.675,6.189800098306));
#1955 = VECTOR('',#1956,1.);
#1956 = DIRECTION('',(-0.158166748588,0.,-0.987412416187));
#1957 = PLANE('',#1958);
#1958 = AXIS2_PLACEMENT_3D('',#1959,#1960,#1961);
#1959 = CARTESIAN_POINT('',(42.515105100575,-19.6,6.189800098306));
#1960 = DIRECTION('',(0.987412416187,0.,-0.158166748588));
#1961 = DIRECTION('',(0.,1.,0.));
#1962 = ADVANCED_FACE('',(#1963),#1997,.F.);
#1963 = FACE_BOUND('',#1964,.F.);
#1964 = EDGE_LOOP('',(#1965,#1966,#1974,#1982,#1990,#1996));
#1965 = ORIENTED_EDGE('',*,*,#477,.T.);
#1966 = ORIENTED_EDGE('',*,*,#1967,.F.);
#1967 = EDGE_CURVE('',#1968,#478,#1970,.T.);
#1968 = VERTEX_POINT('',#1969);
#1969 = CARTESIAN_POINT('',(43.183925635809,-16.675,5.939442171231));
#1970 = LINE('',#1971,#1972);
#1971 = CARTESIAN_POINT('',(43.208213679086,-16.675,5.905888934334));
#1972 = VECTOR('',#1973,1.);
#1973 = DIRECTION('',(-0.586365234829,0.,0.810046795799));
#1974 = ORIENTED_EDGE('',*,*,#1975,.T.);
#1975 = EDGE_CURVE('',#1968,#1976,#1978,.T.);
#1976 = VERTEX_POINT('',#1977);
#1977 = CARTESIAN_POINT('',(43.13376189885,-16.675,5.626277127645));
#1978 = LINE('',#1979,#1980);
#1979 = CARTESIAN_POINT('',(43.190477117047,-16.675,5.980342132675));
#1980 = VECTOR('',#1981,1.);
#1981 = DIRECTION('',(-0.158166748588,0.,-0.987412416187));
#1982 = ORIENTED_EDGE('',*,*,#1983,.F.);
#1983 = EDGE_CURVE('',#1984,#1976,#1986,.T.);
#1984 = VERTEX_POINT('',#1985);
#1985 = CARTESIAN_POINT('',(42.971752539691,-16.675,5.509004080679));
#1986 = LINE('',#1987,#1988);
#1987 = CARTESIAN_POINT('',(43.05275721927,-16.675,5.567640604162));
#1988 = VECTOR('',#1989,1.);
#1989 = DIRECTION('',(0.810046795799,0.,0.586365234829));
#1990 = ORIENTED_EDGE('',*,*,#1991,.F.);
#1991 = EDGE_CURVE('',#1945,#1984,#1992,.T.);
#1992 = LINE('',#1993,#1994);
#1993 = CARTESIAN_POINT('',(42.420205051422,-16.675,5.597352648594));
#1994 = VECTOR('',#1995,1.);
#1995 = DIRECTION('',(0.987412416187,0.,-0.158166748588));
#1996 = ORIENTED_EDGE('',*,*,#1952,.F.);
#1997 = PLANE('',#1998);
#1998 = AXIS2_PLACEMENT_3D('',#1999,#2000,#2001);
#1999 = CARTESIAN_POINT('',(42.515105100575,-16.675,6.189800098306));
#2000 = DIRECTION('',(0.,1.,0.));
#2001 = DIRECTION('',(-0.158166748588,0.,-0.987412416187));
#2002 = ADVANCED_FACE('',(#2003),#2022,.T.);
#2003 = FACE_BOUND('',#2004,.T.);
#2004 = EDGE_LOOP('',(#2005,#2014,#2020,#2021));
#2005 = ORIENTED_EDGE('',*,*,#2006,.T.);
#2006 = EDGE_CURVE('',#1968,#2007,#2009,.T.);
#2007 = VERTEX_POINT('',#2008);
#2008 = CARTESIAN_POINT('',(43.289218358666,-16.575,5.964525457817));
#2009 = ELLIPSE('',#2010,0.108239220029,0.1);
#2010 = AXIS2_PLACEMENT_3D('',#2011,#2012,#2013);
#2011 = CARTESIAN_POINT('',(43.183925635809,-16.575,5.939442171231));
#2012 = DIRECTION('',(-0.231739350842,0.,0.972777915699));
#2013 = DIRECTION('',(-0.972777915699,0.,-0.231739350842));
#2014 = ORIENTED_EDGE('',*,*,#2015,.T.);
#2015 = EDGE_CURVE('',#2007,#486,#2016,.T.);
#2016 = LINE('',#2017,#2018);
#2017 = CARTESIAN_POINT('',(43.289218358666,-16.575,5.964525457817));
#2018 = VECTOR('',#2019,1.);
#2019 = DIRECTION('',(-0.586365234829,0.,0.810046795799));
#2020 = ORIENTED_EDGE('',*,*,#485,.F.);
#2021 = ORIENTED_EDGE('',*,*,#1967,.F.);
#2022 = CYLINDRICAL_SURFACE('',#2023,0.1);
#2023 = AXIS2_PLACEMENT_3D('',#2024,#2025,#2026);
#2024 = CARTESIAN_POINT('',(43.208213679086,-16.575,5.905888934334));
#2025 = DIRECTION('',(-0.586365234829,0.,0.810046795799));
#2026 = DIRECTION('',(0.,-1.,0.));
#2027 = ADVANCED_FACE('',(#2028),#2046,.T.);
#2028 = FACE_BOUND('',#2029,.F.);
#2029 = EDGE_LOOP('',(#2030,#2038,#2039,#2040));
#2030 = ORIENTED_EDGE('',*,*,#2031,.T.);
#2031 = EDGE_CURVE('',#2032,#2007,#2034,.T.);
#2032 = VERTEX_POINT('',#2033);
#2033 = CARTESIAN_POINT('',(43.289218358666,-14.275,5.964525457817));
#2034 = LINE('',#2035,#2036);
#2035 = CARTESIAN_POINT('',(43.289218358666,-14.175,5.964525457817));
#2036 = VECTOR('',#2037,1.);
#2037 = DIRECTION('',(0.,-1.,0.));
#2038 = ORIENTED_EDGE('',*,*,#2015,.T.);
#2039 = ORIENTED_EDGE('',*,*,#494,.F.);
#2040 = ORIENTED_EDGE('',*,*,#2041,.F.);
#2041 = EDGE_CURVE('',#2032,#495,#2042,.T.);
#2042 = LINE('',#2043,#2044);
#2043 = CARTESIAN_POINT('',(43.289218358666,-14.275,5.964525457817));
#2044 = VECTOR('',#2045,1.);
#2045 = DIRECTION('',(-0.586365234829,0.,0.810046795799));
#2046 = PLANE('',#2047);
#2047 = AXIS2_PLACEMENT_3D('',#2048,#2049,#2050);
#2048 = CARTESIAN_POINT('',(43.247756075286,-14.175,6.021804416055));
#2049 = DIRECTION('',(0.810046795799,0.,0.586365234829));
#2050 = DIRECTION('',(0.,1.,0.));
#2051 = ADVANCED_FACE('',(#2052),#2086,.T.);
#2052 = FACE_BOUND('',#2053,.T.);
#2053 = EDGE_LOOP('',(#2054,#2055,#2063,#2071,#2079,#2085));
#2054 = ORIENTED_EDGE('',*,*,#653,.T.);
#2055 = ORIENTED_EDGE('',*,*,#2056,.T.);
#2056 = EDGE_CURVE('',#645,#2057,#2059,.T.);
#2057 = VERTEX_POINT('',#2058);
#2058 = CARTESIAN_POINT('',(7.774824832375,-2.200000000001,
    10.539307056759));
#2059 = LINE('',#2060,#2061);
#2060 = CARTESIAN_POINT('',(8.974824832375,-2.200000000001,
    11.562385038292));
#2061 = VECTOR('',#2062,1.);
#2062 = DIRECTION('',(-0.760975278373,0.,-0.648780876495));
#2063 = ORIENTED_EDGE('',*,*,#2064,.F.);
#2064 = EDGE_CURVE('',#2065,#2057,#2067,.T.);
#2065 = VERTEX_POINT('',#2066);
#2066 = CARTESIAN_POINT('',(7.774824832375,-1.15,10.539307056759));
#2067 = LINE('',#2068,#2069);
#2068 = CARTESIAN_POINT('',(7.774824832375,-7.2,10.539307056759));
#2069 = VECTOR('',#2070,1.);
#2070 = DIRECTION('',(-1.7E-16,-1.,3.E-17));
#2071 = ORIENTED_EDGE('',*,*,#2072,.T.);
#2072 = EDGE_CURVE('',#2065,#2073,#2075,.T.);
#2073 = VERTEX_POINT('',#2074);
#2074 = CARTESIAN_POINT('',(7.70243824701,-1.077613414635,
    10.477592788721));
#2075 = LINE('',#2076,#2077);
#2076 = CARTESIAN_POINT('',(8.15385146884,-1.529026636465,
    10.862451895244));
#2077 = VECTOR('',#2078,1.);
#2078 = DIRECTION('',(-0.605575111307,0.605575111307,-0.516292135453));
#2079 = ORIENTED_EDGE('',*,*,#2080,.F.);
#2080 = EDGE_CURVE('',#927,#2073,#2081,.T.);
#2081 = LINE('',#2082,#2083);
#2082 = CARTESIAN_POINT('',(7.70243824701,-4.,10.477592788721));
#2083 = VECTOR('',#2084,1.);
#2084 = DIRECTION('',(0.,1.,-2.2E-16));
#2085 = ORIENTED_EDGE('',*,*,#935,.F.);
#2086 = PLANE('',#2087);
#2087 = AXIS2_PLACEMENT_3D('',#2088,#2089,#2090);
#2088 = CARTESIAN_POINT('',(7.987412416187,-4.,10.720551786881));
#2089 = DIRECTION('',(-0.648780876495,1.3E-16,0.760975278373));
#2090 = DIRECTION('',(-2.683516682226E-17,1.,-1.937121313153E-16));
#2091 = ADVANCED_FACE('',(#2092),#2111,.T.);
#2092 = FACE_BOUND('',#2093,.T.);
#2093 = EDGE_LOOP('',(#2094,#2103,#2109,#2110));
#2094 = ORIENTED_EDGE('',*,*,#2095,.T.);
#2095 = EDGE_CURVE('',#2032,#2096,#2098,.T.);
#2096 = VERTEX_POINT('',#2097);
#2097 = CARTESIAN_POINT('',(43.183925635809,-14.175,5.939442171231));
#2098 = ELLIPSE('',#2099,0.108239220029,0.1);
#2099 = AXIS2_PLACEMENT_3D('',#2100,#2101,#2102);
#2100 = CARTESIAN_POINT('',(43.183925635809,-14.275,5.939442171231));
#2101 = DIRECTION('',(-0.231739350842,0.,0.972777915699));
#2102 = DIRECTION('',(-0.972777915699,0.,-0.231739350842));
#2103 = ORIENTED_EDGE('',*,*,#2104,.T.);
#2104 = EDGE_CURVE('',#2096,#503,#2105,.T.);
#2105 = LINE('',#2106,#2107);
#2106 = CARTESIAN_POINT('',(43.208213679086,-14.175,5.905888934334));
#2107 = VECTOR('',#2108,1.);
#2108 = DIRECTION('',(-0.586365234829,0.,0.810046795799));
#2109 = ORIENTED_EDGE('',*,*,#502,.F.);
#2110 = ORIENTED_EDGE('',*,*,#2041,.F.);
#2111 = CYLINDRICAL_SURFACE('',#2112,0.1);
#2112 = AXIS2_PLACEMENT_3D('',#2113,#2114,#2115);
#2113 = CARTESIAN_POINT('',(43.208213679086,-14.275,5.905888934334));
#2114 = DIRECTION('',(-0.586365234829,0.,0.810046795799));
#2115 = DIRECTION('',(0.810046795799,0.,0.586365234829));
#2116 = ADVANCED_FACE('',(#2117),#2136,.T.);
#2117 = FACE_BOUND('',#2118,.T.);
#2118 = EDGE_LOOP('',(#2119,#2120,#2128,#2135));
#2119 = ORIENTED_EDGE('',*,*,#644,.T.);
#2120 = ORIENTED_EDGE('',*,*,#2121,.T.);
#2121 = EDGE_CURVE('',#637,#2122,#2124,.T.);
#2122 = VERTEX_POINT('',#2123);
#2123 = CARTESIAN_POINT('',(9.072386585365,-1.200000000001,
    10.331459636372));
#2124 = LINE('',#2125,#2126);
#2125 = CARTESIAN_POINT('',(9.62360570887,-1.200000000001,10.80140975992
    ));
#2126 = VECTOR('',#2127,1.);
#2127 = DIRECTION('',(-0.760975278373,0.,-0.648780876495));
#2128 = ORIENTED_EDGE('',*,*,#2129,.F.);
#2129 = EDGE_CURVE('',#2057,#2122,#2130,.T.);
#2130 = ELLIPSE('',#2131,1.314103136358,1.);
#2131 = AXIS2_PLACEMENT_3D('',#2132,#2133,#2134);
#2132 = CARTESIAN_POINT('',(9.072386585365,-2.200000000001,
    10.331459636372));
#2133 = DIRECTION('',(-0.158166748588,0.,-0.987412416187));
#2134 = DIRECTION('',(-0.987412416187,0.,0.158166748588));
#2135 = ORIENTED_EDGE('',*,*,#2056,.F.);
#2136 = CYLINDRICAL_SURFACE('',#2137,1.);
#2137 = AXIS2_PLACEMENT_3D('',#2138,#2139,#2140);
#2138 = CARTESIAN_POINT('',(9.62360570887,-2.200000000001,10.80140975992
    ));
#2139 = DIRECTION('',(-0.760975278373,0.,-0.648780876495));
#2140 = DIRECTION('',(-0.648780876495,1.3E-16,0.760975278373));
#2141 = ADVANCED_FACE('',(#2142),#2169,.F.);
#2142 = FACE_BOUND('',#2143,.F.);
#2143 = EDGE_LOOP('',(#2144,#2152,#2160,#2166,#2167,#2168));
#2144 = ORIENTED_EDGE('',*,*,#2145,.T.);
#2145 = EDGE_CURVE('',#1937,#2146,#2148,.T.);
#2146 = VERTEX_POINT('',#2147);
#2147 = CARTESIAN_POINT('',(42.971752539691,-14.175,5.509004080679));
#2148 = LINE('',#2149,#2150);
#2149 = CARTESIAN_POINT('',(42.420205051422,-14.175,5.597352648594));
#2150 = VECTOR('',#2151,1.);
#2151 = DIRECTION('',(0.987412416187,0.,-0.158166748588));
#2152 = ORIENTED_EDGE('',*,*,#2153,.T.);
#2153 = EDGE_CURVE('',#2146,#2154,#2156,.T.);
#2154 = VERTEX_POINT('',#2155);
#2155 = CARTESIAN_POINT('',(43.13376189885,-14.175,5.626277127645));
#2156 = LINE('',#2157,#2158);
#2157 = CARTESIAN_POINT('',(43.05275721927,-14.175,5.567640604162));
#2158 = VECTOR('',#2159,1.);
#2159 = DIRECTION('',(0.810046795799,0.,0.586365234829));
#2160 = ORIENTED_EDGE('',*,*,#2161,.T.);
#2161 = EDGE_CURVE('',#2154,#2096,#2162,.T.);
#2162 = LINE('',#2163,#2164);
#2163 = CARTESIAN_POINT('',(43.127210417612,-14.175,5.585377166201));
#2164 = VECTOR('',#2165,1.);
#2165 = DIRECTION('',(0.158166748588,0.,0.987412416187));
#2166 = ORIENTED_EDGE('',*,*,#2104,.T.);
#2167 = ORIENTED_EDGE('',*,*,#511,.F.);
#2168 = ORIENTED_EDGE('',*,*,#1936,.F.);
#2169 = PLANE('',#2170);
#2170 = AXIS2_PLACEMENT_3D('',#2171,#2172,#2173);
#2171 = CARTESIAN_POINT('',(42.420205051422,-14.175,5.597352648594));
#2172 = DIRECTION('',(0.,-1.,0.));
#2173 = DIRECTION('',(0.158166748588,0.,0.987412416187));
#2174 = ADVANCED_FACE('',(#2175),#2193,.T.);
#2175 = FACE_BOUND('',#2176,.T.);
#2176 = EDGE_LOOP('',(#2177,#2178,#2186,#2192));
#2177 = ORIENTED_EDGE('',*,*,#636,.F.);
#2178 = ORIENTED_EDGE('',*,*,#2179,.T.);
#2179 = EDGE_CURVE('',#628,#2180,#2182,.T.);
#2180 = VERTEX_POINT('',#2181);
#2181 = CARTESIAN_POINT('',(41.337892586082,-1.200000000001,
    5.16307194747));
#2182 = LINE('',#2183,#2184);
#2183 = CARTESIAN_POINT('',(41.527692684388,-1.200000000001,
    6.347966846894));
#2184 = VECTOR('',#2185,1.);
#2185 = DIRECTION('',(-0.158166748588,-0.,-0.987412416187));
#2186 = ORIENTED_EDGE('',*,*,#2187,.T.);
#2187 = EDGE_CURVE('',#2180,#2122,#2188,.T.);
#2188 = LINE('',#2189,#2190);
#2189 = CARTESIAN_POINT('',(42.325305002269,-1.200000000001,
    5.004905198881));
#2190 = VECTOR('',#2191,1.);
#2191 = DIRECTION('',(-0.987412416187,0.,0.158166748588));
#2192 = ORIENTED_EDGE('',*,*,#2121,.F.);
#2193 = PLANE('',#2194);
#2194 = AXIS2_PLACEMENT_3D('',#2195,#2196,#2197);
#2195 = CARTESIAN_POINT('',(42.515105100575,-1.200000000001,
    6.189800098306));
#2196 = DIRECTION('',(0.,1.,0.));
#2197 = DIRECTION('',(-0.987412416187,0.,0.158166748588));
#2198 = ADVANCED_FACE('',(#2199),#2211,.T.);
#2199 = FACE_BOUND('',#2200,.T.);
#2200 = EDGE_LOOP('',(#2201,#2202,#2203,#2210));
#2201 = ORIENTED_EDGE('',*,*,#627,.T.);
#2202 = ORIENTED_EDGE('',*,*,#1883,.T.);
#2203 = ORIENTED_EDGE('',*,*,#2204,.F.);
#2204 = EDGE_CURVE('',#2180,#1876,#2205,.T.);
#2205 = CIRCLE('',#2206,1.);
#2206 = AXIS2_PLACEMENT_3D('',#2207,#2208,#2209);
#2207 = CARTESIAN_POINT('',(41.337892586082,-2.200000000001,
    5.16307194747));
#2208 = DIRECTION('',(-0.158166748588,-0.,-0.987412416187));
#2209 = DIRECTION('',(0.987412416187,0.,-0.158166748588));
#2210 = ORIENTED_EDGE('',*,*,#2179,.F.);
#2211 = CYLINDRICAL_SURFACE('',#2212,1.);
#2212 = AXIS2_PLACEMENT_3D('',#2213,#2214,#2215);
#2213 = CARTESIAN_POINT('',(41.527692684388,-2.200000000001,
    6.347966846894));
#2214 = DIRECTION('',(-0.158166748588,-0.,-0.987412416187));
#2215 = DIRECTION('',(0.,1.,0.));
#2216 = ADVANCED_FACE('',(#2217),#2251,.F.);
#2217 = FACE_BOUND('',#2218,.F.);
#2218 = EDGE_LOOP('',(#2219,#2220,#2228,#2236,#2244,#2250));
#2219 = ORIENTED_EDGE('',*,*,#527,.T.);
#2220 = ORIENTED_EDGE('',*,*,#2221,.F.);
#2221 = EDGE_CURVE('',#2222,#528,#2224,.T.);
#2222 = VERTEX_POINT('',#2223);
#2223 = CARTESIAN_POINT('',(43.183925635809,-11.65,5.939442171231));
#2224 = LINE('',#2225,#2226);
#2225 = CARTESIAN_POINT('',(43.208213679086,-11.65,5.905888934334));
#2226 = VECTOR('',#2227,1.);
#2227 = DIRECTION('',(-0.586365234829,0.,0.810046795799));
#2228 = ORIENTED_EDGE('',*,*,#2229,.T.);
#2229 = EDGE_CURVE('',#2222,#2230,#2232,.T.);
#2230 = VERTEX_POINT('',#2231);
#2231 = CARTESIAN_POINT('',(43.13376189885,-11.65,5.626277127645));
#2232 = LINE('',#2233,#2234);
#2233 = CARTESIAN_POINT('',(43.190477117047,-11.65,5.980342132675));
#2234 = VECTOR('',#2235,1.);
#2235 = DIRECTION('',(-0.158166748588,0.,-0.987412416187));
#2236 = ORIENTED_EDGE('',*,*,#2237,.F.);
#2237 = EDGE_CURVE('',#2238,#2230,#2240,.T.);
#2238 = VERTEX_POINT('',#2239);
#2239 = CARTESIAN_POINT('',(42.971752539691,-11.65,5.509004080679));
#2240 = LINE('',#2241,#2242);
#2241 = CARTESIAN_POINT('',(43.05275721927,-11.65,5.567640604162));
#2242 = VECTOR('',#2243,1.);
#2243 = DIRECTION('',(0.810046795799,0.,0.586365234829));
#2244 = ORIENTED_EDGE('',*,*,#2245,.F.);
#2245 = EDGE_CURVE('',#1922,#2238,#2246,.T.);
#2246 = LINE('',#2247,#2248);
#2247 = CARTESIAN_POINT('',(42.420205051422,-11.65,5.597352648594));
#2248 = VECTOR('',#2249,1.);
#2249 = DIRECTION('',(0.987412416187,0.,-0.158166748588));
#2250 = ORIENTED_EDGE('',*,*,#1929,.F.);
#2251 = PLANE('',#2252);
#2252 = AXIS2_PLACEMENT_3D('',#2253,#2254,#2255);
#2253 = CARTESIAN_POINT('',(42.515105100575,-11.65,6.189800098306));
#2254 = DIRECTION('',(0.,1.,0.));
#2255 = DIRECTION('',(-0.158166748588,0.,-0.987412416187));
#2256 = ADVANCED_FACE('',(#2257),#2276,.T.);
#2257 = FACE_BOUND('',#2258,.T.);
#2258 = EDGE_LOOP('',(#2259,#2268,#2274,#2275));
#2259 = ORIENTED_EDGE('',*,*,#2260,.T.);
#2260 = EDGE_CURVE('',#2222,#2261,#2263,.T.);
#2261 = VERTEX_POINT('',#2262);
#2262 = CARTESIAN_POINT('',(43.289218358666,-11.55,5.964525457817));
#2263 = ELLIPSE('',#2264,0.108239220029,0.1);
#2264 = AXIS2_PLACEMENT_3D('',#2265,#2266,#2267);
#2265 = CARTESIAN_POINT('',(43.183925635809,-11.55,5.939442171231));
#2266 = DIRECTION('',(-0.231739350842,0.,0.972777915699));
#2267 = DIRECTION('',(-0.972777915699,0.,-0.231739350842));
#2268 = ORIENTED_EDGE('',*,*,#2269,.T.);
#2269 = EDGE_CURVE('',#2261,#536,#2270,.T.);
#2270 = LINE('',#2271,#2272);
#2271 = CARTESIAN_POINT('',(43.289218358666,-11.55,5.964525457817));
#2272 = VECTOR('',#2273,1.);
#2273 = DIRECTION('',(-0.586365234829,0.,0.810046795799));
#2274 = ORIENTED_EDGE('',*,*,#535,.F.);
#2275 = ORIENTED_EDGE('',*,*,#2221,.F.);
#2276 = CYLINDRICAL_SURFACE('',#2277,0.1);
#2277 = AXIS2_PLACEMENT_3D('',#2278,#2279,#2280);
#2278 = CARTESIAN_POINT('',(43.208213679086,-11.55,5.905888934334));
#2279 = DIRECTION('',(-0.586365234829,0.,0.810046795799));
#2280 = DIRECTION('',(0.,-1.,0.));
#2281 = ADVANCED_FACE('',(#2282),#2316,.F.);
#2282 = FACE_BOUND('',#2283,.F.);
#2283 = EDGE_LOOP('',(#2284,#2292,#2300,#2308,#2314,#2315));
#2284 = ORIENTED_EDGE('',*,*,#2285,.T.);
#2285 = EDGE_CURVE('',#1891,#2286,#2288,.T.);
#2286 = VERTEX_POINT('',#2287);
#2287 = CARTESIAN_POINT('',(42.971752539691,-4.124999999999,
    5.509004080679));
#2288 = LINE('',#2289,#2290);
#2289 = CARTESIAN_POINT('',(42.420205051422,-4.124999999999,
    5.597352648594));
#2290 = VECTOR('',#2291,1.);
#2291 = DIRECTION('',(0.987412416187,0.,-0.158166748588));
#2292 = ORIENTED_EDGE('',*,*,#2293,.T.);
#2293 = EDGE_CURVE('',#2286,#2294,#2296,.T.);
#2294 = VERTEX_POINT('',#2295);
#2295 = CARTESIAN_POINT('',(43.13376189885,-4.124999999999,
    5.626277127645));
#2296 = LINE('',#2297,#2298);
#2297 = CARTESIAN_POINT('',(43.05275721927,-4.124999999999,
    5.567640604162));
#2298 = VECTOR('',#2299,1.);
#2299 = DIRECTION('',(0.810046795799,0.,0.586365234829));
#2300 = ORIENTED_EDGE('',*,*,#2301,.T.);
#2301 = EDGE_CURVE('',#2294,#2302,#2304,.T.);
#2302 = VERTEX_POINT('',#2303);
#2303 = CARTESIAN_POINT('',(43.183925635809,-4.124999999999,
    5.939442171231));
#2304 = LINE('',#2305,#2306);
#2305 = CARTESIAN_POINT('',(43.127210417612,-4.124999999999,
    5.585377166201));
#2306 = VECTOR('',#2307,1.);
#2307 = DIRECTION('',(0.158166748588,0.,0.987412416187));
#2308 = ORIENTED_EDGE('',*,*,#2309,.T.);
#2309 = EDGE_CURVE('',#2302,#603,#2310,.T.);
#2310 = LINE('',#2311,#2312);
#2311 = CARTESIAN_POINT('',(43.208213679086,-4.124999999999,
    5.905888934334));
#2312 = VECTOR('',#2313,1.);
#2313 = DIRECTION('',(-0.586365234829,0.,0.810046795799));
#2314 = ORIENTED_EDGE('',*,*,#611,.F.);
#2315 = ORIENTED_EDGE('',*,*,#1890,.F.);
#2316 = PLANE('',#2317);
#2317 = AXIS2_PLACEMENT_3D('',#2318,#2319,#2320);
#2318 = CARTESIAN_POINT('',(42.420205051422,-4.124999999999,
    5.597352648594));
#2319 = DIRECTION('',(0.,-1.,0.));
#2320 = DIRECTION('',(0.158166748588,0.,0.987412416187));
#2321 = ADVANCED_FACE('',(#2322),#2340,.T.);
#2322 = FACE_BOUND('',#2323,.F.);
#2323 = EDGE_LOOP('',(#2324,#2332,#2333,#2334));
#2324 = ORIENTED_EDGE('',*,*,#2325,.T.);
#2325 = EDGE_CURVE('',#2326,#2261,#2328,.T.);
#2326 = VERTEX_POINT('',#2327);
#2327 = CARTESIAN_POINT('',(43.289218358666,-9.25,5.964525457817));
#2328 = LINE('',#2329,#2330);
#2329 = CARTESIAN_POINT('',(43.289218358666,-9.15,5.964525457817));
#2330 = VECTOR('',#2331,1.);
#2331 = DIRECTION('',(0.,-1.,0.));
#2332 = ORIENTED_EDGE('',*,*,#2269,.T.);
#2333 = ORIENTED_EDGE('',*,*,#544,.F.);
#2334 = ORIENTED_EDGE('',*,*,#2335,.F.);
#2335 = EDGE_CURVE('',#2326,#545,#2336,.T.);
#2336 = LINE('',#2337,#2338);
#2337 = CARTESIAN_POINT('',(43.289218358666,-9.25,5.964525457817));
#2338 = VECTOR('',#2339,1.);
#2339 = DIRECTION('',(-0.586365234829,0.,0.810046795799));
#2340 = PLANE('',#2341);
#2341 = AXIS2_PLACEMENT_3D('',#2342,#2343,#2344);
#2342 = CARTESIAN_POINT('',(43.247756075286,-9.15,6.021804416055));
#2343 = DIRECTION('',(0.810046795799,0.,0.586365234829));
#2344 = DIRECTION('',(0.,1.,0.));
#2345 = ADVANCED_FACE('',(#2346),#2365,.T.);
#2346 = FACE_BOUND('',#2347,.T.);
#2347 = EDGE_LOOP('',(#2348,#2357,#2358,#2359));
#2348 = ORIENTED_EDGE('',*,*,#2349,.F.);
#2349 = EDGE_CURVE('',#2302,#2350,#2352,.T.);
#2350 = VERTEX_POINT('',#2351);
#2351 = CARTESIAN_POINT('',(43.289218358666,-4.224999999999,
    5.964525457817));
#2352 = ELLIPSE('',#2353,0.108239220029,0.1);
#2353 = AXIS2_PLACEMENT_3D('',#2354,#2355,#2356);
#2354 = CARTESIAN_POINT('',(43.183925635809,-4.224999999999,
    5.939442171231));
#2355 = DIRECTION('',(0.231739350842,0.,-0.972777915699));
#2356 = DIRECTION('',(0.972777915699,0.,0.231739350842));
#2357 = ORIENTED_EDGE('',*,*,#2309,.T.);
#2358 = ORIENTED_EDGE('',*,*,#602,.F.);
#2359 = ORIENTED_EDGE('',*,*,#2360,.F.);
#2360 = EDGE_CURVE('',#2350,#595,#2361,.T.);
#2361 = LINE('',#2362,#2363);
#2362 = CARTESIAN_POINT('',(43.289218358666,-4.224999999999,
    5.964525457817));
#2363 = VECTOR('',#2364,1.);
#2364 = DIRECTION('',(-0.586365234829,0.,0.810046795799));
#2365 = CYLINDRICAL_SURFACE('',#2366,0.1);
#2366 = AXIS2_PLACEMENT_3D('',#2367,#2368,#2369);
#2367 = CARTESIAN_POINT('',(43.208213679086,-4.224999999999,
    5.905888934334));
#2368 = DIRECTION('',(-0.586365234829,0.,0.810046795799));
#2369 = DIRECTION('',(0.810046795799,0.,0.586365234829));
#2370 = ADVANCED_FACE('',(#2371),#2390,.T.);
#2371 = FACE_BOUND('',#2372,.T.);
#2372 = EDGE_LOOP('',(#2373,#2382,#2388,#2389));
#2373 = ORIENTED_EDGE('',*,*,#2374,.T.);
#2374 = EDGE_CURVE('',#2326,#2375,#2377,.T.);
#2375 = VERTEX_POINT('',#2376);
#2376 = CARTESIAN_POINT('',(43.183925635809,-9.15,5.939442171231));
#2377 = ELLIPSE('',#2378,0.108239220029,0.1);
#2378 = AXIS2_PLACEMENT_3D('',#2379,#2380,#2381);
#2379 = CARTESIAN_POINT('',(43.183925635809,-9.25,5.939442171231));
#2380 = DIRECTION('',(-0.231739350842,0.,0.972777915699));
#2381 = DIRECTION('',(-0.972777915699,0.,-0.231739350842));
#2382 = ORIENTED_EDGE('',*,*,#2383,.T.);
#2383 = EDGE_CURVE('',#2375,#553,#2384,.T.);
#2384 = LINE('',#2385,#2386);
#2385 = CARTESIAN_POINT('',(43.208213679086,-9.15,5.905888934334));
#2386 = VECTOR('',#2387,1.);
#2387 = DIRECTION('',(-0.586365234829,0.,0.810046795799));
#2388 = ORIENTED_EDGE('',*,*,#552,.F.);
#2389 = ORIENTED_EDGE('',*,*,#2335,.F.);
#2390 = CYLINDRICAL_SURFACE('',#2391,0.1);
#2391 = AXIS2_PLACEMENT_3D('',#2392,#2393,#2394);
#2392 = CARTESIAN_POINT('',(43.208213679086,-9.25,5.905888934334));
#2393 = DIRECTION('',(-0.586365234829,0.,0.810046795799));
#2394 = DIRECTION('',(0.810046795799,0.,0.586365234829));
#2395 = ADVANCED_FACE('',(#2396),#2414,.T.);
#2396 = FACE_BOUND('',#2397,.F.);
#2397 = EDGE_LOOP('',(#2398,#2406,#2412,#2413));
#2398 = ORIENTED_EDGE('',*,*,#2399,.T.);
#2399 = EDGE_CURVE('',#2350,#2400,#2402,.T.);
#2400 = VERTEX_POINT('',#2401);
#2401 = CARTESIAN_POINT('',(43.289218358666,-6.524999999999,
    5.964525457817));
#2402 = LINE('',#2403,#2404);
#2403 = CARTESIAN_POINT('',(43.289218358666,-4.124999999999,
    5.964525457817));
#2404 = VECTOR('',#2405,1.);
#2405 = DIRECTION('',(0.,-1.,0.));
#2406 = ORIENTED_EDGE('',*,*,#2407,.T.);
#2407 = EDGE_CURVE('',#2400,#586,#2408,.T.);
#2408 = LINE('',#2409,#2410);
#2409 = CARTESIAN_POINT('',(43.289218358666,-6.524999999999,
    5.964525457817));
#2410 = VECTOR('',#2411,1.);
#2411 = DIRECTION('',(-0.586365234829,0.,0.810046795799));
#2412 = ORIENTED_EDGE('',*,*,#594,.F.);
#2413 = ORIENTED_EDGE('',*,*,#2360,.F.);
#2414 = PLANE('',#2415);
#2415 = AXIS2_PLACEMENT_3D('',#2416,#2417,#2418);
#2416 = CARTESIAN_POINT('',(43.247756075286,-4.124999999999,
    6.021804416055));
#2417 = DIRECTION('',(0.810046795799,0.,0.586365234829));
#2418 = DIRECTION('',(0.,1.,0.));
#2419 = ADVANCED_FACE('',(#2420),#2447,.F.);
#2420 = FACE_BOUND('',#2421,.F.);
#2421 = EDGE_LOOP('',(#2422,#2430,#2438,#2444,#2445,#2446));
#2422 = ORIENTED_EDGE('',*,*,#2423,.T.);
#2423 = EDGE_CURVE('',#1914,#2424,#2426,.T.);
#2424 = VERTEX_POINT('',#2425);
#2425 = CARTESIAN_POINT('',(42.971752539691,-9.15,5.509004080679));
#2426 = LINE('',#2427,#2428);
#2427 = CARTESIAN_POINT('',(42.420205051422,-9.15,5.597352648594));
#2428 = VECTOR('',#2429,1.);
#2429 = DIRECTION('',(0.987412416187,0.,-0.158166748588));
#2430 = ORIENTED_EDGE('',*,*,#2431,.T.);
#2431 = EDGE_CURVE('',#2424,#2432,#2434,.T.);
#2432 = VERTEX_POINT('',#2433);
#2433 = CARTESIAN_POINT('',(43.13376189885,-9.15,5.626277127645));
#2434 = LINE('',#2435,#2436);
#2435 = CARTESIAN_POINT('',(43.05275721927,-9.15,5.567640604162));
#2436 = VECTOR('',#2437,1.);
#2437 = DIRECTION('',(0.810046795799,0.,0.586365234829));
#2438 = ORIENTED_EDGE('',*,*,#2439,.T.);
#2439 = EDGE_CURVE('',#2432,#2375,#2440,.T.);
#2440 = LINE('',#2441,#2442);
#2441 = CARTESIAN_POINT('',(43.127210417612,-9.15,5.585377166201));
#2442 = VECTOR('',#2443,1.);
#2443 = DIRECTION('',(0.158166748588,0.,0.987412416187));
#2444 = ORIENTED_EDGE('',*,*,#2383,.T.);
#2445 = ORIENTED_EDGE('',*,*,#561,.F.);
#2446 = ORIENTED_EDGE('',*,*,#1913,.F.);
#2447 = PLANE('',#2448);
#2448 = AXIS2_PLACEMENT_3D('',#2449,#2450,#2451);
#2449 = CARTESIAN_POINT('',(42.420205051422,-9.15,5.597352648594));
#2450 = DIRECTION('',(0.,-1.,0.));
#2451 = DIRECTION('',(0.158166748588,0.,0.987412416187));
#2452 = ADVANCED_FACE('',(#2453),#2472,.T.);
#2453 = FACE_BOUND('',#2454,.T.);
#2454 = EDGE_LOOP('',(#2455,#2464,#2465,#2466));
#2455 = ORIENTED_EDGE('',*,*,#2456,.T.);
#2456 = EDGE_CURVE('',#2457,#2400,#2459,.T.);
#2457 = VERTEX_POINT('',#2458);
#2458 = CARTESIAN_POINT('',(43.183925635809,-6.624999999999,
    5.939442171231));
#2459 = ELLIPSE('',#2460,0.108239220029,0.1);
#2460 = AXIS2_PLACEMENT_3D('',#2461,#2462,#2463);
#2461 = CARTESIAN_POINT('',(43.183925635809,-6.524999999999,
    5.939442171231));
#2462 = DIRECTION('',(-0.231739350842,0.,0.972777915699));
#2463 = DIRECTION('',(-0.972777915699,0.,-0.231739350842));
#2464 = ORIENTED_EDGE('',*,*,#2407,.T.);
#2465 = ORIENTED_EDGE('',*,*,#585,.F.);
#2466 = ORIENTED_EDGE('',*,*,#2467,.F.);
#2467 = EDGE_CURVE('',#2457,#578,#2468,.T.);
#2468 = LINE('',#2469,#2470);
#2469 = CARTESIAN_POINT('',(43.208213679086,-6.624999999999,
    5.905888934334));
#2470 = VECTOR('',#2471,1.);
#2471 = DIRECTION('',(-0.586365234829,0.,0.810046795799));
#2472 = CYLINDRICAL_SURFACE('',#2473,0.1);
#2473 = AXIS2_PLACEMENT_3D('',#2474,#2475,#2476);
#2474 = CARTESIAN_POINT('',(43.208213679086,-6.524999999999,
    5.905888934334));
#2475 = DIRECTION('',(-0.586365234829,0.,0.810046795799));
#2476 = DIRECTION('',(0.,-1.,0.));
#2477 = ADVANCED_FACE('',(#2478),#2505,.F.);
#2478 = FACE_BOUND('',#2479,.F.);
#2479 = EDGE_LOOP('',(#2480,#2481,#2482,#2490,#2498,#2504));
#2480 = ORIENTED_EDGE('',*,*,#577,.T.);
#2481 = ORIENTED_EDGE('',*,*,#2467,.F.);
#2482 = ORIENTED_EDGE('',*,*,#2483,.T.);
#2483 = EDGE_CURVE('',#2457,#2484,#2486,.T.);
#2484 = VERTEX_POINT('',#2485);
#2485 = CARTESIAN_POINT('',(43.13376189885,-6.624999999999,
    5.626277127645));
#2486 = LINE('',#2487,#2488);
#2487 = CARTESIAN_POINT('',(43.190477117047,-6.624999999999,
    5.980342132675));
#2488 = VECTOR('',#2489,1.);
#2489 = DIRECTION('',(-0.158166748588,0.,-0.987412416187));
#2490 = ORIENTED_EDGE('',*,*,#2491,.F.);
#2491 = EDGE_CURVE('',#2492,#2484,#2494,.T.);
#2492 = VERTEX_POINT('',#2493);
#2493 = CARTESIAN_POINT('',(42.971752539691,-6.624999999999,
    5.509004080679));
#2494 = LINE('',#2495,#2496);
#2495 = CARTESIAN_POINT('',(43.05275721927,-6.624999999999,
    5.567640604162));
#2496 = VECTOR('',#2497,1.);
#2497 = DIRECTION('',(0.810046795799,0.,0.586365234829));
#2498 = ORIENTED_EDGE('',*,*,#2499,.F.);
#2499 = EDGE_CURVE('',#1899,#2492,#2500,.T.);
#2500 = LINE('',#2501,#2502);
#2501 = CARTESIAN_POINT('',(42.420205051422,-6.624999999999,
    5.597352648594));
#2502 = VECTOR('',#2503,1.);
#2503 = DIRECTION('',(0.987412416187,0.,-0.158166748588));
#2504 = ORIENTED_EDGE('',*,*,#1906,.F.);
#2505 = PLANE('',#2506);
#2506 = AXIS2_PLACEMENT_3D('',#2507,#2508,#2509);
#2507 = CARTESIAN_POINT('',(42.515105100575,-6.624999999999,
    6.189800098306));
#2508 = DIRECTION('',(0.,1.,0.));
#2509 = DIRECTION('',(-0.158166748588,0.,-0.987412416187));
#2510 = ADVANCED_FACE('',(#2511),#2536,.T.);
#2511 = FACE_BOUND('',#2512,.T.);
#2512 = EDGE_LOOP('',(#2513,#2521,#2522,#2530));
#2513 = ORIENTED_EDGE('',*,*,#2514,.F.);
#2514 = EDGE_CURVE('',#689,#2515,#2517,.T.);
#2515 = VERTEX_POINT('',#2516);
#2516 = CARTESIAN_POINT('',(10.1,-1.7,4.));
#2517 = LINE('',#2518,#2519);
#2518 = CARTESIAN_POINT('',(10.1,-1.7,6.));
#2519 = VECTOR('',#2520,1.);
#2520 = DIRECTION('',(0.,4.4E-16,-1.));
#2521 = ORIENTED_EDGE('',*,*,#686,.F.);
#2522 = ORIENTED_EDGE('',*,*,#2523,.F.);
#2523 = EDGE_CURVE('',#2524,#687,#2526,.T.);
#2524 = VERTEX_POINT('',#2525);
#2525 = CARTESIAN_POINT('',(10.1,-19.1,4.));
#2526 = LINE('',#2527,#2528);
#2527 = CARTESIAN_POINT('',(10.1,-19.1,6.));
#2528 = VECTOR('',#2529,1.);
#2529 = DIRECTION('',(0.,0.,1.));
#2530 = ORIENTED_EDGE('',*,*,#2531,.T.);
#2531 = EDGE_CURVE('',#2524,#2515,#2532,.T.);
#2532 = LINE('',#2533,#2534);
#2533 = CARTESIAN_POINT('',(10.1,-19.1,4.));
#2534 = VECTOR('',#2535,1.);
#2535 = DIRECTION('',(0.,1.,4.4E-16));
#2536 = PLANE('',#2537);
#2537 = AXIS2_PLACEMENT_3D('',#2538,#2539,#2540);
#2538 = CARTESIAN_POINT('',(10.1,-10.4,8.5));
#2539 = DIRECTION('',(1.,0.,0.));
#2540 = DIRECTION('',(0.,0.,1.));
#2541 = ADVANCED_FACE('',(#2542),#2560,.T.);
#2542 = FACE_BOUND('',#2543,.T.);
#2543 = EDGE_LOOP('',(#2544,#2552,#2553,#2554));
#2544 = ORIENTED_EDGE('',*,*,#2545,.T.);
#2545 = EDGE_CURVE('',#2546,#2524,#2548,.T.);
#2546 = VERTEX_POINT('',#2547);
#2547 = CARTESIAN_POINT('',(27.5,-19.1,4.));
#2548 = LINE('',#2549,#2550);
#2549 = CARTESIAN_POINT('',(27.5,-19.1,4.));
#2550 = VECTOR('',#2551,1.);
#2551 = DIRECTION('',(-1.,-0.,-0.));
#2552 = ORIENTED_EDGE('',*,*,#2523,.T.);
#2553 = ORIENTED_EDGE('',*,*,#712,.F.);
#2554 = ORIENTED_EDGE('',*,*,#2555,.F.);
#2555 = EDGE_CURVE('',#2546,#705,#2556,.T.);
#2556 = LINE('',#2557,#2558);
#2557 = CARTESIAN_POINT('',(27.5,-19.1,6.));
#2558 = VECTOR('',#2559,1.);
#2559 = DIRECTION('',(0.,0.,1.));
#2560 = PLANE('',#2561);
#2561 = AXIS2_PLACEMENT_3D('',#2562,#2563,#2564);
#2562 = CARTESIAN_POINT('',(18.8,-19.1,8.5));
#2563 = DIRECTION('',(0.,1.,2.9E-16));
#2564 = DIRECTION('',(0.,-2.9E-16,1.));
#2565 = ADVANCED_FACE('',(#2566),#2584,.T.);
#2566 = FACE_BOUND('',#2567,.T.);
#2567 = EDGE_LOOP('',(#2568,#2576,#2582,#2583));
#2568 = ORIENTED_EDGE('',*,*,#2569,.T.);
#2569 = EDGE_CURVE('',#2515,#2570,#2572,.T.);
#2570 = VERTEX_POINT('',#2571);
#2571 = CARTESIAN_POINT('',(27.5,-1.7,4.));
#2572 = LINE('',#2573,#2574);
#2573 = CARTESIAN_POINT('',(10.1,-1.7,4.));
#2574 = VECTOR('',#2575,1.);
#2575 = DIRECTION('',(1.,0.,0.));
#2576 = ORIENTED_EDGE('',*,*,#2577,.T.);
#2577 = EDGE_CURVE('',#2570,#697,#2578,.T.);
#2578 = LINE('',#2579,#2580);
#2579 = CARTESIAN_POINT('',(27.5,-1.7,6.));
#2580 = VECTOR('',#2581,1.);
#2581 = DIRECTION('',(0.,0.,1.));
#2582 = ORIENTED_EDGE('',*,*,#696,.F.);
#2583 = ORIENTED_EDGE('',*,*,#2514,.T.);
#2584 = PLANE('',#2585);
#2585 = AXIS2_PLACEMENT_3D('',#2586,#2587,#2588);
#2586 = CARTESIAN_POINT('',(18.8,-1.7,8.5));
#2587 = DIRECTION('',(-0.,-1.,-0.));
#2588 = DIRECTION('',(0.,0.,-1.));
#2589 = ADVANCED_FACE('',(#2590),#2601,.T.);
#2590 = FACE_BOUND('',#2591,.T.);
#2591 = EDGE_LOOP('',(#2592,#2598,#2599,#2600));
#2592 = ORIENTED_EDGE('',*,*,#2593,.T.);
#2593 = EDGE_CURVE('',#2570,#2546,#2594,.T.);
#2594 = LINE('',#2595,#2596);
#2595 = CARTESIAN_POINT('',(27.5,-1.7,4.));
#2596 = VECTOR('',#2597,1.);
#2597 = DIRECTION('',(-0.,-1.,-4.4E-16));
#2598 = ORIENTED_EDGE('',*,*,#2555,.T.);
#2599 = ORIENTED_EDGE('',*,*,#704,.F.);
#2600 = ORIENTED_EDGE('',*,*,#2577,.F.);
#2601 = PLANE('',#2602);
#2602 = AXIS2_PLACEMENT_3D('',#2603,#2604,#2605);
#2603 = CARTESIAN_POINT('',(27.5,-10.4,8.5));
#2604 = DIRECTION('',(-1.,0.,3.5E-16));
#2605 = DIRECTION('',(-3.5E-16,0.,-1.));
#2606 = ADVANCED_FACE('',(#2607),#2639,.F.);
#2607 = FACE_BOUND('',#2608,.F.);
#2608 = EDGE_LOOP('',(#2609,#2616,#2637,#2638));
#2609 = ORIENTED_EDGE('',*,*,#2610,.T.);
#2610 = EDGE_CURVE('',#721,#2611,#2613,.T.);
#2611 = VERTEX_POINT('',#2612);
#2612 = CARTESIAN_POINT('',(34.77,-4.3,7.180434782609));
#2613 = B_SPLINE_CURVE_WITH_KNOTS('',1,(#2614,#2615),.UNSPECIFIED.,.F.,
  .F.,(2,2),(0.,4.74247350402),.PIECEWISE_BEZIER_KNOTS.);
#2614 = CARTESIAN_POINT('',(35.016853104047,-4.3,7.390893095462));
#2615 = CARTESIAN_POINT('',(34.77,-4.3,7.180434782609));
#2616 = ORIENTED_EDGE('',*,*,#2617,.T.);
#2617 = EDGE_CURVE('',#2611,#2611,#2618,.T.);
#2618 = B_SPLINE_CURVE_WITH_KNOTS('',9,(#2619,#2620,#2621,#2622,#2623,
    #2624,#2625,#2626,#2627,#2628,#2629,#2630,#2631,#2632,#2633,#2634,
    #2635,#2636),.UNSPECIFIED.,.T.,.F.,(10,8,10),(-4.6E-15,2.37123675201
    ,4.74247350402),.UNSPECIFIED.);
#2619 = CARTESIAN_POINT('',(34.77,-4.3,7.180434782609));
#2620 = CARTESIAN_POINT('',(34.770000000001,-4.028211325387,
    7.180434782609));
#2621 = CARTESIAN_POINT('',(34.659222077196,-3.751906837456,
    7.197279262357));
#2622 = CARTESIAN_POINT('',(34.431066737965,-3.527413300505,
    7.231983608065));
#2623 = CARTESIAN_POINT('',(34.119295229441,-3.423344605746,
    7.279959576826));
#2624 = CARTESIAN_POINT('',(33.809465368881,-3.454957561592,
    7.330054353389));
#2625 = CARTESIAN_POINT('',(33.546019774713,-3.592848597444,
    7.373990367723));
#2626 = CARTESIAN_POINT('',(33.362189219899,-3.804401997346,
    7.405111426884));
#2627 = CARTESIAN_POINT('',(33.27,-4.052179221771,7.420709382151));
#2628 = CARTESIAN_POINT('',(33.27,-4.547820778229,7.420709382151));
#2629 = CARTESIAN_POINT('',(33.362189219899,-4.795598002654,
    7.405111426884));
#2630 = CARTESIAN_POINT('',(33.546019774714,-5.007151402555,
    7.373990367723));
#2631 = CARTESIAN_POINT('',(33.80946536888,-5.145042438408,
    7.330054353389));
#2632 = CARTESIAN_POINT('',(34.119295229443,-5.176655394254,
    7.279959576826));
#2633 = CARTESIAN_POINT('',(34.431066737962,-5.072586699495,
    7.231983608065));
#2634 = CARTESIAN_POINT('',(34.659222077198,-4.848093162544,
    7.197279262357));
#2635 = CARTESIAN_POINT('',(34.77,-4.571788674613,7.180434782609));
#2636 = CARTESIAN_POINT('',(34.77,-4.3,7.180434782609));
#2637 = ORIENTED_EDGE('',*,*,#2610,.F.);
#2638 = ORIENTED_EDGE('',*,*,#720,.F.);
#2639 = B_SPLINE_SURFACE_WITH_KNOTS('',1,9,(
    (#2640,#2641,#2642,#2643,#2644,#2645,#2646,#2647,#2648,#2649,#2650
      ,#2651,#2652,#2653,#2654,#2655,#2656,#2657)
    ,(#2658,#2659,#2660,#2661,#2662,#2663,#2664,#2665,#2666,#2667,#2668
      ,#2669,#2670,#2671,#2672,#2673,#2674,#2675
  )),.UNSPECIFIED.,.F.,.T.,.F.,(2,2),(10,8,10),(0.,4.74247350402),(
    -4.6E-15,2.37123675201,4.74247350402),.UNSPECIFIED.);
#2640 = CARTESIAN_POINT('',(35.016853104047,-4.3,7.390893095462));
#2641 = CARTESIAN_POINT('',(35.016853104047,-3.954887248166,
    7.390893095462));
#2642 = CARTESIAN_POINT('',(34.883274619213,-3.604027849899,
    7.412290106762));
#2643 = CARTESIAN_POINT('',(34.608498286472,-3.310560515051,
    7.456304622305));
#2644 = CARTESIAN_POINT('',(34.223950033206,-3.150927429394,
    7.517902740675));
#2645 = CARTESIAN_POINT('',(33.815241513442,-3.152610068999,
    7.583370924622));
#2646 = CARTESIAN_POINT('',(33.435358892291,-3.311750649642,
    7.644221687733));
#2647 = CARTESIAN_POINT('',(33.160712968868,-3.59976314244,
    7.688215313911));
#2648 = CARTESIAN_POINT('',(33.023146895953,-3.949821672288,
    7.710251069298));
#2649 = CARTESIAN_POINT('',(33.023146895953,-4.650178327712,
    7.710251069298));
#2650 = CARTESIAN_POINT('',(33.160712968869,-5.000236857559,
    7.688215313912));
#2651 = CARTESIAN_POINT('',(33.435358892292,-5.288249350361,
    7.644221687732));
#2652 = CARTESIAN_POINT('',(33.815241513437,-5.447389930997,
    7.583370924623));
#2653 = CARTESIAN_POINT('',(34.223950033212,-5.449072570608,
    7.517902740673));
#2654 = CARTESIAN_POINT('',(34.608498286468,-5.289439484948,
    7.456304622306));
#2655 = CARTESIAN_POINT('',(34.883274619213,-4.995972150101,
    7.412290106761));
#2656 = CARTESIAN_POINT('',(35.016853104047,-4.645112751834,
    7.390893095462));
#2657 = CARTESIAN_POINT('',(35.016853104047,-4.3,7.390893095462));
#2658 = CARTESIAN_POINT('',(34.77,-4.3,7.180434782609));
#2659 = CARTESIAN_POINT('',(34.770000000001,-4.028211325387,
    7.180434782609));
#2660 = CARTESIAN_POINT('',(34.659222077196,-3.751906837456,
    7.197279262357));
#2661 = CARTESIAN_POINT('',(34.431066737965,-3.527413300505,
    7.231983608065));
#2662 = CARTESIAN_POINT('',(34.119295229441,-3.423344605746,
    7.279959576826));
#2663 = CARTESIAN_POINT('',(33.809465368881,-3.454957561592,
    7.330054353389));
#2664 = CARTESIAN_POINT('',(33.546019774713,-3.592848597444,
    7.373990367723));
#2665 = CARTESIAN_POINT('',(33.362189219899,-3.804401997346,
    7.405111426884));
#2666 = CARTESIAN_POINT('',(33.27,-4.052179221771,7.420709382151));
#2667 = CARTESIAN_POINT('',(33.27,-4.547820778229,7.420709382151));
#2668 = CARTESIAN_POINT('',(33.362189219899,-4.795598002654,
    7.405111426884));
#2669 = CARTESIAN_POINT('',(33.546019774714,-5.007151402555,
    7.373990367723));
#2670 = CARTESIAN_POINT('',(33.80946536888,-5.145042438408,
    7.330054353389));
#2671 = CARTESIAN_POINT('',(34.119295229443,-5.176655394254,
    7.279959576826));
#2672 = CARTESIAN_POINT('',(34.431066737962,-5.072586699495,
    7.231983608065));
#2673 = CARTESIAN_POINT('',(34.659222077198,-4.848093162544,
    7.197279262357));
#2674 = CARTESIAN_POINT('',(34.77,-4.571788674613,7.180434782609));
#2675 = CARTESIAN_POINT('',(34.77,-4.3,7.180434782609));
#2676 = ADVANCED_FACE('',(#2677),#2697,.T.);
#2677 = FACE_BOUND('',#2678,.F.);
#2678 = EDGE_LOOP('',(#2679,#2680,#2681,#2690));
#2679 = ORIENTED_EDGE('',*,*,#1758,.F.);
#2680 = ORIENTED_EDGE('',*,*,#752,.T.);
#2681 = ORIENTED_EDGE('',*,*,#2682,.T.);
#2682 = EDGE_CURVE('',#753,#2683,#2685,.T.);
#2683 = VERTEX_POINT('',#2684);
#2684 = CARTESIAN_POINT('',(7.45,-20.8,8.828427124746));
#2685 = CIRCLE('',#2686,0.45);
#2686 = AXIS2_PLACEMENT_3D('',#2687,#2688,#2689);
#2687 = CARTESIAN_POINT('',(7.45,-20.35,8.828427124746));
#2688 = DIRECTION('',(3.9E-16,-0.,1.));
#2689 = DIRECTION('',(1.,0.,-3.9E-16));
#2690 = ORIENTED_EDGE('',*,*,#2691,.F.);
#2691 = EDGE_CURVE('',#1751,#2683,#2692,.T.);
#2692 = CIRCLE('',#2693,2.45);
#2693 = AXIS2_PLACEMENT_3D('',#2694,#2695,#2696);
#2694 = CARTESIAN_POINT('',(5.,-20.8,8.828427124746));
#2695 = DIRECTION('',(0.,-1.,0.));
#2696 = DIRECTION('',(0.707106781187,0.,-0.707106781187));
#2697 = TOROIDAL_SURFACE('',#2698,2.45,0.45);
#2698 = AXIS2_PLACEMENT_3D('',#2699,#2700,#2701);
#2699 = CARTESIAN_POINT('',(5.,-20.35,8.828427124746));
#2700 = DIRECTION('',(0.,1.,0.));
#2701 = DIRECTION('',(0.707106781187,0.,-0.707106781187));
#2702 = ADVANCED_FACE('',(#2703),#2766,.T.);
#2703 = FACE_BOUND('',#2704,.T.);
#2704 = EDGE_LOOP('',(#2705,#2706,#2707,#2708,#2709,#2710,#2711,#2712,
    #2720,#2735,#2743,#2758,#2764,#2765));
#2705 = ORIENTED_EDGE('',*,*,#2187,.F.);
#2706 = ORIENTED_EDGE('',*,*,#2204,.T.);
#2707 = ORIENTED_EDGE('',*,*,#1875,.F.);
#2708 = ORIENTED_EDGE('',*,*,#1857,.F.);
#2709 = ORIENTED_EDGE('',*,*,#1808,.F.);
#2710 = ORIENTED_EDGE('',*,*,#1830,.F.);
#2711 = ORIENTED_EDGE('',*,*,#794,.F.);
#2712 = ORIENTED_EDGE('',*,*,#2713,.F.);
#2713 = EDGE_CURVE('',#2714,#787,#2716,.T.);
#2714 = VERTEX_POINT('',#2715);
#2715 = CARTESIAN_POINT('',(41.880010862481,-19.65000157763,
    5.076233779625));
#2716 = LINE('',#2717,#2718);
#2717 = CARTESIAN_POINT('',(41.7,-19.65,5.105068471556));
#2718 = VECTOR('',#2719,1.);
#2719 = DIRECTION('',(-0.987412416187,-1.E-16,0.158166748588));
#2720 = ORIENTED_EDGE('',*,*,#2721,.F.);
#2721 = EDGE_CURVE('',#2722,#2714,#2724,.T.);
#2722 = VERTEX_POINT('',#2723);
#2723 = CARTESIAN_POINT('',(42.564475721385,-18.8,4.966594099709));
#2724 = B_SPLINE_CURVE_WITH_KNOTS('',9,(#2725,#2726,#2727,#2728,#2729,
    #2730,#2731,#2732,#2733,#2734),.UNSPECIFIED.,.F.,.F.,(10,10),(
    54.319303982442,57.296493888641),.PIECEWISE_BEZIER_KNOTS.);
#2725 = CARTESIAN_POINT('',(42.564475721385,-18.8,4.966594099709));
#2726 = CARTESIAN_POINT('',(42.564475721385,-18.93734097865,
    4.966594099709));
#2727 = CARTESIAN_POINT('',(42.539085001929,-19.09179762246,
    4.970661263009));
#2728 = CARTESIAN_POINT('',(42.4823589445,-19.25011578595,4.979747816831
    ));
#2729 = CARTESIAN_POINT('',(42.395816357415,-19.3927729234,4.9936104738)
  );
#2730 = CARTESIAN_POINT('',(42.28902437123,-19.50970464357,
    5.010716741611));
#2731 = CARTESIAN_POINT('',(42.173891439632,-19.58397498056,
    5.029159087633));
#2732 = CARTESIAN_POINT('',(42.073113724083,-19.62704104115,
    5.045301971131));
#2733 = CARTESIAN_POINT('',(41.978133528603,-19.64983697367,
    5.060516190086));
#2734 = CARTESIAN_POINT('',(41.880010862481,-19.65000157763,
    5.076233779625));
#2735 = ORIENTED_EDGE('',*,*,#2736,.F.);
#2736 = EDGE_CURVE('',#2737,#2722,#2739,.T.);
#2737 = VERTEX_POINT('',#2738);
#2738 = CARTESIAN_POINT('',(42.564475721385,-2.,4.966594099709));
#2739 = LINE('',#2740,#2741);
#2740 = CARTESIAN_POINT('',(42.564475721385,-2.,4.966594099709));
#2741 = VECTOR('',#2742,1.);
#2742 = DIRECTION('',(0.,-1.,0.));
#2743 = ORIENTED_EDGE('',*,*,#2744,.F.);
#2744 = EDGE_CURVE('',#2745,#2737,#2747,.T.);
#2745 = VERTEX_POINT('',#2746);
#2746 = CARTESIAN_POINT('',(41.881891760877,-1.15,5.075932491553));
#2747 = B_SPLINE_CURVE_WITH_KNOTS('',9,(#2748,#2749,#2750,#2751,#2752,
    #2753,#2754,#2755,#2756,#2757),.UNSPECIFIED.,.F.,.F.,(10,10),(
    34.542114076244,37.519303982442),.PIECEWISE_BEZIER_KNOTS.);
#2748 = CARTESIAN_POINT('',(41.880010862481,-1.149998422367,
    5.076233779625));
#2749 = CARTESIAN_POINT('',(41.978133528604,-1.150163026321,
    5.060516190086));
#2750 = CARTESIAN_POINT('',(42.073113724079,-1.172958958849,
    5.04530197113));
#2751 = CARTESIAN_POINT('',(42.173891439643,-1.216025019436,
    5.029159087634));
#2752 = CARTESIAN_POINT('',(42.289024371215,-1.290295356423,
    5.01071674161));
#2753 = CARTESIAN_POINT('',(42.395816357429,-1.407227076597,
    4.993610473802));
#2754 = CARTESIAN_POINT('',(42.48235894449,-1.549884214046,4.97974781683
    ));
#2755 = CARTESIAN_POINT('',(42.539085001933,-1.70820237754,
    4.970661263009));
#2756 = CARTESIAN_POINT('',(42.564475721384,-1.862659021347,
    4.966594099709));
#2757 = CARTESIAN_POINT('',(42.564475721385,-2.,4.966594099709));
#2758 = ORIENTED_EDGE('',*,*,#2759,.F.);
#2759 = EDGE_CURVE('',#2065,#2745,#2760,.T.);
#2760 = LINE('',#2761,#2762);
#2761 = CARTESIAN_POINT('',(7.774824832375,-1.15,10.539307056759));
#2762 = VECTOR('',#2763,1.);
#2763 = DIRECTION('',(0.987412416187,7.E-17,-0.158166748588));
#2764 = ORIENTED_EDGE('',*,*,#2064,.T.);
#2765 = ORIENTED_EDGE('',*,*,#2129,.T.);
#2766 = PLANE('',#2767);
#2767 = AXIS2_PLACEMENT_3D('',#2768,#2769,#2770);
#2768 = CARTESIAN_POINT('',(29.102839690772,-10.4,7.122920237336));
#2769 = DIRECTION('',(0.158166748588,0.,0.987412416187));
#2770 = DIRECTION('',(0.987412416187,0.,-0.158166748588));
#2771 = ADVANCED_FACE('',(#2772),#2813,.T.);
#2772 = FACE_BOUND('',#2773,.T.);
#2773 = EDGE_LOOP('',(#2774,#2775,#2798,#2806,#2811,#2812));
#2774 = ORIENTED_EDGE('',*,*,#840,.T.);
#2775 = ORIENTED_EDGE('',*,*,#2776,.T.);
#2776 = EDGE_CURVE('',#841,#2777,#2779,.T.);
#2777 = VERTEX_POINT('',#2778);
#2778 = CARTESIAN_POINT('',(7.519786764867,-20.8,9.415499577833));
#2779 = B_SPLINE_CURVE_WITH_KNOTS('',5,(#2780,#2781,#2782,#2783,#2784,
    #2785,#2786,#2787,#2788,#2789,#2790,#2791,#2792,#2793,#2794,#2795,
    #2796,#2797),.UNSPECIFIED.,.F.,.F.,(6,4,4,4,6),(0.,0.279731473442,
    0.548934674387,0.776245096696,1.),.UNSPECIFIED.);
#2780 = CARTESIAN_POINT('',(7.245229658487,-20.35,9.915215599962));
#2781 = CARTESIAN_POINT('',(7.226350307555,-20.38707614375,
    9.880690959961));
#2782 = CARTESIAN_POINT('',(7.212330124701,-20.42445969836,
    9.845076633768));
#2783 = CARTESIAN_POINT('',(7.203411607512,-20.46165677173,
    9.808833965644));
#2784 = CARTESIAN_POINT('',(7.199727555524,-20.49811541293,
    9.772500670568));
#2785 = CARTESIAN_POINT('',(7.20271468513,-20.56706182177,9.702196841822
    ));
#2786 = CARTESIAN_POINT('',(7.209001184865,-20.59964704909,
    9.668189225559));
#2787 = CARTESIAN_POINT('',(7.220084425187,-20.63048523237,
    9.635182568118));
#2788 = CARTESIAN_POINT('',(7.235797260435,-20.65902138902,
    9.603765700961));
#2789 = CARTESIAN_POINT('',(7.272667788868,-20.70644678116,
    9.549829693202));
#2790 = CARTESIAN_POINT('',(7.292597664719,-20.7261463198,9.526686595209
    ));
#2791 = CARTESIAN_POINT('',(7.31536608228,-20.7435201726,9.505444144714)
  );
#2792 = CARTESIAN_POINT('',(7.340664141655,-20.75827402313,
    9.486449890615));
#2793 = CARTESIAN_POINT('',(7.395101802893,-20.78193716746,
    9.453765095821));
#2794 = CARTESIAN_POINT('',(7.424177778387,-20.79093551811,
    9.439994554823));
#2795 = CARTESIAN_POINT('',(7.454946124968,-20.79699213585,
    9.428932158903));
#2796 = CARTESIAN_POINT('',(7.486962305016,-20.8,9.420757500463));
#2797 = CARTESIAN_POINT('',(7.519786764867,-20.8,9.415499577833));
#2798 = ORIENTED_EDGE('',*,*,#2799,.F.);
#2799 = EDGE_CURVE('',#2800,#2777,#2802,.T.);
#2800 = VERTEX_POINT('',#2801);
#2801 = CARTESIAN_POINT('',(41.7,-20.8,3.940408212937));
#2802 = LINE('',#2803,#2804);
#2803 = CARTESIAN_POINT('',(41.518108239123,-20.8,3.96954419294));
#2804 = VECTOR('',#2805,1.);
#2805 = DIRECTION('',(-0.987412416187,-1.E-16,0.158166748588));
#2806 = ORIENTED_EDGE('',*,*,#2807,.F.);
#2807 = EDGE_CURVE('',#2714,#2800,#2808,.T.);
#2808 = B_SPLINE_CURVE_WITH_KNOTS('',1,(#2809,#2810),.UNSPECIFIED.,.F.,
  .F.,(2,2),(0.,2.977189906199),.PIECEWISE_BEZIER_KNOTS.);
#2809 = CARTESIAN_POINT('',(41.880010862481,-19.65000157763,
    5.076233779625));
#2810 = CARTESIAN_POINT('',(41.7,-20.8,3.940408212937));
#2811 = ORIENTED_EDGE('',*,*,#2713,.T.);
#2812 = ORIENTED_EDGE('',*,*,#786,.T.);
#2813 = PLANE('',#2814);
#2814 = AXIS2_PLACEMENT_3D('',#2815,#2816,#2817);
#2815 = CARTESIAN_POINT('',(41.609054119562,-20.225,4.537306332248));
#2816 = DIRECTION('',(0.111840780485,-0.707106781187,0.698206015314));
#2817 = DIRECTION('',(-0.987412416187,-5.551115123126E-17,0.158166748588
    ));
#2818 = ADVANCED_FACE('',(#2819),#2838,.T.);
#2819 = FACE_BOUND('',#2820,.T.);
#2820 = EDGE_LOOP('',(#2821,#2822,#2830,#2837));
#2821 = ORIENTED_EDGE('',*,*,#2682,.T.);
#2822 = ORIENTED_EDGE('',*,*,#2823,.T.);
#2823 = EDGE_CURVE('',#2683,#2824,#2826,.T.);
#2824 = VERTEX_POINT('',#2825);
#2825 = CARTESIAN_POINT('',(7.45,-20.8,8.955642231976));
#2826 = LINE('',#2827,#2828);
#2827 = CARTESIAN_POINT('',(7.45,-20.8,8.828427124746));
#2828 = VECTOR('',#2829,1.);
#2829 = DIRECTION('',(0.,0.,1.));
#2830 = ORIENTED_EDGE('',*,*,#2831,.F.);
#2831 = EDGE_CURVE('',#817,#2824,#2832,.T.);
#2832 = CIRCLE('',#2833,0.45);
#2833 = AXIS2_PLACEMENT_3D('',#2834,#2835,#2836);
#2834 = CARTESIAN_POINT('',(7.45,-20.35,8.955642231976));
#2835 = DIRECTION('',(0.,0.,1.));
#2836 = DIRECTION('',(-1.,0.,0.));
#2837 = ORIENTED_EDGE('',*,*,#824,.F.);
#2838 = CYLINDRICAL_SURFACE('',#2839,0.45);
#2839 = AXIS2_PLACEMENT_3D('',#2840,#2841,#2842);
#2840 = CARTESIAN_POINT('',(7.45,-20.35,8.828427124746));
#2841 = DIRECTION('',(0.,0.,1.));
#2842 = DIRECTION('',(-1.,0.,0.));
#2843 = ADVANCED_FACE('',(#2844),#2856,.T.);
#2844 = FACE_BOUND('',#2845,.F.);
#2845 = EDGE_LOOP('',(#2846,#2847,#2848,#2849));
#2846 = ORIENTED_EDGE('',*,*,#2831,.F.);
#2847 = ORIENTED_EDGE('',*,*,#849,.T.);
#2848 = ORIENTED_EDGE('',*,*,#2776,.T.);
#2849 = ORIENTED_EDGE('',*,*,#2850,.F.);
#2850 = EDGE_CURVE('',#2824,#2777,#2851,.T.);
#2851 = CIRCLE('',#2852,1.55);
#2852 = AXIS2_PLACEMENT_3D('',#2853,#2854,#2855);
#2853 = CARTESIAN_POINT('',(9.,-20.8,8.955642231976));
#2854 = DIRECTION('',(0.,1.,-0.));
#2855 = DIRECTION('',(-1.,0.,0.));
#2856 = TOROIDAL_SURFACE('',#2857,1.55,0.45);
#2857 = AXIS2_PLACEMENT_3D('',#2858,#2859,#2860);
#2858 = CARTESIAN_POINT('',(9.,-20.35,8.955642231976));
#2859 = DIRECTION('',(0.,-1.,0.));
#2860 = DIRECTION('',(-1.,0.,0.));
#2861 = ADVANCED_FACE('',(#2862),#2881,.F.);
#2862 = FACE_BOUND('',#2863,.F.);
#2863 = EDGE_LOOP('',(#2864,#2872,#2873,#2874));
#2864 = ORIENTED_EDGE('',*,*,#2865,.F.);
#2865 = EDGE_CURVE('',#868,#2866,#2868,.T.);
#2866 = VERTEX_POINT('',#2867);
#2867 = CARTESIAN_POINT('',(4.45,-4.25,9.5));
#2868 = LINE('',#2869,#2870);
#2869 = CARTESIAN_POINT('',(4.45,-16.8,9.5));
#2870 = VECTOR('',#2871,1.);
#2871 = DIRECTION('',(0.,1.,-2.2E-16));
#2872 = ORIENTED_EDGE('',*,*,#877,.F.);
#2873 = ORIENTED_EDGE('',*,*,#2865,.T.);
#2874 = ORIENTED_EDGE('',*,*,#2875,.T.);
#2875 = EDGE_CURVE('',#2866,#2866,#2876,.T.);
#2876 = CIRCLE('',#2877,0.95);
#2877 = AXIS2_PLACEMENT_3D('',#2878,#2879,#2880);
#2878 = CARTESIAN_POINT('',(3.5,-4.25,9.5));
#2879 = DIRECTION('',(0.,-1.,0.));
#2880 = DIRECTION('',(1.,0.,-3.74E-15));
#2881 = CYLINDRICAL_SURFACE('',#2882,0.95);
#2882 = AXIS2_PLACEMENT_3D('',#2883,#2884,#2885);
#2883 = CARTESIAN_POINT('',(3.5,-16.8,9.5));
#2884 = DIRECTION('',(0.,-1.,2.2E-16));
#2885 = DIRECTION('',(1.,0.,0.));
#2886 = ADVANCED_FACE('',(#2887),#2968,.T.);
#2887 = FACE_BOUND('',#2888,.F.);
#2888 = EDGE_LOOP('',(#2889,#2890,#2952,#2960,#2966,#2967));
#2889 = ORIENTED_EDGE('',*,*,#987,.T.);
#2890 = ORIENTED_EDGE('',*,*,#2891,.T.);
#2891 = EDGE_CURVE('',#988,#2892,#2894,.T.);
#2892 = VERTEX_POINT('',#2893);
#2893 = CARTESIAN_POINT('',(1.681801948466,-0.45,2.681801948466));
#2894 = ( BOUNDED_CURVE() B_SPLINE_CURVE(12,(#2895,#2896,#2897,#2898,
    #2899,#2900,#2901,#2902,#2903,#2904,#2905,#2906,#2907,#2908,#2909,
    #2910,#2911,#2912,#2913,#2914,#2915,#2916,#2917,#2918,#2919,#2920,
    #2921,#2922,#2923,#2924,#2925,#2926,#2927,#2928,#2929,#2930,#2931,
    #2932,#2933,#2934,#2935,#2936,#2937,#2938,#2939,#2940,#2941,#2942,
    #2943,#2944,#2945,#2946,#2947,#2948,#2949,#2950,#2951),
.UNSPECIFIED.,.F.,.F.) B_SPLINE_CURVE_WITH_KNOTS((13,11,11,11,11,13),(
    -1.77555511766,-1.553610727952,-1.331666338245,-0.88777755883,0.,
0.730711991371),.UNSPECIFIED.) CURVE() GEOMETRIC_REPRESENTATION_ITEM() 
RATIONAL_B_SPLINE_CURVE((1.,1.,1.000000000001,0.999999999998,
    1.000000000004,0.999999999994,1.000000000006,0.999999999995,
    1.000000000003,0.999999999998,1.000000000001,1.,1.,1.,1.000000000001
    ,0.999999999999,1.000000000002,0.999999999998,1.000000000001,
    0.999999999999,1.,1.,1.,1.,1.,1.000000000001,0.999999999999,
    1.000000000002,0.999999999998,1.000000000002,0.999999999999,
    1.000000000001,1.,1.,1.,1.,0.999999999999,1.000000000001,
    0.999999999999,1.000000000001,0.999999999999,1.,1.,1.,1.,1.,1.,
    1.000000000001,0.999999999999,1.000000000001,0.999999999999,1.,1.,1.
,1.,1.,1.)) REPRESENTATION_ITEM('') );
#2895 = CARTESIAN_POINT('',(1.866030491749E-02,-2.138492390772,
    1.018660304917));
#2896 = CARTESIAN_POINT('',(1.87720525657E-02,-2.017493763125,
    1.018772052566));
#2897 = CARTESIAN_POINT('',(2.931626948739E-02,-1.939557280951,
    1.029316269488));
#2898 = CARTESIAN_POINT('',(3.84280120309E-02,-1.858812875292,
    1.038428012031));
#2899 = CARTESIAN_POINT('',(5.438354823995E-02,-1.806983030583,
    1.054383548241));
#2900 = CARTESIAN_POINT('',(6.486185211194E-02,-1.736557396414,
    1.064861852111));
#2901 = CARTESIAN_POINT('',(8.295804524336E-02,-1.697817035929,
    1.082958045245));
#2902 = CARTESIAN_POINT('',(9.561746146932E-02,-1.64046042829,
    1.095617461468));
#2903 = CARTESIAN_POINT('',(0.112571274938,-1.601838619773,
    1.112571274939));
#2904 = CARTESIAN_POINT('',(0.127747515346,-1.558522437649,
    1.127747515346));
#2905 = CARTESIAN_POINT('',(0.143786302536,-1.520596016416,
    1.143786302536));
#2906 = CARTESIAN_POINT('',(0.159733776558,-1.484323516879,
    1.159733776558));
#2907 = CARTESIAN_POINT('',(0.19172469421,-1.416029435539,1.19172469421)
  );
#2908 = CARTESIAN_POINT('',(0.207746869555,-1.383925904512,
    1.207746869555));
#2909 = CARTESIAN_POINT('',(0.223751272068,-1.353630856491,
    1.223751272068));
#2910 = CARTESIAN_POINT('',(0.239702583153,-1.324947059402,
    1.239702583153));
#2911 = CARTESIAN_POINT('',(0.255573448045,-1.2977102626,1.255573448047)
  );
#2912 = CARTESIAN_POINT('',(0.271343268891,-1.271784383735,1.27134326889
    ));
#2913 = CARTESIAN_POINT('',(0.28699699781,-1.24705669562,1.286996997811)
  );
#2914 = CARTESIAN_POINT('',(0.302523929991,-1.223433013099,1.30252392999
    ));
#2915 = CARTESIAN_POINT('',(0.317916496743,-1.200832879913,
    1.317916496743));
#2916 = CARTESIAN_POINT('',(0.333169058592,-1.179184755569,
    1.333169058592));
#2917 = CARTESIAN_POINT('',(0.348276698344,-1.158421202208,
    1.348276698344));
#2918 = CARTESIAN_POINT('',(0.3931486458,-1.098579809988,1.3931486458));
#2919 = CARTESIAN_POINT('',(0.422463515803,-1.061956260693,
    1.422463515803));
#2920 = CARTESIAN_POINT('',(0.451161137586,-1.028161185369,
    1.451161137586));
#2921 = CARTESIAN_POINT('',(0.479238307914,-0.996825963485,
    1.479238307914));
#2922 = CARTESIAN_POINT('',(0.506704040194,-0.967646194565,
    1.506704040194));
#2923 = CARTESIAN_POINT('',(0.533577497746,-0.940372300564,
    1.533577497747));
#2924 = CARTESIAN_POINT('',(0.559885927107,-0.914800128246,
    1.559885927107));
#2925 = CARTESIAN_POINT('',(0.585662591292,-0.890761551558,
    1.585662591293));
#2926 = CARTESIAN_POINT('',(0.610944703101,-0.868115074007,
    1.610944703101));
#2927 = CARTESIAN_POINT('',(0.635771358386,-0.846736431033,
    1.635771358386));
#2928 = CARTESIAN_POINT('',(0.660181469345,-0.826509192389,
    1.660181469345));
#2929 = CARTESIAN_POINT('',(0.732272154719,-0.768927708757,
    1.732272154719));
#2930 = CARTESIAN_POINT('',(0.778822850847,-0.734706076911,
    1.778822850847));
#2931 = CARTESIAN_POINT('',(0.824184900017,-0.70386846405,1.824184900017
    ));
#2932 = CARTESIAN_POINT('',(0.868700067248,-0.675814341169,
    1.868700067248));
#2933 = CARTESIAN_POINT('',(0.912704770002,-0.650095206392,
    1.912704770001));
#2934 = CARTESIAN_POINT('',(0.95650795209,-0.626387950187,1.95650795209)
  );
#2935 = CARTESIAN_POINT('',(1.000372830252,-0.604471034672,
    2.000372830252));
#2936 = CARTESIAN_POINT('',(1.044502513383,-0.584203486909,
    2.044502513384));
#2937 = CARTESIAN_POINT('',(1.089029494435,-0.565506706297,
    2.089029494435));
#2938 = CARTESIAN_POINT('',(1.134009014961,-0.548349085956,
    2.134009014961));
#2939 = CARTESIAN_POINT('',(1.179416302342,-0.532733448198,
    2.179416302342));
#2940 = CARTESIAN_POINT('',(1.262788263667,-0.507126184805,
    2.262788263667));
#2941 = CARTESIAN_POINT('',(1.300650107508,-0.496626988863,
    2.300650107508));
#2942 = CARTESIAN_POINT('',(1.338686090951,-0.487195516201,
    2.338686090951));
#2943 = CARTESIAN_POINT('',(1.376850569647,-0.478834913281,
    2.376850569647));
#2944 = CARTESIAN_POINT('',(1.415099375135,-0.471545662999,
    2.415099375134));
#2945 = CARTESIAN_POINT('',(1.453389814834,-0.465325584691,
    2.453389814835));
#2946 = CARTESIAN_POINT('',(1.491680672053,-0.460169834124,
    2.491680672052));
#2947 = CARTESIAN_POINT('',(1.529932205977,-0.456070903511,
    2.529932205977));
#2948 = CARTESIAN_POINT('',(1.568106151682,-0.453018621491,
    2.568106151682));
#2949 = CARTESIAN_POINT('',(1.606165720124,-0.451000153149,
    2.606165720124));
#2950 = CARTESIAN_POINT('',(1.644075598143,-0.45,2.644075598143));
#2951 = CARTESIAN_POINT('',(1.681801948466,-0.45,2.681801948466));
#2952 = ORIENTED_EDGE('',*,*,#2953,.T.);
#2953 = EDGE_CURVE('',#2892,#2954,#2956,.T.);
#2954 = VERTEX_POINT('',#2955);
#2955 = CARTESIAN_POINT('',(6.414213562373,-0.45,7.414213562373));
#2956 = LINE('',#2957,#2958);
#2957 = CARTESIAN_POINT('',(2.,-0.45,3.));
#2958 = VECTOR('',#2959,1.);
#2959 = DIRECTION('',(0.707106781187,-1.7E-16,0.707106781187));
#2960 = ORIENTED_EDGE('',*,*,#2961,.F.);
#2961 = EDGE_CURVE('',#902,#2954,#2962,.T.);
#2962 = LINE('',#2963,#2964);
#2963 = CARTESIAN_POINT('',(6.414213562373,-4.,7.414213562373));
#2964 = VECTOR('',#2965,1.);
#2965 = DIRECTION('',(0.,1.,0.));
#2966 = ORIENTED_EDGE('',*,*,#901,.F.);
#2967 = ORIENTED_EDGE('',*,*,#963,.T.);
#2968 = PLANE('',#2969);
#2969 = AXIS2_PLACEMENT_3D('',#2970,#2971,#2972);
#2970 = CARTESIAN_POINT('',(6.,-4.,7.));
#2971 = DIRECTION('',(-0.707106781187,0.,0.707106781187));
#2972 = DIRECTION('',(-0.,-1.,-0.));
#2973 = ADVANCED_FACE('',(#2974),#2993,.F.);
#2974 = FACE_BOUND('',#2975,.T.);
#2975 = EDGE_LOOP('',(#2976,#2977,#2978,#2986));
#2976 = ORIENTED_EDGE('',*,*,#2961,.F.);
#2977 = ORIENTED_EDGE('',*,*,#909,.T.);
#2978 = ORIENTED_EDGE('',*,*,#2979,.T.);
#2979 = EDGE_CURVE('',#910,#2980,#2982,.T.);
#2980 = VERTEX_POINT('',#2981);
#2981 = CARTESIAN_POINT('',(7.,-0.45,8.828427124746));
#2982 = LINE('',#2983,#2984);
#2983 = CARTESIAN_POINT('',(7.,-4.,8.828427124746));
#2984 = VECTOR('',#2985,1.);
#2985 = DIRECTION('',(0.,1.,0.));
#2986 = ORIENTED_EDGE('',*,*,#2987,.F.);
#2987 = EDGE_CURVE('',#2954,#2980,#2988,.T.);
#2988 = CIRCLE('',#2989,2.);
#2989 = AXIS2_PLACEMENT_3D('',#2990,#2991,#2992);
#2990 = CARTESIAN_POINT('',(5.,-0.45,8.828427124746));
#2991 = DIRECTION('',(-2.465190328816E-32,-1.,-2.4E-16));
#2992 = DIRECTION('',(0.707106781187,1.697056274848E-16,-0.707106781187)
  );
#2993 = CYLINDRICAL_SURFACE('',#2994,2.);
#2994 = AXIS2_PLACEMENT_3D('',#2995,#2996,#2997);
#2995 = CARTESIAN_POINT('',(5.,-4.,8.828427124746));
#2996 = DIRECTION('',(0.,1.,0.));
#2997 = DIRECTION('',(0.707106781187,0.,-0.707106781187));
#2998 = ADVANCED_FACE('',(#2999),#3017,.F.);
#2999 = FACE_BOUND('',#3000,.F.);
#3000 = EDGE_LOOP('',(#3001,#3009,#3010,#3011));
#3001 = ORIENTED_EDGE('',*,*,#3002,.F.);
#3002 = EDGE_CURVE('',#919,#3003,#3005,.T.);
#3003 = VERTEX_POINT('',#3004);
#3004 = CARTESIAN_POINT('',(7.,-0.45,8.955642231976));
#3005 = LINE('',#3006,#3007);
#3006 = CARTESIAN_POINT('',(7.,-4.,8.955642231976));
#3007 = VECTOR('',#3008,1.);
#3008 = DIRECTION('',(0.,1.,-2.2E-16));
#3009 = ORIENTED_EDGE('',*,*,#918,.T.);
#3010 = ORIENTED_EDGE('',*,*,#2979,.T.);
#3011 = ORIENTED_EDGE('',*,*,#3012,.T.);
#3012 = EDGE_CURVE('',#2980,#3003,#3013,.T.);
#3013 = LINE('',#3014,#3015);
#3014 = CARTESIAN_POINT('',(7.,-0.45,8.828427124746));
#3015 = VECTOR('',#3016,1.);
#3016 = DIRECTION('',(0.,0.,1.));
#3017 = PLANE('',#3018);
#3018 = AXIS2_PLACEMENT_3D('',#3019,#3020,#3021);
#3019 = CARTESIAN_POINT('',(7.,-4.,13.));
#3020 = DIRECTION('',(1.,0.,0.));
#3021 = DIRECTION('',(0.,1.,0.));
#3022 = ADVANCED_FACE('',(#3023),#3044,.T.);
#3023 = FACE_BOUND('',#3024,.T.);
#3024 = EDGE_LOOP('',(#3025,#3034,#3041,#3042,#3043));
#3025 = ORIENTED_EDGE('',*,*,#3026,.T.);
#3026 = EDGE_CURVE('',#2073,#3027,#3029,.T.);
#3027 = VERTEX_POINT('',#3028);
#3028 = CARTESIAN_POINT('',(7.245229682745,-0.45,9.915215644321));
#3029 = ELLIPSE('',#3030,2.828427124746,2.);
#3030 = AXIS2_PLACEMENT_3D('',#3031,#3032,#3033);
#3031 = CARTESIAN_POINT('',(9.,0.219948338355,8.955642231976));
#3032 = DIRECTION('',(-0.111840780485,-0.707106781187,-0.698206015314));
#3033 = DIRECTION('',(-0.111840780485,0.707106781187,-0.698206015314));
#3034 = ORIENTED_EDGE('',*,*,#3035,.F.);
#3035 = EDGE_CURVE('',#3003,#3027,#3036,.T.);
#3036 = CIRCLE('',#3037,2.);
#3037 = AXIS2_PLACEMENT_3D('',#3038,#3039,#3040);
#3038 = CARTESIAN_POINT('',(9.,-0.45,8.955642231976));
#3039 = DIRECTION('',(0.,1.,2.4E-16));
#3040 = DIRECTION('',(-1.,2.256E-31,-9.4E-16));
#3041 = ORIENTED_EDGE('',*,*,#3002,.F.);
#3042 = ORIENTED_EDGE('',*,*,#926,.T.);
#3043 = ORIENTED_EDGE('',*,*,#2080,.T.);
#3044 = CYLINDRICAL_SURFACE('',#3045,2.);
#3045 = AXIS2_PLACEMENT_3D('',#3046,#3047,#3048);
#3046 = CARTESIAN_POINT('',(9.,-4.,8.955642231976));
#3047 = DIRECTION('',(0.,1.,-2.2E-16));
#3048 = DIRECTION('',(-1.,0.,0.));
#3049 = ADVANCED_FACE('',(#3050),#3061,.F.);
#3050 = FACE_BOUND('',#3051,.T.);
#3051 = EDGE_LOOP('',(#3052,#3058,#3059,#3060));
#3052 = ORIENTED_EDGE('',*,*,#3053,.F.);
#3053 = EDGE_CURVE('',#2866,#947,#3054,.T.);
#3054 = LINE('',#3055,#3056);
#3055 = CARTESIAN_POINT('',(4.45,-4.25,9.5));
#3056 = VECTOR('',#3057,1.);
#3057 = DIRECTION('',(0.707106781187,0.707106781187,-2.64E-15));
#3058 = ORIENTED_EDGE('',*,*,#2875,.T.);
#3059 = ORIENTED_EDGE('',*,*,#3053,.T.);
#3060 = ORIENTED_EDGE('',*,*,#946,.F.);
#3061 = CONICAL_SURFACE('',#3062,0.95,0.785398163397);
#3062 = AXIS2_PLACEMENT_3D('',#3063,#3064,#3065);
#3063 = CARTESIAN_POINT('',(3.5,-4.25,9.5));
#3064 = DIRECTION('',(0.,1.,0.));
#3065 = DIRECTION('',(1.,0.,-3.74E-15));
#3066 = ADVANCED_FACE('',(#3067),#3078,.F.);
#3067 = FACE_BOUND('',#3068,.F.);
#3068 = EDGE_LOOP('',(#3069,#3070,#3071,#3077));
#3069 = ORIENTED_EDGE('',*,*,#1006,.T.);
#3070 = ORIENTED_EDGE('',*,*,#1044,.T.);
#3071 = ORIENTED_EDGE('',*,*,#3072,.F.);
#3072 = EDGE_CURVE('',#2892,#1037,#3073,.T.);
#3073 = ( BOUNDED_CURVE() B_SPLINE_CURVE(2,(#3074,#3075,#3076),
.UNSPECIFIED.,.F.,.F.) B_SPLINE_CURVE_WITH_KNOTS((3,3),(0.,
2.506267109031),.PIECEWISE_BEZIER_KNOTS.) CURVE() 
GEOMETRIC_REPRESENTATION_ITEM() RATIONAL_B_SPLINE_CURVE((1.,
0.707106781187,1.)) REPRESENTATION_ITEM('') );
#3074 = CARTESIAN_POINT('',(1.681801948466,-0.45,2.681801948466));
#3075 = CARTESIAN_POINT('',(1.681801948466,-1.33E-15,2.681801948466));
#3076 = CARTESIAN_POINT('',(2.,-1.11E-15,2.363603896932));
#3077 = ORIENTED_EDGE('',*,*,#2891,.F.);
#3078 = ( BOUNDED_SURFACE() B_SPLINE_SURFACE(2,12,(
    (#3079,#3080,#3081,#3082,#3083,#3084,#3085,#3086,#3087,#3088,#3089
      ,#3090,#3091,#3092,#3093,#3094,#3095,#3096,#3097,#3098,#3099,#3100
      ,#3101,#3102,#3103,#3104,#3105,#3106,#3107,#3108,#3109,#3110,#3111
      ,#3112,#3113,#3114,#3115,#3116,#3117,#3118,#3119,#3120,#3121,#3122
      ,#3123,#3124,#3125,#3126,#3127,#3128,#3129,#3130,#3131,#3132,#3133
      ,#3134,#3135)
    ,(#3136,#3137,#3138,#3139,#3140,#3141,#3142,#3143,#3144,#3145,#3146
      ,#3147,#3148,#3149,#3150,#3151,#3152,#3153,#3154,#3155,#3156,#3157
      ,#3158,#3159,#3160,#3161,#3162,#3163,#3164,#3165,#3166,#3167,#3168
      ,#3169,#3170,#3171,#3172,#3173,#3174,#3175,#3176,#3177,#3178,#3179
      ,#3180,#3181,#3182,#3183,#3184,#3185,#3186,#3187,#3188,#3189,#3190
      ,#3191,#3192)
    ,(#3193,#3194,#3195,#3196,#3197,#3198,#3199,#3200,#3201,#3202,#3203
      ,#3204,#3205,#3206,#3207,#3208,#3209,#3210,#3211,#3212,#3213,#3214
      ,#3215,#3216,#3217,#3218,#3219,#3220,#3221,#3222,#3223,#3224,#3225
      ,#3226,#3227,#3228,#3229,#3230,#3231,#3232,#3233,#3234,#3235,#3236
      ,#3237,#3238,#3239,#3240,#3241,#3242,#3243,#3244,#3245,#3246,#3247
      ,#3248,#3249
)),.UNSPECIFIED.,.F.,.F.,.F.) B_SPLINE_SURFACE_WITH_KNOTS((3,3),(13,11,
    11,11,11,13),(0.,2.506267109031),(-1.77555511766,-1.553610727952,
    -1.331666338245,-0.88777755883,0.,0.730711991371),.UNSPECIFIED.) 
GEOMETRIC_REPRESENTATION_ITEM() RATIONAL_B_SPLINE_SURFACE((
    (1.,1.,1.000000000001,0.999999999998,1.000000000004,0.999999999994
      ,1.000000000006,0.999999999995,1.000000000003,0.999999999998
      ,1.000000000001,1.,1.,1.,1.000000000001,0.999999999999
      ,1.000000000002,0.999999999998,1.000000000001,0.999999999999,1.,1.
      ,1.,1.,1.,1.000000000001,0.999999999999,1.000000000002
      ,0.999999999998,1.000000000002,0.999999999999,1.000000000001,1.,1.
      ,1.,1.,0.999999999999,1.000000000001,0.999999999999,1.000000000001
      ,0.999999999999,1.,1.,1.,1.,1.,1.,1.000000000001,0.999999999999
      ,1.000000000001,0.999999999999,1.,1.,1.,1.,1.,1.)
    ,(0.986053977314,0.978158711959,0.971477102543,0.965378596066
      ,0.959920263413,0.95474681947,0.950057634872,0.945550193117
      ,0.941373525278,0.937383666421,0.933606006529,0.930002968454
      ,0.923117790036,0.919834903391,0.916694898265,0.913683391221
      ,0.910788142153,0.907998759999,0.905306408465,0.902703511744
      ,0.900183460232,0.897740316249,0.895368519758,0.888450742737
      ,0.884102367106,0.8799799105,0.876051279141,0.872289173489
      ,0.868670419551,0.865175300223,0.86178688658,0.85849036923
      ,0.855272389604,0.852120371299,0.842824811555,0.836844406648
      ,0.83099207558,0.825197531361,0.819405316776,0.813571998081
      ,0.807663996658,0.801656058717,0.795530362933,0.789276266134
      ,0.782890686939,0.771019592743,0.765574309504,0.760046239089
      ,0.754438443827,0.748754087005,0.742996432852,0.737168846561
      ,0.731274794267,0.725317843063,0.719301660992,0.713230017051
      ,0.707106781187)
    ,(1.,1.,1.000000000001,0.999999999998,1.000000000004,0.999999999994
      ,1.000000000006,0.999999999995,1.000000000003,0.999999999998
      ,1.000000000001,1.,1.,1.,1.000000000001,0.999999999999
      ,1.000000000002,0.999999999998,1.000000000001,0.999999999999,1.,1.
      ,1.,1.,1.,1.000000000001,0.999999999999,1.000000000002
      ,0.999999999998,1.000000000002,0.999999999999,1.000000000001,1.,1.
      ,1.,1.,0.999999999999,1.000000000001,0.999999999999,1.000000000001
      ,0.999999999999,1.,1.,1.,1.,1.,1.,1.000000000001,0.999999999999
      ,1.000000000001,0.999999999999,1.,1.,1.,1.,1.,1.
))) REPRESENTATION_ITEM('') SURFACE() );
#3079 = CARTESIAN_POINT('',(1.866030491749E-02,-2.138492390772,
    1.018660304917));
#3080 = CARTESIAN_POINT('',(1.87720525657E-02,-2.017493763125,
    1.018772052566));
#3081 = CARTESIAN_POINT('',(2.931626948739E-02,-1.939557280951,
    1.029316269488));
#3082 = CARTESIAN_POINT('',(3.84280120309E-02,-1.858812875292,
    1.038428012031));
#3083 = CARTESIAN_POINT('',(5.438354823995E-02,-1.806983030583,
    1.054383548241));
#3084 = CARTESIAN_POINT('',(6.486185211194E-02,-1.736557396414,
    1.064861852111));
#3085 = CARTESIAN_POINT('',(8.295804524336E-02,-1.697817035929,
    1.082958045245));
#3086 = CARTESIAN_POINT('',(9.561746146932E-02,-1.64046042829,
    1.095617461468));
#3087 = CARTESIAN_POINT('',(0.112571274938,-1.601838619773,
    1.112571274939));
#3088 = CARTESIAN_POINT('',(0.127747515346,-1.558522437649,
    1.127747515346));
#3089 = CARTESIAN_POINT('',(0.143786302536,-1.520596016416,
    1.143786302536));
#3090 = CARTESIAN_POINT('',(0.159733776558,-1.484323516879,
    1.159733776558));
#3091 = CARTESIAN_POINT('',(0.19172469421,-1.416029435539,1.19172469421)
  );
#3092 = CARTESIAN_POINT('',(0.207746869555,-1.383925904512,
    1.207746869555));
#3093 = CARTESIAN_POINT('',(0.223751272068,-1.353630856491,
    1.223751272068));
#3094 = CARTESIAN_POINT('',(0.239702583153,-1.324947059402,
    1.239702583153));
#3095 = CARTESIAN_POINT('',(0.255573448045,-1.2977102626,1.255573448047)
  );
#3096 = CARTESIAN_POINT('',(0.271343268891,-1.271784383735,1.27134326889
    ));
#3097 = CARTESIAN_POINT('',(0.28699699781,-1.24705669562,1.286996997811)
  );
#3098 = CARTESIAN_POINT('',(0.302523929991,-1.223433013099,1.30252392999
    ));
#3099 = CARTESIAN_POINT('',(0.317916496743,-1.200832879913,
    1.317916496743));
#3100 = CARTESIAN_POINT('',(0.333169058592,-1.179184755569,
    1.333169058592));
#3101 = CARTESIAN_POINT('',(0.348276698344,-1.158421202208,
    1.348276698344));
#3102 = CARTESIAN_POINT('',(0.3931486458,-1.098579809988,1.3931486458));
#3103 = CARTESIAN_POINT('',(0.422463515803,-1.061956260693,
    1.422463515803));
#3104 = CARTESIAN_POINT('',(0.451161137586,-1.028161185369,
    1.451161137586));
#3105 = CARTESIAN_POINT('',(0.479238307914,-0.996825963485,
    1.479238307914));
#3106 = CARTESIAN_POINT('',(0.506704040194,-0.967646194565,
    1.506704040194));
#3107 = CARTESIAN_POINT('',(0.533577497746,-0.940372300564,
    1.533577497747));
#3108 = CARTESIAN_POINT('',(0.559885927107,-0.914800128246,
    1.559885927107));
#3109 = CARTESIAN_POINT('',(0.585662591292,-0.890761551558,
    1.585662591293));
#3110 = CARTESIAN_POINT('',(0.610944703101,-0.868115074007,
    1.610944703101));
#3111 = CARTESIAN_POINT('',(0.635771358386,-0.846736431033,
    1.635771358386));
#3112 = CARTESIAN_POINT('',(0.660181469345,-0.826509192389,
    1.660181469345));
#3113 = CARTESIAN_POINT('',(0.732272154719,-0.768927708757,
    1.732272154719));
#3114 = CARTESIAN_POINT('',(0.778822850847,-0.734706076911,
    1.778822850847));
#3115 = CARTESIAN_POINT('',(0.824184900017,-0.70386846405,1.824184900017
    ));
#3116 = CARTESIAN_POINT('',(0.868700067248,-0.675814341169,
    1.868700067248));
#3117 = CARTESIAN_POINT('',(0.912704770002,-0.650095206392,
    1.912704770001));
#3118 = CARTESIAN_POINT('',(0.95650795209,-0.626387950187,1.95650795209)
  );
#3119 = CARTESIAN_POINT('',(1.000372830252,-0.604471034672,
    2.000372830252));
#3120 = CARTESIAN_POINT('',(1.044502513383,-0.584203486909,
    2.044502513384));
#3121 = CARTESIAN_POINT('',(1.089029494435,-0.565506706297,
    2.089029494435));
#3122 = CARTESIAN_POINT('',(1.134009014961,-0.548349085956,
    2.134009014961));
#3123 = CARTESIAN_POINT('',(1.179416302342,-0.532733448198,
    2.179416302342));
#3124 = CARTESIAN_POINT('',(1.262788263667,-0.507126184805,
    2.262788263667));
#3125 = CARTESIAN_POINT('',(1.300650107508,-0.496626988863,
    2.300650107508));
#3126 = CARTESIAN_POINT('',(1.338686090951,-0.487195516201,
    2.338686090951));
#3127 = CARTESIAN_POINT('',(1.376850569647,-0.478834913281,
    2.376850569647));
#3128 = CARTESIAN_POINT('',(1.415099375135,-0.471545662999,
    2.415099375134));
#3129 = CARTESIAN_POINT('',(1.453389814834,-0.465325584691,
    2.453389814835));
#3130 = CARTESIAN_POINT('',(1.491680672053,-0.460169834124,
    2.491680672052));
#3131 = CARTESIAN_POINT('',(1.529932205977,-0.456070903511,
    2.529932205977));
#3132 = CARTESIAN_POINT('',(1.568106151682,-0.453018621491,
    2.568106151682));
#3133 = CARTESIAN_POINT('',(1.606165720124,-0.451000153149,
    2.606165720124));
#3134 = CARTESIAN_POINT('',(1.644075598143,-0.45,2.644075598143));
#3135 = CARTESIAN_POINT('',(1.681801948466,-0.45,2.681801948466));
#3136 = CARTESIAN_POINT('',(-3.3E-16,-2.067273609354,1.));
#3137 = CARTESIAN_POINT('',(-5.383223609352E-03,-1.924574274296,
    0.994616776391));
#3138 = CARTESIAN_POINT('',(2.214480555969E-03,-1.835336477449,
    1.002214480556));
#3139 = CARTESIAN_POINT('',(7.867730441033E-03,-1.741534339723,
    1.007867730441));
#3140 = CARTESIAN_POINT('',(2.220980873042E-02,-1.684042522419,
    1.022209808732));
#3141 = CARTESIAN_POINT('',(2.947589581273E-02,-1.601833172032,
    1.02947589581));
#3142 = CARTESIAN_POINT('',(4.657063690209E-02,-1.560061463302,
    1.046570636905));
#3143 = CARTESIAN_POINT('',(5.662609813154E-02,-1.49346966741,
    1.05662609813));
#3144 = CARTESIAN_POINT('',(7.229647105484E-02,-1.450845432598,
    1.072296471056));
#3145 = CARTESIAN_POINT('',(8.568137603602E-02,-1.40157211395,
    1.085681376036));
#3146 = CARTESIAN_POINT('',(0.100243334504,-1.358950025489,
    1.100243334504));
#3147 = CARTESIAN_POINT('',(0.114739278951,-1.318095995815,
    1.114739278951));
#3148 = CARTESIAN_POINT('',(0.144087702164,-1.240958675393,
    1.144087702164));
#3149 = CARTESIAN_POINT('',(0.158904313771,-1.204625386872,
    1.158904313771));
#3150 = CARTESIAN_POINT('',(0.173756616623,-1.170383463119,
    1.173756616623));
#3151 = CARTESIAN_POINT('',(0.188603227717,-1.137991888985,
    1.188603227717));
#3152 = CARTESIAN_POINT('',(0.203412176132,-1.107250813327,
    1.203412176133));
#3153 = CARTESIAN_POINT('',(0.218159480159,-1.077996032109,
    1.218159480158));
#3154 = CARTESIAN_POINT('',(0.232827703736,-1.050093135111,
    1.232827703738));
#3155 = CARTESIAN_POINT('',(0.247404499942,-1.023431359096,
    1.247404499942));
#3156 = CARTESIAN_POINT('',(0.261881147074,-0.997917182384,
    1.261881147074));
#3157 = CARTESIAN_POINT('',(0.276251081906,-0.97346768951,1.276251081906
    ));
#3158 = CARTESIAN_POINT('',(0.290508433271,-0.950003729826,
    1.290508433271));
#3159 = CARTESIAN_POINT('',(0.333142977793,-0.881969877722,
    1.333142977793));
#3160 = CARTESIAN_POINT('',(0.361134508215,-0.840209654382,
    1.361134508215));
#3161 = CARTESIAN_POINT('',(0.388604556671,-0.801628334793,
    1.388604556672));
#3162 = CARTESIAN_POINT('',(0.415551938516,-0.765779628243,
    1.415551938515));
#3163 = CARTESIAN_POINT('',(0.441988277936,-0.732296066458,
    1.441988277936));
#3164 = CARTESIAN_POINT('',(0.467935463827,-0.700879036105,
    1.467935463827));
#3165 = CARTESIAN_POINT('',(0.493423177033,-0.671287813146,
    1.493423177034));
#3166 = CARTESIAN_POINT('',(0.518486498047,-0.643327754022,
    1.518486498046));
#3167 = CARTESIAN_POINT('',(0.543163599452,-0.61683776365,1.543163599452
    ));
#3168 = CARTESIAN_POINT('',(0.567493524605,-0.591677132207,
    1.567493524605));
#3169 = CARTESIAN_POINT('',(0.591514052248,-0.567711810281,
    1.591514052248));
#3170 = CARTESIAN_POINT('',(0.66327461651,-0.498471513611,1.66327461651)
  );
#3171 = CARTESIAN_POINT('',(0.71014552729,-0.456533292078,1.71014552729)
  );
#3172 = CARTESIAN_POINT('',(0.75621361941,-0.418043900473,1.75621361941)
  );
#3173 = CARTESIAN_POINT('',(0.8018115146,-0.382308181593,1.8018115146));
#3174 = CARTESIAN_POINT('',(0.847245207417,-0.348829040839,
    1.847245207417));
#3175 = CARTESIAN_POINT('',(0.892780204592,-0.317263320043,
    1.892780204592));
#3176 = CARTESIAN_POINT('',(0.9386315007,-0.287383322689,1.9386315007));
#3177 = CARTESIAN_POINT('',(0.9849571116,-0.259045014626,1.9849571116));
#3178 = CARTESIAN_POINT('',(1.031854924731,-0.232163704426,
    2.031854924731));
#3179 = CARTESIAN_POINT('',(1.079362660694,-0.206697891062,
    2.079362660694));
#3180 = CARTESIAN_POINT('',(1.12746077189,-0.182641919035,2.12746077189)
  );
#3181 = CARTESIAN_POINT('',(1.21671022457,-0.141128501564,2.21671022457)
  );
#3182 = CARTESIAN_POINT('',(1.25773500784,-0.123221481672,2.25773500784)
  );
#3183 = CARTESIAN_POINT('',(1.299112010205,-0.10631569315,2.299112010205
    ));
#3184 = CARTESIAN_POINT('',(1.340803019032,-9.041861607608E-02,
    2.340803019032));
#3185 = CARTESIAN_POINT('',(1.382772082726,-7.553647129374E-02,
    2.382772082726));
#3186 = CARTESIAN_POINT('',(1.424985517297,-6.167414717251E-02,
    2.424985517297));
#3187 = CARTESIAN_POINT('',(1.467411919211,-4.883511837331E-02,
    2.467411919211));
#3188 = CARTESIAN_POINT('',(1.51002218473,-3.702135618352E-02,
    2.51002218473));
#3189 = CARTESIAN_POINT('',(1.552789535886,-2.623322999713E-02,
    2.552789535886));
#3190 = CARTESIAN_POINT('',(1.5956895533,-1.646939949496E-02,
    2.5956895533));
#3191 = CARTESIAN_POINT('',(1.638700216005,-7.726697063026E-03,
    2.638700216005));
#3192 = CARTESIAN_POINT('',(1.681801948466,-1.33E-15,2.681801948466));
#3193 = CARTESIAN_POINT('',(-4.4E-16,-2.,0.964746769364));
#3194 = CARTESIAN_POINT('',(-5.66E-15,-1.841241742045,0.944928993008));
#3195 = CARTESIAN_POINT('',(1.364407688546E-02,-1.744229169219,
    0.941974694639));
#3196 = CARTESIAN_POINT('',(2.449635304975E-02,-1.642229474376,
    0.937778356592));
#3197 = CARTESIAN_POINT('',(4.454478789711E-02,-1.581484097851,
    0.94446226663));
#3198 = CARTESIAN_POINT('',(5.634275520308E-02,-1.492955778112,
    0.943649513153));
#3199 = CARTESIAN_POINT('',(7.868737622738E-02,-1.449829451159,
    0.954647233459));
#3200 = CARTESIAN_POINT('',(9.299582855098E-02,-1.379013635252,
    0.958085123033));
#3201 = CARTESIAN_POINT('',(0.113231435197,-1.33486508231,0.968308839504
    ));
#3202 = CARTESIAN_POINT('',(0.130757227262,-1.283359886105,0.97630657395
    ));
#3203 = CARTESIAN_POINT('',(0.149382874491,-1.23919637097,0.985951844088
    ));
#3204 = CARTESIAN_POINT('',(0.167773185876,-1.196975803918,
    0.995810901942));
#3205 = CARTESIAN_POINT('',(0.204529273446,-1.117850450334,
    1.016327348409));
#3206 = CARTESIAN_POINT('',(0.222865166846,-1.080826726395,1.02695288216
    ));
#3207 = CARTESIAN_POINT('',(0.241118052883,-1.046029234348,
    1.037860420043));
#3208 = CARTESIAN_POINT('',(0.259256624266,-1.013197266522,
    1.048980746275));
#3209 = CARTESIAN_POINT('',(0.277257819139,-0.982115403559,
    1.060258640522));
#3210 = CARTESIAN_POINT('',(0.295105516814,-0.952606789428,
    1.071650782737));
#3211 = CARTESIAN_POINT('',(0.312789233527,-0.924526406449,
    1.083123658018));
#3212 = CARTESIAN_POINT('',(0.330302818169,-0.897754350311,
    1.094651461438));
#3213 = CARTESIAN_POINT('',(0.34764314804,-0.872189105089,1.106214002904
    ));
#3214 = CARTESIAN_POINT('',(0.364808824582,-0.847740818268,
    1.117794611994));
#3215 = CARTESIAN_POINT('',(0.381798869131,-0.824324575757,
    1.129378042804));
#3216 = CARTESIAN_POINT('',(0.432236517693,-0.756911879226,
    1.164089050779));
#3217 = CARTESIAN_POINT('',(0.465153883648,-0.715759789497,
    1.187179599222));
#3218 = CARTESIAN_POINT('',(0.497376546259,-0.677847631807,
    1.210137416123));
#3219 = CARTESIAN_POINT('',(0.528929302856,-0.642719946552,1.23290626017
    ));
#3220 = CARTESIAN_POINT('',(0.559846658998,-0.610003525742,
    1.255452395108));
#3221 = CARTESIAN_POINT('',(0.590170769104,-0.579395348296,
    1.277760728084));
#3222 = CARTESIAN_POINT('',(0.619949377098,-0.550650515345,
    1.299830948033));
#3223 = CARTESIAN_POINT('',(0.649233757039,-0.523570185526,
    1.321673664015));
#3224 = CARTESIAN_POINT('',(0.678076653761,-0.497989510283,
    1.343306543597));
#3225 = CARTESIAN_POINT('',(0.70653022351,-0.473765569164,1.364750451199
    ));
#3226 = CARTESIAN_POINT('',(0.734643974579,-0.450765305119,
    1.386025586469));
#3227 = CARTESIAN_POINT('',(0.818100174685,-0.385029769164,
    1.449391694956));
#3228 = CARTESIAN_POINT('',(0.872565187497,-0.345604040345,
    1.491037866472));
#3229 = CARTESIAN_POINT('',(0.926250985307,-0.309700216618,
    1.532276527274));
#3230 = CARTESIAN_POINT('',(0.979523106334,-0.276685541986,
    1.573316460202));
#3231 = CARTESIAN_POINT('',(1.032708775886,-0.246118358688,
    1.614365263114));
#3232 = CARTESIAN_POINT('',(1.08608809697,-0.21770317907,1.655613119764)
  );
#3233 = CARTESIAN_POINT('',(1.139887043738,-0.19125303183,1.6972199193)
  );
#3234 = CARTESIAN_POINT('',(1.194272257763,-0.166659082626,
    1.739305724357));
#3235 = CARTESIAN_POINT('',(1.249347647144,-0.143867529052,
    1.781944587769));
#3236 = CARTESIAN_POINT('',(1.30515278844,-0.12286376998,1.825161717881)
  );
#3237 = CARTESIAN_POINT('',(1.361663131434,-0.103663849272,
    1.868933992484));
#3238 = CARTESIAN_POINT('',(1.465813643869,-7.203217918678E-02,
    1.949623203177));
#3239 = CARTESIAN_POINT('',(1.513255512363,-5.900177903685E-02,
    1.986382985317));
#3240 = CARTESIAN_POINT('',(1.561066484277,-4.723917629695E-02,
    2.023432263068));
#3241 = CARTESIAN_POINT('',(1.60919636344,-3.675901807827E-02,
    2.060731041044));
#3242 = CARTESIAN_POINT('',(1.657595885449,-2.757339570407E-02,
    2.09824023316));
#3243 = CARTESIAN_POINT('',(1.706216717665,-1.96918447253E-02,
    2.135921662644));
#3244 = CARTESIAN_POINT('',(1.755011459215,-1.312134489617E-02,
    2.173738062014));
#3245 = CARTESIAN_POINT('',(1.803933640991,-7.86632020573E-03,
    2.211653073108));
#3246 = CARTESIAN_POINT('',(1.852937725652,-3.928638844019E-03,
    2.249631247054));
#3247 = CARTESIAN_POINT('',(1.90197910762,-1.307613232E-03,
    2.287638044296));
#3248 = CARTESIAN_POINT('',(1.951014113084,4.285E-14,2.325639834572));
#3249 = CARTESIAN_POINT('',(2.,-1.11E-15,2.363603896932));
#3250 = ADVANCED_FACE('',(#3251),#3303,.T.);
#3251 = FACE_BOUND('',#3252,.T.);
#3252 = EDGE_LOOP('',(#3253,#3254,#3262,#3271,#3279,#3288,#3296,#3302));
#3253 = ORIENTED_EDGE('',*,*,#1034,.T.);
#3254 = ORIENTED_EDGE('',*,*,#3255,.T.);
#3255 = EDGE_CURVE('',#1037,#3256,#3258,.T.);
#3256 = VERTEX_POINT('',#3257);
#3257 = CARTESIAN_POINT('',(6.732411613907,-2.E-15,7.096015510839));
#3258 = LINE('',#3259,#3260);
#3259 = CARTESIAN_POINT('',(2.318198051534,-9.4E-16,2.681801948466));
#3260 = VECTOR('',#3261,1.);
#3261 = DIRECTION('',(0.707106781187,-1.7E-16,0.707106781187));
#3262 = ORIENTED_EDGE('',*,*,#3263,.T.);
#3263 = EDGE_CURVE('',#3256,#3264,#3266,.T.);
#3264 = VERTEX_POINT('',#3265);
#3265 = CARTESIAN_POINT('',(7.45,-2.E-15,8.828427124746));
#3266 = CIRCLE('',#3267,2.45);
#3267 = AXIS2_PLACEMENT_3D('',#3268,#3269,#3270);
#3268 = CARTESIAN_POINT('',(5.,-2.52E-15,8.828427124746));
#3269 = DIRECTION('',(-2.465190328816E-32,-1.,-2.4E-16));
#3270 = DIRECTION('',(0.707106781187,1.697056274848E-16,-0.707106781187)
  );
#3271 = ORIENTED_EDGE('',*,*,#3272,.T.);
#3272 = EDGE_CURVE('',#3264,#3273,#3275,.T.);
#3273 = VERTEX_POINT('',#3274);
#3274 = CARTESIAN_POINT('',(7.45,-2.E-15,8.955642231976));
#3275 = LINE('',#3276,#3277);
#3276 = CARTESIAN_POINT('',(7.45,-2.5E-15,8.828427124746));
#3277 = VECTOR('',#3278,1.);
#3278 = DIRECTION('',(0.,0.,1.));
#3279 = ORIENTED_EDGE('',*,*,#3280,.T.);
#3280 = EDGE_CURVE('',#3273,#3281,#3283,.T.);
#3281 = VERTEX_POINT('',#3282);
#3282 = CARTESIAN_POINT('',(7.519786764867,-3.E-15,9.415499577833));
#3283 = CIRCLE('',#3284,1.55);
#3284 = AXIS2_PLACEMENT_3D('',#3285,#3286,#3287);
#3285 = CARTESIAN_POINT('',(9.,-2.55E-15,8.955642231976));
#3286 = DIRECTION('',(0.,1.,2.4E-16));
#3287 = DIRECTION('',(-1.,2.256E-31,-9.4E-16));
#3288 = ORIENTED_EDGE('',*,*,#3289,.T.);
#3289 = EDGE_CURVE('',#3281,#3290,#3292,.T.);
#3290 = VERTEX_POINT('',#3291);
#3291 = CARTESIAN_POINT('',(41.7,1.E-15,3.940408212937));
#3292 = LINE('',#3293,#3294);
#3293 = CARTESIAN_POINT('',(7.592933071498,-2.49E-15,9.403782778144));
#3294 = VECTOR('',#3295,1.);
#3295 = DIRECTION('',(0.987412416187,7.E-17,-0.158166748588));
#3296 = ORIENTED_EDGE('',*,*,#3297,.T.);
#3297 = EDGE_CURVE('',#3290,#1232,#3298,.T.);
#3298 = LINE('',#3299,#3300);
#3299 = CARTESIAN_POINT('',(41.7,-8.9E-16,4.784702338833));
#3300 = VECTOR('',#3301,1.);
#3301 = DIRECTION('',(0.,4.4E-16,-1.));
#3302 = ORIENTED_EDGE('',*,*,#1231,.T.);
#3303 = PLANE('',#3304);
#3304 = AXIS2_PLACEMENT_3D('',#3305,#3306,#3307);
#3305 = CARTESIAN_POINT('',(21.85,-1.98E-15,6.5));
#3306 = DIRECTION('',(0.,1.,2.4E-16));
#3307 = DIRECTION('',(0.,-2.4E-16,1.));
#3308 = ADVANCED_FACE('',(#3309),#3334,.T.);
#3309 = FACE_BOUND('',#3310,.T.);
#3310 = EDGE_LOOP('',(#3311,#3319,#3327,#3333));
#3311 = ORIENTED_EDGE('',*,*,#3312,.F.);
#3312 = EDGE_CURVE('',#3313,#1162,#3315,.T.);
#3313 = VERTEX_POINT('',#3314);
#3314 = CARTESIAN_POINT('',(41.500000000004,-1.200000000017,0.25));
#3315 = LINE('',#3316,#3317);
#3316 = CARTESIAN_POINT('',(41.500000000004,-1.075000000017,0.125));
#3317 = VECTOR('',#3318,1.);
#3318 = DIRECTION('',(0.,0.707106781187,-0.707106781187));
#3319 = ORIENTED_EDGE('',*,*,#3320,.T.);
#3320 = EDGE_CURVE('',#3313,#3321,#3323,.T.);
#3321 = VERTEX_POINT('',#3322);
#3322 = CARTESIAN_POINT('',(2.2,-1.200000000017,0.25));
#3323 = LINE('',#3324,#3325);
#3324 = CARTESIAN_POINT('',(41.500000000004,-1.200000000017,0.25));
#3325 = VECTOR('',#3326,1.);
#3326 = DIRECTION('',(-1.,0.,0.));
#3327 = ORIENTED_EDGE('',*,*,#3328,.T.);
#3328 = EDGE_CURVE('',#3321,#1164,#3329,.T.);
#3329 = LINE('',#3330,#3331);
#3330 = CARTESIAN_POINT('',(2.2,-1.075000000017,0.125));
#3331 = VECTOR('',#3332,1.);
#3332 = DIRECTION('',(0.,0.707106781187,-0.707106781187));
#3333 = ORIENTED_EDGE('',*,*,#1161,.F.);
#3334 = PLANE('',#3335);
#3335 = AXIS2_PLACEMENT_3D('',#3336,#3337,#3338);
#3336 = CARTESIAN_POINT('',(41.500000000004,-1.075000000017,0.125));
#3337 = DIRECTION('',(0.,-0.707106781187,-0.707106781187));
#3338 = DIRECTION('',(-1.,0.,0.));
#3339 = ADVANCED_FACE('',(#3340),#3359,.F.);
#3340 = FACE_BOUND('',#3341,.T.);
#3341 = EDGE_LOOP('',(#3342,#3350,#3357,#3358));
#3342 = ORIENTED_EDGE('',*,*,#3343,.F.);
#3343 = EDGE_CURVE('',#3344,#1215,#3346,.T.);
#3344 = VERTEX_POINT('',#3345);
#3345 = CARTESIAN_POINT('',(42.500000000004,-2.200000000017,0.25));
#3346 = LINE('',#3347,#3348);
#3347 = CARTESIAN_POINT('',(42.625000000004,-2.200000000017,0.125));
#3348 = VECTOR('',#3349,1.);
#3349 = DIRECTION('',(0.707106781187,3.1E-16,-0.707106781187));
#3350 = ORIENTED_EDGE('',*,*,#3351,.T.);
#3351 = EDGE_CURVE('',#3344,#3313,#3352,.T.);
#3352 = CIRCLE('',#3353,1.);
#3353 = AXIS2_PLACEMENT_3D('',#3354,#3355,#3356);
#3354 = CARTESIAN_POINT('',(41.500000000004,-2.200000000017,0.25));
#3355 = DIRECTION('',(0.,-0.,1.));
#3356 = DIRECTION('',(1.,4.4E-16,0.));
#3357 = ORIENTED_EDGE('',*,*,#3312,.T.);
#3358 = ORIENTED_EDGE('',*,*,#1222,.F.);
#3359 = CONICAL_SURFACE('',#3360,1.,0.785398163397);
#3360 = AXIS2_PLACEMENT_3D('',#3361,#3362,#3363);
#3361 = CARTESIAN_POINT('',(41.500000000004,-2.200000000017,0.25));
#3362 = DIRECTION('',(0.,0.,-1.));
#3363 = DIRECTION('',(1.,4.4E-16,0.));
#3364 = ADVANCED_FACE('',(#3365),#3384,.F.);
#3365 = FACE_BOUND('',#3366,.T.);
#3366 = EDGE_LOOP('',(#3367,#3368,#3377,#3383));
#3367 = ORIENTED_EDGE('',*,*,#3328,.F.);
#3368 = ORIENTED_EDGE('',*,*,#3369,.T.);
#3369 = EDGE_CURVE('',#3321,#3370,#3372,.T.);
#3370 = VERTEX_POINT('',#3371);
#3371 = CARTESIAN_POINT('',(1.2,-2.200000000017,0.25));
#3372 = CIRCLE('',#3373,1.);
#3373 = AXIS2_PLACEMENT_3D('',#3374,#3375,#3376);
#3374 = CARTESIAN_POINT('',(2.2,-2.200000000017,0.25));
#3375 = DIRECTION('',(0.,0.,1.));
#3376 = DIRECTION('',(-8.9E-16,1.,0.));
#3377 = ORIENTED_EDGE('',*,*,#3378,.T.);
#3378 = EDGE_CURVE('',#3370,#1172,#3379,.T.);
#3379 = LINE('',#3380,#3381);
#3380 = CARTESIAN_POINT('',(1.2,-2.200000000017,0.25));
#3381 = VECTOR('',#3382,1.);
#3382 = DIRECTION('',(-0.707106781187,-1.21E-15,-0.707106781187));
#3383 = ORIENTED_EDGE('',*,*,#1171,.F.);
#3384 = CONICAL_SURFACE('',#3385,1.,0.785398163397);
#3385 = AXIS2_PLACEMENT_3D('',#3386,#3387,#3388);
#3386 = CARTESIAN_POINT('',(2.2,-2.200000000017,0.25));
#3387 = DIRECTION('',(0.,0.,-1.));
#3388 = DIRECTION('',(-8.9E-16,1.,0.));
#3389 = ADVANCED_FACE('',(#3390),#3408,.T.);
#3390 = FACE_BOUND('',#3391,.T.);
#3391 = EDGE_LOOP('',(#3392,#3400,#3406,#3407));
#3392 = ORIENTED_EDGE('',*,*,#3393,.F.);
#3393 = EDGE_CURVE('',#3394,#1206,#3396,.T.);
#3394 = VERTEX_POINT('',#3395);
#3395 = CARTESIAN_POINT('',(42.500000000004,-18.59999999998,0.25));
#3396 = LINE('',#3397,#3398);
#3397 = CARTESIAN_POINT('',(42.500000000004,-18.59999999998,0.25));
#3398 = VECTOR('',#3399,1.);
#3399 = DIRECTION('',(0.707106781187,-4.E-17,-0.707106781187));
#3400 = ORIENTED_EDGE('',*,*,#3401,.T.);
#3401 = EDGE_CURVE('',#3394,#3344,#3402,.T.);
#3402 = LINE('',#3403,#3404);
#3403 = CARTESIAN_POINT('',(42.500000000004,-18.59999999998,0.25));
#3404 = VECTOR('',#3405,1.);
#3405 = DIRECTION('',(0.,1.,4.4E-16));
#3406 = ORIENTED_EDGE('',*,*,#3343,.T.);
#3407 = ORIENTED_EDGE('',*,*,#1214,.F.);
#3408 = PLANE('',#3409);
#3409 = AXIS2_PLACEMENT_3D('',#3410,#3411,#3412);
#3410 = CARTESIAN_POINT('',(42.625000000004,-18.59999999998,0.125));
#3411 = DIRECTION('',(-0.707106781187,0.,-0.707106781187));
#3412 = DIRECTION('',(-2.2E-16,1.,2.2E-16));
#3413 = ADVANCED_FACE('',(#3414),#3432,.F.);
#3414 = FACE_BOUND('',#3415,.T.);
#3415 = EDGE_LOOP('',(#3416,#3417,#3425,#3431));
#3416 = ORIENTED_EDGE('',*,*,#3378,.F.);
#3417 = ORIENTED_EDGE('',*,*,#3418,.T.);
#3418 = EDGE_CURVE('',#3370,#3419,#3421,.T.);
#3419 = VERTEX_POINT('',#3420);
#3420 = CARTESIAN_POINT('',(1.2,-18.59999999998,0.25));
#3421 = LINE('',#3422,#3423);
#3422 = CARTESIAN_POINT('',(1.2,-2.200000000017,0.25));
#3423 = VECTOR('',#3424,1.);
#3424 = DIRECTION('',(0.,-1.,-4.4E-16));
#3425 = ORIENTED_EDGE('',*,*,#3426,.T.);
#3426 = EDGE_CURVE('',#3419,#1181,#3427,.T.);
#3427 = LINE('',#3428,#3429);
#3428 = CARTESIAN_POINT('',(1.075,-18.59999999998,0.125));
#3429 = VECTOR('',#3430,1.);
#3430 = DIRECTION('',(-0.707106781187,3.1E-16,-0.707106781187));
#3431 = ORIENTED_EDGE('',*,*,#1180,.F.);
#3432 = PLANE('',#3433);
#3433 = AXIS2_PLACEMENT_3D('',#3434,#3435,#3436);
#3434 = CARTESIAN_POINT('',(1.075,-2.200000000017,0.125));
#3435 = DIRECTION('',(-0.707106781187,0.,0.707106781187));
#3436 = DIRECTION('',(2.2E-16,1.,2.2E-16));
#3437 = ADVANCED_FACE('',(#3438),#3457,.F.);
#3438 = FACE_BOUND('',#3439,.T.);
#3439 = EDGE_LOOP('',(#3440,#3448,#3455,#3456));
#3440 = ORIENTED_EDGE('',*,*,#3441,.F.);
#3441 = EDGE_CURVE('',#3442,#1198,#3444,.T.);
#3442 = VERTEX_POINT('',#3443);
#3443 = CARTESIAN_POINT('',(41.500000000004,-19.59999999998,0.25));
#3444 = LINE('',#3445,#3446);
#3445 = CARTESIAN_POINT('',(41.500000000004,-19.72499999998,0.125));
#3446 = VECTOR('',#3447,1.);
#3447 = DIRECTION('',(0.,-0.707106781187,-0.707106781187));
#3448 = ORIENTED_EDGE('',*,*,#3449,.T.);
#3449 = EDGE_CURVE('',#3442,#3394,#3450,.T.);
#3450 = CIRCLE('',#3451,1.);
#3451 = AXIS2_PLACEMENT_3D('',#3452,#3453,#3454);
#3452 = CARTESIAN_POINT('',(41.500000000004,-18.59999999998,0.25));
#3453 = DIRECTION('',(-0.,0.,1.));
#3454 = DIRECTION('',(0.,-1.,0.));
#3455 = ORIENTED_EDGE('',*,*,#3393,.T.);
#3456 = ORIENTED_EDGE('',*,*,#1205,.F.);
#3457 = CONICAL_SURFACE('',#3458,1.,0.785398163397);
#3458 = AXIS2_PLACEMENT_3D('',#3459,#3460,#3461);
#3459 = CARTESIAN_POINT('',(41.500000000004,-18.59999999998,0.25));
#3460 = DIRECTION('',(0.,0.,-1.));
#3461 = DIRECTION('',(0.,-1.,0.));
#3462 = ADVANCED_FACE('',(#3463),#3482,.F.);
#3463 = FACE_BOUND('',#3464,.T.);
#3464 = EDGE_LOOP('',(#3465,#3466,#3475,#3481));
#3465 = ORIENTED_EDGE('',*,*,#3426,.F.);
#3466 = ORIENTED_EDGE('',*,*,#3467,.T.);
#3467 = EDGE_CURVE('',#3419,#3468,#3470,.T.);
#3468 = VERTEX_POINT('',#3469);
#3469 = CARTESIAN_POINT('',(2.2,-19.59999999998,0.25));
#3470 = CIRCLE('',#3471,1.);
#3471 = AXIS2_PLACEMENT_3D('',#3472,#3473,#3474);
#3472 = CARTESIAN_POINT('',(2.2,-18.59999999998,0.25));
#3473 = DIRECTION('',(0.,0.,1.));
#3474 = DIRECTION('',(-1.,0.,0.));
#3475 = ORIENTED_EDGE('',*,*,#3476,.T.);
#3476 = EDGE_CURVE('',#3468,#1189,#3477,.T.);
#3477 = LINE('',#3478,#3479);
#3478 = CARTESIAN_POINT('',(2.2,-19.59999999998,0.25));
#3479 = VECTOR('',#3480,1.);
#3480 = DIRECTION('',(-4.E-17,-0.707106781187,-0.707106781187));
#3481 = ORIENTED_EDGE('',*,*,#1188,.F.);
#3482 = CONICAL_SURFACE('',#3483,1.,0.785398163397);
#3483 = AXIS2_PLACEMENT_3D('',#3484,#3485,#3486);
#3484 = CARTESIAN_POINT('',(2.2,-18.59999999998,0.25));
#3485 = DIRECTION('',(0.,0.,-1.));
#3486 = DIRECTION('',(-1.,0.,0.));
#3487 = ADVANCED_FACE('',(#3488),#3499,.T.);
#3488 = FACE_BOUND('',#3489,.T.);
#3489 = EDGE_LOOP('',(#3490,#3491,#3497,#3498));
#3490 = ORIENTED_EDGE('',*,*,#3476,.F.);
#3491 = ORIENTED_EDGE('',*,*,#3492,.T.);
#3492 = EDGE_CURVE('',#3468,#3442,#3493,.T.);
#3493 = LINE('',#3494,#3495);
#3494 = CARTESIAN_POINT('',(2.2,-19.59999999998,0.25));
#3495 = VECTOR('',#3496,1.);
#3496 = DIRECTION('',(1.,0.,0.));
#3497 = ORIENTED_EDGE('',*,*,#3441,.T.);
#3498 = ORIENTED_EDGE('',*,*,#1197,.F.);
#3499 = PLANE('',#3500);
#3500 = AXIS2_PLACEMENT_3D('',#3501,#3502,#3503);
#3501 = CARTESIAN_POINT('',(2.2,-19.72499999998,0.125));
#3502 = DIRECTION('',(0.,0.707106781187,-0.707106781187));
#3503 = DIRECTION('',(1.,0.,0.));
#3504 = ADVANCED_FACE('',(#3505),#3530,.T.);
#3505 = FACE_BOUND('',#3506,.T.);
#3506 = EDGE_LOOP('',(#3507,#3508,#3523,#3529));
#3507 = ORIENTED_EDGE('',*,*,#3297,.F.);
#3508 = ORIENTED_EDGE('',*,*,#3509,.T.);
#3509 = EDGE_CURVE('',#3290,#3510,#3512,.T.);
#3510 = VERTEX_POINT('',#3511);
#3511 = CARTESIAN_POINT('',(43.7,-2.,3.634702338833));
#3512 = B_SPLINE_CURVE_WITH_KNOTS('',9,(#3513,#3514,#3515,#3516,#3517,
    #3518,#3519,#3520,#3521,#3522),.UNSPECIFIED.,.F.,.F.,(10,10),(
    34.542114076244,37.519303982442),.PIECEWISE_BEZIER_KNOTS.);
#3513 = CARTESIAN_POINT('',(41.7,-4.4E-16,3.940408212937));
#3514 = CARTESIAN_POINT('',(42.027464823357,-1.665E-14,3.887953893407));
#3515 = CARTESIAN_POINT('',(42.34971665406,-6.029190182113E-02,
    3.83631499304));
#3516 = CARTESIAN_POINT('',(42.665141070114,-0.177803441551,
    3.785953515101));
#3517 = CARTESIAN_POINT('',(42.973637809368,-0.356255582338,
    3.737176663781));
#3518 = CARTESIAN_POINT('',(43.255431663281,-0.609704463143,
    3.697257084826));
#3519 = CARTESIAN_POINT('',(43.477644403986,-0.923262220774,
    3.666545280546));
#3520 = CARTESIAN_POINT('',(43.627505577639,-1.275299557679,
    3.645326916841));
#3521 = CARTESIAN_POINT('',(43.699999999999,-1.640886699857,
    3.634702338833));
#3522 = CARTESIAN_POINT('',(43.7,-2.,3.634702338833));
#3523 = ORIENTED_EDGE('',*,*,#3524,.T.);
#3524 = EDGE_CURVE('',#3510,#1240,#3525,.T.);
#3525 = LINE('',#3526,#3527);
#3526 = CARTESIAN_POINT('',(43.7,-2.,4.784702338833));
#3527 = VECTOR('',#3528,1.);
#3528 = DIRECTION('',(0.,4.4E-16,-1.));
#3529 = ORIENTED_EDGE('',*,*,#1239,.F.);
#3530 = CYLINDRICAL_SURFACE('',#3531,2.);
#3531 = AXIS2_PLACEMENT_3D('',#3532,#3533,#3534);
#3532 = CARTESIAN_POINT('',(41.7,-2.,4.784702338833));
#3533 = DIRECTION('',(0.,4.4E-16,-1.));
#3534 = DIRECTION('',(0.,1.,4.4E-16));
#3535 = ADVANCED_FACE('',(#3536),#3554,.T.);
#3536 = FACE_BOUND('',#3537,.T.);
#3537 = EDGE_LOOP('',(#3538,#3539,#3547,#3553));
#3538 = ORIENTED_EDGE('',*,*,#3524,.F.);
#3539 = ORIENTED_EDGE('',*,*,#3540,.T.);
#3540 = EDGE_CURVE('',#3510,#3541,#3543,.T.);
#3541 = VERTEX_POINT('',#3542);
#3542 = CARTESIAN_POINT('',(43.7,-18.8,3.634702338833));
#3543 = LINE('',#3544,#3545);
#3544 = CARTESIAN_POINT('',(43.7,-2.,3.634702338833));
#3545 = VECTOR('',#3546,1.);
#3546 = DIRECTION('',(0.,-1.,0.));
#3547 = ORIENTED_EDGE('',*,*,#3548,.F.);
#3548 = EDGE_CURVE('',#1249,#3541,#3549,.T.);
#3549 = LINE('',#3550,#3551);
#3550 = CARTESIAN_POINT('',(43.7,-18.8,-8.88E-15));
#3551 = VECTOR('',#3552,1.);
#3552 = DIRECTION('',(0.,0.,1.));
#3553 = ORIENTED_EDGE('',*,*,#1248,.T.);
#3554 = PLANE('',#3555);
#3555 = AXIS2_PLACEMENT_3D('',#3556,#3557,#3558);
#3556 = CARTESIAN_POINT('',(43.7,-10.4,6.5));
#3557 = DIRECTION('',(1.,0.,0.));
#3558 = DIRECTION('',(0.,0.,1.));
#3559 = ADVANCED_FACE('',(#3560),#3583,.T.);
#3560 = FACE_BOUND('',#3561,.F.);
#3561 = EDGE_LOOP('',(#3562,#3563,#3564,#3570));
#3562 = ORIENTED_EDGE('',*,*,#3548,.F.);
#3563 = ORIENTED_EDGE('',*,*,#1256,.T.);
#3564 = ORIENTED_EDGE('',*,*,#3565,.T.);
#3565 = EDGE_CURVE('',#1257,#2800,#3566,.T.);
#3566 = LINE('',#3567,#3568);
#3567 = CARTESIAN_POINT('',(41.7,-20.8,-8.88E-15));
#3568 = VECTOR('',#3569,1.);
#3569 = DIRECTION('',(0.,0.,1.));
#3570 = ORIENTED_EDGE('',*,*,#3571,.F.);
#3571 = EDGE_CURVE('',#3541,#2800,#3572,.T.);
#3572 = B_SPLINE_CURVE_WITH_KNOTS('',9,(#3573,#3574,#3575,#3576,#3577,
    #3578,#3579,#3580,#3581,#3582),.UNSPECIFIED.,.F.,.F.,(10,10),(
    54.319303982442,57.296493888641),.PIECEWISE_BEZIER_KNOTS.);
#3573 = CARTESIAN_POINT('',(43.7,-18.8,3.634702338833));
#3574 = CARTESIAN_POINT('',(43.7,-19.15911330014,3.634702338833));
#3575 = CARTESIAN_POINT('',(43.627505577638,-19.52470044232,
    3.645326916841));
#3576 = CARTESIAN_POINT('',(43.477644403989,-19.87673777922,
    3.666545280546));
#3577 = CARTESIAN_POINT('',(43.255431663278,-20.19029553685,
    3.697257084826));
#3578 = CARTESIAN_POINT('',(42.973637809372,-20.44374441766,
    3.737176663781));
#3579 = CARTESIAN_POINT('',(42.665141070112,-20.62219655844,
    3.785953515101));
#3580 = CARTESIAN_POINT('',(42.349716654061,-20.73970809818,
    3.83631499304));
#3581 = CARTESIAN_POINT('',(42.027464823357,-20.8,3.887953893407));
#3582 = CARTESIAN_POINT('',(41.7,-20.8,3.940408212937));
#3583 = CYLINDRICAL_SURFACE('',#3584,2.);
#3584 = AXIS2_PLACEMENT_3D('',#3585,#3586,#3587);
#3585 = CARTESIAN_POINT('',(41.7,-18.8,-8.88E-15));
#3586 = DIRECTION('',(0.,0.,1.));
#3587 = DIRECTION('',(1.,0.,0.));
#3588 = ADVANCED_FACE('',(#3589),#3599,.T.);
#3589 = FACE_BOUND('',#3590,.T.);
#3590 = EDGE_LOOP('',(#3591,#3592,#3593,#3594,#3595,#3596,#3597,#3598));
#3591 = ORIENTED_EDGE('',*,*,#1290,.F.);
#3592 = ORIENTED_EDGE('',*,*,#1265,.F.);
#3593 = ORIENTED_EDGE('',*,*,#3565,.T.);
#3594 = ORIENTED_EDGE('',*,*,#2799,.T.);
#3595 = ORIENTED_EDGE('',*,*,#2850,.F.);
#3596 = ORIENTED_EDGE('',*,*,#2823,.F.);
#3597 = ORIENTED_EDGE('',*,*,#2691,.F.);
#3598 = ORIENTED_EDGE('',*,*,#1750,.F.);
#3599 = PLANE('',#3600);
#3600 = AXIS2_PLACEMENT_3D('',#3601,#3602,#3603);
#3601 = CARTESIAN_POINT('',(21.85,-20.8,6.5));
#3602 = DIRECTION('',(-0.,-1.,-0.));
#3603 = DIRECTION('',(0.,0.,-1.));
#3604 = ADVANCED_FACE('',(#3605),#3630,.T.);
#3605 = FACE_BOUND('',#3606,.F.);
#3606 = EDGE_LOOP('',(#3607,#3615,#3616,#3624));
#3607 = ORIENTED_EDGE('',*,*,#3608,.T.);
#3608 = EDGE_CURVE('',#3609,#1370,#3611,.T.);
#3609 = VERTEX_POINT('',#3610);
#3610 = CARTESIAN_POINT('',(1.2,-14.4,1.));
#3611 = LINE('',#3612,#3613);
#3612 = CARTESIAN_POINT('',(1.2,-14.4,1.));
#3613 = VECTOR('',#3614,1.);
#3614 = DIRECTION('',(-1.,0.,0.));
#3615 = ORIENTED_EDGE('',*,*,#1386,.T.);
#3616 = ORIENTED_EDGE('',*,*,#3617,.F.);
#3617 = EDGE_CURVE('',#3618,#1379,#3620,.T.);
#3618 = VERTEX_POINT('',#3619);
#3619 = CARTESIAN_POINT('',(1.2,-6.4,1.));
#3620 = LINE('',#3621,#3622);
#3621 = CARTESIAN_POINT('',(1.2,-6.4,1.));
#3622 = VECTOR('',#3623,1.);
#3623 = DIRECTION('',(-1.,0.,0.));
#3624 = ORIENTED_EDGE('',*,*,#3625,.F.);
#3625 = EDGE_CURVE('',#3609,#3618,#3626,.T.);
#3626 = LINE('',#3627,#3628);
#3627 = CARTESIAN_POINT('',(1.2,-15.9,1.));
#3628 = VECTOR('',#3629,1.);
#3629 = DIRECTION('',(0.,1.,4.4E-16));
#3630 = PLANE('',#3631);
#3631 = AXIS2_PLACEMENT_3D('',#3632,#3633,#3634);
#3632 = CARTESIAN_POINT('',(1.2,-15.9,1.));
#3633 = DIRECTION('',(0.,-4.4E-16,1.));
#3634 = DIRECTION('',(-0.,-1.,-4.4E-16));
#3635 = ADVANCED_FACE('',(#3636),#3655,.F.);
#3636 = FACE_BOUND('',#3637,.F.);
#3637 = EDGE_LOOP('',(#3638,#3639,#3648,#3654));
#3638 = ORIENTED_EDGE('',*,*,#3608,.F.);
#3639 = ORIENTED_EDGE('',*,*,#3640,.T.);
#3640 = EDGE_CURVE('',#3609,#3641,#3643,.T.);
#3641 = VERTEX_POINT('',#3642);
#3642 = CARTESIAN_POINT('',(1.2,-15.9,2.5));
#3643 = CIRCLE('',#3644,1.5);
#3644 = AXIS2_PLACEMENT_3D('',#3645,#3646,#3647);
#3645 = CARTESIAN_POINT('',(1.2,-14.4,2.5));
#3646 = DIRECTION('',(-1.,0.,0.));
#3647 = DIRECTION('',(0.,4.4E-16,-1.));
#3648 = ORIENTED_EDGE('',*,*,#3649,.T.);
#3649 = EDGE_CURVE('',#3641,#1401,#3650,.T.);
#3650 = LINE('',#3651,#3652);
#3651 = CARTESIAN_POINT('',(1.2,-15.9,2.5));
#3652 = VECTOR('',#3653,1.);
#3653 = DIRECTION('',(-1.,0.,0.));
#3654 = ORIENTED_EDGE('',*,*,#1410,.T.);
#3655 = CYLINDRICAL_SURFACE('',#3656,1.5);
#3656 = AXIS2_PLACEMENT_3D('',#3657,#3658,#3659);
#3657 = CARTESIAN_POINT('',(1.2,-14.4,2.5));
#3658 = DIRECTION('',(-1.,0.,0.));
#3659 = DIRECTION('',(0.,4.4E-16,-1.));
#3660 = ADVANCED_FACE('',(#3661),#3680,.F.);
#3661 = FACE_BOUND('',#3662,.T.);
#3662 = EDGE_LOOP('',(#3663,#3664,#3673,#3679));
#3663 = ORIENTED_EDGE('',*,*,#3617,.F.);
#3664 = ORIENTED_EDGE('',*,*,#3665,.T.);
#3665 = EDGE_CURVE('',#3618,#3666,#3668,.T.);
#3666 = VERTEX_POINT('',#3667);
#3667 = CARTESIAN_POINT('',(1.2,-4.9,2.5));
#3668 = CIRCLE('',#3669,1.5);
#3669 = AXIS2_PLACEMENT_3D('',#3670,#3671,#3672);
#3670 = CARTESIAN_POINT('',(1.2,-6.4,2.5));
#3671 = DIRECTION('',(1.,-0.,0.));
#3672 = DIRECTION('',(0.,4.4E-16,-1.));
#3673 = ORIENTED_EDGE('',*,*,#3674,.T.);
#3674 = EDGE_CURVE('',#3666,#1428,#3675,.T.);
#3675 = LINE('',#3676,#3677);
#3676 = CARTESIAN_POINT('',(1.2,-4.9,2.5));
#3677 = VECTOR('',#3678,1.);
#3678 = DIRECTION('',(-1.,0.,0.));
#3679 = ORIENTED_EDGE('',*,*,#1435,.F.);
#3680 = CYLINDRICAL_SURFACE('',#3681,1.5);
#3681 = AXIS2_PLACEMENT_3D('',#3682,#3683,#3684);
#3682 = CARTESIAN_POINT('',(1.2,-6.4,2.5));
#3683 = DIRECTION('',(-1.,0.,0.));
#3684 = DIRECTION('',(0.,4.4E-16,-1.));
#3685 = ADVANCED_FACE('',(#3686),#3736,.T.);
#3686 = FACE_BOUND('',#3687,.F.);
#3687 = EDGE_LOOP('',(#3688,#3696,#3697,#3698,#3706,#3714,#3722,#3730));
#3688 = ORIENTED_EDGE('',*,*,#3689,.F.);
#3689 = EDGE_CURVE('',#1451,#3690,#3692,.T.);
#3690 = VERTEX_POINT('',#3691);
#3691 = CARTESIAN_POINT('',(9.9,-15.9,3.));
#3692 = LINE('',#3693,#3694);
#3693 = CARTESIAN_POINT('',(-3.3E-16,-15.9,3.));
#3694 = VECTOR('',#3695,1.);
#3695 = DIRECTION('',(1.,0.,0.));
#3696 = ORIENTED_EDGE('',*,*,#1460,.T.);
#3697 = ORIENTED_EDGE('',*,*,#3649,.F.);
#3698 = ORIENTED_EDGE('',*,*,#3699,.F.);
#3699 = EDGE_CURVE('',#3700,#3641,#3702,.T.);
#3700 = VERTEX_POINT('',#3701);
#3701 = CARTESIAN_POINT('',(1.2,-15.9,1.));
#3702 = LINE('',#3703,#3704);
#3703 = CARTESIAN_POINT('',(1.2,-15.9,2.217248908298));
#3704 = VECTOR('',#3705,1.);
#3705 = DIRECTION('',(0.,1.1E-16,1.));
#3706 = ORIENTED_EDGE('',*,*,#3707,.T.);
#3707 = EDGE_CURVE('',#3700,#3708,#3710,.T.);
#3708 = VERTEX_POINT('',#3709);
#3709 = CARTESIAN_POINT('',(8.4,-15.9,1.));
#3710 = LINE('',#3711,#3712);
#3711 = CARTESIAN_POINT('',(1.2,-15.9,1.));
#3712 = VECTOR('',#3713,1.);
#3713 = DIRECTION('',(1.,0.,0.));
#3714 = ORIENTED_EDGE('',*,*,#3715,.T.);
#3715 = EDGE_CURVE('',#3708,#3716,#3718,.T.);
#3716 = VERTEX_POINT('',#3717);
#3717 = CARTESIAN_POINT('',(8.4,-15.9,2.5));
#3718 = LINE('',#3719,#3720);
#3719 = CARTESIAN_POINT('',(8.4,-15.9,1.));
#3720 = VECTOR('',#3721,1.);
#3721 = DIRECTION('',(0.,0.,1.));
#3722 = ORIENTED_EDGE('',*,*,#3723,.T.);
#3723 = EDGE_CURVE('',#3716,#3724,#3726,.T.);
#3724 = VERTEX_POINT('',#3725);
#3725 = CARTESIAN_POINT('',(9.9,-15.9,2.5));
#3726 = LINE('',#3727,#3728);
#3727 = CARTESIAN_POINT('',(15.080274725276,-15.9,2.5));
#3728 = VECTOR('',#3729,1.);
#3729 = DIRECTION('',(1.,2.37E-15,0.));
#3730 = ORIENTED_EDGE('',*,*,#3731,.T.);
#3731 = EDGE_CURVE('',#3724,#3690,#3732,.T.);
#3732 = LINE('',#3733,#3734);
#3733 = CARTESIAN_POINT('',(9.9,-15.9,1.));
#3734 = VECTOR('',#3735,1.);
#3735 = DIRECTION('',(0.,-4.4E-16,1.));
#3736 = PLANE('',#3737);
#3737 = AXIS2_PLACEMENT_3D('',#3738,#3739,#3740);
#3738 = CARTESIAN_POINT('',(4.95,-15.9,2.75));
#3739 = DIRECTION('',(-2.2E-16,1.,-1.1E-16));
#3740 = DIRECTION('',(0.,1.1E-16,1.));
#3741 = ADVANCED_FACE('',(#3742),#3792,.T.);
#3742 = FACE_BOUND('',#3743,.F.);
#3743 = EDGE_LOOP('',(#3744,#3754,#3760,#3761,#3762,#3770,#3778,#3786));
#3744 = ORIENTED_EDGE('',*,*,#3745,.F.);
#3745 = EDGE_CURVE('',#3746,#3748,#3750,.T.);
#3746 = VERTEX_POINT('',#3747);
#3747 = CARTESIAN_POINT('',(1.2,-4.9,1.));
#3748 = VERTEX_POINT('',#3749);
#3749 = CARTESIAN_POINT('',(8.4,-4.9,1.));
#3750 = LINE('',#3751,#3752);
#3751 = CARTESIAN_POINT('',(1.2,-4.9,1.));
#3752 = VECTOR('',#3753,1.);
#3753 = DIRECTION('',(1.,0.,0.));
#3754 = ORIENTED_EDGE('',*,*,#3755,.T.);
#3755 = EDGE_CURVE('',#3746,#3666,#3756,.T.);
#3756 = LINE('',#3757,#3758);
#3757 = CARTESIAN_POINT('',(1.2,-4.9,2.217248908298));
#3758 = VECTOR('',#3759,1.);
#3759 = DIRECTION('',(0.,-4.4E-16,1.));
#3760 = ORIENTED_EDGE('',*,*,#3674,.T.);
#3761 = ORIENTED_EDGE('',*,*,#1484,.T.);
#3762 = ORIENTED_EDGE('',*,*,#3763,.F.);
#3763 = EDGE_CURVE('',#3764,#1477,#3766,.T.);
#3764 = VERTEX_POINT('',#3765);
#3765 = CARTESIAN_POINT('',(9.9,-4.9,3.));
#3766 = LINE('',#3767,#3768);
#3767 = CARTESIAN_POINT('',(9.9,-4.9,3.));
#3768 = VECTOR('',#3769,1.);
#3769 = DIRECTION('',(-1.,0.,0.));
#3770 = ORIENTED_EDGE('',*,*,#3771,.F.);
#3771 = EDGE_CURVE('',#3772,#3764,#3774,.T.);
#3772 = VERTEX_POINT('',#3773);
#3773 = CARTESIAN_POINT('',(9.9,-4.9,2.5));
#3774 = LINE('',#3775,#3776);
#3775 = CARTESIAN_POINT('',(9.9,-4.9,1.));
#3776 = VECTOR('',#3777,1.);
#3777 = DIRECTION('',(0.,-4.4E-16,1.));
#3778 = ORIENTED_EDGE('',*,*,#3779,.F.);
#3779 = EDGE_CURVE('',#3780,#3772,#3782,.T.);
#3780 = VERTEX_POINT('',#3781);
#3781 = CARTESIAN_POINT('',(8.4,-4.9,2.5));
#3782 = LINE('',#3783,#3784);
#3783 = CARTESIAN_POINT('',(15.080274725276,-4.9,2.5));
#3784 = VECTOR('',#3785,1.);
#3785 = DIRECTION('',(1.,0.,0.));
#3786 = ORIENTED_EDGE('',*,*,#3787,.F.);
#3787 = EDGE_CURVE('',#3748,#3780,#3788,.T.);
#3788 = LINE('',#3789,#3790);
#3789 = CARTESIAN_POINT('',(8.4,-4.9,1.));
#3790 = VECTOR('',#3791,1.);
#3791 = DIRECTION('',(0.,0.,1.));
#3792 = PLANE('',#3793);
#3793 = AXIS2_PLACEMENT_3D('',#3794,#3795,#3796);
#3794 = CARTESIAN_POINT('',(4.95,-4.9,2.75));
#3795 = DIRECTION('',(-0.,-1.,-4.4E-16));
#3796 = DIRECTION('',(0.,4.4E-16,-1.));
#3797 = ADVANCED_FACE('',(#3798),#3817,.F.);
#3798 = FACE_BOUND('',#3799,.T.);
#3799 = EDGE_LOOP('',(#3800,#3801,#3802,#3810));
#3800 = ORIENTED_EDGE('',*,*,#3689,.F.);
#3801 = ORIENTED_EDGE('',*,*,#1508,.F.);
#3802 = ORIENTED_EDGE('',*,*,#3803,.T.);
#3803 = EDGE_CURVE('',#1499,#3804,#3806,.T.);
#3804 = VERTEX_POINT('',#3805);
#3805 = CARTESIAN_POINT('',(9.9,-14.4,4.5));
#3806 = LINE('',#3807,#3808);
#3807 = CARTESIAN_POINT('',(-3.3E-16,-14.4,4.5));
#3808 = VECTOR('',#3809,1.);
#3809 = DIRECTION('',(1.,0.,0.));
#3810 = ORIENTED_EDGE('',*,*,#3811,.F.);
#3811 = EDGE_CURVE('',#3690,#3804,#3812,.T.);
#3812 = CIRCLE('',#3813,1.5);
#3813 = AXIS2_PLACEMENT_3D('',#3814,#3815,#3816);
#3814 = CARTESIAN_POINT('',(9.9,-14.4,3.));
#3815 = DIRECTION('',(-1.,0.,0.));
#3816 = DIRECTION('',(0.,-4.4E-16,1.));
#3817 = CYLINDRICAL_SURFACE('',#3818,1.5);
#3818 = AXIS2_PLACEMENT_3D('',#3819,#3820,#3821);
#3819 = CARTESIAN_POINT('',(-3.3E-16,-14.4,3.));
#3820 = DIRECTION('',(1.,0.,0.));
#3821 = DIRECTION('',(0.,-1.,1.1E-16));
#3822 = ADVANCED_FACE('',(#3823),#3842,.F.);
#3823 = FACE_BOUND('',#3824,.T.);
#3824 = EDGE_LOOP('',(#3825,#3826,#3835,#3841));
#3825 = ORIENTED_EDGE('',*,*,#3763,.F.);
#3826 = ORIENTED_EDGE('',*,*,#3827,.T.);
#3827 = EDGE_CURVE('',#3764,#3828,#3830,.T.);
#3828 = VERTEX_POINT('',#3829);
#3829 = CARTESIAN_POINT('',(9.9,-6.4,4.5));
#3830 = CIRCLE('',#3831,1.5);
#3831 = AXIS2_PLACEMENT_3D('',#3832,#3833,#3834);
#3832 = CARTESIAN_POINT('',(9.9,-6.4,3.));
#3833 = DIRECTION('',(1.,-0.,0.));
#3834 = DIRECTION('',(0.,4.4E-16,-1.));
#3835 = ORIENTED_EDGE('',*,*,#3836,.T.);
#3836 = EDGE_CURVE('',#3828,#1526,#3837,.T.);
#3837 = LINE('',#3838,#3839);
#3838 = CARTESIAN_POINT('',(9.9,-6.4,4.5));
#3839 = VECTOR('',#3840,1.);
#3840 = DIRECTION('',(-1.,0.,0.));
#3841 = ORIENTED_EDGE('',*,*,#1533,.F.);
#3842 = CYLINDRICAL_SURFACE('',#3843,1.5);
#3843 = AXIS2_PLACEMENT_3D('',#3844,#3845,#3846);
#3844 = CARTESIAN_POINT('',(9.9,-6.4,3.));
#3845 = DIRECTION('',(-1.,0.,0.));
#3846 = DIRECTION('',(0.,1.,4.4E-16));
#3847 = ADVANCED_FACE('',(#3848),#3859,.T.);
#3848 = FACE_BOUND('',#3849,.F.);
#3849 = EDGE_LOOP('',(#3850,#3851,#3857,#3858));
#3850 = ORIENTED_EDGE('',*,*,#3803,.T.);
#3851 = ORIENTED_EDGE('',*,*,#3852,.T.);
#3852 = EDGE_CURVE('',#3804,#3828,#3853,.T.);
#3853 = LINE('',#3854,#3855);
#3854 = CARTESIAN_POINT('',(9.9,-13.15,4.5));
#3855 = VECTOR('',#3856,1.);
#3856 = DIRECTION('',(-1.696E-14,1.,4.4E-16));
#3857 = ORIENTED_EDGE('',*,*,#3836,.T.);
#3858 = ORIENTED_EDGE('',*,*,#1551,.T.);
#3859 = PLANE('',#3860);
#3860 = AXIS2_PLACEMENT_3D('',#3861,#3862,#3863);
#3861 = CARTESIAN_POINT('',(4.95,-10.4,4.5));
#3862 = DIRECTION('',(0.,4.4E-16,-1.));
#3863 = DIRECTION('',(1.,0.,0.));
#3864 = ADVANCED_FACE('',(#3865),#3884,.F.);
#3865 = FACE_BOUND('',#3866,.F.);
#3866 = EDGE_LOOP('',(#3867,#3875,#3882,#3883));
#3867 = ORIENTED_EDGE('',*,*,#3868,.T.);
#3868 = EDGE_CURVE('',#1775,#3869,#3871,.T.);
#3869 = VERTEX_POINT('',#3870);
#3870 = CARTESIAN_POINT('',(36.704070499974,-11.3,6.107881388391));
#3871 = LINE('',#3872,#3873);
#3872 = CARTESIAN_POINT('',(36.862237248562,-11.3,7.095293804578));
#3873 = VECTOR('',#3874,1.);
#3874 = DIRECTION('',(-0.158166748588,-0.,-0.987412416187));
#3875 = ORIENTED_EDGE('',*,*,#3876,.T.);
#3876 = EDGE_CURVE('',#3869,#3869,#3877,.T.);
#3877 = CIRCLE('',#3878,3.);
#3878 = AXIS2_PLACEMENT_3D('',#3879,#3880,#3881);
#3879 = CARTESIAN_POINT('',(33.741833251412,-11.3,6.582381634156));
#3880 = DIRECTION('',(0.158166748588,-0.,0.987412416187));
#3881 = DIRECTION('',(0.987412416187,0.,-0.158166748588));
#3882 = ORIENTED_EDGE('',*,*,#3868,.F.);
#3883 = ORIENTED_EDGE('',*,*,#1782,.F.);
#3884 = CYLINDRICAL_SURFACE('',#3885,3.);
#3885 = AXIS2_PLACEMENT_3D('',#3886,#3887,#3888);
#3886 = CARTESIAN_POINT('',(33.9,-11.3,7.569794050343));
#3887 = DIRECTION('',(0.158166748588,0.,0.987412416187));
#3888 = DIRECTION('',(0.987412416187,0.,-0.158166748588));
#3889 = ADVANCED_FACE('',(#3890),#3919,.F.);
#3890 = FACE_BOUND('',#3891,.F.);
#3891 = EDGE_LOOP('',(#3892,#3893,#3902,#3910,#3917,#3918));
#3892 = ORIENTED_EDGE('',*,*,#1991,.T.);
#3893 = ORIENTED_EDGE('',*,*,#3894,.T.);
#3894 = EDGE_CURVE('',#1984,#3895,#3897,.T.);
#3895 = VERTEX_POINT('',#3896);
#3896 = CARTESIAN_POINT('',(43.111393742753,-16.575,5.486635924582));
#3897 = ELLIPSE('',#3898,0.141421356237,0.1);
#3898 = AXIS2_PLACEMENT_3D('',#3899,#3900,#3901);
#3899 = CARTESIAN_POINT('',(42.971752539691,-16.575,5.509004080679));
#3900 = DIRECTION('',(0.158166748588,-0.,0.987412416187));
#3901 = DIRECTION('',(0.987412416187,0.,-0.158166748588));
#3902 = ORIENTED_EDGE('',*,*,#3903,.T.);
#3903 = EDGE_CURVE('',#3895,#3904,#3906,.T.);
#3904 = VERTEX_POINT('',#3905);
#3905 = CARTESIAN_POINT('',(43.111393742753,-14.275,5.486635924582));
#3906 = LINE('',#3907,#3908);
#3907 = CARTESIAN_POINT('',(43.111393742753,-16.675,5.486635924582));
#3908 = VECTOR('',#3909,1.);
#3909 = DIRECTION('',(0.,1.,0.));
#3910 = ORIENTED_EDGE('',*,*,#3911,.T.);
#3911 = EDGE_CURVE('',#3904,#2146,#3912,.T.);
#3912 = ELLIPSE('',#3913,0.141421356237,0.1);
#3913 = AXIS2_PLACEMENT_3D('',#3914,#3915,#3916);
#3914 = CARTESIAN_POINT('',(42.971752539691,-14.275,5.509004080679));
#3915 = DIRECTION('',(0.158166748588,-0.,0.987412416187));
#3916 = DIRECTION('',(0.987412416187,0.,-0.158166748588));
#3917 = ORIENTED_EDGE('',*,*,#2145,.F.);
#3918 = ORIENTED_EDGE('',*,*,#1944,.F.);
#3919 = PLANE('',#3920);
#3920 = AXIS2_PLACEMENT_3D('',#3921,#3922,#3923);
#3921 = CARTESIAN_POINT('',(42.420205051422,-16.675,5.597352648594));
#3922 = DIRECTION('',(0.158166748588,0.,0.987412416187));
#3923 = DIRECTION('',(0.,1.,0.));
#3924 = ADVANCED_FACE('',(#3925),#3954,.F.);
#3925 = FACE_BOUND('',#3926,.F.);
#3926 = EDGE_LOOP('',(#3927,#3928,#3937,#3945,#3952,#3953));
#3927 = ORIENTED_EDGE('',*,*,#2245,.T.);
#3928 = ORIENTED_EDGE('',*,*,#3929,.T.);
#3929 = EDGE_CURVE('',#2238,#3930,#3932,.T.);
#3930 = VERTEX_POINT('',#3931);
#3931 = CARTESIAN_POINT('',(43.111393742753,-11.55,5.486635924582));
#3932 = ELLIPSE('',#3933,0.141421356237,0.1);
#3933 = AXIS2_PLACEMENT_3D('',#3934,#3935,#3936);
#3934 = CARTESIAN_POINT('',(42.971752539691,-11.55,5.509004080679));
#3935 = DIRECTION('',(0.158166748588,-0.,0.987412416187));
#3936 = DIRECTION('',(0.987412416187,0.,-0.158166748588));
#3937 = ORIENTED_EDGE('',*,*,#3938,.T.);
#3938 = EDGE_CURVE('',#3930,#3939,#3941,.T.);
#3939 = VERTEX_POINT('',#3940);
#3940 = CARTESIAN_POINT('',(43.111393742753,-9.25,5.486635924582));
#3941 = LINE('',#3942,#3943);
#3942 = CARTESIAN_POINT('',(43.111393742753,-11.65,5.486635924582));
#3943 = VECTOR('',#3944,1.);
#3944 = DIRECTION('',(0.,1.,0.));
#3945 = ORIENTED_EDGE('',*,*,#3946,.F.);
#3946 = EDGE_CURVE('',#2424,#3939,#3947,.T.);
#3947 = ELLIPSE('',#3948,0.141421356237,0.1);
#3948 = AXIS2_PLACEMENT_3D('',#3949,#3950,#3951);
#3949 = CARTESIAN_POINT('',(42.971752539691,-9.25,5.509004080679));
#3950 = DIRECTION('',(-0.158166748588,-0.,-0.987412416187));
#3951 = DIRECTION('',(0.987412416187,0.,-0.158166748588));
#3952 = ORIENTED_EDGE('',*,*,#2423,.F.);
#3953 = ORIENTED_EDGE('',*,*,#1921,.F.);
#3954 = PLANE('',#3955);
#3955 = AXIS2_PLACEMENT_3D('',#3956,#3957,#3958);
#3956 = CARTESIAN_POINT('',(42.420205051422,-11.65,5.597352648594));
#3957 = DIRECTION('',(0.158166748588,0.,0.987412416187));
#3958 = DIRECTION('',(0.,1.,0.));
#3959 = ADVANCED_FACE('',(#3960),#3989,.F.);
#3960 = FACE_BOUND('',#3961,.F.);
#3961 = EDGE_LOOP('',(#3962,#3963,#3972,#3980,#3987,#3988));
#3962 = ORIENTED_EDGE('',*,*,#2499,.T.);
#3963 = ORIENTED_EDGE('',*,*,#3964,.T.);
#3964 = EDGE_CURVE('',#2492,#3965,#3967,.T.);
#3965 = VERTEX_POINT('',#3966);
#3966 = CARTESIAN_POINT('',(43.111393742753,-6.524999999999,
    5.486635924582));
#3967 = ELLIPSE('',#3968,0.141421356237,0.1);
#3968 = AXIS2_PLACEMENT_3D('',#3969,#3970,#3971);
#3969 = CARTESIAN_POINT('',(42.971752539691,-6.524999999999,
    5.509004080679));
#3970 = DIRECTION('',(0.158166748588,-0.,0.987412416187));
#3971 = DIRECTION('',(0.987412416187,0.,-0.158166748588));
#3972 = ORIENTED_EDGE('',*,*,#3973,.T.);
#3973 = EDGE_CURVE('',#3965,#3974,#3976,.T.);
#3974 = VERTEX_POINT('',#3975);
#3975 = CARTESIAN_POINT('',(43.111393742753,-4.224999999999,
    5.486635924582));
#3976 = LINE('',#3977,#3978);
#3977 = CARTESIAN_POINT('',(43.111393742753,-6.624999999999,
    5.486635924582));
#3978 = VECTOR('',#3979,1.);
#3979 = DIRECTION('',(0.,1.,0.));
#3980 = ORIENTED_EDGE('',*,*,#3981,.F.);
#3981 = EDGE_CURVE('',#2286,#3974,#3982,.T.);
#3982 = ELLIPSE('',#3983,0.141421356237,0.1);
#3983 = AXIS2_PLACEMENT_3D('',#3984,#3985,#3986);
#3984 = CARTESIAN_POINT('',(42.971752539691,-4.224999999999,
    5.509004080679));
#3985 = DIRECTION('',(-0.158166748588,-0.,-0.987412416187));
#3986 = DIRECTION('',(0.987412416187,0.,-0.158166748588));
#3987 = ORIENTED_EDGE('',*,*,#2285,.F.);
#3988 = ORIENTED_EDGE('',*,*,#1898,.F.);
#3989 = PLANE('',#3990);
#3990 = AXIS2_PLACEMENT_3D('',#3991,#3992,#3993);
#3991 = CARTESIAN_POINT('',(42.420205051422,-6.624999999999,
    5.597352648594));
#3992 = DIRECTION('',(0.158166748588,0.,0.987412416187));
#3993 = DIRECTION('',(0.,1.,0.));
#3994 = ADVANCED_FACE('',(#3995),#4014,.T.);
#3995 = FACE_BOUND('',#3996,.F.);
#3996 = EDGE_LOOP('',(#3997,#3998,#4006,#4013));
#3997 = ORIENTED_EDGE('',*,*,#2006,.T.);
#3998 = ORIENTED_EDGE('',*,*,#3999,.T.);
#3999 = EDGE_CURVE('',#2007,#4000,#4002,.T.);
#4000 = VERTEX_POINT('',#4001);
#4001 = CARTESIAN_POINT('',(43.225951659231,-16.575,5.569560491342));
#4002 = LINE('',#4003,#4004);
#4003 = CARTESIAN_POINT('',(43.289218358666,-16.575,5.964525457817));
#4004 = VECTOR('',#4005,1.);
#4005 = DIRECTION('',(-0.158166748588,0.,-0.987412416187));
#4006 = ORIENTED_EDGE('',*,*,#4007,.F.);
#4007 = EDGE_CURVE('',#1976,#4000,#4008,.T.);
#4008 = ELLIPSE('',#4009,0.108239220029,0.1);
#4009 = AXIS2_PLACEMENT_3D('',#4010,#4011,#4012);
#4010 = CARTESIAN_POINT('',(43.13376189885,-16.575,5.626277127645));
#4011 = DIRECTION('',(0.523993394331,-0.,0.851722327227));
#4012 = DIRECTION('',(0.851722327227,0.,-0.523993394331));
#4013 = ORIENTED_EDGE('',*,*,#1975,.F.);
#4014 = CYLINDRICAL_SURFACE('',#4015,0.1);
#4015 = AXIS2_PLACEMENT_3D('',#4016,#4017,#4018);
#4016 = CARTESIAN_POINT('',(43.190477117047,-16.575,5.980342132675));
#4017 = DIRECTION('',(-0.158166748588,0.,-0.987412416187));
#4018 = DIRECTION('',(0.,-1.,0.));
#4019 = ADVANCED_FACE('',(#4020),#4031,.T.);
#4020 = FACE_BOUND('',#4021,.T.);
#4021 = EDGE_LOOP('',(#4022,#4023,#4029,#4030));
#4022 = ORIENTED_EDGE('',*,*,#3894,.T.);
#4023 = ORIENTED_EDGE('',*,*,#4024,.T.);
#4024 = EDGE_CURVE('',#3895,#4000,#4025,.T.);
#4025 = LINE('',#4026,#4027);
#4026 = CARTESIAN_POINT('',(43.111393742753,-16.575,5.486635924582));
#4027 = VECTOR('',#4028,1.);
#4028 = DIRECTION('',(0.810046795799,0.,0.586365234829));
#4029 = ORIENTED_EDGE('',*,*,#4007,.F.);
#4030 = ORIENTED_EDGE('',*,*,#1983,.F.);
#4031 = CYLINDRICAL_SURFACE('',#4032,0.1);
#4032 = AXIS2_PLACEMENT_3D('',#4033,#4034,#4035);
#4033 = CARTESIAN_POINT('',(43.05275721927,-16.575,5.567640604162));
#4034 = DIRECTION('',(0.810046795799,0.,0.586365234829));
#4035 = DIRECTION('',(0.,-1.,0.));
#4036 = ADVANCED_FACE('',(#4037),#4055,.T.);
#4037 = FACE_BOUND('',#4038,.T.);
#4038 = EDGE_LOOP('',(#4039,#4040,#4041,#4049));
#4039 = ORIENTED_EDGE('',*,*,#2031,.T.);
#4040 = ORIENTED_EDGE('',*,*,#3999,.T.);
#4041 = ORIENTED_EDGE('',*,*,#4042,.T.);
#4042 = EDGE_CURVE('',#4000,#4043,#4045,.T.);
#4043 = VERTEX_POINT('',#4044);
#4044 = CARTESIAN_POINT('',(43.225951659231,-14.275,5.569560491342));
#4045 = LINE('',#4046,#4047);
#4046 = CARTESIAN_POINT('',(43.225951659231,-16.675,5.569560491342));
#4047 = VECTOR('',#4048,1.);
#4048 = DIRECTION('',(0.,1.,0.));
#4049 = ORIENTED_EDGE('',*,*,#4050,.T.);
#4050 = EDGE_CURVE('',#4043,#2032,#4051,.T.);
#4051 = LINE('',#4052,#4053);
#4052 = CARTESIAN_POINT('',(43.225951659231,-14.275,5.569560491342));
#4053 = VECTOR('',#4054,1.);
#4054 = DIRECTION('',(0.158166748588,0.,0.987412416187));
#4055 = PLANE('',#4056);
#4056 = AXIS2_PLACEMENT_3D('',#4057,#4058,#4059);
#4057 = CARTESIAN_POINT('',(43.257585008949,-10.4,5.767042974579));
#4058 = DIRECTION('',(0.987412416187,0.,-0.158166748588));
#4059 = DIRECTION('',(0.158166748588,0.,0.987412416187));
#4060 = ADVANCED_FACE('',(#4061),#4094,.T.);
#4061 = FACE_BOUND('',#4062,.T.);
#4062 = EDGE_LOOP('',(#4063,#4064,#4065,#4066,#4072,#4073));
#4063 = ORIENTED_EDGE('',*,*,#3026,.F.);
#4064 = ORIENTED_EDGE('',*,*,#2072,.F.);
#4065 = ORIENTED_EDGE('',*,*,#2759,.T.);
#4066 = ORIENTED_EDGE('',*,*,#4067,.T.);
#4067 = EDGE_CURVE('',#2745,#3290,#4068,.T.);
#4068 = LINE('',#4069,#4070);
#4069 = CARTESIAN_POINT('',(41.790945880438,-0.575,4.508170352245));
#4070 = VECTOR('',#4071,1.);
#4071 = DIRECTION('',(-0.111840780485,0.707106781187,-0.698206015314));
#4072 = ORIENTED_EDGE('',*,*,#3289,.F.);
#4073 = ORIENTED_EDGE('',*,*,#4074,.F.);
#4074 = EDGE_CURVE('',#3027,#3281,#4075,.T.);
#4075 = B_SPLINE_CURVE_WITH_KNOTS('',5,(#4076,#4077,#4078,#4079,#4080,
    #4081,#4082,#4083,#4084,#4085,#4086,#4087,#4088,#4089,#4090,#4091,
    #4092,#4093),.UNSPECIFIED.,.F.,.F.,(6,4,4,4,6),(0.,0.279731473442,
    0.548934674387,0.776245096696,1.),.UNSPECIFIED.);
#4076 = CARTESIAN_POINT('',(7.245229658487,-0.45,9.915215599962));
#4077 = CARTESIAN_POINT('',(7.226350307555,-0.412923856247,
    9.880690959961));
#4078 = CARTESIAN_POINT('',(7.212330124701,-0.375540301633,
    9.845076633768));
#4079 = CARTESIAN_POINT('',(7.203411607512,-0.338343228266,
    9.808833965644));
#4080 = CARTESIAN_POINT('',(7.199727555524,-0.301884587062,
    9.772500670568));
#4081 = CARTESIAN_POINT('',(7.20271468513,-0.23293817823,9.702196841822)
  );
#4082 = CARTESIAN_POINT('',(7.209001184865,-0.20035295091,9.668189225559
    ));
#4083 = CARTESIAN_POINT('',(7.220084425187,-0.169514767621,
    9.635182568118));
#4084 = CARTESIAN_POINT('',(7.235797260435,-0.140978610975,
    9.603765700961));
#4085 = CARTESIAN_POINT('',(7.272667788868,-9.35532188351E-02,
    9.549829693202));
#4086 = CARTESIAN_POINT('',(7.292597664719,-7.385368019074E-02,
    9.526686595209));
#4087 = CARTESIAN_POINT('',(7.31536608228,-5.647982739827E-02,
    9.505444144714));
#4088 = CARTESIAN_POINT('',(7.340664141655,-4.172597686179E-02,
    9.486449890615));
#4089 = CARTESIAN_POINT('',(7.395101802893,-1.806283254032E-02,
    9.453765095821));
#4090 = CARTESIAN_POINT('',(7.424177778387,-9.064481887332E-03,
    9.439994554823));
#4091 = CARTESIAN_POINT('',(7.454946124968,-3.007864141389E-03,
    9.428932158903));
#4092 = CARTESIAN_POINT('',(7.486962305016,-8.9E-16,9.420757500463));
#4093 = CARTESIAN_POINT('',(7.519786764867,-8.9E-16,9.415499577833));
#4094 = PLANE('',#4095);
#4095 = AXIS2_PLACEMENT_3D('',#4096,#4097,#4098);
#4096 = CARTESIAN_POINT('',(7.683878951936,-0.575,9.971544917451));
#4097 = DIRECTION('',(0.111840780485,0.707106781187,0.698206015314));
#4098 = DIRECTION('',(0.987412416187,9.71445146547E-17,-0.158166748588)
  );
#4099 = ADVANCED_FACE('',(#4100),#4112,.T.);
#4100 = FACE_BOUND('',#4101,.T.);
#4101 = EDGE_LOOP('',(#4102,#4109,#4110,#4111));
#4102 = ORIENTED_EDGE('',*,*,#4103,.T.);
#4103 = EDGE_CURVE('',#4043,#2154,#4104,.T.);
#4104 = ELLIPSE('',#4105,0.108239220029,0.1);
#4105 = AXIS2_PLACEMENT_3D('',#4106,#4107,#4108);
#4106 = CARTESIAN_POINT('',(43.13376189885,-14.275,5.626277127645));
#4107 = DIRECTION('',(0.523993394331,0.,0.851722327227));
#4108 = DIRECTION('',(-0.851722327227,0.,0.523993394331));
#4109 = ORIENTED_EDGE('',*,*,#2161,.T.);
#4110 = ORIENTED_EDGE('',*,*,#2095,.F.);
#4111 = ORIENTED_EDGE('',*,*,#4050,.F.);
#4112 = CYLINDRICAL_SURFACE('',#4113,0.1);
#4113 = AXIS2_PLACEMENT_3D('',#4114,#4115,#4116);
#4114 = CARTESIAN_POINT('',(43.127210417612,-14.275,5.585377166201));
#4115 = DIRECTION('',(0.158166748588,0.,0.987412416187));
#4116 = DIRECTION('',(0.987412416187,0.,-0.158166748588));
#4117 = ADVANCED_FACE('',(#4118),#4129,.T.);
#4118 = FACE_BOUND('',#4119,.T.);
#4119 = EDGE_LOOP('',(#4120,#4121,#4122,#4123));
#4120 = ORIENTED_EDGE('',*,*,#3911,.T.);
#4121 = ORIENTED_EDGE('',*,*,#2153,.T.);
#4122 = ORIENTED_EDGE('',*,*,#4103,.F.);
#4123 = ORIENTED_EDGE('',*,*,#4124,.F.);
#4124 = EDGE_CURVE('',#3904,#4043,#4125,.T.);
#4125 = LINE('',#4126,#4127);
#4126 = CARTESIAN_POINT('',(43.111393742753,-14.275,5.486635924582));
#4127 = VECTOR('',#4128,1.);
#4128 = DIRECTION('',(0.810046795799,0.,0.586365234829));
#4129 = CYLINDRICAL_SURFACE('',#4130,0.1);
#4130 = AXIS2_PLACEMENT_3D('',#4131,#4132,#4133);
#4131 = CARTESIAN_POINT('',(43.05275721927,-14.275,5.567640604162));
#4132 = DIRECTION('',(0.810046795799,0.,0.586365234829));
#4133 = DIRECTION('',(0.586365234829,0.,-0.810046795799));
#4134 = ADVANCED_FACE('',(#4135),#4154,.T.);
#4135 = FACE_BOUND('',#4136,.F.);
#4136 = EDGE_LOOP('',(#4137,#4138,#4146,#4153));
#4137 = ORIENTED_EDGE('',*,*,#2260,.T.);
#4138 = ORIENTED_EDGE('',*,*,#4139,.T.);
#4139 = EDGE_CURVE('',#2261,#4140,#4142,.T.);
#4140 = VERTEX_POINT('',#4141);
#4141 = CARTESIAN_POINT('',(43.225951659231,-11.55,5.569560491342));
#4142 = LINE('',#4143,#4144);
#4143 = CARTESIAN_POINT('',(43.289218358666,-11.55,5.964525457817));
#4144 = VECTOR('',#4145,1.);
#4145 = DIRECTION('',(-0.158166748588,0.,-0.987412416187));
#4146 = ORIENTED_EDGE('',*,*,#4147,.F.);
#4147 = EDGE_CURVE('',#2230,#4140,#4148,.T.);
#4148 = ELLIPSE('',#4149,0.108239220029,0.1);
#4149 = AXIS2_PLACEMENT_3D('',#4150,#4151,#4152);
#4150 = CARTESIAN_POINT('',(43.13376189885,-11.55,5.626277127645));
#4151 = DIRECTION('',(0.523993394331,-0.,0.851722327227));
#4152 = DIRECTION('',(0.851722327227,0.,-0.523993394331));
#4153 = ORIENTED_EDGE('',*,*,#2229,.F.);
#4154 = CYLINDRICAL_SURFACE('',#4155,0.1);
#4155 = AXIS2_PLACEMENT_3D('',#4156,#4157,#4158);
#4156 = CARTESIAN_POINT('',(43.190477117047,-11.55,5.980342132675));
#4157 = DIRECTION('',(-0.158166748588,0.,-0.987412416187));
#4158 = DIRECTION('',(0.,-1.,0.));
#4159 = ADVANCED_FACE('',(#4160),#4171,.T.);
#4160 = FACE_BOUND('',#4161,.T.);
#4161 = EDGE_LOOP('',(#4162,#4163,#4169,#4170));
#4162 = ORIENTED_EDGE('',*,*,#3929,.T.);
#4163 = ORIENTED_EDGE('',*,*,#4164,.T.);
#4164 = EDGE_CURVE('',#3930,#4140,#4165,.T.);
#4165 = LINE('',#4166,#4167);
#4166 = CARTESIAN_POINT('',(43.111393742753,-11.55,5.486635924582));
#4167 = VECTOR('',#4168,1.);
#4168 = DIRECTION('',(0.810046795799,0.,0.586365234829));
#4169 = ORIENTED_EDGE('',*,*,#4147,.F.);
#4170 = ORIENTED_EDGE('',*,*,#2237,.F.);
#4171 = CYLINDRICAL_SURFACE('',#4172,0.1);
#4172 = AXIS2_PLACEMENT_3D('',#4173,#4174,#4175);
#4173 = CARTESIAN_POINT('',(43.05275721927,-11.55,5.567640604162));
#4174 = DIRECTION('',(0.810046795799,0.,0.586365234829));
#4175 = DIRECTION('',(0.,-1.,0.));
#4176 = ADVANCED_FACE('',(#4177),#4196,.T.);
#4177 = FACE_BOUND('',#4178,.F.);
#4178 = EDGE_LOOP('',(#4179,#4180,#4188,#4195));
#4179 = ORIENTED_EDGE('',*,*,#3981,.T.);
#4180 = ORIENTED_EDGE('',*,*,#4181,.T.);
#4181 = EDGE_CURVE('',#3974,#4182,#4184,.T.);
#4182 = VERTEX_POINT('',#4183);
#4183 = CARTESIAN_POINT('',(43.225951659231,-4.224999999999,
    5.569560491342));
#4184 = LINE('',#4185,#4186);
#4185 = CARTESIAN_POINT('',(43.111393742753,-4.224999999999,
    5.486635924582));
#4186 = VECTOR('',#4187,1.);
#4187 = DIRECTION('',(0.810046795799,0.,0.586365234829));
#4188 = ORIENTED_EDGE('',*,*,#4189,.F.);
#4189 = EDGE_CURVE('',#2294,#4182,#4190,.T.);
#4190 = ELLIPSE('',#4191,0.108239220029,0.1);
#4191 = AXIS2_PLACEMENT_3D('',#4192,#4193,#4194);
#4192 = CARTESIAN_POINT('',(43.13376189885,-4.224999999999,
    5.626277127645));
#4193 = DIRECTION('',(-0.523993394331,-0.,-0.851722327227));
#4194 = DIRECTION('',(0.851722327227,0.,-0.523993394331));
#4195 = ORIENTED_EDGE('',*,*,#2293,.F.);
#4196 = CYLINDRICAL_SURFACE('',#4197,0.1);
#4197 = AXIS2_PLACEMENT_3D('',#4198,#4199,#4200);
#4198 = CARTESIAN_POINT('',(43.05275721927,-4.224999999999,
    5.567640604162));
#4199 = DIRECTION('',(0.810046795799,0.,0.586365234829));
#4200 = DIRECTION('',(0.,1.,0.));
#4201 = ADVANCED_FACE('',(#4202),#4213,.T.);
#4202 = FACE_BOUND('',#4203,.F.);
#4203 = EDGE_LOOP('',(#4204,#4205,#4211,#4212));
#4204 = ORIENTED_EDGE('',*,*,#4189,.T.);
#4205 = ORIENTED_EDGE('',*,*,#4206,.T.);
#4206 = EDGE_CURVE('',#4182,#2350,#4207,.T.);
#4207 = LINE('',#4208,#4209);
#4208 = CARTESIAN_POINT('',(43.225951659231,-4.224999999999,
    5.569560491342));
#4209 = VECTOR('',#4210,1.);
#4210 = DIRECTION('',(0.158166748588,0.,0.987412416187));
#4211 = ORIENTED_EDGE('',*,*,#2349,.F.);
#4212 = ORIENTED_EDGE('',*,*,#2301,.F.);
#4213 = CYLINDRICAL_SURFACE('',#4214,0.1);
#4214 = AXIS2_PLACEMENT_3D('',#4215,#4216,#4217);
#4215 = CARTESIAN_POINT('',(43.127210417612,-4.224999999999,
    5.585377166201));
#4216 = DIRECTION('',(0.158166748588,0.,0.987412416187));
#4217 = DIRECTION('',(0.,1.,0.));
#4218 = ADVANCED_FACE('',(#4219),#4237,.T.);
#4219 = FACE_BOUND('',#4220,.T.);
#4220 = EDGE_LOOP('',(#4221,#4222,#4223,#4231));
#4221 = ORIENTED_EDGE('',*,*,#2325,.T.);
#4222 = ORIENTED_EDGE('',*,*,#4139,.T.);
#4223 = ORIENTED_EDGE('',*,*,#4224,.T.);
#4224 = EDGE_CURVE('',#4140,#4225,#4227,.T.);
#4225 = VERTEX_POINT('',#4226);
#4226 = CARTESIAN_POINT('',(43.225951659231,-9.25,5.569560491342));
#4227 = LINE('',#4228,#4229);
#4228 = CARTESIAN_POINT('',(43.225951659231,-11.65,5.569560491342));
#4229 = VECTOR('',#4230,1.);
#4230 = DIRECTION('',(0.,1.,0.));
#4231 = ORIENTED_EDGE('',*,*,#4232,.T.);
#4232 = EDGE_CURVE('',#4225,#2326,#4233,.T.);
#4233 = LINE('',#4234,#4235);
#4234 = CARTESIAN_POINT('',(43.225951659231,-9.25,5.569560491342));
#4235 = VECTOR('',#4236,1.);
#4236 = DIRECTION('',(0.158166748588,0.,0.987412416187));
#4237 = PLANE('',#4238);
#4238 = AXIS2_PLACEMENT_3D('',#4239,#4240,#4241);
#4239 = CARTESIAN_POINT('',(43.257585008949,-10.4,5.767042974579));
#4240 = DIRECTION('',(0.987412416187,0.,-0.158166748588));
#4241 = DIRECTION('',(0.158166748588,0.,0.987412416187));
#4242 = ADVANCED_FACE('',(#4243),#4255,.T.);
#4243 = FACE_BOUND('',#4244,.F.);
#4244 = EDGE_LOOP('',(#4245,#4252,#4253,#4254));
#4245 = ORIENTED_EDGE('',*,*,#4246,.T.);
#4246 = EDGE_CURVE('',#2432,#4225,#4247,.T.);
#4247 = ELLIPSE('',#4248,0.108239220029,0.1);
#4248 = AXIS2_PLACEMENT_3D('',#4249,#4250,#4251);
#4249 = CARTESIAN_POINT('',(43.13376189885,-9.25,5.626277127645));
#4250 = DIRECTION('',(-0.523993394331,0.,-0.851722327227));
#4251 = DIRECTION('',(-0.851722327227,0.,0.523993394331));
#4252 = ORIENTED_EDGE('',*,*,#4232,.T.);
#4253 = ORIENTED_EDGE('',*,*,#2374,.T.);
#4254 = ORIENTED_EDGE('',*,*,#2439,.F.);
#4255 = CYLINDRICAL_SURFACE('',#4256,0.1);
#4256 = AXIS2_PLACEMENT_3D('',#4257,#4258,#4259);
#4257 = CARTESIAN_POINT('',(43.127210417612,-9.25,5.585377166201));
#4258 = DIRECTION('',(0.158166748588,0.,0.987412416187));
#4259 = DIRECTION('',(0.,1.,0.));
#4260 = ADVANCED_FACE('',(#4261),#4279,.T.);
#4261 = FACE_BOUND('',#4262,.T.);
#4262 = EDGE_LOOP('',(#4263,#4264,#4272,#4278));
#4263 = ORIENTED_EDGE('',*,*,#2399,.T.);
#4264 = ORIENTED_EDGE('',*,*,#4265,.T.);
#4265 = EDGE_CURVE('',#2400,#4266,#4268,.T.);
#4266 = VERTEX_POINT('',#4267);
#4267 = CARTESIAN_POINT('',(43.225951659231,-6.524999999999,
    5.569560491342));
#4268 = LINE('',#4269,#4270);
#4269 = CARTESIAN_POINT('',(43.289218358666,-6.524999999999,
    5.964525457817));
#4270 = VECTOR('',#4271,1.);
#4271 = DIRECTION('',(-0.158166748588,0.,-0.987412416187));
#4272 = ORIENTED_EDGE('',*,*,#4273,.T.);
#4273 = EDGE_CURVE('',#4266,#4182,#4274,.T.);
#4274 = LINE('',#4275,#4276);
#4275 = CARTESIAN_POINT('',(43.225951659231,-6.624999999999,
    5.569560491342));
#4276 = VECTOR('',#4277,1.);
#4277 = DIRECTION('',(0.,1.,0.));
#4278 = ORIENTED_EDGE('',*,*,#4206,.T.);
#4279 = PLANE('',#4280);
#4280 = AXIS2_PLACEMENT_3D('',#4281,#4282,#4283);
#4281 = CARTESIAN_POINT('',(43.257585008949,-10.4,5.767042974579));
#4282 = DIRECTION('',(0.987412416187,0.,-0.158166748588));
#4283 = DIRECTION('',(0.158166748588,0.,0.987412416187));
#4284 = ADVANCED_FACE('',(#4285),#4296,.T.);
#4285 = FACE_BOUND('',#4286,.F.);
#4286 = EDGE_LOOP('',(#4287,#4288,#4294,#4295));
#4287 = ORIENTED_EDGE('',*,*,#3946,.T.);
#4288 = ORIENTED_EDGE('',*,*,#4289,.T.);
#4289 = EDGE_CURVE('',#3939,#4225,#4290,.T.);
#4290 = LINE('',#4291,#4292);
#4291 = CARTESIAN_POINT('',(43.111393742753,-9.25,5.486635924582));
#4292 = VECTOR('',#4293,1.);
#4293 = DIRECTION('',(0.810046795799,0.,0.586365234829));
#4294 = ORIENTED_EDGE('',*,*,#4246,.F.);
#4295 = ORIENTED_EDGE('',*,*,#2431,.F.);
#4296 = CYLINDRICAL_SURFACE('',#4297,0.1);
#4297 = AXIS2_PLACEMENT_3D('',#4298,#4299,#4300);
#4298 = CARTESIAN_POINT('',(43.05275721927,-9.25,5.567640604162));
#4299 = DIRECTION('',(0.810046795799,0.,0.586365234829));
#4300 = DIRECTION('',(0.,1.,0.));
#4301 = ADVANCED_FACE('',(#4302),#4314,.T.);
#4302 = FACE_BOUND('',#4303,.F.);
#4303 = EDGE_LOOP('',(#4304,#4305,#4306,#4313));
#4304 = ORIENTED_EDGE('',*,*,#2456,.T.);
#4305 = ORIENTED_EDGE('',*,*,#4265,.T.);
#4306 = ORIENTED_EDGE('',*,*,#4307,.F.);
#4307 = EDGE_CURVE('',#2484,#4266,#4308,.T.);
#4308 = ELLIPSE('',#4309,0.108239220029,0.1);
#4309 = AXIS2_PLACEMENT_3D('',#4310,#4311,#4312);
#4310 = CARTESIAN_POINT('',(43.13376189885,-6.524999999999,
    5.626277127645));
#4311 = DIRECTION('',(0.523993394331,-0.,0.851722327227));
#4312 = DIRECTION('',(0.851722327227,0.,-0.523993394331));
#4313 = ORIENTED_EDGE('',*,*,#2483,.F.);
#4314 = CYLINDRICAL_SURFACE('',#4315,0.1);
#4315 = AXIS2_PLACEMENT_3D('',#4316,#4317,#4318);
#4316 = CARTESIAN_POINT('',(43.190477117047,-6.524999999999,
    5.980342132675));
#4317 = DIRECTION('',(-0.158166748588,0.,-0.987412416187));
#4318 = DIRECTION('',(0.,-1.,0.));
#4319 = ADVANCED_FACE('',(#4320),#4331,.T.);
#4320 = FACE_BOUND('',#4321,.T.);
#4321 = EDGE_LOOP('',(#4322,#4323,#4329,#4330));
#4322 = ORIENTED_EDGE('',*,*,#3964,.T.);
#4323 = ORIENTED_EDGE('',*,*,#4324,.T.);
#4324 = EDGE_CURVE('',#3965,#4266,#4325,.T.);
#4325 = LINE('',#4326,#4327);
#4326 = CARTESIAN_POINT('',(43.111393742753,-6.524999999999,
    5.486635924582));
#4327 = VECTOR('',#4328,1.);
#4328 = DIRECTION('',(0.810046795799,0.,0.586365234829));
#4329 = ORIENTED_EDGE('',*,*,#4307,.F.);
#4330 = ORIENTED_EDGE('',*,*,#2491,.F.);
#4331 = CYLINDRICAL_SURFACE('',#4332,0.1);
#4332 = AXIS2_PLACEMENT_3D('',#4333,#4334,#4335);
#4333 = CARTESIAN_POINT('',(43.05275721927,-6.524999999999,
    5.567640604162));
#4334 = DIRECTION('',(0.810046795799,0.,0.586365234829));
#4335 = DIRECTION('',(0.,-1.,0.));
#4336 = ADVANCED_FACE('',(#4337,#4348,#4354,#4365,#4376,#4387,#4398),
  #4409,.T.);
#4337 = FACE_BOUND('',#4338,.F.);
#4338 = EDGE_LOOP('',(#4339));
#4339 = ORIENTED_EDGE('',*,*,#4340,.F.);
#4340 = EDGE_CURVE('',#4341,#4341,#4343,.T.);
#4341 = VERTEX_POINT('',#4342);
#4342 = CARTESIAN_POINT('',(20.05,-10.4,4.));
#4343 = CIRCLE('',#4344,1.25);
#4344 = AXIS2_PLACEMENT_3D('',#4345,#4346,#4347);
#4345 = CARTESIAN_POINT('',(18.8,-10.4,4.));
#4346 = DIRECTION('',(0.,4.4E-16,-1.));
#4347 = DIRECTION('',(1.,0.,0.));
#4348 = FACE_BOUND('',#4349,.F.);
#4349 = EDGE_LOOP('',(#4350,#4351,#4352,#4353));
#4350 = ORIENTED_EDGE('',*,*,#2531,.T.);
#4351 = ORIENTED_EDGE('',*,*,#2569,.T.);
#4352 = ORIENTED_EDGE('',*,*,#2593,.T.);
#4353 = ORIENTED_EDGE('',*,*,#2545,.T.);
#4354 = FACE_BOUND('',#4355,.F.);
#4355 = EDGE_LOOP('',(#4356));
#4356 = ORIENTED_EDGE('',*,*,#4357,.F.);
#4357 = EDGE_CURVE('',#4358,#4358,#4360,.T.);
#4358 = VERTEX_POINT('',#4359);
#4359 = CARTESIAN_POINT('',(22.4,-5.5,4.));
#4360 = CIRCLE('',#4361,3.);
#4361 = AXIS2_PLACEMENT_3D('',#4362,#4363,#4364);
#4362 = CARTESIAN_POINT('',(19.4,-5.5,4.));
#4363 = DIRECTION('',(0.,4.4E-16,-1.));
#4364 = DIRECTION('',(1.,0.,0.));
#4365 = FACE_BOUND('',#4366,.F.);
#4366 = EDGE_LOOP('',(#4367));
#4367 = ORIENTED_EDGE('',*,*,#4368,.F.);
#4368 = EDGE_CURVE('',#4369,#4369,#4371,.T.);
#4369 = VERTEX_POINT('',#4370);
#4370 = CARTESIAN_POINT('',(14.05,-16.4,4.));
#4371 = CIRCLE('',#4372,1.25);
#4372 = AXIS2_PLACEMENT_3D('',#4373,#4374,#4375);
#4373 = CARTESIAN_POINT('',(12.8,-16.4,4.));
#4374 = DIRECTION('',(0.,4.4E-16,-1.));
#4375 = DIRECTION('',(1.,3.55E-15,1.562E-30));
#4376 = FACE_BOUND('',#4377,.F.);
#4377 = EDGE_LOOP('',(#4378));
#4378 = ORIENTED_EDGE('',*,*,#4379,.F.);
#4379 = EDGE_CURVE('',#4380,#4380,#4382,.T.);
#4380 = VERTEX_POINT('',#4381);
#4381 = CARTESIAN_POINT('',(14.05,-4.4,4.));
#4382 = CIRCLE('',#4383,1.25);
#4383 = AXIS2_PLACEMENT_3D('',#4384,#4385,#4386);
#4384 = CARTESIAN_POINT('',(12.8,-4.4,4.));
#4385 = DIRECTION('',(0.,4.4E-16,-1.));
#4386 = DIRECTION('',(1.,0.,0.));
#4387 = FACE_BOUND('',#4388,.F.);
#4388 = EDGE_LOOP('',(#4389));
#4389 = ORIENTED_EDGE('',*,*,#4390,.F.);
#4390 = EDGE_CURVE('',#4391,#4391,#4393,.T.);
#4391 = VERTEX_POINT('',#4392);
#4392 = CARTESIAN_POINT('',(26.05,-4.4,4.));
#4393 = CIRCLE('',#4394,1.25);
#4394 = AXIS2_PLACEMENT_3D('',#4395,#4396,#4397);
#4395 = CARTESIAN_POINT('',(24.8,-4.4,4.));
#4396 = DIRECTION('',(0.,4.4E-16,-1.));
#4397 = DIRECTION('',(1.,0.,0.));
#4398 = FACE_BOUND('',#4399,.F.);
#4399 = EDGE_LOOP('',(#4400));
#4400 = ORIENTED_EDGE('',*,*,#4401,.F.);
#4401 = EDGE_CURVE('',#4402,#4402,#4404,.T.);
#4402 = VERTEX_POINT('',#4403);
#4403 = CARTESIAN_POINT('',(26.05,-16.4,4.));
#4404 = CIRCLE('',#4405,1.25);
#4405 = AXIS2_PLACEMENT_3D('',#4406,#4407,#4408);
#4406 = CARTESIAN_POINT('',(24.8,-16.4,4.));
#4407 = DIRECTION('',(0.,4.4E-16,-1.));
#4408 = DIRECTION('',(1.,3.55E-15,1.562E-30));
#4409 = PLANE('',#4410);
#4410 = AXIS2_PLACEMENT_3D('',#4411,#4412,#4413);
#4411 = CARTESIAN_POINT('',(18.8,-10.4,4.));
#4412 = DIRECTION('',(0.,-4.4E-16,1.));
#4413 = DIRECTION('',(-1.,-0.,-0.));
#4414 = ADVANCED_FACE('',(#4415),#4434,.F.);
#4415 = FACE_BOUND('',#4416,.F.);
#4416 = EDGE_LOOP('',(#4417,#4425,#4432,#4433));
#4417 = ORIENTED_EDGE('',*,*,#4418,.F.);
#4418 = EDGE_CURVE('',#4419,#2611,#4421,.T.);
#4419 = VERTEX_POINT('',#4420);
#4420 = CARTESIAN_POINT('',(34.77,-4.3,2.5));
#4421 = LINE('',#4422,#4423);
#4422 = CARTESIAN_POINT('',(34.77,-4.3,2.5));
#4423 = VECTOR('',#4424,1.);
#4424 = DIRECTION('',(0.,0.,1.));
#4425 = ORIENTED_EDGE('',*,*,#4426,.F.);
#4426 = EDGE_CURVE('',#4419,#4419,#4427,.T.);
#4427 = CIRCLE('',#4428,0.75);
#4428 = AXIS2_PLACEMENT_3D('',#4429,#4430,#4431);
#4429 = CARTESIAN_POINT('',(34.02,-4.3,2.5));
#4430 = DIRECTION('',(0.,0.,-1.));
#4431 = DIRECTION('',(1.,0.,0.));
#4432 = ORIENTED_EDGE('',*,*,#4418,.T.);
#4433 = ORIENTED_EDGE('',*,*,#2617,.F.);
#4434 = CYLINDRICAL_SURFACE('',#4435,0.75);
#4435 = AXIS2_PLACEMENT_3D('',#4436,#4437,#4438);
#4436 = CARTESIAN_POINT('',(34.02,-4.3,2.5));
#4437 = DIRECTION('',(0.,0.,-1.));
#4438 = DIRECTION('',(1.,0.,0.));
#4439 = ADVANCED_FACE('',(#4440),#4450,.F.);
#4440 = FACE_BOUND('',#4441,.F.);
#4441 = EDGE_LOOP('',(#4442,#4443,#4444,#4449));
#4442 = ORIENTED_EDGE('',*,*,#4067,.T.);
#4443 = ORIENTED_EDGE('',*,*,#3509,.T.);
#4444 = ORIENTED_EDGE('',*,*,#4445,.F.);
#4445 = EDGE_CURVE('',#2737,#3510,#4446,.T.);
#4446 = B_SPLINE_CURVE_WITH_KNOTS('',1,(#4447,#4448),.UNSPECIFIED.,.F.,
  .F.,(2,2),(0.,2.977189906199),.PIECEWISE_BEZIER_KNOTS.);
#4447 = CARTESIAN_POINT('',(42.564475721385,-2.,4.966594099709));
#4448 = CARTESIAN_POINT('',(43.7,-2.,3.634702338833));
#4449 = ORIENTED_EDGE('',*,*,#2744,.F.);
#4450 = B_SPLINE_SURFACE_WITH_KNOTS('',1,9,(
    (#4451,#4452,#4453,#4454,#4455,#4456,#4457,#4458,#4459,#4460)
    ,(#4461,#4462,#4463,#4464,#4465,#4466,#4467,#4468,#4469,#4470
  )),.UNSPECIFIED.,.F.,.F.,.F.,(2,2),(10,10),(0.,2.977189906199),(
    34.542114076244,37.519303982442),.PIECEWISE_BEZIER_KNOTS.);
#4451 = CARTESIAN_POINT('',(41.880010862481,-1.149998422367,
    5.076233779625));
#4452 = CARTESIAN_POINT('',(41.978133528604,-1.150163026321,
    5.060516190086));
#4453 = CARTESIAN_POINT('',(42.073113724079,-1.172958958849,
    5.04530197113));
#4454 = CARTESIAN_POINT('',(42.173891439643,-1.216025019436,
    5.029159087634));
#4455 = CARTESIAN_POINT('',(42.289024371215,-1.290295356423,
    5.01071674161));
#4456 = CARTESIAN_POINT('',(42.395816357429,-1.407227076597,
    4.993610473802));
#4457 = CARTESIAN_POINT('',(42.48235894449,-1.549884214046,4.97974781683
    ));
#4458 = CARTESIAN_POINT('',(42.539085001933,-1.70820237754,
    4.970661263009));
#4459 = CARTESIAN_POINT('',(42.564475721384,-1.862659021347,
    4.966594099709));
#4460 = CARTESIAN_POINT('',(42.564475721385,-2.,4.966594099709));
#4461 = CARTESIAN_POINT('',(41.7,-4.4E-16,3.940408212937));
#4462 = CARTESIAN_POINT('',(42.027464823357,-1.665E-14,3.887953893407));
#4463 = CARTESIAN_POINT('',(42.34971665406,-6.029190182113E-02,
    3.83631499304));
#4464 = CARTESIAN_POINT('',(42.665141070114,-0.177803441551,
    3.785953515101));
#4465 = CARTESIAN_POINT('',(42.973637809368,-0.356255582338,
    3.737176663781));
#4466 = CARTESIAN_POINT('',(43.255431663281,-0.609704463143,
    3.697257084826));
#4467 = CARTESIAN_POINT('',(43.477644403986,-0.923262220774,
    3.666545280546));
#4468 = CARTESIAN_POINT('',(43.627505577639,-1.275299557679,
    3.645326916841));
#4469 = CARTESIAN_POINT('',(43.699999999999,-1.640886699857,
    3.634702338833));
#4470 = CARTESIAN_POINT('',(43.7,-2.,3.634702338833));
#4471 = ADVANCED_FACE('',(#4472),#4483,.T.);
#4472 = FACE_BOUND('',#4473,.T.);
#4473 = EDGE_LOOP('',(#4474,#4475,#4476,#4482));
#4474 = ORIENTED_EDGE('',*,*,#4445,.F.);
#4475 = ORIENTED_EDGE('',*,*,#2736,.T.);
#4476 = ORIENTED_EDGE('',*,*,#4477,.T.);
#4477 = EDGE_CURVE('',#2722,#3541,#4478,.T.);
#4478 = LINE('',#4479,#4480);
#4479 = CARTESIAN_POINT('',(43.132237860692,-18.8,4.300648219271));
#4480 = VECTOR('',#4481,1.);
#4481 = DIRECTION('',(0.648780876495,0.,-0.760975278373));
#4482 = ORIENTED_EDGE('',*,*,#3540,.F.);
#4483 = PLANE('',#4484);
#4484 = AXIS2_PLACEMENT_3D('',#4485,#4486,#4487);
#4485 = CARTESIAN_POINT('',(43.132237860692,-2.,4.300648219271));
#4486 = DIRECTION('',(0.760975278373,-1.E-17,0.648780876495));
#4487 = DIRECTION('',(-6.881856959847E-18,-1.,-7.341580426956E-18));
#4488 = ADVANCED_FACE('',(#4489),#4495,.F.);
#4489 = FACE_BOUND('',#4490,.F.);
#4490 = EDGE_LOOP('',(#4491,#4492,#4493,#4494));
#4491 = ORIENTED_EDGE('',*,*,#4477,.T.);
#4492 = ORIENTED_EDGE('',*,*,#3571,.T.);
#4493 = ORIENTED_EDGE('',*,*,#2807,.F.);
#4494 = ORIENTED_EDGE('',*,*,#2721,.F.);
#4495 = B_SPLINE_SURFACE_WITH_KNOTS('',1,9,(
    (#4496,#4497,#4498,#4499,#4500,#4501,#4502,#4503,#4504,#4505)
    ,(#4506,#4507,#4508,#4509,#4510,#4511,#4512,#4513,#4514,#4515
  )),.UNSPECIFIED.,.F.,.F.,.F.,(2,2),(10,10),(0.,2.977189906199),(
    54.319303982442,57.296493888641),.PIECEWISE_BEZIER_KNOTS.);
#4496 = CARTESIAN_POINT('',(42.564475721385,-18.8,4.966594099709));
#4497 = CARTESIAN_POINT('',(42.564475721385,-18.93734097865,
    4.966594099709));
#4498 = CARTESIAN_POINT('',(42.539085001929,-19.09179762246,
    4.970661263009));
#4499 = CARTESIAN_POINT('',(42.4823589445,-19.25011578595,4.979747816831
    ));
#4500 = CARTESIAN_POINT('',(42.395816357415,-19.3927729234,4.9936104738)
  );
#4501 = CARTESIAN_POINT('',(42.28902437123,-19.50970464357,
    5.010716741611));
#4502 = CARTESIAN_POINT('',(42.173891439632,-19.58397498056,
    5.029159087633));
#4503 = CARTESIAN_POINT('',(42.073113724083,-19.62704104115,
    5.045301971131));
#4504 = CARTESIAN_POINT('',(41.978133528603,-19.64983697367,
    5.060516190086));
#4505 = CARTESIAN_POINT('',(41.880010862481,-19.65000157763,
    5.076233779625));
#4506 = CARTESIAN_POINT('',(43.7,-18.8,3.634702338833));
#4507 = CARTESIAN_POINT('',(43.7,-19.15911330014,3.634702338833));
#4508 = CARTESIAN_POINT('',(43.627505577638,-19.52470044232,
    3.645326916841));
#4509 = CARTESIAN_POINT('',(43.477644403989,-19.87673777922,
    3.666545280546));
#4510 = CARTESIAN_POINT('',(43.255431663278,-20.19029553685,
    3.697257084826));
#4511 = CARTESIAN_POINT('',(42.973637809372,-20.44374441766,
    3.737176663781));
#4512 = CARTESIAN_POINT('',(42.665141070112,-20.62219655844,
    3.785953515101));
#4513 = CARTESIAN_POINT('',(42.349716654061,-20.73970809818,
    3.83631499304));
#4514 = CARTESIAN_POINT('',(42.027464823357,-20.8,3.887953893407));
#4515 = CARTESIAN_POINT('',(41.7,-20.8,3.940408212937));
#4516 = ADVANCED_FACE('',(#4517),#4529,.T.);
#4517 = FACE_BOUND('',#4518,.F.);
#4518 = EDGE_LOOP('',(#4519,#4520,#4521,#4528));
#4519 = ORIENTED_EDGE('',*,*,#3072,.T.);
#4520 = ORIENTED_EDGE('',*,*,#3255,.T.);
#4521 = ORIENTED_EDGE('',*,*,#4522,.F.);
#4522 = EDGE_CURVE('',#2954,#3256,#4523,.T.);
#4523 = CIRCLE('',#4524,0.45);
#4524 = AXIS2_PLACEMENT_3D('',#4525,#4526,#4527);
#4525 = CARTESIAN_POINT('',(6.732411613907,-0.45,7.096015510839));
#4526 = DIRECTION('',(-0.707106781187,1.7E-16,-0.707106781187));
#4527 = DIRECTION('',(-0.707106781187,0.,0.707106781187));
#4528 = ORIENTED_EDGE('',*,*,#2953,.F.);
#4529 = CYLINDRICAL_SURFACE('',#4530,0.45);
#4530 = AXIS2_PLACEMENT_3D('',#4531,#4532,#4533);
#4531 = CARTESIAN_POINT('',(2.318198051534,-0.45,2.681801948466));
#4532 = DIRECTION('',(0.707106781187,-1.7E-16,0.707106781187));
#4533 = DIRECTION('',(-0.707106781187,0.,0.707106781187));
#4534 = ADVANCED_FACE('',(#4535),#4547,.T.);
#4535 = FACE_BOUND('',#4536,.T.);
#4536 = EDGE_LOOP('',(#4537,#4538,#4539,#4546));
#4537 = ORIENTED_EDGE('',*,*,#4522,.F.);
#4538 = ORIENTED_EDGE('',*,*,#2987,.T.);
#4539 = ORIENTED_EDGE('',*,*,#4540,.T.);
#4540 = EDGE_CURVE('',#2980,#3264,#4541,.T.);
#4541 = CIRCLE('',#4542,0.45);
#4542 = AXIS2_PLACEMENT_3D('',#4543,#4544,#4545);
#4543 = CARTESIAN_POINT('',(7.45,-0.45,8.828427124746));
#4544 = DIRECTION('',(-1.5E-15,2.4E-16,-1.));
#4545 = DIRECTION('',(1.,0.,-1.5E-15));
#4546 = ORIENTED_EDGE('',*,*,#3263,.F.);
#4547 = TOROIDAL_SURFACE('',#4548,2.45,0.45);
#4548 = AXIS2_PLACEMENT_3D('',#4549,#4550,#4551);
#4549 = CARTESIAN_POINT('',(5.,-0.45,8.828427124746));
#4550 = DIRECTION('',(0.,-1.,-2.4E-16));
#4551 = DIRECTION('',(0.707106781187,1.697056274848E-16,-0.707106781187)
  );
#4552 = ADVANCED_FACE('',(#4553),#4565,.T.);
#4553 = FACE_BOUND('',#4554,.F.);
#4554 = EDGE_LOOP('',(#4555,#4556,#4557,#4564));
#4555 = ORIENTED_EDGE('',*,*,#4540,.T.);
#4556 = ORIENTED_EDGE('',*,*,#3272,.T.);
#4557 = ORIENTED_EDGE('',*,*,#4558,.F.);
#4558 = EDGE_CURVE('',#3003,#3273,#4559,.T.);
#4559 = CIRCLE('',#4560,0.45);
#4560 = AXIS2_PLACEMENT_3D('',#4561,#4562,#4563);
#4561 = CARTESIAN_POINT('',(7.45,-0.45,8.955642231976));
#4562 = DIRECTION('',(0.,0.,-1.));
#4563 = DIRECTION('',(-1.,0.,0.));
#4564 = ORIENTED_EDGE('',*,*,#3012,.F.);
#4565 = CYLINDRICAL_SURFACE('',#4566,0.45);
#4566 = AXIS2_PLACEMENT_3D('',#4567,#4568,#4569);
#4567 = CARTESIAN_POINT('',(7.45,-0.45,8.828427124746));
#4568 = DIRECTION('',(0.,0.,1.));
#4569 = DIRECTION('',(-1.,0.,0.));
#4570 = ADVANCED_FACE('',(#4571),#4577,.T.);
#4571 = FACE_BOUND('',#4572,.T.);
#4572 = EDGE_LOOP('',(#4573,#4574,#4575,#4576));
#4573 = ORIENTED_EDGE('',*,*,#4558,.F.);
#4574 = ORIENTED_EDGE('',*,*,#3035,.T.);
#4575 = ORIENTED_EDGE('',*,*,#4074,.T.);
#4576 = ORIENTED_EDGE('',*,*,#3280,.F.);
#4577 = TOROIDAL_SURFACE('',#4578,1.55,0.45);
#4578 = AXIS2_PLACEMENT_3D('',#4579,#4580,#4581);
#4579 = CARTESIAN_POINT('',(9.,-0.45,8.955642231976));
#4580 = DIRECTION('',(0.,1.,2.4E-16));
#4581 = DIRECTION('',(-1.,2.256E-31,-9.4E-16));
#4582 = ADVANCED_FACE('',(#4583),#4608,.F.);
#4583 = FACE_BOUND('',#4584,.T.);
#4584 = EDGE_LOOP('',(#4585,#4593,#4601,#4607));
#4585 = ORIENTED_EDGE('',*,*,#4586,.T.);
#4586 = EDGE_CURVE('',#3313,#4587,#4589,.T.);
#4587 = VERTEX_POINT('',#4588);
#4588 = CARTESIAN_POINT('',(41.500000000004,-1.200000000017,1.));
#4589 = LINE('',#4590,#4591);
#4590 = CARTESIAN_POINT('',(41.500000000004,-1.200000000017,-5.3E-16));
#4591 = VECTOR('',#4592,1.);
#4592 = DIRECTION('',(0.,-4.4E-16,1.));
#4593 = ORIENTED_EDGE('',*,*,#4594,.T.);
#4594 = EDGE_CURVE('',#4587,#4595,#4597,.T.);
#4595 = VERTEX_POINT('',#4596);
#4596 = CARTESIAN_POINT('',(2.2,-1.200000000017,1.));
#4597 = LINE('',#4598,#4599);
#4598 = CARTESIAN_POINT('',(42.500000000004,-1.200000000017,1.));
#4599 = VECTOR('',#4600,1.);
#4600 = DIRECTION('',(-1.,0.,0.));
#4601 = ORIENTED_EDGE('',*,*,#4602,.F.);
#4602 = EDGE_CURVE('',#3321,#4595,#4603,.T.);
#4603 = LINE('',#4604,#4605);
#4604 = CARTESIAN_POINT('',(2.2,-1.200000000017,-5.6E-16));
#4605 = VECTOR('',#4606,1.);
#4606 = DIRECTION('',(0.,-4.4E-16,1.));
#4607 = ORIENTED_EDGE('',*,*,#3320,.F.);
#4608 = PLANE('',#4609);
#4609 = AXIS2_PLACEMENT_3D('',#4610,#4611,#4612);
#4610 = CARTESIAN_POINT('',(42.500000000004,-1.200000000017,-5.3E-16));
#4611 = DIRECTION('',(0.,1.,4.4E-16));
#4612 = DIRECTION('',(1.,0.,0.));
#4613 = ADVANCED_FACE('',(#4614),#4633,.F.);
#4614 = FACE_BOUND('',#4615,.F.);
#4615 = EDGE_LOOP('',(#4616,#4624,#4625,#4626));
#4616 = ORIENTED_EDGE('',*,*,#4617,.F.);
#4617 = EDGE_CURVE('',#3344,#4618,#4620,.T.);
#4618 = VERTEX_POINT('',#4619);
#4619 = CARTESIAN_POINT('',(42.500000000004,-2.200000000017,1.));
#4620 = LINE('',#4621,#4622);
#4621 = CARTESIAN_POINT('',(42.500000000004,-2.200000000017,-9.8E-16));
#4622 = VECTOR('',#4623,1.);
#4623 = DIRECTION('',(0.,-4.4E-16,1.));
#4624 = ORIENTED_EDGE('',*,*,#3351,.T.);
#4625 = ORIENTED_EDGE('',*,*,#4586,.T.);
#4626 = ORIENTED_EDGE('',*,*,#4627,.F.);
#4627 = EDGE_CURVE('',#4618,#4587,#4628,.T.);
#4628 = CIRCLE('',#4629,1.);
#4629 = AXIS2_PLACEMENT_3D('',#4630,#4631,#4632);
#4630 = CARTESIAN_POINT('',(41.500000000004,-2.200000000017,1.));
#4631 = DIRECTION('',(0.,-4.4E-16,1.));
#4632 = DIRECTION('',(0.,-1.,-4.4E-16));
#4633 = CYLINDRICAL_SURFACE('',#4634,1.);
#4634 = AXIS2_PLACEMENT_3D('',#4635,#4636,#4637);
#4635 = CARTESIAN_POINT('',(41.500000000004,-2.200000000017,-9.8E-16));
#4636 = DIRECTION('',(0.,-4.4E-16,1.));
#4637 = DIRECTION('',(1.,0.,0.));
#4638 = ADVANCED_FACE('',(#4639),#4658,.F.);
#4639 = FACE_BOUND('',#4640,.T.);
#4640 = EDGE_LOOP('',(#4641,#4649,#4650,#4651));
#4641 = ORIENTED_EDGE('',*,*,#4642,.F.);
#4642 = EDGE_CURVE('',#3370,#4643,#4645,.T.);
#4643 = VERTEX_POINT('',#4644);
#4644 = CARTESIAN_POINT('',(1.2,-2.200000000017,1.));
#4645 = LINE('',#4646,#4647);
#4646 = CARTESIAN_POINT('',(1.2,-2.200000000017,-1.E-15));
#4647 = VECTOR('',#4648,1.);
#4648 = DIRECTION('',(0.,-4.4E-16,1.));
#4649 = ORIENTED_EDGE('',*,*,#3369,.F.);
#4650 = ORIENTED_EDGE('',*,*,#4602,.T.);
#4651 = ORIENTED_EDGE('',*,*,#4652,.F.);
#4652 = EDGE_CURVE('',#4643,#4595,#4653,.T.);
#4653 = CIRCLE('',#4654,1.);
#4654 = AXIS2_PLACEMENT_3D('',#4655,#4656,#4657);
#4655 = CARTESIAN_POINT('',(2.2,-2.200000000017,1.));
#4656 = DIRECTION('',(0.,4.4E-16,-1.));
#4657 = DIRECTION('',(0.,-1.,-4.4E-16));
#4658 = CYLINDRICAL_SURFACE('',#4659,1.);
#4659 = AXIS2_PLACEMENT_3D('',#4660,#4661,#4662);
#4660 = CARTESIAN_POINT('',(2.2,-2.200000000017,-1.E-15));
#4661 = DIRECTION('',(0.,-4.4E-16,1.));
#4662 = DIRECTION('',(-1.,0.,0.));
#4663 = ADVANCED_FACE('',(#4664),#4682,.F.);
#4664 = FACE_BOUND('',#4665,.T.);
#4665 = EDGE_LOOP('',(#4666,#4674,#4680,#4681));
#4666 = ORIENTED_EDGE('',*,*,#4667,.T.);
#4667 = EDGE_CURVE('',#3394,#4668,#4670,.T.);
#4668 = VERTEX_POINT('',#4669);
#4669 = CARTESIAN_POINT('',(42.500000000004,-18.59999999998,1.));
#4670 = LINE('',#4671,#4672);
#4671 = CARTESIAN_POINT('',(42.500000000004,-18.59999999998,-8.26E-15));
#4672 = VECTOR('',#4673,1.);
#4673 = DIRECTION('',(0.,-4.4E-16,1.));
#4674 = ORIENTED_EDGE('',*,*,#4675,.T.);
#4675 = EDGE_CURVE('',#4668,#4618,#4676,.T.);
#4676 = LINE('',#4677,#4678);
#4677 = CARTESIAN_POINT('',(42.500000000004,-19.59999999998,1.));
#4678 = VECTOR('',#4679,1.);
#4679 = DIRECTION('',(-0.,1.,4.4E-16));
#4680 = ORIENTED_EDGE('',*,*,#4617,.F.);
#4681 = ORIENTED_EDGE('',*,*,#3401,.F.);
#4682 = PLANE('',#4683);
#4683 = AXIS2_PLACEMENT_3D('',#4684,#4685,#4686);
#4684 = CARTESIAN_POINT('',(42.500000000004,-19.59999999998,-8.7E-15));
#4685 = DIRECTION('',(1.,0.,0.));
#4686 = DIRECTION('',(0.,-1.,-4.4E-16));
#4687 = ADVANCED_FACE('',(#4688),#4717,.T.);
#4688 = FACE_BOUND('',#4689,.F.);
#4689 = EDGE_LOOP('',(#4690,#4698,#4704,#4705,#4706,#4707,#4708,#4709,
    #4715,#4716));
#4690 = ORIENTED_EDGE('',*,*,#4691,.T.);
#4691 = EDGE_CURVE('',#3419,#4692,#4694,.T.);
#4692 = VERTEX_POINT('',#4693);
#4693 = CARTESIAN_POINT('',(1.2,-18.59999999998,1.));
#4694 = LINE('',#4695,#4696);
#4695 = CARTESIAN_POINT('',(1.2,-18.59999999998,-8.22E-15));
#4696 = VECTOR('',#4697,1.);
#4697 = DIRECTION('',(0.,-4.4E-16,1.));
#4698 = ORIENTED_EDGE('',*,*,#4699,.F.);
#4699 = EDGE_CURVE('',#3700,#4692,#4700,.T.);
#4700 = LINE('',#4701,#4702);
#4701 = CARTESIAN_POINT('',(1.2,-1.200000000017,1.));
#4702 = VECTOR('',#4703,1.);
#4703 = DIRECTION('',(0.,-1.,-4.4E-16));
#4704 = ORIENTED_EDGE('',*,*,#3699,.T.);
#4705 = ORIENTED_EDGE('',*,*,#3640,.F.);
#4706 = ORIENTED_EDGE('',*,*,#3625,.T.);
#4707 = ORIENTED_EDGE('',*,*,#3665,.T.);
#4708 = ORIENTED_EDGE('',*,*,#3755,.F.);
#4709 = ORIENTED_EDGE('',*,*,#4710,.F.);
#4710 = EDGE_CURVE('',#4643,#3746,#4711,.T.);
#4711 = LINE('',#4712,#4713);
#4712 = CARTESIAN_POINT('',(1.2,-1.200000000017,1.));
#4713 = VECTOR('',#4714,1.);
#4714 = DIRECTION('',(0.,-1.,-4.4E-16));
#4715 = ORIENTED_EDGE('',*,*,#4642,.F.);
#4716 = ORIENTED_EDGE('',*,*,#3418,.T.);
#4717 = PLANE('',#4718);
#4718 = AXIS2_PLACEMENT_3D('',#4719,#4720,#4721);
#4719 = CARTESIAN_POINT('',(1.2,-10.4,1.684497816596));
#4720 = DIRECTION('',(1.,0.,0.));
#4721 = DIRECTION('',(0.,4.4E-16,-1.));
#4722 = ADVANCED_FACE('',(#4723),#4742,.F.);
#4723 = FACE_BOUND('',#4724,.F.);
#4724 = EDGE_LOOP('',(#4725,#4733,#4734,#4735));
#4725 = ORIENTED_EDGE('',*,*,#4726,.F.);
#4726 = EDGE_CURVE('',#3442,#4727,#4729,.T.);
#4727 = VERTEX_POINT('',#4728);
#4728 = CARTESIAN_POINT('',(41.500000000004,-19.59999999998,1.));
#4729 = LINE('',#4730,#4731);
#4730 = CARTESIAN_POINT('',(41.500000000004,-19.59999999998,-8.7E-15));
#4731 = VECTOR('',#4732,1.);
#4732 = DIRECTION('',(0.,-4.4E-16,1.));
#4733 = ORIENTED_EDGE('',*,*,#3449,.T.);
#4734 = ORIENTED_EDGE('',*,*,#4667,.T.);
#4735 = ORIENTED_EDGE('',*,*,#4736,.F.);
#4736 = EDGE_CURVE('',#4727,#4668,#4737,.T.);
#4737 = CIRCLE('',#4738,1.);
#4738 = AXIS2_PLACEMENT_3D('',#4739,#4740,#4741);
#4739 = CARTESIAN_POINT('',(41.500000000004,-18.59999999998,1.));
#4740 = DIRECTION('',(0.,-4.4E-16,1.));
#4741 = DIRECTION('',(0.,-1.,-4.4E-16));
#4742 = CYLINDRICAL_SURFACE('',#4743,1.);
#4743 = AXIS2_PLACEMENT_3D('',#4744,#4745,#4746);
#4744 = CARTESIAN_POINT('',(41.500000000004,-18.59999999998,-8.26E-15));
#4745 = DIRECTION('',(0.,-4.4E-16,1.));
#4746 = DIRECTION('',(0.,-1.,-4.4E-16));
#4747 = ADVANCED_FACE('',(#4748),#4767,.F.);
#4748 = FACE_BOUND('',#4749,.F.);
#4749 = EDGE_LOOP('',(#4750,#4751,#4752,#4760));
#4750 = ORIENTED_EDGE('',*,*,#4691,.F.);
#4751 = ORIENTED_EDGE('',*,*,#3467,.T.);
#4752 = ORIENTED_EDGE('',*,*,#4753,.T.);
#4753 = EDGE_CURVE('',#3468,#4754,#4756,.T.);
#4754 = VERTEX_POINT('',#4755);
#4755 = CARTESIAN_POINT('',(2.2,-19.59999999998,1.));
#4756 = LINE('',#4757,#4758);
#4757 = CARTESIAN_POINT('',(2.2,-19.59999999998,-8.66E-15));
#4758 = VECTOR('',#4759,1.);
#4759 = DIRECTION('',(0.,-4.4E-16,1.));
#4760 = ORIENTED_EDGE('',*,*,#4761,.F.);
#4761 = EDGE_CURVE('',#4692,#4754,#4762,.T.);
#4762 = CIRCLE('',#4763,1.);
#4763 = AXIS2_PLACEMENT_3D('',#4764,#4765,#4766);
#4764 = CARTESIAN_POINT('',(2.2,-18.59999999998,1.));
#4765 = DIRECTION('',(0.,-4.4E-16,1.));
#4766 = DIRECTION('',(0.,-1.,-4.4E-16));
#4767 = CYLINDRICAL_SURFACE('',#4768,1.);
#4768 = AXIS2_PLACEMENT_3D('',#4769,#4770,#4771);
#4769 = CARTESIAN_POINT('',(2.2,-18.59999999998,-8.22E-15));
#4770 = DIRECTION('',(0.,-4.4E-16,1.));
#4771 = DIRECTION('',(-1.,0.,0.));
#4772 = ADVANCED_FACE('',(#4773),#4784,.F.);
#4773 = FACE_BOUND('',#4774,.T.);
#4774 = EDGE_LOOP('',(#4775,#4776,#4782,#4783));
#4775 = ORIENTED_EDGE('',*,*,#4753,.T.);
#4776 = ORIENTED_EDGE('',*,*,#4777,.T.);
#4777 = EDGE_CURVE('',#4754,#4727,#4778,.T.);
#4778 = LINE('',#4779,#4780);
#4779 = CARTESIAN_POINT('',(1.2,-19.59999999998,1.));
#4780 = VECTOR('',#4781,1.);
#4781 = DIRECTION('',(1.,0.,0.));
#4782 = ORIENTED_EDGE('',*,*,#4726,.F.);
#4783 = ORIENTED_EDGE('',*,*,#3492,.F.);
#4784 = PLANE('',#4785);
#4785 = AXIS2_PLACEMENT_3D('',#4786,#4787,#4788);
#4786 = CARTESIAN_POINT('',(1.2,-19.59999999998,-8.7E-15));
#4787 = DIRECTION('',(-0.,-1.,-4.4E-16));
#4788 = DIRECTION('',(-1.,0.,0.));
#4789 = ADVANCED_FACE('',(#4790),#4803,.F.);
#4790 = FACE_BOUND('',#4791,.T.);
#4791 = EDGE_LOOP('',(#4792,#4793,#4799,#4800,#4801,#4802));
#4792 = ORIENTED_EDGE('',*,*,#3771,.F.);
#4793 = ORIENTED_EDGE('',*,*,#4794,.T.);
#4794 = EDGE_CURVE('',#3772,#3724,#4795,.T.);
#4795 = LINE('',#4796,#4797);
#4796 = CARTESIAN_POINT('',(9.9,-15.9,2.5));
#4797 = VECTOR('',#4798,1.);
#4798 = DIRECTION('',(-0.,-1.,-5.7E-16));
#4799 = ORIENTED_EDGE('',*,*,#3731,.T.);
#4800 = ORIENTED_EDGE('',*,*,#3811,.T.);
#4801 = ORIENTED_EDGE('',*,*,#3852,.T.);
#4802 = ORIENTED_EDGE('',*,*,#3827,.F.);
#4803 = PLANE('',#4804);
#4804 = AXIS2_PLACEMENT_3D('',#4805,#4806,#4807);
#4805 = CARTESIAN_POINT('',(9.9,-15.9,1.));
#4806 = DIRECTION('',(1.,1.696E-14,0.));
#4807 = DIRECTION('',(1.696E-14,-1.,-4.4E-16));
#4808 = ADVANCED_FACE('',(#4809,#4990,#5010,#5030,#5050,#5070,#5081),
  #5084,.T.);
#4809 = FACE_BOUND('',#4810,.T.);
#4810 = EDGE_LOOP('',(#4811,#4821,#4829,#4837,#4845,#4853,#4861,#4869,
    #4877,#4883,#4884,#4885,#4886,#4894,#4902,#4910,#4918,#4927,#4935,
    #4944,#4952,#4960,#4968,#4976,#4984));
#4811 = ORIENTED_EDGE('',*,*,#4812,.F.);
#4812 = EDGE_CURVE('',#4813,#4815,#4817,.T.);
#4813 = VERTEX_POINT('',#4814);
#4814 = CARTESIAN_POINT('',(30.05,-6.150000000017,2.5));
#4815 = VERTEX_POINT('',#4816);
#4816 = CARTESIAN_POINT('',(35.800000000005,-6.150000000026,
    2.500000000009));
#4817 = LINE('',#4818,#4819);
#4818 = CARTESIAN_POINT('',(30.300000000001,-6.150000000017,2.5));
#4819 = VECTOR('',#4820,1.);
#4820 = DIRECTION('',(1.,-3.17564E-12,0.));
#4821 = ORIENTED_EDGE('',*,*,#4822,.F.);
#4822 = EDGE_CURVE('',#4823,#4813,#4825,.T.);
#4823 = VERTEX_POINT('',#4824);
#4824 = CARTESIAN_POINT('',(30.05,-16.59999999998,2.5));
#4825 = LINE('',#4826,#4827);
#4826 = CARTESIAN_POINT('',(30.05,-16.59999999998,2.5));
#4827 = VECTOR('',#4828,1.);
#4828 = DIRECTION('',(0.,1.,5.7E-16));
#4829 = ORIENTED_EDGE('',*,*,#4830,.T.);
#4830 = EDGE_CURVE('',#4823,#4831,#4833,.T.);
#4831 = VERTEX_POINT('',#4832);
#4832 = CARTESIAN_POINT('',(31.0999,-16.59999999998,2.5));
#4833 = LINE('',#4834,#4835);
#4834 = CARTESIAN_POINT('',(26.030274725276,-16.59999999998,2.5));
#4835 = VECTOR('',#4836,1.);
#4836 = DIRECTION('',(1.,0.,0.));
#4837 = ORIENTED_EDGE('',*,*,#4838,.F.);
#4838 = EDGE_CURVE('',#4839,#4831,#4841,.T.);
#4839 = VERTEX_POINT('',#4840);
#4840 = CARTESIAN_POINT('',(30.3,-17.39989999998,2.5));
#4841 = LINE('',#4842,#4843);
#4842 = CARTESIAN_POINT('',(30.318219230765,-17.38168076921,2.5));
#4843 = VECTOR('',#4844,1.);
#4844 = DIRECTION('',(0.707106781187,0.707106781187,3.1E-16));
#4845 = ORIENTED_EDGE('',*,*,#4846,.F.);
#4846 = EDGE_CURVE('',#4847,#4839,#4849,.T.);
#4847 = VERTEX_POINT('',#4848);
#4848 = CARTESIAN_POINT('',(30.3,-17.4,2.5));
#4849 = LINE('',#4850,#4851);
#4850 = CARTESIAN_POINT('',(30.3,-17.4,2.5));
#4851 = VECTOR('',#4852,1.);
#4852 = DIRECTION('',(-0.,1.,6.9E-16));
#4853 = ORIENTED_EDGE('',*,*,#4854,.F.);
#4854 = EDGE_CURVE('',#4855,#4847,#4857,.T.);
#4855 = VERTEX_POINT('',#4856);
#4856 = CARTESIAN_POINT('',(24.8,-17.4,2.5));
#4857 = LINE('',#4858,#4859);
#4858 = CARTESIAN_POINT('',(9.9,-17.4,2.5));
#4859 = VECTOR('',#4860,1.);
#4860 = DIRECTION('',(1.,0.,0.));
#4861 = ORIENTED_EDGE('',*,*,#4862,.F.);
#4862 = EDGE_CURVE('',#4863,#4855,#4865,.T.);
#4863 = VERTEX_POINT('',#4864);
#4864 = CARTESIAN_POINT('',(12.8,-17.4,2.5));
#4865 = LINE('',#4866,#4867);
#4866 = CARTESIAN_POINT('',(9.9,-17.4,2.5));
#4867 = VECTOR('',#4868,1.);
#4868 = DIRECTION('',(1.,0.,0.));
#4869 = ORIENTED_EDGE('',*,*,#4870,.F.);
#4870 = EDGE_CURVE('',#4871,#4863,#4873,.T.);
#4871 = VERTEX_POINT('',#4872);
#4872 = CARTESIAN_POINT('',(9.9,-17.4,2.5));
#4873 = LINE('',#4874,#4875);
#4874 = CARTESIAN_POINT('',(9.9,-17.4,2.5));
#4875 = VECTOR('',#4876,1.);
#4876 = DIRECTION('',(1.,0.,0.));
#4877 = ORIENTED_EDGE('',*,*,#4878,.T.);
#4878 = EDGE_CURVE('',#4871,#3716,#4879,.T.);
#4879 = LINE('',#4880,#4881);
#4880 = CARTESIAN_POINT('',(10.912005494506,-18.4120054945,2.5));
#4881 = VECTOR('',#4882,1.);
#4882 = DIRECTION('',(-0.707106781187,0.707106781187,3.1E-16));
#4883 = ORIENTED_EDGE('',*,*,#3723,.T.);
#4884 = ORIENTED_EDGE('',*,*,#4794,.F.);
#4885 = ORIENTED_EDGE('',*,*,#3779,.F.);
#4886 = ORIENTED_EDGE('',*,*,#4887,.F.);
#4887 = EDGE_CURVE('',#4888,#3780,#4890,.T.);
#4888 = VERTEX_POINT('',#4889);
#4889 = CARTESIAN_POINT('',(9.9,-3.4,2.5));
#4890 = LINE('',#4891,#4892);
#4891 = CARTESIAN_POINT('',(11.31826923077,-1.98173076923,2.5));
#4892 = VECTOR('',#4893,1.);
#4893 = DIRECTION('',(-0.707106781187,-0.707106781187,-3.1E-16));
#4894 = ORIENTED_EDGE('',*,*,#4895,.T.);
#4895 = EDGE_CURVE('',#4888,#4896,#4898,.T.);
#4896 = VERTEX_POINT('',#4897);
#4897 = CARTESIAN_POINT('',(12.8,-3.4,2.5));
#4898 = LINE('',#4899,#4900);
#4899 = CARTESIAN_POINT('',(9.9,-3.4,2.5));
#4900 = VECTOR('',#4901,1.);
#4901 = DIRECTION('',(1.,0.,0.));
#4902 = ORIENTED_EDGE('',*,*,#4903,.T.);
#4903 = EDGE_CURVE('',#4896,#4904,#4906,.T.);
#4904 = VERTEX_POINT('',#4905);
#4905 = CARTESIAN_POINT('',(16.4,-3.4,2.5));
#4906 = LINE('',#4907,#4908);
#4907 = CARTESIAN_POINT('',(9.9,-3.4,2.5));
#4908 = VECTOR('',#4909,1.);
#4909 = DIRECTION('',(1.,0.,0.));
#4910 = ORIENTED_EDGE('',*,*,#4911,.T.);
#4911 = EDGE_CURVE('',#4904,#4912,#4914,.T.);
#4912 = VERTEX_POINT('',#4913);
#4913 = CARTESIAN_POINT('',(16.4,-6.0001,2.5));
#4914 = LINE('',#4915,#4916);
#4915 = CARTESIAN_POINT('',(16.4,-3.4,2.5));
#4916 = VECTOR('',#4917,1.);
#4917 = DIRECTION('',(0.,-1.,-6.9E-16));
#4918 = ORIENTED_EDGE('',*,*,#4919,.T.);
#4919 = EDGE_CURVE('',#4912,#4920,#4922,.T.);
#4920 = VERTEX_POINT('',#4921);
#4921 = CARTESIAN_POINT('',(19.3999,-9.,2.5));
#4922 = CIRCLE('',#4923,2.9999);
#4923 = AXIS2_PLACEMENT_3D('',#4924,#4925,#4926);
#4924 = CARTESIAN_POINT('',(19.3999,-6.0001,2.5));
#4925 = DIRECTION('',(0.,-5.7E-16,1.));
#4926 = DIRECTION('',(0.,1.,5.7E-16));
#4927 = ORIENTED_EDGE('',*,*,#4928,.T.);
#4928 = EDGE_CURVE('',#4920,#4929,#4931,.T.);
#4929 = VERTEX_POINT('',#4930);
#4930 = CARTESIAN_POINT('',(19.4001,-9.,2.5));
#4931 = LINE('',#4932,#4933);
#4932 = CARTESIAN_POINT('',(16.4,-9.,2.5));
#4933 = VECTOR('',#4934,1.);
#4934 = DIRECTION('',(1.,0.,0.));
#4935 = ORIENTED_EDGE('',*,*,#4936,.T.);
#4936 = EDGE_CURVE('',#4929,#4937,#4939,.T.);
#4937 = VERTEX_POINT('',#4938);
#4938 = CARTESIAN_POINT('',(22.4,-6.0001,2.5));
#4939 = CIRCLE('',#4940,2.9999);
#4940 = AXIS2_PLACEMENT_3D('',#4941,#4942,#4943);
#4941 = CARTESIAN_POINT('',(19.4001,-6.0001,2.5));
#4942 = DIRECTION('',(0.,-5.7E-16,1.));
#4943 = DIRECTION('',(0.,1.,5.7E-16));
#4944 = ORIENTED_EDGE('',*,*,#4945,.T.);
#4945 = EDGE_CURVE('',#4937,#4946,#4948,.T.);
#4946 = VERTEX_POINT('',#4947);
#4947 = CARTESIAN_POINT('',(22.4,-3.4,2.5));
#4948 = LINE('',#4949,#4950);
#4949 = CARTESIAN_POINT('',(22.4,-9.,2.5));
#4950 = VECTOR('',#4951,1.);
#4951 = DIRECTION('',(-0.,1.,6.9E-16));
#4952 = ORIENTED_EDGE('',*,*,#4953,.T.);
#4953 = EDGE_CURVE('',#4946,#4954,#4956,.T.);
#4954 = VERTEX_POINT('',#4955);
#4955 = CARTESIAN_POINT('',(24.8,-3.4,2.5));
#4956 = LINE('',#4957,#4958);
#4957 = CARTESIAN_POINT('',(30.3,-3.4,2.5));
#4958 = VECTOR('',#4959,1.);
#4959 = DIRECTION('',(1.,0.,0.));
#4960 = ORIENTED_EDGE('',*,*,#4961,.T.);
#4961 = EDGE_CURVE('',#4954,#4962,#4964,.T.);
#4962 = VERTEX_POINT('',#4963);
#4963 = CARTESIAN_POINT('',(35.800000000004,-3.4,2.5));
#4964 = LINE('',#4965,#4966);
#4965 = CARTESIAN_POINT('',(30.3,-3.4,2.5));
#4966 = VECTOR('',#4967,1.);
#4967 = DIRECTION('',(1.,0.,0.));
#4968 = ORIENTED_EDGE('',*,*,#4969,.F.);
#4969 = EDGE_CURVE('',#4970,#4962,#4972,.T.);
#4970 = VERTEX_POINT('',#4971);
#4971 = CARTESIAN_POINT('',(35.800000000004,-4.900100000017,2.5));
#4972 = LINE('',#4973,#4974);
#4973 = CARTESIAN_POINT('',(35.800000000004,-6.400000000017,2.5));
#4974 = VECTOR('',#4975,1.);
#4975 = DIRECTION('',(-0.,1.,4.4E-16));
#4976 = ORIENTED_EDGE('',*,*,#4977,.F.);
#4977 = EDGE_CURVE('',#4978,#4970,#4980,.T.);
#4978 = VERTEX_POINT('',#4979);
#4979 = CARTESIAN_POINT('',(37.049900000004,-6.150000000017,2.5));
#4980 = LINE('',#4981,#4982);
#4981 = CARTESIAN_POINT('',(33.836955494505,-2.937055494518,2.5));
#4982 = VECTOR('',#4983,1.);
#4983 = DIRECTION('',(-0.707106781187,0.707106781187,3.1E-16));
#4984 = ORIENTED_EDGE('',*,*,#4985,.F.);
#4985 = EDGE_CURVE('',#4815,#4978,#4986,.T.);
#4986 = LINE('',#4987,#4988);
#4987 = CARTESIAN_POINT('',(35.800000000004,-6.150000000017,2.5));
#4988 = VECTOR('',#4989,1.);
#4989 = DIRECTION('',(1.,0.,0.));
#4990 = FACE_BOUND('',#4991,.T.);
#4991 = EDGE_LOOP('',(#4992,#5003));
#4992 = ORIENTED_EDGE('',*,*,#4993,.F.);
#4993 = EDGE_CURVE('',#4994,#4996,#4998,.T.);
#4994 = VERTEX_POINT('',#4995);
#4995 = CARTESIAN_POINT('',(13.8,-4.4,2.5));
#4996 = VERTEX_POINT('',#4997);
#4997 = CARTESIAN_POINT('',(12.8,-3.4,2.5));
#4998 = CIRCLE('',#4999,1.);
#4999 = AXIS2_PLACEMENT_3D('',#5000,#5001,#5002);
#5000 = CARTESIAN_POINT('',(12.8,-4.4,2.5));
#5001 = DIRECTION('',(0.,4.4E-16,-1.));
#5002 = DIRECTION('',(1.,0.,0.));
#5003 = ORIENTED_EDGE('',*,*,#5004,.F.);
#5004 = EDGE_CURVE('',#4996,#4994,#5005,.T.);
#5005 = CIRCLE('',#5006,1.);
#5006 = AXIS2_PLACEMENT_3D('',#5007,#5008,#5009);
#5007 = CARTESIAN_POINT('',(12.8,-4.4,2.5));
#5008 = DIRECTION('',(0.,4.4E-16,-1.));
#5009 = DIRECTION('',(1.,0.,0.));
#5010 = FACE_BOUND('',#5011,.T.);
#5011 = EDGE_LOOP('',(#5012,#5023));
#5012 = ORIENTED_EDGE('',*,*,#5013,.F.);
#5013 = EDGE_CURVE('',#5014,#5016,#5018,.T.);
#5014 = VERTEX_POINT('',#5015);
#5015 = CARTESIAN_POINT('',(25.8,-4.4,2.5));
#5016 = VERTEX_POINT('',#5017);
#5017 = CARTESIAN_POINT('',(24.8,-3.4,2.5));
#5018 = CIRCLE('',#5019,1.);
#5019 = AXIS2_PLACEMENT_3D('',#5020,#5021,#5022);
#5020 = CARTESIAN_POINT('',(24.8,-4.4,2.5));
#5021 = DIRECTION('',(0.,4.4E-16,-1.));
#5022 = DIRECTION('',(1.,0.,0.));
#5023 = ORIENTED_EDGE('',*,*,#5024,.F.);
#5024 = EDGE_CURVE('',#5016,#5014,#5025,.T.);
#5025 = CIRCLE('',#5026,1.);
#5026 = AXIS2_PLACEMENT_3D('',#5027,#5028,#5029);
#5027 = CARTESIAN_POINT('',(24.8,-4.4,2.5));
#5028 = DIRECTION('',(0.,4.4E-16,-1.));
#5029 = DIRECTION('',(1.,0.,0.));
#5030 = FACE_BOUND('',#5031,.T.);
#5031 = EDGE_LOOP('',(#5032,#5043));
#5032 = ORIENTED_EDGE('',*,*,#5033,.F.);
#5033 = EDGE_CURVE('',#5034,#5036,#5038,.T.);
#5034 = VERTEX_POINT('',#5035);
#5035 = CARTESIAN_POINT('',(13.8,-16.4,2.5));
#5036 = VERTEX_POINT('',#5037);
#5037 = CARTESIAN_POINT('',(12.8,-17.4,2.5));
#5038 = CIRCLE('',#5039,1.);
#5039 = AXIS2_PLACEMENT_3D('',#5040,#5041,#5042);
#5040 = CARTESIAN_POINT('',(12.8,-16.4,2.5));
#5041 = DIRECTION('',(0.,4.4E-16,-1.));
#5042 = DIRECTION('',(1.,0.,0.));
#5043 = ORIENTED_EDGE('',*,*,#5044,.F.);
#5044 = EDGE_CURVE('',#5036,#5034,#5045,.T.);
#5045 = CIRCLE('',#5046,1.);
#5046 = AXIS2_PLACEMENT_3D('',#5047,#5048,#5049);
#5047 = CARTESIAN_POINT('',(12.8,-16.4,2.5));
#5048 = DIRECTION('',(0.,4.4E-16,-1.));
#5049 = DIRECTION('',(1.,0.,0.));
#5050 = FACE_BOUND('',#5051,.T.);
#5051 = EDGE_LOOP('',(#5052,#5063));
#5052 = ORIENTED_EDGE('',*,*,#5053,.F.);
#5053 = EDGE_CURVE('',#5054,#5056,#5058,.T.);
#5054 = VERTEX_POINT('',#5055);
#5055 = CARTESIAN_POINT('',(25.8,-16.4,2.5));
#5056 = VERTEX_POINT('',#5057);
#5057 = CARTESIAN_POINT('',(24.8,-17.4,2.5));
#5058 = CIRCLE('',#5059,1.);
#5059 = AXIS2_PLACEMENT_3D('',#5060,#5061,#5062);
#5060 = CARTESIAN_POINT('',(24.8,-16.4,2.5));
#5061 = DIRECTION('',(0.,4.4E-16,-1.));
#5062 = DIRECTION('',(1.,0.,0.));
#5063 = ORIENTED_EDGE('',*,*,#5064,.F.);
#5064 = EDGE_CURVE('',#5056,#5054,#5065,.T.);
#5065 = CIRCLE('',#5066,1.);
#5066 = AXIS2_PLACEMENT_3D('',#5067,#5068,#5069);
#5067 = CARTESIAN_POINT('',(24.8,-16.4,2.5));
#5068 = DIRECTION('',(0.,4.4E-16,-1.));
#5069 = DIRECTION('',(1.,0.,0.));
#5070 = FACE_BOUND('',#5071,.T.);
#5071 = EDGE_LOOP('',(#5072));
#5072 = ORIENTED_EDGE('',*,*,#5073,.F.);
#5073 = EDGE_CURVE('',#5074,#5074,#5076,.T.);
#5074 = VERTEX_POINT('',#5075);
#5075 = CARTESIAN_POINT('',(19.8,-10.4,2.5));
#5076 = CIRCLE('',#5077,1.);
#5077 = AXIS2_PLACEMENT_3D('',#5078,#5079,#5080);
#5078 = CARTESIAN_POINT('',(18.8,-10.4,2.5));
#5079 = DIRECTION('',(0.,4.4E-16,-1.));
#5080 = DIRECTION('',(1.,0.,0.));
#5081 = FACE_BOUND('',#5082,.T.);
#5082 = EDGE_LOOP('',(#5083));
#5083 = ORIENTED_EDGE('',*,*,#4426,.F.);
#5084 = PLANE('',#5085);
#5085 = AXIS2_PLACEMENT_3D('',#5086,#5087,#5088);
#5086 = CARTESIAN_POINT('',(21.634812704051,-9.635844870494,2.5));
#5087 = DIRECTION('',(0.,5.5E-16,-1.));
#5088 = DIRECTION('',(0.,-1.,-5.5E-16));
#5089 = ADVANCED_FACE('',(#5090),#5108,.F.);
#5090 = FACE_BOUND('',#5091,.F.);
#5091 = EDGE_LOOP('',(#5092,#5100,#5106,#5107));
#5092 = ORIENTED_EDGE('',*,*,#5093,.F.);
#5093 = EDGE_CURVE('',#5094,#3708,#5096,.T.);
#5094 = VERTEX_POINT('',#5095);
#5095 = CARTESIAN_POINT('',(9.9,-17.4,1.));
#5096 = LINE('',#5097,#5098);
#5097 = CARTESIAN_POINT('',(9.9,-17.4,1.));
#5098 = VECTOR('',#5099,1.);
#5099 = DIRECTION('',(-0.707106781187,0.707106781187,-0.));
#5100 = ORIENTED_EDGE('',*,*,#5101,.T.);
#5101 = EDGE_CURVE('',#5094,#4871,#5102,.T.);
#5102 = LINE('',#5103,#5104);
#5103 = CARTESIAN_POINT('',(9.9,-17.4,1.));
#5104 = VECTOR('',#5105,1.);
#5105 = DIRECTION('',(0.,-5.7E-16,1.));
#5106 = ORIENTED_EDGE('',*,*,#4878,.T.);
#5107 = ORIENTED_EDGE('',*,*,#3715,.F.);
#5108 = PLANE('',#5109);
#5109 = AXIS2_PLACEMENT_3D('',#5110,#5111,#5112);
#5110 = CARTESIAN_POINT('',(9.9,-17.4,1.));
#5111 = DIRECTION('',(-0.707106781187,-0.707106781187,0.));
#5112 = DIRECTION('',(-0.707106781187,0.707106781187,0.));
#5113 = ADVANCED_FACE('',(#5114,#5256,#5267,#5301),#5335,.F.);
#5114 = FACE_BOUND('',#5115,.T.);
#5115 = EDGE_LOOP('',(#5116,#5126,#5134,#5142,#5150,#5158,#5166,#5174,
    #5182,#5191,#5199,#5208,#5216,#5224,#5230,#5231,#5232,#5233,#5234,
    #5235,#5236,#5237,#5238,#5239,#5240,#5241,#5242,#5250));
#5116 = ORIENTED_EDGE('',*,*,#5117,.T.);
#5117 = EDGE_CURVE('',#5118,#5120,#5122,.T.);
#5118 = VERTEX_POINT('',#5119);
#5119 = CARTESIAN_POINT('',(30.3,-17.39989999998,1.));
#5120 = VERTEX_POINT('',#5121);
#5121 = CARTESIAN_POINT('',(30.8499,-16.84999999998,1.));
#5122 = LINE('',#5123,#5124);
#5123 = CARTESIAN_POINT('',(30.137449999996,-17.56244999998,1.));
#5124 = VECTOR('',#5125,1.);
#5125 = DIRECTION('',(0.707106781187,0.707106781187,3.1E-16));
#5126 = ORIENTED_EDGE('',*,*,#5127,.T.);
#5127 = EDGE_CURVE('',#5120,#5128,#5130,.T.);
#5128 = VERTEX_POINT('',#5129);
#5129 = CARTESIAN_POINT('',(37.550000000004,-16.84999999998,1.));
#5130 = LINE('',#5131,#5132);
#5131 = CARTESIAN_POINT('',(31.0999,-16.84999999998,1.));
#5132 = VECTOR('',#5133,1.);
#5133 = DIRECTION('',(1.,0.,0.));
#5134 = ORIENTED_EDGE('',*,*,#5135,.T.);
#5135 = EDGE_CURVE('',#5128,#5136,#5138,.T.);
#5136 = VERTEX_POINT('',#5137);
#5137 = CARTESIAN_POINT('',(37.550000000004,-6.400000000017,1.));
#5138 = LINE('',#5139,#5140);
#5139 = CARTESIAN_POINT('',(37.550000000004,-16.59999999998,1.));
#5140 = VECTOR('',#5141,1.);
#5141 = DIRECTION('',(0.,1.,4.4E-16));
#5142 = ORIENTED_EDGE('',*,*,#5143,.F.);
#5143 = EDGE_CURVE('',#5144,#5136,#5146,.T.);
#5144 = VERTEX_POINT('',#5145);
#5145 = CARTESIAN_POINT('',(37.299900000004,-6.400000000017,1.));
#5146 = LINE('',#5147,#5148);
#5147 = CARTESIAN_POINT('',(29.575000000003,-6.400000000017,1.));
#5148 = VECTOR('',#5149,1.);
#5149 = DIRECTION('',(1.,0.,0.));
#5150 = ORIENTED_EDGE('',*,*,#5151,.T.);
#5151 = EDGE_CURVE('',#5144,#5152,#5154,.T.);
#5152 = VERTEX_POINT('',#5153);
#5153 = CARTESIAN_POINT('',(35.800000000004,-4.900100000017,1.));
#5154 = LINE('',#5155,#5156);
#5155 = CARTESIAN_POINT('',(34.062449999999,-3.162550000013,1.));
#5156 = VECTOR('',#5157,1.);
#5157 = DIRECTION('',(-0.707106781187,0.707106781187,3.1E-16));
#5158 = ORIENTED_EDGE('',*,*,#5159,.T.);
#5159 = EDGE_CURVE('',#5152,#5160,#5162,.T.);
#5160 = VERTEX_POINT('',#5161);
#5161 = CARTESIAN_POINT('',(35.800000000004,-3.4,1.));
#5162 = LINE('',#5163,#5164);
#5163 = CARTESIAN_POINT('',(35.800000000004,-6.400000000017,1.));
#5164 = VECTOR('',#5165,1.);
#5165 = DIRECTION('',(-0.,1.,4.4E-16));
#5166 = ORIENTED_EDGE('',*,*,#5167,.F.);
#5167 = EDGE_CURVE('',#5168,#5160,#5170,.T.);
#5168 = VERTEX_POINT('',#5169);
#5169 = CARTESIAN_POINT('',(22.4,-3.4,1.));
#5170 = LINE('',#5171,#5172);
#5171 = CARTESIAN_POINT('',(22.4,-3.4,1.));
#5172 = VECTOR('',#5173,1.);
#5173 = DIRECTION('',(1.,0.,0.));
#5174 = ORIENTED_EDGE('',*,*,#5175,.F.);
#5175 = EDGE_CURVE('',#5176,#5168,#5178,.T.);
#5176 = VERTEX_POINT('',#5177);
#5177 = CARTESIAN_POINT('',(22.4,-6.0001,1.));
#5178 = LINE('',#5179,#5180);
#5179 = CARTESIAN_POINT('',(22.4,-9.,1.));
#5180 = VECTOR('',#5181,1.);
#5181 = DIRECTION('',(-0.,1.,6.9E-16));
#5182 = ORIENTED_EDGE('',*,*,#5183,.F.);
#5183 = EDGE_CURVE('',#5184,#5176,#5186,.T.);
#5184 = VERTEX_POINT('',#5185);
#5185 = CARTESIAN_POINT('',(19.4001,-9.,1.));
#5186 = CIRCLE('',#5187,2.9999);
#5187 = AXIS2_PLACEMENT_3D('',#5188,#5189,#5190);
#5188 = CARTESIAN_POINT('',(19.4001,-6.0001,1.));
#5189 = DIRECTION('',(0.,-5.7E-16,1.));
#5190 = DIRECTION('',(0.,1.,5.7E-16));
#5191 = ORIENTED_EDGE('',*,*,#5192,.F.);
#5192 = EDGE_CURVE('',#5193,#5184,#5195,.T.);
#5193 = VERTEX_POINT('',#5194);
#5194 = CARTESIAN_POINT('',(19.3999,-9.,1.));
#5195 = LINE('',#5196,#5197);
#5196 = CARTESIAN_POINT('',(16.4,-9.,1.));
#5197 = VECTOR('',#5198,1.);
#5198 = DIRECTION('',(1.,0.,0.));
#5199 = ORIENTED_EDGE('',*,*,#5200,.F.);
#5200 = EDGE_CURVE('',#5201,#5193,#5203,.T.);
#5201 = VERTEX_POINT('',#5202);
#5202 = CARTESIAN_POINT('',(16.4,-6.0001,1.));
#5203 = CIRCLE('',#5204,2.9999);
#5204 = AXIS2_PLACEMENT_3D('',#5205,#5206,#5207);
#5205 = CARTESIAN_POINT('',(19.3999,-6.0001,1.));
#5206 = DIRECTION('',(0.,-5.7E-16,1.));
#5207 = DIRECTION('',(0.,1.,5.7E-16));
#5208 = ORIENTED_EDGE('',*,*,#5209,.F.);
#5209 = EDGE_CURVE('',#5210,#5201,#5212,.T.);
#5210 = VERTEX_POINT('',#5211);
#5211 = CARTESIAN_POINT('',(16.4,-3.4,1.));
#5212 = LINE('',#5213,#5214);
#5213 = CARTESIAN_POINT('',(16.4,-3.4,1.));
#5214 = VECTOR('',#5215,1.);
#5215 = DIRECTION('',(0.,-1.,-6.9E-16));
#5216 = ORIENTED_EDGE('',*,*,#5217,.F.);
#5217 = EDGE_CURVE('',#5218,#5210,#5220,.T.);
#5218 = VERTEX_POINT('',#5219);
#5219 = CARTESIAN_POINT('',(9.9,-3.4,1.));
#5220 = LINE('',#5221,#5222);
#5221 = CARTESIAN_POINT('',(9.9,-3.4,1.));
#5222 = VECTOR('',#5223,1.);
#5223 = DIRECTION('',(1.,0.,0.));
#5224 = ORIENTED_EDGE('',*,*,#5225,.T.);
#5225 = EDGE_CURVE('',#5218,#3748,#5226,.T.);
#5226 = LINE('',#5227,#5228);
#5227 = CARTESIAN_POINT('',(9.9,-3.4,1.));
#5228 = VECTOR('',#5229,1.);
#5229 = DIRECTION('',(-0.707106781187,-0.707106781187,0.));
#5230 = ORIENTED_EDGE('',*,*,#3745,.F.);
#5231 = ORIENTED_EDGE('',*,*,#4710,.F.);
#5232 = ORIENTED_EDGE('',*,*,#4652,.T.);
#5233 = ORIENTED_EDGE('',*,*,#4594,.F.);
#5234 = ORIENTED_EDGE('',*,*,#4627,.F.);
#5235 = ORIENTED_EDGE('',*,*,#4675,.F.);
#5236 = ORIENTED_EDGE('',*,*,#4736,.F.);
#5237 = ORIENTED_EDGE('',*,*,#4777,.F.);
#5238 = ORIENTED_EDGE('',*,*,#4761,.F.);
#5239 = ORIENTED_EDGE('',*,*,#4699,.F.);
#5240 = ORIENTED_EDGE('',*,*,#3707,.T.);
#5241 = ORIENTED_EDGE('',*,*,#5093,.F.);
#5242 = ORIENTED_EDGE('',*,*,#5243,.T.);
#5243 = EDGE_CURVE('',#5094,#5244,#5246,.T.);
#5244 = VERTEX_POINT('',#5245);
#5245 = CARTESIAN_POINT('',(30.3,-17.4,1.));
#5246 = LINE('',#5247,#5248);
#5247 = CARTESIAN_POINT('',(9.9,-17.4,1.));
#5248 = VECTOR('',#5249,1.);
#5249 = DIRECTION('',(1.,0.,0.));
#5250 = ORIENTED_EDGE('',*,*,#5251,.T.);
#5251 = EDGE_CURVE('',#5244,#5118,#5252,.T.);
#5252 = LINE('',#5253,#5254);
#5253 = CARTESIAN_POINT('',(30.3,-17.4,1.));
#5254 = VECTOR('',#5255,1.);
#5255 = DIRECTION('',(-0.,1.,6.9E-16));
#5256 = FACE_BOUND('',#5257,.T.);
#5257 = EDGE_LOOP('',(#5258));
#5258 = ORIENTED_EDGE('',*,*,#5259,.T.);
#5259 = EDGE_CURVE('',#5260,#5260,#5262,.T.);
#5260 = VERTEX_POINT('',#5261);
#5261 = CARTESIAN_POINT('',(21.15,-5.5,1.));
#5262 = CIRCLE('',#5263,1.75);
#5263 = AXIS2_PLACEMENT_3D('',#5264,#5265,#5266);
#5264 = CARTESIAN_POINT('',(19.4,-5.5,1.));
#5265 = DIRECTION('',(0.,-4.4E-16,1.));
#5266 = DIRECTION('',(1.,0.,0.));
#5267 = FACE_BOUND('',#5268,.T.);
#5268 = EDGE_LOOP('',(#5269,#5279,#5287,#5295));
#5269 = ORIENTED_EDGE('',*,*,#5270,.F.);
#5270 = EDGE_CURVE('',#5271,#5273,#5275,.T.);
#5271 = VERTEX_POINT('',#5272);
#5272 = CARTESIAN_POINT('',(41.550000000006,-9.150000000023,1.));
#5273 = VERTEX_POINT('',#5274);
#5274 = CARTESIAN_POINT('',(38.55,-9.150000000023,1.));
#5275 = LINE('',#5276,#5277);
#5276 = CARTESIAN_POINT('',(41.300000000006,-9.150000000023,1.));
#5277 = VECTOR('',#5278,1.);
#5278 = DIRECTION('',(-1.,0.,0.));
#5279 = ORIENTED_EDGE('',*,*,#5280,.F.);
#5280 = EDGE_CURVE('',#5281,#5271,#5283,.T.);
#5281 = VERTEX_POINT('',#5282);
#5282 = CARTESIAN_POINT('',(41.550000000006,-2.150000000012,1.));
#5283 = LINE('',#5284,#5285);
#5284 = CARTESIAN_POINT('',(41.550000000006,-2.400000000012,1.));
#5285 = VECTOR('',#5286,1.);
#5286 = DIRECTION('',(0.,-1.,0.));
#5287 = ORIENTED_EDGE('',*,*,#5288,.F.);
#5288 = EDGE_CURVE('',#5289,#5281,#5291,.T.);
#5289 = VERTEX_POINT('',#5290);
#5290 = CARTESIAN_POINT('',(38.55,-2.150000000012,1.));
#5291 = LINE('',#5292,#5293);
#5292 = CARTESIAN_POINT('',(38.8,-2.150000000012,1.));
#5293 = VECTOR('',#5294,1.);
#5294 = DIRECTION('',(1.,0.,0.));
#5295 = ORIENTED_EDGE('',*,*,#5296,.F.);
#5296 = EDGE_CURVE('',#5273,#5289,#5297,.T.);
#5297 = LINE('',#5298,#5299);
#5298 = CARTESIAN_POINT('',(38.55,-8.900000000023,1.));
#5299 = VECTOR('',#5300,1.);
#5300 = DIRECTION('',(0.,1.,0.));
#5301 = FACE_BOUND('',#5302,.T.);
#5302 = EDGE_LOOP('',(#5303,#5313,#5321,#5329));
#5303 = ORIENTED_EDGE('',*,*,#5304,.F.);
#5304 = EDGE_CURVE('',#5305,#5307,#5309,.T.);
#5305 = VERTEX_POINT('',#5306);
#5306 = CARTESIAN_POINT('',(41.55,-11.65,1.));
#5307 = VERTEX_POINT('',#5308);
#5308 = CARTESIAN_POINT('',(41.55,-18.65,1.));
#5309 = LINE('',#5310,#5311);
#5310 = CARTESIAN_POINT('',(41.55,-11.9,1.));
#5311 = VECTOR('',#5312,1.);
#5312 = DIRECTION('',(0.,-1.,0.));
#5313 = ORIENTED_EDGE('',*,*,#5314,.F.);
#5314 = EDGE_CURVE('',#5315,#5305,#5317,.T.);
#5315 = VERTEX_POINT('',#5316);
#5316 = CARTESIAN_POINT('',(38.55,-11.65,1.));
#5317 = LINE('',#5318,#5319);
#5318 = CARTESIAN_POINT('',(38.8,-11.65,1.));
#5319 = VECTOR('',#5320,1.);
#5320 = DIRECTION('',(1.,0.,0.));
#5321 = ORIENTED_EDGE('',*,*,#5322,.F.);
#5322 = EDGE_CURVE('',#5323,#5315,#5325,.T.);
#5323 = VERTEX_POINT('',#5324);
#5324 = CARTESIAN_POINT('',(38.55,-18.65,1.));
#5325 = LINE('',#5326,#5327);
#5326 = CARTESIAN_POINT('',(38.55,-18.4,1.));
#5327 = VECTOR('',#5328,1.);
#5328 = DIRECTION('',(0.,1.,0.));
#5329 = ORIENTED_EDGE('',*,*,#5330,.F.);
#5330 = EDGE_CURVE('',#5307,#5323,#5331,.T.);
#5331 = LINE('',#5332,#5333);
#5332 = CARTESIAN_POINT('',(41.3,-18.65,1.));
#5333 = VECTOR('',#5334,1.);
#5334 = DIRECTION('',(-1.,0.,0.));
#5335 = PLANE('',#5336);
#5336 = AXIS2_PLACEMENT_3D('',#5337,#5338,#5339);
#5337 = CARTESIAN_POINT('',(21.850000000002,-10.4,1.));
#5338 = DIRECTION('',(0.,-4.4E-16,1.));
#5339 = DIRECTION('',(-1.,-0.,-0.));
#5340 = ADVANCED_FACE('',(#5341),#5352,.T.);
#5341 = FACE_BOUND('',#5342,.T.);
#5342 = EDGE_LOOP('',(#5343,#5344,#5350,#5351));
#5343 = ORIENTED_EDGE('',*,*,#5225,.F.);
#5344 = ORIENTED_EDGE('',*,*,#5345,.T.);
#5345 = EDGE_CURVE('',#5218,#4888,#5346,.T.);
#5346 = LINE('',#5347,#5348);
#5347 = CARTESIAN_POINT('',(9.9,-3.4,1.));
#5348 = VECTOR('',#5349,1.);
#5349 = DIRECTION('',(0.,-5.7E-16,1.));
#5350 = ORIENTED_EDGE('',*,*,#4887,.T.);
#5351 = ORIENTED_EDGE('',*,*,#3787,.F.);
#5352 = PLANE('',#5353);
#5353 = AXIS2_PLACEMENT_3D('',#5354,#5355,#5356);
#5354 = CARTESIAN_POINT('',(9.9,-3.4,1.));
#5355 = DIRECTION('',(0.707106781187,-0.707106781187,0.));
#5356 = DIRECTION('',(-0.707106781187,-0.707106781187,0.));
#5357 = ADVANCED_FACE('',(#5358,#5383),#5386,.T.);
#5358 = FACE_BOUND('',#5359,.T.);
#5359 = EDGE_LOOP('',(#5360));
#5360 = ORIENTED_EDGE('',*,*,#5361,.F.);
#5361 = EDGE_CURVE('',#5362,#5362,#5364,.T.);
#5362 = VERTEX_POINT('',#5363);
#5363 = CARTESIAN_POINT('',(35.946853104047,-11.3,6.229174792773));
#5364 = B_SPLINE_CURVE_WITH_KNOTS('',9,(#5365,#5366,#5367,#5368,#5369,
    #5370,#5371,#5372,#5373,#5374,#5375,#5376,#5377,#5378,#5379,#5380,
    #5381,#5382),.UNSPECIFIED.,.T.,.F.,(10,8,10),(3.79E-15,
    5.690968204824,11.381936409649),.UNSPECIFIED.);
#5365 = CARTESIAN_POINT('',(35.946853104047,-11.3,6.229174792773));
#5366 = CARTESIAN_POINT('',(35.946853104047,-10.59367006251,
    6.229174792773));
#5367 = CARTESIAN_POINT('',(35.673472941266,-9.875494695091,
    6.27296566553));
#5368 = CARTESIAN_POINT('',(35.11098612965,-9.274214604575,
    6.363066527801));
#5369 = CARTESIAN_POINT('',(34.322733046584,-8.941927185762,
    6.489331323718));
#5370 = CARTESIAN_POINT('',(33.475601028838,-8.945538443586,
    6.62502752793));
#5371 = CARTESIAN_POINT('',(32.696975950237,-9.276536160141,
    6.74975008057));
#5372 = CARTESIAN_POINT('',(32.13467373788,-9.866775073169,
    6.839821373165));
#5373 = CARTESIAN_POINT('',(31.853146895954,-10.58330252936,
    6.884917205969));
#5374 = CARTESIAN_POINT('',(31.853146895952,-12.01669747063,
    6.884917205968));
#5375 = CARTESIAN_POINT('',(32.134673737884,-12.73322492683,
    6.839821373166));
#5376 = CARTESIAN_POINT('',(32.696975950228,-13.32346383985,
    6.749750080567));
#5377 = CARTESIAN_POINT('',(33.475601028847,-13.65446155641,
    6.625027527934));
#5378 = CARTESIAN_POINT('',(34.322733046576,-13.65807281423,
    6.489331323715));
#5379 = CARTESIAN_POINT('',(35.110986129655,-13.32578539542,
    6.363066527803));
#5380 = CARTESIAN_POINT('',(35.673472941264,-12.7245053049,
    6.272965665529));
#5381 = CARTESIAN_POINT('',(35.946853104048,-12.00632993748,
    6.229174792773));
#5382 = CARTESIAN_POINT('',(35.946853104047,-11.3,6.229174792773));
#5383 = FACE_BOUND('',#5384,.T.);
#5384 = EDGE_LOOP('',(#5385));
#5385 = ORIENTED_EDGE('',*,*,#3876,.T.);
#5386 = PLANE('',#5387);
#5387 = AXIS2_PLACEMENT_3D('',#5388,#5389,#5390);
#5388 = CARTESIAN_POINT('',(33.741833251412,-11.3,6.582381634156));
#5389 = DIRECTION('',(0.158166748588,0.,0.987412416187));
#5390 = DIRECTION('',(0.987412416187,0.,-0.158166748588));
#5391 = ADVANCED_FACE('',(#5392),#5398,.F.);
#5392 = FACE_BOUND('',#5393,.T.);
#5393 = EDGE_LOOP('',(#5394,#5395,#5396,#5397));
#5394 = ORIENTED_EDGE('',*,*,#3903,.T.);
#5395 = ORIENTED_EDGE('',*,*,#4124,.T.);
#5396 = ORIENTED_EDGE('',*,*,#4042,.F.);
#5397 = ORIENTED_EDGE('',*,*,#4024,.F.);
#5398 = PLANE('',#5399);
#5399 = AXIS2_PLACEMENT_3D('',#5400,#5401,#5402);
#5400 = CARTESIAN_POINT('',(43.168672700992,-16.675,5.528098207962));
#5401 = DIRECTION('',(-0.586365234829,0.,0.810046795799));
#5402 = DIRECTION('',(-0.,-1.,-0.));
#5403 = ADVANCED_FACE('',(#5404),#5410,.F.);
#5404 = FACE_BOUND('',#5405,.T.);
#5405 = EDGE_LOOP('',(#5406,#5407,#5408,#5409));
#5406 = ORIENTED_EDGE('',*,*,#3938,.T.);
#5407 = ORIENTED_EDGE('',*,*,#4289,.T.);
#5408 = ORIENTED_EDGE('',*,*,#4224,.F.);
#5409 = ORIENTED_EDGE('',*,*,#4164,.F.);
#5410 = PLANE('',#5411);
#5411 = AXIS2_PLACEMENT_3D('',#5412,#5413,#5414);
#5412 = CARTESIAN_POINT('',(43.168672700992,-11.65,5.528098207962));
#5413 = DIRECTION('',(-0.586365234829,0.,0.810046795799));
#5414 = DIRECTION('',(-0.,-1.,-0.));
#5415 = ADVANCED_FACE('',(#5416),#5422,.F.);
#5416 = FACE_BOUND('',#5417,.T.);
#5417 = EDGE_LOOP('',(#5418,#5419,#5420,#5421));
#5418 = ORIENTED_EDGE('',*,*,#3973,.T.);
#5419 = ORIENTED_EDGE('',*,*,#4181,.T.);
#5420 = ORIENTED_EDGE('',*,*,#4273,.F.);
#5421 = ORIENTED_EDGE('',*,*,#4324,.F.);
#5422 = PLANE('',#5423);
#5423 = AXIS2_PLACEMENT_3D('',#5424,#5425,#5426);
#5424 = CARTESIAN_POINT('',(43.168672700992,-6.624999999999,
    5.528098207962));
#5425 = DIRECTION('',(-0.586365234829,0.,0.810046795799));
#5426 = DIRECTION('',(-0.,-1.,-0.));
#5427 = ADVANCED_FACE('',(#5428),#5447,.F.);
#5428 = FACE_BOUND('',#5429,.F.);
#5429 = EDGE_LOOP('',(#5430,#5438,#5439,#5440));
#5430 = ORIENTED_EDGE('',*,*,#5431,.F.);
#5431 = EDGE_CURVE('',#4341,#5432,#5434,.T.);
#5432 = VERTEX_POINT('',#5433);
#5433 = CARTESIAN_POINT('',(19.8,-10.4,3.75));
#5434 = LINE('',#5435,#5436);
#5435 = CARTESIAN_POINT('',(19.8,-10.4,3.75));
#5436 = VECTOR('',#5437,1.);
#5437 = DIRECTION('',(-0.707106781187,3.1E-16,-0.707106781187));
#5438 = ORIENTED_EDGE('',*,*,#4340,.T.);
#5439 = ORIENTED_EDGE('',*,*,#5431,.T.);
#5440 = ORIENTED_EDGE('',*,*,#5441,.F.);
#5441 = EDGE_CURVE('',#5432,#5432,#5442,.T.);
#5442 = CIRCLE('',#5443,1.);
#5443 = AXIS2_PLACEMENT_3D('',#5444,#5445,#5446);
#5444 = CARTESIAN_POINT('',(18.8,-10.4,3.75));
#5445 = DIRECTION('',(0.,4.4E-16,-1.));
#5446 = DIRECTION('',(1.,0.,0.));
#5447 = CONICAL_SURFACE('',#5448,1.,0.785398163397);
#5448 = AXIS2_PLACEMENT_3D('',#5449,#5450,#5451);
#5449 = CARTESIAN_POINT('',(18.8,-10.4,3.75));
#5450 = DIRECTION('',(0.,-4.4E-16,1.));
#5451 = DIRECTION('',(1.,0.,0.));
#5452 = ADVANCED_FACE('',(#5453),#5472,.F.);
#5453 = FACE_BOUND('',#5454,.F.);
#5454 = EDGE_LOOP('',(#5455,#5463,#5464,#5465));
#5455 = ORIENTED_EDGE('',*,*,#5456,.F.);
#5456 = EDGE_CURVE('',#4358,#5457,#5459,.T.);
#5457 = VERTEX_POINT('',#5458);
#5458 = CARTESIAN_POINT('',(21.15,-5.5,2.510308009257));
#5459 = LINE('',#5460,#5461);
#5460 = CARTESIAN_POINT('',(22.4,-5.5,4.));
#5461 = VECTOR('',#5462,1.);
#5462 = DIRECTION('',(-0.642787609687,3.4E-16,-0.766044443119));
#5463 = ORIENTED_EDGE('',*,*,#4357,.T.);
#5464 = ORIENTED_EDGE('',*,*,#5456,.T.);
#5465 = ORIENTED_EDGE('',*,*,#5466,.F.);
#5466 = EDGE_CURVE('',#5457,#5457,#5467,.T.);
#5467 = CIRCLE('',#5468,1.75);
#5468 = AXIS2_PLACEMENT_3D('',#5469,#5470,#5471);
#5469 = CARTESIAN_POINT('',(19.4,-5.5,2.510308009257));
#5470 = DIRECTION('',(0.,4.4E-16,-1.));
#5471 = DIRECTION('',(1.,0.,0.));
#5472 = CONICAL_SURFACE('',#5473,3.,0.698131700798);
#5473 = AXIS2_PLACEMENT_3D('',#5474,#5475,#5476);
#5474 = CARTESIAN_POINT('',(19.4,-5.5,4.));
#5475 = DIRECTION('',(0.,-4.4E-16,1.));
#5476 = DIRECTION('',(1.,0.,0.));
#5477 = ADVANCED_FACE('',(#5478),#5497,.F.);
#5478 = FACE_BOUND('',#5479,.F.);
#5479 = EDGE_LOOP('',(#5480,#5488,#5489,#5490));
#5480 = ORIENTED_EDGE('',*,*,#5481,.F.);
#5481 = EDGE_CURVE('',#4369,#5482,#5484,.T.);
#5482 = VERTEX_POINT('',#5483);
#5483 = CARTESIAN_POINT('',(13.8,-16.4,3.75));
#5484 = LINE('',#5485,#5486);
#5485 = CARTESIAN_POINT('',(13.8,-16.4,3.75));
#5486 = VECTOR('',#5487,1.);
#5487 = DIRECTION('',(-0.707106781187,-2.2E-15,-0.707106781187));
#5488 = ORIENTED_EDGE('',*,*,#4368,.T.);
#5489 = ORIENTED_EDGE('',*,*,#5481,.T.);
#5490 = ORIENTED_EDGE('',*,*,#5491,.F.);
#5491 = EDGE_CURVE('',#5482,#5482,#5492,.T.);
#5492 = CIRCLE('',#5493,1.);
#5493 = AXIS2_PLACEMENT_3D('',#5494,#5495,#5496);
#5494 = CARTESIAN_POINT('',(12.8,-16.4,3.75));
#5495 = DIRECTION('',(0.,4.4E-16,-1.));
#5496 = DIRECTION('',(1.,3.55E-15,1.562E-30));
#5497 = CONICAL_SURFACE('',#5498,1.,0.785398163397);
#5498 = AXIS2_PLACEMENT_3D('',#5499,#5500,#5501);
#5499 = CARTESIAN_POINT('',(12.8,-16.4,3.75));
#5500 = DIRECTION('',(0.,-4.4E-16,1.));
#5501 = DIRECTION('',(1.,3.55E-15,1.562E-30));
#5502 = ADVANCED_FACE('',(#5503),#5522,.F.);
#5503 = FACE_BOUND('',#5504,.F.);
#5504 = EDGE_LOOP('',(#5505,#5513,#5514,#5515));
#5505 = ORIENTED_EDGE('',*,*,#5506,.F.);
#5506 = EDGE_CURVE('',#4380,#5507,#5509,.T.);
#5507 = VERTEX_POINT('',#5508);
#5508 = CARTESIAN_POINT('',(13.8,-4.4,3.75));
#5509 = LINE('',#5510,#5511);
#5510 = CARTESIAN_POINT('',(13.8,-4.4,3.75));
#5511 = VECTOR('',#5512,1.);
#5512 = DIRECTION('',(-0.707106781187,3.1E-16,-0.707106781187));
#5513 = ORIENTED_EDGE('',*,*,#4379,.T.);
#5514 = ORIENTED_EDGE('',*,*,#5506,.T.);
#5515 = ORIENTED_EDGE('',*,*,#5516,.F.);
#5516 = EDGE_CURVE('',#5507,#5507,#5517,.T.);
#5517 = CIRCLE('',#5518,1.);
#5518 = AXIS2_PLACEMENT_3D('',#5519,#5520,#5521);
#5519 = CARTESIAN_POINT('',(12.8,-4.4,3.75));
#5520 = DIRECTION('',(0.,4.4E-16,-1.));
#5521 = DIRECTION('',(1.,0.,0.));
#5522 = CONICAL_SURFACE('',#5523,1.,0.785398163397);
#5523 = AXIS2_PLACEMENT_3D('',#5524,#5525,#5526);
#5524 = CARTESIAN_POINT('',(12.8,-4.4,3.75));
#5525 = DIRECTION('',(0.,-4.4E-16,1.));
#5526 = DIRECTION('',(1.,0.,0.));
#5527 = ADVANCED_FACE('',(#5528),#5547,.F.);
#5528 = FACE_BOUND('',#5529,.F.);
#5529 = EDGE_LOOP('',(#5530,#5538,#5539,#5540));
#5530 = ORIENTED_EDGE('',*,*,#5531,.F.);
#5531 = EDGE_CURVE('',#4391,#5532,#5534,.T.);
#5532 = VERTEX_POINT('',#5533);
#5533 = CARTESIAN_POINT('',(25.8,-4.4,3.75));
#5534 = LINE('',#5535,#5536);
#5535 = CARTESIAN_POINT('',(25.8,-4.4,3.75));
#5536 = VECTOR('',#5537,1.);
#5537 = DIRECTION('',(-0.707106781187,3.1E-16,-0.707106781187));
#5538 = ORIENTED_EDGE('',*,*,#4390,.T.);
#5539 = ORIENTED_EDGE('',*,*,#5531,.T.);
#5540 = ORIENTED_EDGE('',*,*,#5541,.F.);
#5541 = EDGE_CURVE('',#5532,#5532,#5542,.T.);
#5542 = CIRCLE('',#5543,1.);
#5543 = AXIS2_PLACEMENT_3D('',#5544,#5545,#5546);
#5544 = CARTESIAN_POINT('',(24.8,-4.4,3.75));
#5545 = DIRECTION('',(0.,4.4E-16,-1.));
#5546 = DIRECTION('',(1.,0.,0.));
#5547 = CONICAL_SURFACE('',#5548,1.,0.785398163397);
#5548 = AXIS2_PLACEMENT_3D('',#5549,#5550,#5551);
#5549 = CARTESIAN_POINT('',(24.8,-4.4,3.75));
#5550 = DIRECTION('',(0.,-4.4E-16,1.));
#5551 = DIRECTION('',(1.,0.,0.));
#5552 = ADVANCED_FACE('',(#5553),#5572,.F.);
#5553 = FACE_BOUND('',#5554,.F.);
#5554 = EDGE_LOOP('',(#5555,#5563,#5564,#5565));
#5555 = ORIENTED_EDGE('',*,*,#5556,.F.);
#5556 = EDGE_CURVE('',#4402,#5557,#5559,.T.);
#5557 = VERTEX_POINT('',#5558);
#5558 = CARTESIAN_POINT('',(25.8,-16.4,3.75));
#5559 = LINE('',#5560,#5561);
#5560 = CARTESIAN_POINT('',(25.8,-16.4,3.75));
#5561 = VECTOR('',#5562,1.);
#5562 = DIRECTION('',(-0.707106781187,-2.2E-15,-0.707106781187));
#5563 = ORIENTED_EDGE('',*,*,#4401,.T.);
#5564 = ORIENTED_EDGE('',*,*,#5556,.T.);
#5565 = ORIENTED_EDGE('',*,*,#5566,.F.);
#5566 = EDGE_CURVE('',#5557,#5557,#5567,.T.);
#5567 = CIRCLE('',#5568,1.);
#5568 = AXIS2_PLACEMENT_3D('',#5569,#5570,#5571);
#5569 = CARTESIAN_POINT('',(24.8,-16.4,3.75));
#5570 = DIRECTION('',(0.,4.4E-16,-1.));
#5571 = DIRECTION('',(1.,3.55E-15,1.562E-30));
#5572 = CONICAL_SURFACE('',#5573,1.,0.785398163397);
#5573 = AXIS2_PLACEMENT_3D('',#5574,#5575,#5576);
#5574 = CARTESIAN_POINT('',(24.8,-16.4,3.75));
#5575 = DIRECTION('',(0.,-4.4E-16,1.));
#5576 = DIRECTION('',(1.,3.55E-15,1.562E-30));
#5577 = ADVANCED_FACE('',(#5578),#5612,.T.);
#5578 = FACE_BOUND('',#5579,.T.);
#5579 = EDGE_LOOP('',(#5580,#5588,#5589,#5590,#5598,#5606));
#5580 = ORIENTED_EDGE('',*,*,#5581,.T.);
#5581 = EDGE_CURVE('',#5582,#4813,#5584,.T.);
#5582 = VERTEX_POINT('',#5583);
#5583 = CARTESIAN_POINT('',(30.3,-6.400000000017,2.75));
#5584 = LINE('',#5585,#5586);
#5585 = CARTESIAN_POINT('',(31.916666666661,-8.016666666678,
    4.366666666661));
#5586 = VECTOR('',#5587,1.);
#5587 = DIRECTION('',(-0.57735026919,0.57735026919,-0.57735026919));
#5588 = ORIENTED_EDGE('',*,*,#4812,.T.);
#5589 = ORIENTED_EDGE('',*,*,#4985,.T.);
#5590 = ORIENTED_EDGE('',*,*,#5591,.F.);
#5591 = EDGE_CURVE('',#5592,#4978,#5594,.T.);
#5592 = VERTEX_POINT('',#5593);
#5593 = CARTESIAN_POINT('',(37.299900000004,-6.400000000017,2.75));
#5594 = LINE('',#5595,#5596);
#5595 = CARTESIAN_POINT('',(36.466600000004,-5.566700000017,1.9167));
#5596 = VECTOR('',#5597,1.);
#5597 = DIRECTION('',(-0.57735026919,0.57735026919,-0.57735026919));
#5598 = ORIENTED_EDGE('',*,*,#5599,.F.);
#5599 = EDGE_CURVE('',#5600,#5592,#5602,.T.);
#5600 = VERTEX_POINT('',#5601);
#5601 = CARTESIAN_POINT('',(35.800000000004,-6.400000000026,
    2.750000000009));
#5602 = LINE('',#5603,#5604);
#5603 = CARTESIAN_POINT('',(35.800000000004,-6.400000000017,2.75));
#5604 = VECTOR('',#5605,1.);
#5605 = DIRECTION('',(1.,0.,0.));
#5606 = ORIENTED_EDGE('',*,*,#5607,.F.);
#5607 = EDGE_CURVE('',#5582,#5600,#5608,.T.);
#5608 = LINE('',#5609,#5610);
#5609 = CARTESIAN_POINT('',(30.3,-6.400000000017,2.75));
#5610 = VECTOR('',#5611,1.);
#5611 = DIRECTION('',(1.,-3.17564E-12,0.));
#5612 = PLANE('',#5613);
#5613 = AXIS2_PLACEMENT_3D('',#5614,#5615,#5616);
#5614 = CARTESIAN_POINT('',(33.674950000002,-6.275000000024,2.625));
#5615 = DIRECTION('',(-1.19829E-12,-0.707106781187,-0.707106781186));
#5616 = DIRECTION('',(0.,0.707106781186,-0.707106781187));
#5617 = ADVANCED_FACE('',(#5618),#5636,.T.);
#5618 = FACE_BOUND('',#5619,.T.);
#5619 = EDGE_LOOP('',(#5620,#5628,#5629,#5630));
#5620 = ORIENTED_EDGE('',*,*,#5621,.F.);
#5621 = EDGE_CURVE('',#4823,#5622,#5624,.T.);
#5622 = VERTEX_POINT('',#5623);
#5623 = CARTESIAN_POINT('',(30.3,-16.59999999998,2.75));
#5624 = LINE('',#5625,#5626);
#5625 = CARTESIAN_POINT('',(29.8,-16.59999999998,2.25));
#5626 = VECTOR('',#5627,1.);
#5627 = DIRECTION('',(0.707106781187,-3.1E-16,0.707106781187));
#5628 = ORIENTED_EDGE('',*,*,#4822,.T.);
#5629 = ORIENTED_EDGE('',*,*,#5581,.F.);
#5630 = ORIENTED_EDGE('',*,*,#5631,.F.);
#5631 = EDGE_CURVE('',#5622,#5582,#5632,.T.);
#5632 = LINE('',#5633,#5634);
#5633 = CARTESIAN_POINT('',(30.3,-16.59999999998,2.75));
#5634 = VECTOR('',#5635,1.);
#5635 = DIRECTION('',(0.,1.,5.7E-16));
#5636 = PLANE('',#5637);
#5637 = AXIS2_PLACEMENT_3D('',#5638,#5639,#5640);
#5638 = CARTESIAN_POINT('',(30.175,-16.59999999998,2.625));
#5639 = DIRECTION('',(0.707106781187,5.6E-16,-0.707106781187));
#5640 = DIRECTION('',(-1.109797974645E-16,1.,6.809797974645E-16));
#5641 = ADVANCED_FACE('',(#5642),#5684,.F.);
#5642 = FACE_BOUND('',#5643,.T.);
#5643 = EDGE_LOOP('',(#5644,#5652,#5653,#5654,#5662,#5670,#5678));
#5644 = ORIENTED_EDGE('',*,*,#5645,.T.);
#5645 = EDGE_CURVE('',#5646,#4831,#5648,.T.);
#5646 = VERTEX_POINT('',#5647);
#5647 = CARTESIAN_POINT('',(31.0999,-16.59999999998,1.25));
#5648 = LINE('',#5649,#5650);
#5649 = CARTESIAN_POINT('',(31.0999,-16.59999999998,1.));
#5650 = VECTOR('',#5651,1.);
#5651 = DIRECTION('',(0.,-4.4E-16,1.));
#5652 = ORIENTED_EDGE('',*,*,#4830,.F.);
#5653 = ORIENTED_EDGE('',*,*,#5621,.T.);
#5654 = ORIENTED_EDGE('',*,*,#5655,.T.);
#5655 = EDGE_CURVE('',#5622,#5656,#5658,.T.);
#5656 = VERTEX_POINT('',#5657);
#5657 = CARTESIAN_POINT('',(30.3,-16.59999999998,5.3));
#5658 = LINE('',#5659,#5660);
#5659 = CARTESIAN_POINT('',(30.3,-16.59999999998,1.));
#5660 = VECTOR('',#5661,1.);
#5661 = DIRECTION('',(0.,-4.4E-16,1.));
#5662 = ORIENTED_EDGE('',*,*,#5663,.T.);
#5663 = EDGE_CURVE('',#5656,#5664,#5666,.T.);
#5664 = VERTEX_POINT('',#5665);
#5665 = CARTESIAN_POINT('',(37.300000000004,-16.59999999998,5.3));
#5666 = LINE('',#5667,#5668);
#5667 = CARTESIAN_POINT('',(30.3,-16.59999999998,5.3));
#5668 = VECTOR('',#5669,1.);
#5669 = DIRECTION('',(1.,0.,0.));
#5670 = ORIENTED_EDGE('',*,*,#5671,.F.);
#5671 = EDGE_CURVE('',#5672,#5664,#5674,.T.);
#5672 = VERTEX_POINT('',#5673);
#5673 = CARTESIAN_POINT('',(37.300000000004,-16.59999999998,1.25));
#5674 = LINE('',#5675,#5676);
#5675 = CARTESIAN_POINT('',(37.300000000004,-16.59999999998,1.));
#5676 = VECTOR('',#5677,1.);
#5677 = DIRECTION('',(0.,-4.4E-16,1.));
#5678 = ORIENTED_EDGE('',*,*,#5679,.F.);
#5679 = EDGE_CURVE('',#5646,#5672,#5680,.T.);
#5680 = LINE('',#5681,#5682);
#5681 = CARTESIAN_POINT('',(31.0999,-16.59999999998,1.25));
#5682 = VECTOR('',#5683,1.);
#5683 = DIRECTION('',(1.,0.,0.));
#5684 = PLANE('',#5685);
#5685 = AXIS2_PLACEMENT_3D('',#5686,#5687,#5688);
#5686 = CARTESIAN_POINT('',(30.3,-16.59999999998,1.));
#5687 = DIRECTION('',(-0.,-1.,-4.4E-16));
#5688 = DIRECTION('',(-1.,0.,0.));
#5689 = ADVANCED_FACE('',(#5690),#5707,.T.);
#5690 = FACE_BOUND('',#5691,.T.);
#5691 = EDGE_LOOP('',(#5692,#5693,#5699,#5700,#5701));
#5692 = ORIENTED_EDGE('',*,*,#5117,.F.);
#5693 = ORIENTED_EDGE('',*,*,#5694,.T.);
#5694 = EDGE_CURVE('',#5118,#4839,#5695,.T.);
#5695 = LINE('',#5696,#5697);
#5696 = CARTESIAN_POINT('',(30.3,-17.39989999998,1.));
#5697 = VECTOR('',#5698,1.);
#5698 = DIRECTION('',(0.,-4.4E-16,1.));
#5699 = ORIENTED_EDGE('',*,*,#4838,.T.);
#5700 = ORIENTED_EDGE('',*,*,#5645,.F.);
#5701 = ORIENTED_EDGE('',*,*,#5702,.F.);
#5702 = EDGE_CURVE('',#5120,#5646,#5703,.T.);
#5703 = LINE('',#5704,#5705);
#5704 = CARTESIAN_POINT('',(30.88325,-16.81664999998,1.03335));
#5705 = VECTOR('',#5706,1.);
#5706 = DIRECTION('',(0.57735026919,0.57735026919,0.57735026919));
#5707 = PLANE('',#5708);
#5708 = AXIS2_PLACEMENT_3D('',#5709,#5710,#5711);
#5709 = CARTESIAN_POINT('',(30.69995,-16.99994999998,1.));
#5710 = DIRECTION('',(-0.707106781187,0.707106781187,2.5E-16));
#5711 = DIRECTION('',(-4.322330470336E-17,-3.967766952966E-16,1.));
#5712 = ADVANCED_FACE('',(#5713),#5724,.F.);
#5713 = FACE_BOUND('',#5714,.T.);
#5714 = EDGE_LOOP('',(#5715,#5716,#5722,#5723));
#5715 = ORIENTED_EDGE('',*,*,#5251,.F.);
#5716 = ORIENTED_EDGE('',*,*,#5717,.T.);
#5717 = EDGE_CURVE('',#5244,#4847,#5718,.T.);
#5718 = LINE('',#5719,#5720);
#5719 = CARTESIAN_POINT('',(30.3,-17.4,1.));
#5720 = VECTOR('',#5721,1.);
#5721 = DIRECTION('',(0.,-5.7E-16,1.));
#5722 = ORIENTED_EDGE('',*,*,#4846,.T.);
#5723 = ORIENTED_EDGE('',*,*,#5694,.F.);
#5724 = PLANE('',#5725);
#5725 = AXIS2_PLACEMENT_3D('',#5726,#5727,#5728);
#5726 = CARTESIAN_POINT('',(30.3,-17.4,1.));
#5727 = DIRECTION('',(1.,0.,0.));
#5728 = DIRECTION('',(0.,-1.,-5.7E-16));
#5729 = ADVANCED_FACE('',(#5730),#5738,.T.);
#5730 = FACE_BOUND('',#5731,.F.);
#5731 = EDGE_LOOP('',(#5732,#5733,#5734,#5735,#5736,#5737));
#5732 = ORIENTED_EDGE('',*,*,#5243,.T.);
#5733 = ORIENTED_EDGE('',*,*,#5717,.T.);
#5734 = ORIENTED_EDGE('',*,*,#4854,.F.);
#5735 = ORIENTED_EDGE('',*,*,#4862,.F.);
#5736 = ORIENTED_EDGE('',*,*,#4870,.F.);
#5737 = ORIENTED_EDGE('',*,*,#5101,.F.);
#5738 = PLANE('',#5739);
#5739 = AXIS2_PLACEMENT_3D('',#5740,#5741,#5742);
#5740 = CARTESIAN_POINT('',(20.1,-17.4,1.75));
#5741 = DIRECTION('',(0.,1.,4.4E-16));
#5742 = DIRECTION('',(0.,-4.4E-16,1.));
#5743 = ADVANCED_FACE('',(#5744),#5756,.T.);
#5744 = FACE_BOUND('',#5745,.F.);
#5745 = EDGE_LOOP('',(#5746,#5747,#5748,#5749,#5750));
#5746 = ORIENTED_EDGE('',*,*,#5217,.F.);
#5747 = ORIENTED_EDGE('',*,*,#5345,.T.);
#5748 = ORIENTED_EDGE('',*,*,#4895,.T.);
#5749 = ORIENTED_EDGE('',*,*,#4903,.T.);
#5750 = ORIENTED_EDGE('',*,*,#5751,.F.);
#5751 = EDGE_CURVE('',#5210,#4904,#5752,.T.);
#5752 = LINE('',#5753,#5754);
#5753 = CARTESIAN_POINT('',(16.4,-3.4,1.));
#5754 = VECTOR('',#5755,1.);
#5755 = DIRECTION('',(0.,-5.7E-16,1.));
#5756 = PLANE('',#5757);
#5757 = AXIS2_PLACEMENT_3D('',#5758,#5759,#5760);
#5758 = CARTESIAN_POINT('',(13.15,-3.4,1.75));
#5759 = DIRECTION('',(-0.,-1.,-4.4E-16));
#5760 = DIRECTION('',(0.,4.4E-16,-1.));
#5761 = ADVANCED_FACE('',(#5762),#5773,.T.);
#5762 = FACE_BOUND('',#5763,.F.);
#5763 = EDGE_LOOP('',(#5764,#5765,#5766,#5767));
#5764 = ORIENTED_EDGE('',*,*,#5209,.F.);
#5765 = ORIENTED_EDGE('',*,*,#5751,.T.);
#5766 = ORIENTED_EDGE('',*,*,#4911,.T.);
#5767 = ORIENTED_EDGE('',*,*,#5768,.F.);
#5768 = EDGE_CURVE('',#5201,#4912,#5769,.T.);
#5769 = LINE('',#5770,#5771);
#5770 = CARTESIAN_POINT('',(16.4,-6.0001,1.));
#5771 = VECTOR('',#5772,1.);
#5772 = DIRECTION('',(0.,-5.7E-16,1.));
#5773 = PLANE('',#5774);
#5774 = AXIS2_PLACEMENT_3D('',#5775,#5776,#5777);
#5775 = CARTESIAN_POINT('',(16.4,-3.4,1.));
#5776 = DIRECTION('',(-1.,-0.,-0.));
#5777 = DIRECTION('',(0.,1.,5.7E-16));
#5778 = ADVANCED_FACE('',(#5779),#5790,.T.);
#5779 = FACE_BOUND('',#5780,.T.);
#5780 = EDGE_LOOP('',(#5781,#5782,#5788,#5789));
#5781 = ORIENTED_EDGE('',*,*,#5200,.T.);
#5782 = ORIENTED_EDGE('',*,*,#5783,.T.);
#5783 = EDGE_CURVE('',#5193,#4920,#5784,.T.);
#5784 = LINE('',#5785,#5786);
#5785 = CARTESIAN_POINT('',(19.3999,-9.,1.));
#5786 = VECTOR('',#5787,1.);
#5787 = DIRECTION('',(0.,-5.7E-16,1.));
#5788 = ORIENTED_EDGE('',*,*,#4919,.F.);
#5789 = ORIENTED_EDGE('',*,*,#5768,.F.);
#5790 = CYLINDRICAL_SURFACE('',#5791,2.9999);
#5791 = AXIS2_PLACEMENT_3D('',#5792,#5793,#5794);
#5792 = CARTESIAN_POINT('',(19.3999,-6.0001,1.));
#5793 = DIRECTION('',(0.,-5.7E-16,1.));
#5794 = DIRECTION('',(-1.,0.,0.));
#5795 = ADVANCED_FACE('',(#5796),#5807,.T.);
#5796 = FACE_BOUND('',#5797,.F.);
#5797 = EDGE_LOOP('',(#5798,#5799,#5800,#5801));
#5798 = ORIENTED_EDGE('',*,*,#5192,.F.);
#5799 = ORIENTED_EDGE('',*,*,#5783,.T.);
#5800 = ORIENTED_EDGE('',*,*,#4928,.T.);
#5801 = ORIENTED_EDGE('',*,*,#5802,.F.);
#5802 = EDGE_CURVE('',#5184,#4929,#5803,.T.);
#5803 = LINE('',#5804,#5805);
#5804 = CARTESIAN_POINT('',(19.4001,-9.,1.));
#5805 = VECTOR('',#5806,1.);
#5806 = DIRECTION('',(0.,-5.7E-16,1.));
#5807 = PLANE('',#5808);
#5808 = AXIS2_PLACEMENT_3D('',#5809,#5810,#5811);
#5809 = CARTESIAN_POINT('',(16.4,-9.,1.));
#5810 = DIRECTION('',(-0.,-1.,-5.7E-16));
#5811 = DIRECTION('',(-1.,0.,0.));
#5812 = ADVANCED_FACE('',(#5813),#5824,.T.);
#5813 = FACE_BOUND('',#5814,.T.);
#5814 = EDGE_LOOP('',(#5815,#5816,#5822,#5823));
#5815 = ORIENTED_EDGE('',*,*,#5183,.T.);
#5816 = ORIENTED_EDGE('',*,*,#5817,.T.);
#5817 = EDGE_CURVE('',#5176,#4937,#5818,.T.);
#5818 = LINE('',#5819,#5820);
#5819 = CARTESIAN_POINT('',(22.4,-6.0001,1.));
#5820 = VECTOR('',#5821,1.);
#5821 = DIRECTION('',(0.,-5.7E-16,1.));
#5822 = ORIENTED_EDGE('',*,*,#4936,.F.);
#5823 = ORIENTED_EDGE('',*,*,#5802,.F.);
#5824 = CYLINDRICAL_SURFACE('',#5825,2.9999);
#5825 = AXIS2_PLACEMENT_3D('',#5826,#5827,#5828);
#5826 = CARTESIAN_POINT('',(19.4001,-6.0001,1.));
#5827 = DIRECTION('',(0.,-5.7E-16,1.));
#5828 = DIRECTION('',(-0.,-1.,-5.7E-16));
#5829 = ADVANCED_FACE('',(#5830),#5841,.T.);
#5830 = FACE_BOUND('',#5831,.F.);
#5831 = EDGE_LOOP('',(#5832,#5833,#5834,#5835));
#5832 = ORIENTED_EDGE('',*,*,#5175,.F.);
#5833 = ORIENTED_EDGE('',*,*,#5817,.T.);
#5834 = ORIENTED_EDGE('',*,*,#4945,.T.);
#5835 = ORIENTED_EDGE('',*,*,#5836,.F.);
#5836 = EDGE_CURVE('',#5168,#4946,#5837,.T.);
#5837 = LINE('',#5838,#5839);
#5838 = CARTESIAN_POINT('',(22.4,-3.4,1.));
#5839 = VECTOR('',#5840,1.);
#5840 = DIRECTION('',(0.,-5.7E-16,1.));
#5841 = PLANE('',#5842);
#5842 = AXIS2_PLACEMENT_3D('',#5843,#5844,#5845);
#5843 = CARTESIAN_POINT('',(22.4,-9.,1.));
#5844 = DIRECTION('',(1.,0.,0.));
#5845 = DIRECTION('',(0.,-1.,-5.7E-16));
#5846 = ADVANCED_FACE('',(#5847),#5859,.T.);
#5847 = FACE_BOUND('',#5848,.F.);
#5848 = EDGE_LOOP('',(#5849,#5850,#5851,#5852,#5853));
#5849 = ORIENTED_EDGE('',*,*,#5167,.F.);
#5850 = ORIENTED_EDGE('',*,*,#5836,.T.);
#5851 = ORIENTED_EDGE('',*,*,#4953,.T.);
#5852 = ORIENTED_EDGE('',*,*,#4961,.T.);
#5853 = ORIENTED_EDGE('',*,*,#5854,.F.);
#5854 = EDGE_CURVE('',#5160,#4962,#5855,.T.);
#5855 = LINE('',#5856,#5857);
#5856 = CARTESIAN_POINT('',(35.800000000004,-3.4,1.));
#5857 = VECTOR('',#5858,1.);
#5858 = DIRECTION('',(0.,-4.4E-16,1.));
#5859 = PLANE('',#5860);
#5860 = AXIS2_PLACEMENT_3D('',#5861,#5862,#5863);
#5861 = CARTESIAN_POINT('',(29.100000000002,-3.4,1.75));
#5862 = DIRECTION('',(-0.,-1.,-7.1E-16));
#5863 = DIRECTION('',(0.,7.1E-16,-1.));
#5864 = ADVANCED_FACE('',(#5865),#5876,.F.);
#5865 = FACE_BOUND('',#5866,.T.);
#5866 = EDGE_LOOP('',(#5867,#5868,#5874,#5875));
#5867 = ORIENTED_EDGE('',*,*,#5159,.F.);
#5868 = ORIENTED_EDGE('',*,*,#5869,.T.);
#5869 = EDGE_CURVE('',#5152,#4970,#5870,.T.);
#5870 = LINE('',#5871,#5872);
#5871 = CARTESIAN_POINT('',(35.800000000004,-4.900100000017,1.));
#5872 = VECTOR('',#5873,1.);
#5873 = DIRECTION('',(0.,-4.4E-16,1.));
#5874 = ORIENTED_EDGE('',*,*,#4969,.T.);
#5875 = ORIENTED_EDGE('',*,*,#5854,.F.);
#5876 = PLANE('',#5877);
#5877 = AXIS2_PLACEMENT_3D('',#5878,#5879,#5880);
#5878 = CARTESIAN_POINT('',(35.800000000004,-6.400000000017,1.));
#5879 = DIRECTION('',(1.,0.,0.));
#5880 = DIRECTION('',(0.,-1.,-4.4E-16));
#5881 = ADVANCED_FACE('',(#5882),#5894,.T.);
#5882 = FACE_BOUND('',#5883,.T.);
#5883 = EDGE_LOOP('',(#5884,#5885,#5886,#5887,#5893));
#5884 = ORIENTED_EDGE('',*,*,#4977,.T.);
#5885 = ORIENTED_EDGE('',*,*,#5869,.F.);
#5886 = ORIENTED_EDGE('',*,*,#5151,.F.);
#5887 = ORIENTED_EDGE('',*,*,#5888,.T.);
#5888 = EDGE_CURVE('',#5144,#5592,#5889,.T.);
#5889 = LINE('',#5890,#5891);
#5890 = CARTESIAN_POINT('',(37.299900000004,-6.400000000017,1.));
#5891 = VECTOR('',#5892,1.);
#5892 = DIRECTION('',(0.,-4.4E-16,1.));
#5893 = ORIENTED_EDGE('',*,*,#5591,.T.);
#5894 = PLANE('',#5895);
#5895 = AXIS2_PLACEMENT_3D('',#5896,#5897,#5898);
#5896 = CARTESIAN_POINT('',(36.549950000004,-5.650050000017,1.));
#5897 = DIRECTION('',(-0.707106781187,-0.707106781187,-3.1E-16));
#5898 = DIRECTION('',(7.9689783217E-19,-4.392031021678E-16,1.));
#5899 = ADVANCED_FACE('',(#5900),#5912,.F.);
#5900 = FACE_BOUND('',#5901,.T.);
#5901 = EDGE_LOOP('',(#5902,#5908,#5909,#5910,#5911));
#5902 = ORIENTED_EDGE('',*,*,#5903,.F.);
#5903 = EDGE_CURVE('',#5507,#4994,#5904,.T.);
#5904 = LINE('',#5905,#5906);
#5905 = CARTESIAN_POINT('',(13.8,-4.4,4.));
#5906 = VECTOR('',#5907,1.);
#5907 = DIRECTION('',(0.,4.4E-16,-1.));
#5908 = ORIENTED_EDGE('',*,*,#5516,.F.);
#5909 = ORIENTED_EDGE('',*,*,#5903,.T.);
#5910 = ORIENTED_EDGE('',*,*,#4993,.T.);
#5911 = ORIENTED_EDGE('',*,*,#5004,.T.);
#5912 = CYLINDRICAL_SURFACE('',#5913,1.);
#5913 = AXIS2_PLACEMENT_3D('',#5914,#5915,#5916);
#5914 = CARTESIAN_POINT('',(12.8,-4.4,4.));
#5915 = DIRECTION('',(0.,-4.4E-16,1.));
#5916 = DIRECTION('',(1.,0.,0.));
#5917 = ADVANCED_FACE('',(#5918),#5930,.F.);
#5918 = FACE_BOUND('',#5919,.T.);
#5919 = EDGE_LOOP('',(#5920,#5926,#5927,#5928,#5929));
#5920 = ORIENTED_EDGE('',*,*,#5921,.F.);
#5921 = EDGE_CURVE('',#5532,#5014,#5922,.T.);
#5922 = LINE('',#5923,#5924);
#5923 = CARTESIAN_POINT('',(25.8,-4.4,4.));
#5924 = VECTOR('',#5925,1.);
#5925 = DIRECTION('',(0.,4.4E-16,-1.));
#5926 = ORIENTED_EDGE('',*,*,#5541,.F.);
#5927 = ORIENTED_EDGE('',*,*,#5921,.T.);
#5928 = ORIENTED_EDGE('',*,*,#5013,.T.);
#5929 = ORIENTED_EDGE('',*,*,#5024,.T.);
#5930 = CYLINDRICAL_SURFACE('',#5931,1.);
#5931 = AXIS2_PLACEMENT_3D('',#5932,#5933,#5934);
#5932 = CARTESIAN_POINT('',(24.8,-4.4,4.));
#5933 = DIRECTION('',(0.,-4.4E-16,1.));
#5934 = DIRECTION('',(1.,0.,0.));
#5935 = ADVANCED_FACE('',(#5936),#5948,.F.);
#5936 = FACE_BOUND('',#5937,.T.);
#5937 = EDGE_LOOP('',(#5938,#5944,#5945,#5946,#5947));
#5938 = ORIENTED_EDGE('',*,*,#5939,.F.);
#5939 = EDGE_CURVE('',#5482,#5034,#5940,.T.);
#5940 = LINE('',#5941,#5942);
#5941 = CARTESIAN_POINT('',(13.8,-16.4,4.));
#5942 = VECTOR('',#5943,1.);
#5943 = DIRECTION('',(0.,4.4E-16,-1.));
#5944 = ORIENTED_EDGE('',*,*,#5491,.F.);
#5945 = ORIENTED_EDGE('',*,*,#5939,.T.);
#5946 = ORIENTED_EDGE('',*,*,#5033,.T.);
#5947 = ORIENTED_EDGE('',*,*,#5044,.T.);
#5948 = CYLINDRICAL_SURFACE('',#5949,1.);
#5949 = AXIS2_PLACEMENT_3D('',#5950,#5951,#5952);
#5950 = CARTESIAN_POINT('',(12.8,-16.4,4.));
#5951 = DIRECTION('',(0.,-4.4E-16,1.));
#5952 = DIRECTION('',(1.,0.,0.));
#5953 = ADVANCED_FACE('',(#5954),#5966,.F.);
#5954 = FACE_BOUND('',#5955,.T.);
#5955 = EDGE_LOOP('',(#5956,#5962,#5963,#5964,#5965));
#5956 = ORIENTED_EDGE('',*,*,#5957,.F.);
#5957 = EDGE_CURVE('',#5557,#5054,#5958,.T.);
#5958 = LINE('',#5959,#5960);
#5959 = CARTESIAN_POINT('',(25.8,-16.4,4.));
#5960 = VECTOR('',#5961,1.);
#5961 = DIRECTION('',(0.,4.4E-16,-1.));
#5962 = ORIENTED_EDGE('',*,*,#5566,.F.);
#5963 = ORIENTED_EDGE('',*,*,#5957,.T.);
#5964 = ORIENTED_EDGE('',*,*,#5053,.T.);
#5965 = ORIENTED_EDGE('',*,*,#5064,.T.);
#5966 = CYLINDRICAL_SURFACE('',#5967,1.);
#5967 = AXIS2_PLACEMENT_3D('',#5968,#5969,#5970);
#5968 = CARTESIAN_POINT('',(24.8,-16.4,4.));
#5969 = DIRECTION('',(0.,-4.4E-16,1.));
#5970 = DIRECTION('',(1.,0.,0.));
#5971 = ADVANCED_FACE('',(#5972),#5983,.F.);
#5972 = FACE_BOUND('',#5973,.T.);
#5973 = EDGE_LOOP('',(#5974,#5980,#5981,#5982));
#5974 = ORIENTED_EDGE('',*,*,#5975,.F.);
#5975 = EDGE_CURVE('',#5432,#5074,#5976,.T.);
#5976 = LINE('',#5977,#5978);
#5977 = CARTESIAN_POINT('',(19.8,-10.4,4.));
#5978 = VECTOR('',#5979,1.);
#5979 = DIRECTION('',(0.,4.4E-16,-1.));
#5980 = ORIENTED_EDGE('',*,*,#5441,.F.);
#5981 = ORIENTED_EDGE('',*,*,#5975,.T.);
#5982 = ORIENTED_EDGE('',*,*,#5073,.T.);
#5983 = CYLINDRICAL_SURFACE('',#5984,1.);
#5984 = AXIS2_PLACEMENT_3D('',#5985,#5986,#5987);
#5985 = CARTESIAN_POINT('',(18.8,-10.4,4.));
#5986 = DIRECTION('',(0.,-4.4E-16,1.));
#5987 = DIRECTION('',(1.,0.,0.));
#5988 = ADVANCED_FACE('',(#5989),#6025,.F.);
#5989 = FACE_BOUND('',#5990,.T.);
#5990 = EDGE_LOOP('',(#5991,#6001,#6009,#6015,#6016,#6017,#6018,#6019));
#5991 = ORIENTED_EDGE('',*,*,#5992,.T.);
#5992 = EDGE_CURVE('',#5993,#5995,#5997,.T.);
#5993 = VERTEX_POINT('',#5994);
#5994 = CARTESIAN_POINT('',(37.300000000004,-6.400000000017,1.25));
#5995 = VERTEX_POINT('',#5996);
#5996 = CARTESIAN_POINT('',(37.300000000004,-6.400000000017,5.3));
#5997 = LINE('',#5998,#5999);
#5998 = CARTESIAN_POINT('',(37.300000000004,-6.400000000017,1.));
#5999 = VECTOR('',#6000,1.);
#6000 = DIRECTION('',(0.,-4.4E-16,1.));
#6001 = ORIENTED_EDGE('',*,*,#6002,.T.);
#6002 = EDGE_CURVE('',#5995,#6003,#6005,.T.);
#6003 = VERTEX_POINT('',#6004);
#6004 = CARTESIAN_POINT('',(30.3,-6.400000000017,5.3));
#6005 = LINE('',#6006,#6007);
#6006 = CARTESIAN_POINT('',(37.300000000004,-6.400000000017,5.3));
#6007 = VECTOR('',#6008,1.);
#6008 = DIRECTION('',(-1.,0.,0.));
#6009 = ORIENTED_EDGE('',*,*,#6010,.F.);
#6010 = EDGE_CURVE('',#5582,#6003,#6011,.T.);
#6011 = LINE('',#6012,#6013);
#6012 = CARTESIAN_POINT('',(30.3,-6.400000000017,1.));
#6013 = VECTOR('',#6014,1.);
#6014 = DIRECTION('',(0.,-4.4E-16,1.));
#6015 = ORIENTED_EDGE('',*,*,#5607,.T.);
#6016 = ORIENTED_EDGE('',*,*,#5599,.T.);
#6017 = ORIENTED_EDGE('',*,*,#5888,.F.);
#6018 = ORIENTED_EDGE('',*,*,#5143,.T.);
#6019 = ORIENTED_EDGE('',*,*,#6020,.T.);
#6020 = EDGE_CURVE('',#5136,#5993,#6021,.T.);
#6021 = LINE('',#6022,#6023);
#6022 = CARTESIAN_POINT('',(37.425000000004,-6.400000000017,1.125));
#6023 = VECTOR('',#6024,1.);
#6024 = DIRECTION('',(-0.707106781187,-3.1E-16,0.707106781187));
#6025 = PLANE('',#6026);
#6026 = AXIS2_PLACEMENT_3D('',#6027,#6028,#6029);
#6027 = CARTESIAN_POINT('',(37.300000000004,-6.400000000017,1.));
#6028 = DIRECTION('',(0.,1.,4.4E-16));
#6029 = DIRECTION('',(1.,0.,0.));
#6030 = ADVANCED_FACE('',(#6031),#6047,.T.);
#6031 = FACE_BOUND('',#6032,.F.);
#6032 = EDGE_LOOP('',(#6033,#6039,#6040,#6041));
#6033 = ORIENTED_EDGE('',*,*,#6034,.F.);
#6034 = EDGE_CURVE('',#5128,#5672,#6035,.T.);
#6035 = LINE('',#6036,#6037);
#6036 = CARTESIAN_POINT('',(36.349983333337,-15.64998333331,
    2.200016666667));
#6037 = VECTOR('',#6038,1.);
#6038 = DIRECTION('',(-0.57735026919,0.57735026919,0.57735026919));
#6039 = ORIENTED_EDGE('',*,*,#5135,.T.);
#6040 = ORIENTED_EDGE('',*,*,#6020,.T.);
#6041 = ORIENTED_EDGE('',*,*,#6042,.F.);
#6042 = EDGE_CURVE('',#5672,#5993,#6043,.T.);
#6043 = LINE('',#6044,#6045);
#6044 = CARTESIAN_POINT('',(37.300000000004,-16.59999999998,1.25));
#6045 = VECTOR('',#6046,1.);
#6046 = DIRECTION('',(0.,1.,4.4E-16));
#6047 = PLANE('',#6048);
#6048 = AXIS2_PLACEMENT_3D('',#6049,#6050,#6051);
#6049 = CARTESIAN_POINT('',(37.425000000004,-16.59999999998,1.125));
#6050 = DIRECTION('',(-0.707106781187,3.2E-16,-0.707106781187));
#6051 = DIRECTION('',(-1.274169979695E-18,-1.,-4.512741699797E-16));
#6052 = ADVANCED_FACE('',(#6053),#6059,.T.);
#6053 = FACE_BOUND('',#6054,.F.);
#6054 = EDGE_LOOP('',(#6055,#6056,#6057,#6058));
#6055 = ORIENTED_EDGE('',*,*,#5702,.F.);
#6056 = ORIENTED_EDGE('',*,*,#5127,.T.);
#6057 = ORIENTED_EDGE('',*,*,#6034,.T.);
#6058 = ORIENTED_EDGE('',*,*,#5679,.F.);
#6059 = PLANE('',#6060);
#6060 = AXIS2_PLACEMENT_3D('',#6061,#6062,#6063);
#6061 = CARTESIAN_POINT('',(31.0999,-16.72499999998,1.125));
#6062 = DIRECTION('',(0.,0.707106781187,-0.707106781187));
#6063 = DIRECTION('',(-1.,-0.,-0.));
#6064 = ADVANCED_FACE('',(#6065),#6076,.F.);
#6065 = FACE_BOUND('',#6066,.F.);
#6066 = EDGE_LOOP('',(#6067,#6073,#6074,#6075));
#6067 = ORIENTED_EDGE('',*,*,#6068,.F.);
#6068 = EDGE_CURVE('',#5457,#5260,#6069,.T.);
#6069 = LINE('',#6070,#6071);
#6070 = CARTESIAN_POINT('',(21.15,-5.5,2.510308009257));
#6071 = VECTOR('',#6072,1.);
#6072 = DIRECTION('',(-1.E-16,4.4E-16,-1.));
#6073 = ORIENTED_EDGE('',*,*,#5466,.T.);
#6074 = ORIENTED_EDGE('',*,*,#6068,.T.);
#6075 = ORIENTED_EDGE('',*,*,#5259,.T.);
#6076 = CYLINDRICAL_SURFACE('',#6077,1.75);
#6077 = AXIS2_PLACEMENT_3D('',#6078,#6079,#6080);
#6078 = CARTESIAN_POINT('',(19.4,-5.5,2.510308009257));
#6079 = DIRECTION('',(0.,4.4E-16,-1.));
#6080 = DIRECTION('',(1.,0.,0.));
#6081 = ADVANCED_FACE('',(#6082),#6107,.F.);
#6082 = FACE_BOUND('',#6083,.T.);
#6083 = EDGE_LOOP('',(#6084,#6092,#6093,#6101));
#6084 = ORIENTED_EDGE('',*,*,#6085,.F.);
#6085 = EDGE_CURVE('',#5271,#6086,#6088,.T.);
#6086 = VERTEX_POINT('',#6087);
#6087 = CARTESIAN_POINT('',(41.300000000006,-8.900000000023,1.25));
#6088 = LINE('',#6089,#6090);
#6089 = CARTESIAN_POINT('',(40.300000000004,-7.900000000022,
    2.250000000002));
#6090 = VECTOR('',#6091,1.);
#6091 = DIRECTION('',(-0.57735026919,0.57735026919,0.57735026919));
#6092 = ORIENTED_EDGE('',*,*,#5270,.T.);
#6093 = ORIENTED_EDGE('',*,*,#6094,.T.);
#6094 = EDGE_CURVE('',#5273,#6095,#6097,.T.);
#6095 = VERTEX_POINT('',#6096);
#6096 = CARTESIAN_POINT('',(38.8,-8.900000000023,1.25));
#6097 = LINE('',#6098,#6099);
#6098 = CARTESIAN_POINT('',(39.133333333334,-8.566666666689,
    1.583333333334));
#6099 = VECTOR('',#6100,1.);
#6100 = DIRECTION('',(0.57735026919,0.57735026919,0.57735026919));
#6101 = ORIENTED_EDGE('',*,*,#6102,.F.);
#6102 = EDGE_CURVE('',#6086,#6095,#6103,.T.);
#6103 = LINE('',#6104,#6105);
#6104 = CARTESIAN_POINT('',(41.300000000006,-8.900000000023,1.25));
#6105 = VECTOR('',#6106,1.);
#6106 = DIRECTION('',(-1.,0.,0.));
#6107 = PLANE('',#6108);
#6108 = AXIS2_PLACEMENT_3D('',#6109,#6110,#6111);
#6109 = CARTESIAN_POINT('',(41.300000000006,-9.025000000023,1.125));
#6110 = DIRECTION('',(0.,-0.707106781187,0.707106781187));
#6111 = DIRECTION('',(1.,0.,0.));
#6112 = ADVANCED_FACE('',(#6113),#6131,.F.);
#6113 = FACE_BOUND('',#6114,.T.);
#6114 = EDGE_LOOP('',(#6115,#6123,#6124,#6125));
#6115 = ORIENTED_EDGE('',*,*,#6116,.F.);
#6116 = EDGE_CURVE('',#5281,#6117,#6119,.T.);
#6117 = VERTEX_POINT('',#6118);
#6118 = CARTESIAN_POINT('',(41.300000000006,-2.400000000012,1.25));
#6119 = LINE('',#6120,#6121);
#6120 = CARTESIAN_POINT('',(40.966666666672,-2.733333333347,
    1.583333333334));
#6121 = VECTOR('',#6122,1.);
#6122 = DIRECTION('',(-0.57735026919,-0.57735026919,0.57735026919));
#6123 = ORIENTED_EDGE('',*,*,#5280,.T.);
#6124 = ORIENTED_EDGE('',*,*,#6085,.T.);
#6125 = ORIENTED_EDGE('',*,*,#6126,.F.);
#6126 = EDGE_CURVE('',#6117,#6086,#6127,.T.);
#6127 = LINE('',#6128,#6129);
#6128 = CARTESIAN_POINT('',(41.300000000006,-2.400000000012,1.25));
#6129 = VECTOR('',#6130,1.);
#6130 = DIRECTION('',(0.,-1.,0.));
#6131 = PLANE('',#6132);
#6132 = AXIS2_PLACEMENT_3D('',#6133,#6134,#6135);
#6133 = CARTESIAN_POINT('',(41.425000000006,-2.400000000012,1.125));
#6134 = DIRECTION('',(0.707106781187,-3.1E-16,0.707106781187));
#6135 = DIRECTION('',(2.192031021678E-16,1.,2.192031021678E-16));
#6136 = ADVANCED_FACE('',(#6137),#6155,.F.);
#6137 = FACE_BOUND('',#6138,.T.);
#6138 = EDGE_LOOP('',(#6139,#6140,#6141,#6149));
#6139 = ORIENTED_EDGE('',*,*,#6094,.F.);
#6140 = ORIENTED_EDGE('',*,*,#5296,.T.);
#6141 = ORIENTED_EDGE('',*,*,#6142,.T.);
#6142 = EDGE_CURVE('',#5289,#6143,#6145,.T.);
#6143 = VERTEX_POINT('',#6144);
#6144 = CARTESIAN_POINT('',(38.8,-2.400000000012,1.25));
#6145 = LINE('',#6146,#6147);
#6146 = CARTESIAN_POINT('',(39.800000000002,-3.400000000014,
    2.250000000002));
#6147 = VECTOR('',#6148,1.);
#6148 = DIRECTION('',(0.57735026919,-0.57735026919,0.57735026919));
#6149 = ORIENTED_EDGE('',*,*,#6150,.F.);
#6150 = EDGE_CURVE('',#6095,#6143,#6151,.T.);
#6151 = LINE('',#6152,#6153);
#6152 = CARTESIAN_POINT('',(38.8,-8.900000000023,1.25));
#6153 = VECTOR('',#6154,1.);
#6154 = DIRECTION('',(0.,1.,0.));
#6155 = PLANE('',#6156);
#6156 = AXIS2_PLACEMENT_3D('',#6157,#6158,#6159);
#6157 = CARTESIAN_POINT('',(38.675,-8.900000000023,1.125));
#6158 = DIRECTION('',(-0.707106781187,-3.2E-16,0.707106781187));
#6159 = DIRECTION('',(2.262741699797E-16,-1.,-2.262741699797E-16));
#6160 = ADVANCED_FACE('',(#6161),#6172,.F.);
#6161 = FACE_BOUND('',#6162,.T.);
#6162 = EDGE_LOOP('',(#6163,#6164,#6165,#6166));
#6163 = ORIENTED_EDGE('',*,*,#6142,.F.);
#6164 = ORIENTED_EDGE('',*,*,#5288,.T.);
#6165 = ORIENTED_EDGE('',*,*,#6116,.T.);
#6166 = ORIENTED_EDGE('',*,*,#6167,.F.);
#6167 = EDGE_CURVE('',#6143,#6117,#6168,.T.);
#6168 = LINE('',#6169,#6170);
#6169 = CARTESIAN_POINT('',(38.8,-2.400000000012,1.25));
#6170 = VECTOR('',#6171,1.);
#6171 = DIRECTION('',(1.,0.,0.));
#6172 = PLANE('',#6173);
#6173 = AXIS2_PLACEMENT_3D('',#6174,#6175,#6176);
#6174 = CARTESIAN_POINT('',(38.8,-2.275000000012,1.125));
#6175 = DIRECTION('',(0.,0.707106781187,0.707106781187));
#6176 = DIRECTION('',(-1.,0.,0.));
#6177 = ADVANCED_FACE('',(#6178),#6203,.F.);
#6178 = FACE_BOUND('',#6179,.T.);
#6179 = EDGE_LOOP('',(#6180,#6188,#6189,#6197));
#6180 = ORIENTED_EDGE('',*,*,#6181,.F.);
#6181 = EDGE_CURVE('',#5305,#6182,#6184,.T.);
#6182 = VERTEX_POINT('',#6183);
#6183 = CARTESIAN_POINT('',(41.3,-11.9,1.25));
#6184 = LINE('',#6185,#6186);
#6185 = CARTESIAN_POINT('',(40.966666666667,-12.23333333333,
    1.583333333333));
#6186 = VECTOR('',#6187,1.);
#6187 = DIRECTION('',(-0.57735026919,-0.57735026919,0.57735026919));
#6188 = ORIENTED_EDGE('',*,*,#5304,.T.);
#6189 = ORIENTED_EDGE('',*,*,#6190,.T.);
#6190 = EDGE_CURVE('',#5307,#6191,#6193,.T.);
#6191 = VERTEX_POINT('',#6192);
#6192 = CARTESIAN_POINT('',(41.3,-18.4,1.25));
#6193 = LINE('',#6194,#6195);
#6194 = CARTESIAN_POINT('',(40.3,-17.4,2.25));
#6195 = VECTOR('',#6196,1.);
#6196 = DIRECTION('',(-0.57735026919,0.57735026919,0.57735026919));
#6197 = ORIENTED_EDGE('',*,*,#6198,.F.);
#6198 = EDGE_CURVE('',#6182,#6191,#6199,.T.);
#6199 = LINE('',#6200,#6201);
#6200 = CARTESIAN_POINT('',(41.3,-11.9,1.25));
#6201 = VECTOR('',#6202,1.);
#6202 = DIRECTION('',(0.,-1.,0.));
#6203 = PLANE('',#6204);
#6204 = AXIS2_PLACEMENT_3D('',#6205,#6206,#6207);
#6205 = CARTESIAN_POINT('',(41.425,-11.9,1.125));
#6206 = DIRECTION('',(0.707106781187,-3.2E-16,0.707106781187));
#6207 = DIRECTION('',(2.262741699797E-16,1.,2.262741699797E-16));
#6208 = ADVANCED_FACE('',(#6209),#6227,.F.);
#6209 = FACE_BOUND('',#6210,.T.);
#6210 = EDGE_LOOP('',(#6211,#6219,#6220,#6221));
#6211 = ORIENTED_EDGE('',*,*,#6212,.F.);
#6212 = EDGE_CURVE('',#5315,#6213,#6215,.T.);
#6213 = VERTEX_POINT('',#6214);
#6214 = CARTESIAN_POINT('',(38.8,-11.9,1.25));
#6215 = LINE('',#6216,#6217);
#6216 = CARTESIAN_POINT('',(39.8,-12.9,2.25));
#6217 = VECTOR('',#6218,1.);
#6218 = DIRECTION('',(0.57735026919,-0.57735026919,0.57735026919));
#6219 = ORIENTED_EDGE('',*,*,#5314,.T.);
#6220 = ORIENTED_EDGE('',*,*,#6181,.T.);
#6221 = ORIENTED_EDGE('',*,*,#6222,.F.);
#6222 = EDGE_CURVE('',#6213,#6182,#6223,.T.);
#6223 = LINE('',#6224,#6225);
#6224 = CARTESIAN_POINT('',(38.8,-11.9,1.25));
#6225 = VECTOR('',#6226,1.);
#6226 = DIRECTION('',(1.,0.,0.));
#6227 = PLANE('',#6228);
#6228 = AXIS2_PLACEMENT_3D('',#6229,#6230,#6231);
#6229 = CARTESIAN_POINT('',(38.8,-11.775,1.125));
#6230 = DIRECTION('',(0.,0.707106781187,0.707106781187));
#6231 = DIRECTION('',(-1.,0.,0.));
#6232 = ADVANCED_FACE('',(#6233),#6251,.F.);
#6233 = FACE_BOUND('',#6234,.T.);
#6234 = EDGE_LOOP('',(#6235,#6236,#6237,#6245));
#6235 = ORIENTED_EDGE('',*,*,#6190,.F.);
#6236 = ORIENTED_EDGE('',*,*,#5330,.T.);
#6237 = ORIENTED_EDGE('',*,*,#6238,.T.);
#6238 = EDGE_CURVE('',#5323,#6239,#6241,.T.);
#6239 = VERTEX_POINT('',#6240);
#6240 = CARTESIAN_POINT('',(38.8,-18.4,1.25));
#6241 = LINE('',#6242,#6243);
#6242 = CARTESIAN_POINT('',(39.133333333333,-18.06666666666,
    1.583333333333));
#6243 = VECTOR('',#6244,1.);
#6244 = DIRECTION('',(0.57735026919,0.57735026919,0.57735026919));
#6245 = ORIENTED_EDGE('',*,*,#6246,.F.);
#6246 = EDGE_CURVE('',#6191,#6239,#6247,.T.);
#6247 = LINE('',#6248,#6249);
#6248 = CARTESIAN_POINT('',(41.3,-18.4,1.25));
#6249 = VECTOR('',#6250,1.);
#6250 = DIRECTION('',(-1.,0.,0.));
#6251 = PLANE('',#6252);
#6252 = AXIS2_PLACEMENT_3D('',#6253,#6254,#6255);
#6253 = CARTESIAN_POINT('',(41.3,-18.525,1.125));
#6254 = DIRECTION('',(0.,-0.707106781187,0.707106781187));
#6255 = DIRECTION('',(1.,0.,0.));
#6256 = ADVANCED_FACE('',(#6257),#6268,.F.);
#6257 = FACE_BOUND('',#6258,.T.);
#6258 = EDGE_LOOP('',(#6259,#6260,#6261,#6262));
#6259 = ORIENTED_EDGE('',*,*,#6238,.F.);
#6260 = ORIENTED_EDGE('',*,*,#5322,.T.);
#6261 = ORIENTED_EDGE('',*,*,#6212,.T.);
#6262 = ORIENTED_EDGE('',*,*,#6263,.F.);
#6263 = EDGE_CURVE('',#6239,#6213,#6264,.T.);
#6264 = LINE('',#6265,#6266);
#6265 = CARTESIAN_POINT('',(38.8,-18.4,1.25));
#6266 = VECTOR('',#6267,1.);
#6267 = DIRECTION('',(0.,1.,0.));
#6268 = PLANE('',#6269);
#6269 = AXIS2_PLACEMENT_3D('',#6270,#6271,#6272);
#6270 = CARTESIAN_POINT('',(38.675,-18.4,1.125));
#6271 = DIRECTION('',(-0.707106781187,-3.2E-16,0.707106781187));
#6272 = DIRECTION('',(2.262741699797E-16,-1.,-2.262741699797E-16));
#6273 = ADVANCED_FACE('',(#6274),#6306,.F.);
#6274 = FACE_BOUND('',#6275,.F.);
#6275 = EDGE_LOOP('',(#6276,#6283,#6304,#6305));
#6276 = ORIENTED_EDGE('',*,*,#6277,.T.);
#6277 = EDGE_CURVE('',#5362,#6278,#6280,.T.);
#6278 = VERTEX_POINT('',#6279);
#6279 = CARTESIAN_POINT('',(35.7,-11.3,6.01871647992));
#6280 = B_SPLINE_CURVE_WITH_KNOTS('',1,(#6281,#6282),.UNSPECIFIED.,.F.,
  .F.,(2,2),(0.,11.381936409649),.PIECEWISE_BEZIER_KNOTS.);
#6281 = CARTESIAN_POINT('',(35.946853104047,-11.3,6.229174792773));
#6282 = CARTESIAN_POINT('',(35.7,-11.3,6.01871647992));
#6283 = ORIENTED_EDGE('',*,*,#6284,.T.);
#6284 = EDGE_CURVE('',#6278,#6278,#6285,.T.);
#6285 = B_SPLINE_CURVE_WITH_KNOTS('',9,(#6286,#6287,#6288,#6289,#6290,
    #6291,#6292,#6293,#6294,#6295,#6296,#6297,#6298,#6299,#6300,#6301,
    #6302,#6303),.UNSPECIFIED.,.T.,.F.,(10,8,10),(3.79E-15,
    5.690968204824,11.381936409649),.UNSPECIFIED.);
#6286 = CARTESIAN_POINT('',(35.7,-11.3,6.01871647992));
#6287 = CARTESIAN_POINT('',(35.7,-10.66699413973,6.01871647992));
#6288 = CARTESIAN_POINT('',(35.449587481277,-10.02335936141,
    6.057954580276));
#6289 = CARTESIAN_POINT('',(34.934048797286,-9.49092784405,
    6.138746753683));
#6290 = CARTESIAN_POINT('',(34.218799014924,-9.213194963381,
    6.251383789371));
#6291 = CARTESIAN_POINT('',(33.469100981388,-9.246771570829,
    6.371706652409));
#6292 = CARTESIAN_POINT('',(32.807151955484,-9.557472180496,
    6.479519942441));
#6293 = CARTESIAN_POINT('',(32.335974879827,-10.07140144767,
    6.556717255056));
#6294 = CARTESIAN_POINT('',(32.100000000001,-10.68566007885,
    6.595375518821));
#6295 = CARTESIAN_POINT('',(32.099999999999,-11.91433992114,
    6.595375518821));
#6296 = CARTESIAN_POINT('',(32.335974879832,-12.52859855232,
    6.556717255057));
#6297 = CARTESIAN_POINT('',(32.807151955473,-13.0425278195,
    6.479519942439));
#6298 = CARTESIAN_POINT('',(33.469100981402,-13.35322842917,
    6.371706652412));
#6299 = CARTESIAN_POINT('',(34.218799014912,-13.38680503661,
    6.251383789369));
#6300 = CARTESIAN_POINT('',(34.934048797294,-13.10907215595,
    6.138746753685));
#6301 = CARTESIAN_POINT('',(35.449587481274,-12.57664063858,
    6.057954580276));
#6302 = CARTESIAN_POINT('',(35.700000000001,-11.93300586026,
    6.01871647992));
#6303 = CARTESIAN_POINT('',(35.7,-11.3,6.01871647992));
#6304 = ORIENTED_EDGE('',*,*,#6277,.F.);
#6305 = ORIENTED_EDGE('',*,*,#5361,.F.);
#6306 = B_SPLINE_SURFACE_WITH_KNOTS('',1,9,(
    (#6307,#6308,#6309,#6310,#6311,#6312,#6313,#6314,#6315,#6316,#6317
      ,#6318,#6319,#6320,#6321,#6322,#6323,#6324)
    ,(#6325,#6326,#6327,#6328,#6329,#6330,#6331,#6332,#6333,#6334,#6335
      ,#6336,#6337,#6338,#6339,#6340,#6341,#6342
  )),.UNSPECIFIED.,.F.,.T.,.F.,(2,2),(10,8,10),(0.,11.381936409649),(
    3.79E-15,5.690968204824,11.381936409649),.UNSPECIFIED.);
#6307 = CARTESIAN_POINT('',(35.946853104047,-11.3,6.229174792773));
#6308 = CARTESIAN_POINT('',(35.946853104047,-10.59367006251,
    6.229174792773));
#6309 = CARTESIAN_POINT('',(35.673472941266,-9.875494695091,
    6.27296566553));
#6310 = CARTESIAN_POINT('',(35.11098612965,-9.274214604575,
    6.363066527801));
#6311 = CARTESIAN_POINT('',(34.322733046584,-8.941927185762,
    6.489331323718));
#6312 = CARTESIAN_POINT('',(33.475601028838,-8.945538443586,
    6.62502752793));
#6313 = CARTESIAN_POINT('',(32.696975950237,-9.276536160141,
    6.74975008057));
#6314 = CARTESIAN_POINT('',(32.13467373788,-9.866775073169,
    6.839821373165));
#6315 = CARTESIAN_POINT('',(31.853146895954,-10.58330252936,
    6.884917205969));
#6316 = CARTESIAN_POINT('',(31.853146895952,-12.01669747063,
    6.884917205968));
#6317 = CARTESIAN_POINT('',(32.134673737884,-12.73322492683,
    6.839821373166));
#6318 = CARTESIAN_POINT('',(32.696975950228,-13.32346383985,
    6.749750080567));
#6319 = CARTESIAN_POINT('',(33.475601028847,-13.65446155641,
    6.625027527934));
#6320 = CARTESIAN_POINT('',(34.322733046576,-13.65807281423,
    6.489331323715));
#6321 = CARTESIAN_POINT('',(35.110986129655,-13.32578539542,
    6.363066527803));
#6322 = CARTESIAN_POINT('',(35.673472941264,-12.7245053049,
    6.272965665529));
#6323 = CARTESIAN_POINT('',(35.946853104048,-12.00632993748,
    6.229174792773));
#6324 = CARTESIAN_POINT('',(35.946853104047,-11.3,6.229174792773));
#6325 = CARTESIAN_POINT('',(35.7,-11.3,6.01871647992));
#6326 = CARTESIAN_POINT('',(35.7,-10.66699413973,6.01871647992));
#6327 = CARTESIAN_POINT('',(35.449587481277,-10.02335936141,
    6.057954580276));
#6328 = CARTESIAN_POINT('',(34.934048797286,-9.49092784405,
    6.138746753683));
#6329 = CARTESIAN_POINT('',(34.218799014924,-9.213194963381,
    6.251383789371));
#6330 = CARTESIAN_POINT('',(33.469100981388,-9.246771570829,
    6.371706652409));
#6331 = CARTESIAN_POINT('',(32.807151955484,-9.557472180496,
    6.479519942441));
#6332 = CARTESIAN_POINT('',(32.335974879827,-10.07140144767,
    6.556717255056));
#6333 = CARTESIAN_POINT('',(32.100000000001,-10.68566007885,
    6.595375518821));
#6334 = CARTESIAN_POINT('',(32.099999999999,-11.91433992114,
    6.595375518821));
#6335 = CARTESIAN_POINT('',(32.335974879832,-12.52859855232,
    6.556717255057));
#6336 = CARTESIAN_POINT('',(32.807151955473,-13.0425278195,
    6.479519942439));
#6337 = CARTESIAN_POINT('',(33.469100981402,-13.35322842917,
    6.371706652412));
#6338 = CARTESIAN_POINT('',(34.218799014912,-13.38680503661,
    6.251383789369));
#6339 = CARTESIAN_POINT('',(34.934048797294,-13.10907215595,
    6.138746753685));
#6340 = CARTESIAN_POINT('',(35.449587481274,-12.57664063858,
    6.057954580276));
#6341 = CARTESIAN_POINT('',(35.700000000001,-11.93300586026,
    6.01871647992));
#6342 = CARTESIAN_POINT('',(35.7,-11.3,6.01871647992));
#6343 = ADVANCED_FACE('',(#6344),#6355,.T.);
#6344 = FACE_BOUND('',#6345,.F.);
#6345 = EDGE_LOOP('',(#6346,#6347,#6348,#6349));
#6346 = ORIENTED_EDGE('',*,*,#6010,.F.);
#6347 = ORIENTED_EDGE('',*,*,#5631,.F.);
#6348 = ORIENTED_EDGE('',*,*,#5655,.T.);
#6349 = ORIENTED_EDGE('',*,*,#6350,.T.);
#6350 = EDGE_CURVE('',#5656,#6003,#6351,.T.);
#6351 = LINE('',#6352,#6353);
#6352 = CARTESIAN_POINT('',(30.3,-16.59999999998,5.3));
#6353 = VECTOR('',#6354,1.);
#6354 = DIRECTION('',(-3.5E-16,1.,4.4E-16));
#6355 = PLANE('',#6356);
#6356 = AXIS2_PLACEMENT_3D('',#6357,#6358,#6359);
#6357 = CARTESIAN_POINT('',(30.3,-16.59999999998,1.));
#6358 = DIRECTION('',(1.,3.5E-16,0.));
#6359 = DIRECTION('',(3.5E-16,-1.,-4.4E-16));
#6360 = ADVANCED_FACE('',(#6361),#6372,.F.);
#6361 = FACE_BOUND('',#6362,.T.);
#6362 = EDGE_LOOP('',(#6363,#6364,#6370,#6371));
#6363 = ORIENTED_EDGE('',*,*,#5671,.T.);
#6364 = ORIENTED_EDGE('',*,*,#6365,.T.);
#6365 = EDGE_CURVE('',#5664,#5995,#6366,.T.);
#6366 = LINE('',#6367,#6368);
#6367 = CARTESIAN_POINT('',(37.300000000004,-16.59999999998,5.3));
#6368 = VECTOR('',#6369,1.);
#6369 = DIRECTION('',(-0.,1.,4.4E-16));
#6370 = ORIENTED_EDGE('',*,*,#5992,.F.);
#6371 = ORIENTED_EDGE('',*,*,#6042,.F.);
#6372 = PLANE('',#6373);
#6373 = AXIS2_PLACEMENT_3D('',#6374,#6375,#6376);
#6374 = CARTESIAN_POINT('',(37.300000000004,-16.59999999998,1.));
#6375 = DIRECTION('',(1.,0.,0.));
#6376 = DIRECTION('',(0.,-1.,-4.4E-16));
#6377 = ADVANCED_FACE('',(#6378,#6389),#6395,.F.);
#6378 = FACE_BOUND('',#6379,.T.);
#6379 = EDGE_LOOP('',(#6380));
#6380 = ORIENTED_EDGE('',*,*,#6381,.F.);
#6381 = EDGE_CURVE('',#6382,#6382,#6384,.T.);
#6382 = VERTEX_POINT('',#6383);
#6383 = CARTESIAN_POINT('',(35.95,-11.3,5.3));
#6384 = CIRCLE('',#6385,2.05);
#6385 = AXIS2_PLACEMENT_3D('',#6386,#6387,#6388);
#6386 = CARTESIAN_POINT('',(33.9,-11.3,5.3));
#6387 = DIRECTION('',(0.,4.4E-16,-1.));
#6388 = DIRECTION('',(1.,0.,0.));
#6389 = FACE_BOUND('',#6390,.T.);
#6390 = EDGE_LOOP('',(#6391,#6392,#6393,#6394));
#6391 = ORIENTED_EDGE('',*,*,#5663,.F.);
#6392 = ORIENTED_EDGE('',*,*,#6350,.T.);
#6393 = ORIENTED_EDGE('',*,*,#6002,.F.);
#6394 = ORIENTED_EDGE('',*,*,#6365,.F.);
#6395 = PLANE('',#6396);
#6396 = AXIS2_PLACEMENT_3D('',#6397,#6398,#6399);
#6397 = CARTESIAN_POINT('',(33.800000000002,-11.5,5.3));
#6398 = DIRECTION('',(0.,-4.4E-16,1.));
#6399 = DIRECTION('',(-1.,-0.,-0.));
#6400 = ADVANCED_FACE('',(#6401),#6426,.F.);
#6401 = FACE_BOUND('',#6402,.F.);
#6402 = EDGE_LOOP('',(#6403,#6411,#6412,#6420));
#6403 = ORIENTED_EDGE('',*,*,#6404,.F.);
#6404 = EDGE_CURVE('',#6095,#6405,#6407,.T.);
#6405 = VERTEX_POINT('',#6406);
#6406 = CARTESIAN_POINT('',(38.8,-8.900000000023,6.384897025172));
#6407 = LINE('',#6408,#6409);
#6408 = CARTESIAN_POINT('',(38.8,-8.900000000023,1.));
#6409 = VECTOR('',#6410,1.);
#6410 = DIRECTION('',(0.,0.,1.));
#6411 = ORIENTED_EDGE('',*,*,#6102,.F.);
#6412 = ORIENTED_EDGE('',*,*,#6413,.T.);
#6413 = EDGE_CURVE('',#6086,#6414,#6416,.T.);
#6414 = VERTEX_POINT('',#6415);
#6415 = CARTESIAN_POINT('',(41.300000000006,-8.900000000023,
    5.984439359267));
#6416 = LINE('',#6417,#6418);
#6417 = CARTESIAN_POINT('',(41.300000000006,-8.900000000023,1.));
#6418 = VECTOR('',#6419,1.);
#6419 = DIRECTION('',(0.,0.,1.));
#6420 = ORIENTED_EDGE('',*,*,#6421,.F.);
#6421 = EDGE_CURVE('',#6405,#6414,#6422,.T.);
#6422 = LINE('',#6423,#6424);
#6423 = CARTESIAN_POINT('',(21.039224430617,-8.900000000023,
    9.229872516835));
#6424 = VECTOR('',#6425,1.);
#6425 = DIRECTION('',(0.987412416187,0.,-0.158166748588));
#6426 = PLANE('',#6427);
#6427 = AXIS2_PLACEMENT_3D('',#6428,#6429,#6430);
#6428 = CARTESIAN_POINT('',(41.300000000006,-8.900000000023,1.));
#6429 = DIRECTION('',(0.,-1.,0.));
#6430 = DIRECTION('',(-1.,0.,0.));
#6431 = ADVANCED_FACE('',(#6432),#6450,.F.);
#6432 = FACE_BOUND('',#6433,.F.);
#6433 = EDGE_LOOP('',(#6434,#6435,#6436,#6444));
#6434 = ORIENTED_EDGE('',*,*,#6413,.F.);
#6435 = ORIENTED_EDGE('',*,*,#6126,.F.);
#6436 = ORIENTED_EDGE('',*,*,#6437,.T.);
#6437 = EDGE_CURVE('',#6117,#6438,#6440,.T.);
#6438 = VERTEX_POINT('',#6439);
#6439 = CARTESIAN_POINT('',(41.300000000006,-2.400000000012,
    5.984439359267));
#6440 = LINE('',#6441,#6442);
#6441 = CARTESIAN_POINT('',(41.300000000006,-2.400000000012,1.));
#6442 = VECTOR('',#6443,1.);
#6443 = DIRECTION('',(0.,0.,1.));
#6444 = ORIENTED_EDGE('',*,*,#6445,.F.);
#6445 = EDGE_CURVE('',#6414,#6438,#6446,.T.);
#6446 = LINE('',#6447,#6448);
#6447 = CARTESIAN_POINT('',(41.300000000006,-11.6,5.984439359267));
#6448 = VECTOR('',#6449,1.);
#6449 = DIRECTION('',(0.,1.,-2.2E-16));
#6450 = PLANE('',#6451);
#6451 = AXIS2_PLACEMENT_3D('',#6452,#6453,#6454);
#6452 = CARTESIAN_POINT('',(41.300000000006,-2.400000000012,1.));
#6453 = DIRECTION('',(1.,0.,0.));
#6454 = DIRECTION('',(0.,-1.,0.));
#6455 = ADVANCED_FACE('',(#6456),#6474,.F.);
#6456 = FACE_BOUND('',#6457,.F.);
#6457 = EDGE_LOOP('',(#6458,#6466,#6467,#6468));
#6458 = ORIENTED_EDGE('',*,*,#6459,.F.);
#6459 = EDGE_CURVE('',#6143,#6460,#6462,.T.);
#6460 = VERTEX_POINT('',#6461);
#6461 = CARTESIAN_POINT('',(38.8,-2.400000000012,6.384897025172));
#6462 = LINE('',#6463,#6464);
#6463 = CARTESIAN_POINT('',(38.8,-2.400000000012,1.));
#6464 = VECTOR('',#6465,1.);
#6465 = DIRECTION('',(0.,0.,1.));
#6466 = ORIENTED_EDGE('',*,*,#6150,.F.);
#6467 = ORIENTED_EDGE('',*,*,#6404,.T.);
#6468 = ORIENTED_EDGE('',*,*,#6469,.F.);
#6469 = EDGE_CURVE('',#6460,#6405,#6470,.T.);
#6470 = LINE('',#6471,#6472);
#6471 = CARTESIAN_POINT('',(38.8,-14.85000000001,6.384897025172));
#6472 = VECTOR('',#6473,1.);
#6473 = DIRECTION('',(0.,-1.,2.2E-16));
#6474 = PLANE('',#6475);
#6475 = AXIS2_PLACEMENT_3D('',#6476,#6477,#6478);
#6476 = CARTESIAN_POINT('',(38.8,-8.900000000023,1.));
#6477 = DIRECTION('',(-1.,0.,0.));
#6478 = DIRECTION('',(0.,1.,0.));
#6479 = ADVANCED_FACE('',(#6480),#6491,.F.);
#6480 = FACE_BOUND('',#6481,.F.);
#6481 = EDGE_LOOP('',(#6482,#6483,#6484,#6485));
#6482 = ORIENTED_EDGE('',*,*,#6437,.F.);
#6483 = ORIENTED_EDGE('',*,*,#6167,.F.);
#6484 = ORIENTED_EDGE('',*,*,#6459,.T.);
#6485 = ORIENTED_EDGE('',*,*,#6486,.F.);
#6486 = EDGE_CURVE('',#6438,#6460,#6487,.T.);
#6487 = LINE('',#6488,#6489);
#6488 = CARTESIAN_POINT('',(19.820495331063,-2.400000000012,
    9.425092281065));
#6489 = VECTOR('',#6490,1.);
#6490 = DIRECTION('',(-0.987412416187,0.,0.158166748588));
#6491 = PLANE('',#6492);
#6492 = AXIS2_PLACEMENT_3D('',#6493,#6494,#6495);
#6493 = CARTESIAN_POINT('',(38.8,-2.400000000012,1.));
#6494 = DIRECTION('',(0.,1.,0.));
#6495 = DIRECTION('',(1.,0.,0.));
#6496 = ADVANCED_FACE('',(#6497),#6522,.F.);
#6497 = FACE_BOUND('',#6498,.F.);
#6498 = EDGE_LOOP('',(#6499,#6507,#6508,#6516));
#6499 = ORIENTED_EDGE('',*,*,#6500,.F.);
#6500 = EDGE_CURVE('',#6191,#6501,#6503,.T.);
#6501 = VERTEX_POINT('',#6502);
#6502 = CARTESIAN_POINT('',(41.3,-18.4,5.984439359268));
#6503 = LINE('',#6504,#6505);
#6504 = CARTESIAN_POINT('',(41.3,-18.4,1.));
#6505 = VECTOR('',#6506,1.);
#6506 = DIRECTION('',(0.,0.,1.));
#6507 = ORIENTED_EDGE('',*,*,#6198,.F.);
#6508 = ORIENTED_EDGE('',*,*,#6509,.T.);
#6509 = EDGE_CURVE('',#6182,#6510,#6512,.T.);
#6510 = VERTEX_POINT('',#6511);
#6511 = CARTESIAN_POINT('',(41.3,-11.9,5.984439359268));
#6512 = LINE('',#6513,#6514);
#6513 = CARTESIAN_POINT('',(41.3,-11.9,1.));
#6514 = VECTOR('',#6515,1.);
#6515 = DIRECTION('',(0.,0.,1.));
#6516 = ORIENTED_EDGE('',*,*,#6517,.F.);
#6517 = EDGE_CURVE('',#6501,#6510,#6518,.T.);
#6518 = LINE('',#6519,#6520);
#6519 = CARTESIAN_POINT('',(41.3,-16.35,5.984439359268));
#6520 = VECTOR('',#6521,1.);
#6521 = DIRECTION('',(0.,1.,-2.2E-16));
#6522 = PLANE('',#6523);
#6523 = AXIS2_PLACEMENT_3D('',#6524,#6525,#6526);
#6524 = CARTESIAN_POINT('',(41.3,-11.9,1.));
#6525 = DIRECTION('',(1.,0.,0.));
#6526 = DIRECTION('',(0.,-1.,0.));
#6527 = ADVANCED_FACE('',(#6528),#6546,.F.);
#6528 = FACE_BOUND('',#6529,.F.);
#6529 = EDGE_LOOP('',(#6530,#6531,#6532,#6540));
#6530 = ORIENTED_EDGE('',*,*,#6509,.F.);
#6531 = ORIENTED_EDGE('',*,*,#6222,.F.);
#6532 = ORIENTED_EDGE('',*,*,#6533,.T.);
#6533 = EDGE_CURVE('',#6213,#6534,#6536,.T.);
#6534 = VERTEX_POINT('',#6535);
#6535 = CARTESIAN_POINT('',(38.8,-11.9,6.384897025172));
#6536 = LINE('',#6537,#6538);
#6537 = CARTESIAN_POINT('',(38.8,-11.9,1.));
#6538 = VECTOR('',#6539,1.);
#6539 = DIRECTION('',(0.,0.,1.));
#6540 = ORIENTED_EDGE('',*,*,#6541,.F.);
#6541 = EDGE_CURVE('',#6510,#6534,#6542,.T.);
#6542 = LINE('',#6543,#6544);
#6543 = CARTESIAN_POINT('',(19.820495331063,-11.9,9.425092281065));
#6544 = VECTOR('',#6545,1.);
#6545 = DIRECTION('',(-0.987412416187,0.,0.158166748588));
#6546 = PLANE('',#6547);
#6547 = AXIS2_PLACEMENT_3D('',#6548,#6549,#6550);
#6548 = CARTESIAN_POINT('',(38.8,-11.9,1.));
#6549 = DIRECTION('',(0.,1.,0.));
#6550 = DIRECTION('',(1.,0.,0.));
#6551 = ADVANCED_FACE('',(#6552),#6570,.F.);
#6552 = FACE_BOUND('',#6553,.F.);
#6553 = EDGE_LOOP('',(#6554,#6562,#6563,#6564));
#6554 = ORIENTED_EDGE('',*,*,#6555,.F.);
#6555 = EDGE_CURVE('',#6239,#6556,#6558,.T.);
#6556 = VERTEX_POINT('',#6557);
#6557 = CARTESIAN_POINT('',(38.8,-18.4,6.384897025172));
#6558 = LINE('',#6559,#6560);
#6559 = CARTESIAN_POINT('',(38.8,-18.4,1.));
#6560 = VECTOR('',#6561,1.);
#6561 = DIRECTION('',(0.,0.,1.));
#6562 = ORIENTED_EDGE('',*,*,#6246,.F.);
#6563 = ORIENTED_EDGE('',*,*,#6500,.T.);
#6564 = ORIENTED_EDGE('',*,*,#6565,.F.);
#6565 = EDGE_CURVE('',#6556,#6501,#6566,.T.);
#6566 = LINE('',#6567,#6568);
#6567 = CARTESIAN_POINT('',(21.039224430614,-18.4,9.229872516835));
#6568 = VECTOR('',#6569,1.);
#6569 = DIRECTION('',(0.987412416187,0.,-0.158166748588));
#6570 = PLANE('',#6571);
#6571 = AXIS2_PLACEMENT_3D('',#6572,#6573,#6574);
#6572 = CARTESIAN_POINT('',(41.3,-18.4,1.));
#6573 = DIRECTION('',(0.,-1.,0.));
#6574 = DIRECTION('',(-1.,0.,0.));
#6575 = ADVANCED_FACE('',(#6576),#6587,.F.);
#6576 = FACE_BOUND('',#6577,.F.);
#6577 = EDGE_LOOP('',(#6578,#6579,#6580,#6581));
#6578 = ORIENTED_EDGE('',*,*,#6533,.F.);
#6579 = ORIENTED_EDGE('',*,*,#6263,.F.);
#6580 = ORIENTED_EDGE('',*,*,#6555,.T.);
#6581 = ORIENTED_EDGE('',*,*,#6582,.F.);
#6582 = EDGE_CURVE('',#6534,#6556,#6583,.T.);
#6583 = LINE('',#6584,#6585);
#6584 = CARTESIAN_POINT('',(38.8,-19.6,6.384897025172));
#6585 = VECTOR('',#6586,1.);
#6586 = DIRECTION('',(0.,-1.,2.2E-16));
#6587 = PLANE('',#6588);
#6588 = AXIS2_PLACEMENT_3D('',#6589,#6590,#6591);
#6589 = CARTESIAN_POINT('',(38.8,-18.4,1.));
#6590 = DIRECTION('',(-1.,0.,0.));
#6591 = DIRECTION('',(0.,1.,0.));
#6592 = ADVANCED_FACE('',(#6593),#6612,.F.);
#6593 = FACE_BOUND('',#6594,.F.);
#6594 = EDGE_LOOP('',(#6595,#6603,#6610,#6611));
#6595 = ORIENTED_EDGE('',*,*,#6596,.F.);
#6596 = EDGE_CURVE('',#6597,#6278,#6599,.T.);
#6597 = VERTEX_POINT('',#6598);
#6598 = CARTESIAN_POINT('',(35.7,-11.3,5.55));
#6599 = LINE('',#6600,#6601);
#6600 = CARTESIAN_POINT('',(35.7,-11.3,5.3));
#6601 = VECTOR('',#6602,1.);
#6602 = DIRECTION('',(0.,1.2E-16,1.));
#6603 = ORIENTED_EDGE('',*,*,#6604,.F.);
#6604 = EDGE_CURVE('',#6597,#6597,#6605,.T.);
#6605 = CIRCLE('',#6606,1.8);
#6606 = AXIS2_PLACEMENT_3D('',#6607,#6608,#6609);
#6607 = CARTESIAN_POINT('',(33.9,-11.3,5.55));
#6608 = DIRECTION('',(0.,4.4E-16,-1.));
#6609 = DIRECTION('',(1.,0.,0.));
#6610 = ORIENTED_EDGE('',*,*,#6596,.T.);
#6611 = ORIENTED_EDGE('',*,*,#6284,.F.);
#6612 = CYLINDRICAL_SURFACE('',#6613,1.8);
#6613 = AXIS2_PLACEMENT_3D('',#6614,#6615,#6616);
#6614 = CARTESIAN_POINT('',(33.9,-11.3,5.3));
#6615 = DIRECTION('',(0.,-1.2E-16,-1.));
#6616 = DIRECTION('',(1.,0.,0.));
#6617 = ADVANCED_FACE('',(#6618),#6629,.F.);
#6618 = FACE_BOUND('',#6619,.T.);
#6619 = EDGE_LOOP('',(#6620,#6626,#6627,#6628));
#6620 = ORIENTED_EDGE('',*,*,#6621,.F.);
#6621 = EDGE_CURVE('',#6382,#6597,#6622,.T.);
#6622 = LINE('',#6623,#6624);
#6623 = CARTESIAN_POINT('',(35.7,-11.3,5.55));
#6624 = VECTOR('',#6625,1.);
#6625 = DIRECTION('',(-0.707106781187,-3.1E-16,0.707106781187));
#6626 = ORIENTED_EDGE('',*,*,#6381,.T.);
#6627 = ORIENTED_EDGE('',*,*,#6621,.T.);
#6628 = ORIENTED_EDGE('',*,*,#6604,.F.);
#6629 = CONICAL_SURFACE('',#6630,1.8,0.785398163397);
#6630 = AXIS2_PLACEMENT_3D('',#6631,#6632,#6633);
#6631 = CARTESIAN_POINT('',(33.9,-11.3,5.55));
#6632 = DIRECTION('',(0.,4.4E-16,-1.));
#6633 = DIRECTION('',(1.,0.,0.));
#6634 = ADVANCED_FACE('',(#6635),#6641,.T.);
#6635 = FACE_BOUND('',#6636,.T.);
#6636 = EDGE_LOOP('',(#6637,#6638,#6639,#6640));
#6637 = ORIENTED_EDGE('',*,*,#6469,.F.);
#6638 = ORIENTED_EDGE('',*,*,#6486,.F.);
#6639 = ORIENTED_EDGE('',*,*,#6445,.F.);
#6640 = ORIENTED_EDGE('',*,*,#6421,.F.);
#6641 = PLANE('',#6642);
#6642 = AXIS2_PLACEMENT_3D('',#6643,#6644,#6645);
#6643 = CARTESIAN_POINT('',(0.,-20.8,12.6));
#6644 = DIRECTION('',(-0.158166748588,-2.2E-16,-0.987412416187));
#6645 = DIRECTION('',(0.987412416187,-4.E-17,-0.158166748588));
#6646 = ADVANCED_FACE('',(#6647),#6653,.T.);
#6647 = FACE_BOUND('',#6648,.T.);
#6648 = EDGE_LOOP('',(#6649,#6650,#6651,#6652));
#6649 = ORIENTED_EDGE('',*,*,#6582,.F.);
#6650 = ORIENTED_EDGE('',*,*,#6541,.F.);
#6651 = ORIENTED_EDGE('',*,*,#6517,.F.);
#6652 = ORIENTED_EDGE('',*,*,#6565,.F.);
#6653 = PLANE('',#6654);
#6654 = AXIS2_PLACEMENT_3D('',#6655,#6656,#6657);
#6655 = CARTESIAN_POINT('',(0.,-20.8,12.6));
#6656 = DIRECTION('',(-0.158166748588,-2.2E-16,-0.987412416187));
#6657 = DIRECTION('',(0.987412416187,-4.E-17,-0.158166748588));
#6658 = ( GEOMETRIC_REPRESENTATION_CONTEXT(3) 
GLOBAL_UNCERTAINTY_ASSIGNED_CONTEXT((#6662)) 
GLOBAL_UNIT_ASSIGNED_CONTEXT((#6659,#6660,#6661)) REPRESENTATION_CONTEXT
('Context #1','3D Context with UNIT and UNCERTAINTY') );
#6659 = ( LENGTH_UNIT() NAMED_UNIT(*) SI_UNIT(.MILLI.,.METRE.) );
#6660 = ( NAMED_UNIT(*) PLANE_ANGLE_UNIT() SI_UNIT($,.RADIAN.) );
#6661 = ( NAMED_UNIT(*) SI_UNIT($,.STERADIAN.) SOLID_ANGLE_UNIT() );
#6662 = UNCERTAINTY_MEASURE_WITH_UNIT(LENGTH_MEASURE(5.E-05),#6659,
  'distance_accuracy_value','confusion accuracy');
#6663 = PRODUCT_RELATED_PRODUCT_CATEGORY('part',$,(#7));
#6664 = MECHANICAL_DESIGN_GEOMETRIC_PRESENTATION_REPRESENTATION('',(
    #6665),#6658);
#6665 = STYLED_ITEM('color',(#6666),#15);
#6666 = PRESENTATION_STYLE_ASSIGNMENT((#6667,#6673));
#6667 = SURFACE_STYLE_USAGE(.BOTH.,#6668);
#6668 = SURFACE_SIDE_STYLE('',(#6669));
#6669 = SURFACE_STYLE_FILL_AREA(#6670);
#6670 = FILL_AREA_STYLE('',(#6671));
#6671 = FILL_AREA_STYLE_COLOUR('',#6672);
#6672 = COLOUR_RGB('',0.447058818107,0.474509808674,0.501960817233);
#6673 = CURVE_STYLE('',#6674,POSITIVE_LENGTH_MEASURE(0.1),#6675);
#6674 = DRAUGHTING_PRE_DEFINED_CURVE_FONT('continuous');
#6675 = COLOUR_RGB('',9.803921802644E-02,9.803921802644E-02,
  9.803921802644E-02);
ENDSEC;
END-ISO-10303-21;
