ISO-10303-21;
HEADER;
FILE_DESCRIPTION(('FreeCAD Model'),'2;1');
FILE_NAME('Open CASCADE Shape Model','2025-05-13T23:40:20',(''),(''),
  'Open CASCADE STEP processor 7.8','FreeCAD','Unknown');
FILE_SCHEMA(('AUTOMOTIVE_DESIGN { 1 0 10303 214 1 1 1 1 }'));
ENDSEC;
DATA;
#1 = APPLICATION_PROTOCOL_DEFINITION('international standard',
  'automotive_design',2000,#2);
#2 = APPLICATION_CONTEXT(
  'core data for automotive mechanical design processes');
#3 = SHAPE_DEFINITION_REPRESENTATION(#4,#10);
#4 = PRODUCT_DEFINITION_SHAPE('','',#5);
#5 = PRODUCT_DEFINITION('design','',#6,#9);
#6 = PRODUCT_DEFINITION_FORMATION('','',#7);
#7 = PRODUCT('cap','cap','',(#8));
#8 = PRODUCT_CONTEXT('',#2,'mechanical');
#9 = PRODUCT_DEFINITION_CONTEXT('part definition',#2,'design');
#10 = ADVANCED_BREP_SHAPE_REPRESENTATION('',(#11,#15),#3907);
#11 = AXIS2_PLACEMENT_3D('',#12,#13,#14);
#12 = CARTESIAN_POINT('',(0.,0.,0.));
#13 = DIRECTION('',(0.,0.,1.));
#14 = DIRECTION('',(1.,0.,-0.));
#15 = MANIFOLD_SOLID_BREP('',#16);
#16 = CLOSED_SHELL('',(#17,#50,#75,#95,#668,#693,#718,#749,#773,#797,
    #821,#845,#869,#893,#917,#941,#965,#989,#1013,#1037,#1061,#1085,
    #1109,#1133,#1157,#1181,#1205,#1229,#1253,#1277,#1301,#1325,#1349,
    #1373,#1397,#1421,#1445,#1469,#1493,#1517,#1541,#1565,#1589,#1613,
    #1637,#1661,#1685,#1709,#1733,#1757,#1781,#1805,#1829,#1853,#1877,
    #1901,#1925,#1949,#1973,#1997,#2021,#2045,#2062,#2093,#2118,#2142,
    #2167,#2191,#2216,#2240,#2258,#2283,#2308,#2333,#2358,#2383,#2405,
    #2417,#2457,#2481,#2519,#2536,#2548,#2565,#2577,#2594,#2606,#2630,
    #2668,#2685,#2697,#2721,#2759,#2776,#2788,#2805,#2817,#2834,#2846,
    #2863,#2894,#2919,#2943,#2968,#2992,#3017,#3041,#3059,#3084,#3109,
    #3134,#3267,#3287,#3303,#3323,#3343,#3363,#3388,#3419,#3444,#3469,
    #3493,#3517,#3542,#3567,#3584,#3609,#3634,#3659,#3676,#3693,#3710,
    #3727,#3760,#3777,#3794,#3819,#3844,#3861,#3878,#3895));
#17 = ADVANCED_FACE('',(#18),#45,.F.);
#18 = FACE_BOUND('',#19,.F.);
#19 = EDGE_LOOP('',(#20,#30,#37,#38));
#20 = ORIENTED_EDGE('',*,*,#21,.T.);
#21 = EDGE_CURVE('',#22,#24,#26,.T.);
#22 = VERTEX_POINT('',#23);
#23 = CARTESIAN_POINT('',(14.85,2.7,0.8));
#24 = VERTEX_POINT('',#25);
#25 = CARTESIAN_POINT('',(14.85,2.7,0.6));
#26 = LINE('',#27,#28);
#27 = CARTESIAN_POINT('',(14.85,2.7,1.));
#28 = VECTOR('',#29,1.);
#29 = DIRECTION('',(-0.,-0.,-1.));
#30 = ORIENTED_EDGE('',*,*,#31,.T.);
#31 = EDGE_CURVE('',#24,#24,#32,.T.);
#32 = CIRCLE('',#33,1.55);
#33 = AXIS2_PLACEMENT_3D('',#34,#35,#36);
#34 = CARTESIAN_POINT('',(13.3,2.7,0.6));
#35 = DIRECTION('',(0.,0.,1.));
#36 = DIRECTION('',(1.,0.,0.));
#37 = ORIENTED_EDGE('',*,*,#21,.F.);
#38 = ORIENTED_EDGE('',*,*,#39,.F.);
#39 = EDGE_CURVE('',#22,#22,#40,.T.);
#40 = CIRCLE('',#41,1.55);
#41 = AXIS2_PLACEMENT_3D('',#42,#43,#44);
#42 = CARTESIAN_POINT('',(13.3,2.7,0.8));
#43 = DIRECTION('',(0.,0.,1.));
#44 = DIRECTION('',(1.,0.,0.));
#45 = CYLINDRICAL_SURFACE('',#46,1.55);
#46 = AXIS2_PLACEMENT_3D('',#47,#48,#49);
#47 = CARTESIAN_POINT('',(13.3,2.7,1.));
#48 = DIRECTION('',(0.,0.,1.));
#49 = DIRECTION('',(1.,0.,0.));
#50 = ADVANCED_FACE('',(#51),#70,.F.);
#51 = FACE_BOUND('',#52,.F.);
#52 = EDGE_LOOP('',(#53,#61,#62,#63));
#53 = ORIENTED_EDGE('',*,*,#54,.F.);
#54 = EDGE_CURVE('',#22,#55,#57,.T.);
#55 = VERTEX_POINT('',#56);
#56 = CARTESIAN_POINT('',(15.05,2.7,1.));
#57 = LINE('',#58,#59);
#58 = CARTESIAN_POINT('',(14.85,2.7,0.8));
#59 = VECTOR('',#60,1.);
#60 = DIRECTION('',(0.707106781187,0.,0.707106781187));
#61 = ORIENTED_EDGE('',*,*,#39,.T.);
#62 = ORIENTED_EDGE('',*,*,#54,.T.);
#63 = ORIENTED_EDGE('',*,*,#64,.F.);
#64 = EDGE_CURVE('',#55,#55,#65,.T.);
#65 = CIRCLE('',#66,1.75);
#66 = AXIS2_PLACEMENT_3D('',#67,#68,#69);
#67 = CARTESIAN_POINT('',(13.3,2.7,1.));
#68 = DIRECTION('',(0.,0.,1.));
#69 = DIRECTION('',(1.,0.,0.));
#70 = CONICAL_SURFACE('',#71,1.55,0.785398163397);
#71 = AXIS2_PLACEMENT_3D('',#72,#73,#74);
#72 = CARTESIAN_POINT('',(13.3,2.7,0.8));
#73 = DIRECTION('',(0.,0.,1.));
#74 = DIRECTION('',(1.,0.,0.));
#75 = ADVANCED_FACE('',(#76,#87),#90,.T.);
#76 = FACE_BOUND('',#77,.T.);
#77 = EDGE_LOOP('',(#78));
#78 = ORIENTED_EDGE('',*,*,#79,.F.);
#79 = EDGE_CURVE('',#80,#80,#82,.T.);
#80 = VERTEX_POINT('',#81);
#81 = CARTESIAN_POINT('',(14.65,2.7,0.6));
#82 = CIRCLE('',#83,1.35);
#83 = AXIS2_PLACEMENT_3D('',#84,#85,#86);
#84 = CARTESIAN_POINT('',(13.3,2.7,0.6));
#85 = DIRECTION('',(0.,0.,1.));
#86 = DIRECTION('',(1.,0.,0.));
#87 = FACE_BOUND('',#88,.T.);
#88 = EDGE_LOOP('',(#89));
#89 = ORIENTED_EDGE('',*,*,#31,.T.);
#90 = PLANE('',#91);
#91 = AXIS2_PLACEMENT_3D('',#92,#93,#94);
#92 = CARTESIAN_POINT('',(8.,8.,0.6));
#93 = DIRECTION('',(0.,0.,1.));
#94 = DIRECTION('',(1.,0.,0.));
#95 = ADVANCED_FACE('',(#96,#107,#557,#627,#638,#649,#660),#663,.T.);
#96 = FACE_BOUND('',#97,.T.);
#97 = EDGE_LOOP('',(#98));
#98 = ORIENTED_EDGE('',*,*,#99,.F.);
#99 = EDGE_CURVE('',#100,#100,#102,.T.);
#100 = VERTEX_POINT('',#101);
#101 = CARTESIAN_POINT('',(9.75,8.,1.));
#102 = CIRCLE('',#103,1.75);
#103 = AXIS2_PLACEMENT_3D('',#104,#105,#106);
#104 = CARTESIAN_POINT('',(8.,8.,1.));
#105 = DIRECTION('',(0.,0.,1.));
#106 = DIRECTION('',(1.,0.,0.));
#107 = FACE_BOUND('',#108,.T.);
#108 = EDGE_LOOP('',(#109,#119,#127,#135,#143,#151,#159,#167,#175,#183,
    #191,#199,#207,#215,#223,#231,#239,#247,#255,#263,#271,#279,#287,
    #295,#303,#311,#319,#327,#335,#343,#351,#359,#367,#375,#383,#391,
    #399,#407,#415,#423,#431,#439,#447,#455,#463,#471,#479,#487,#495,
    #503,#511,#519,#527,#535,#543,#551));
#109 = ORIENTED_EDGE('',*,*,#110,.T.);
#110 = EDGE_CURVE('',#111,#113,#115,.T.);
#111 = VERTEX_POINT('',#112);
#112 = CARTESIAN_POINT('',(3.75,0.,1.));
#113 = VERTEX_POINT('',#114);
#114 = CARTESIAN_POINT('',(3.75,-1.E-05,1.));
#115 = LINE('',#116,#117);
#116 = CARTESIAN_POINT('',(3.75,2.2E-16,1.));
#117 = VECTOR('',#118,1.);
#118 = DIRECTION('',(0.,-1.,2.2E-16));
#119 = ORIENTED_EDGE('',*,*,#120,.T.);
#120 = EDGE_CURVE('',#113,#121,#123,.T.);
#121 = VERTEX_POINT('',#122);
#122 = CARTESIAN_POINT('',(3.84999,-0.1,1.));
#123 = LINE('',#124,#125);
#124 = CARTESIAN_POINT('',(2.823125034379,0.926864965621,1.));
#125 = VECTOR('',#126,1.);
#126 = DIRECTION('',(0.707106781187,-0.707106781187,0.));
#127 = ORIENTED_EDGE('',*,*,#128,.F.);
#128 = EDGE_CURVE('',#129,#121,#131,.T.);
#129 = VERTEX_POINT('',#130);
#130 = CARTESIAN_POINT('',(6.15001,-1.E-01,1.));
#131 = LINE('',#132,#133);
#132 = CARTESIAN_POINT('',(6.25,-0.1,1.));
#133 = VECTOR('',#134,1.);
#134 = DIRECTION('',(-1.,0.,0.));
#135 = ORIENTED_EDGE('',*,*,#136,.T.);
#136 = EDGE_CURVE('',#129,#137,#139,.T.);
#137 = VERTEX_POINT('',#138);
#138 = CARTESIAN_POINT('',(6.25,-1.E-05,1.));
#139 = LINE('',#140,#141);
#140 = CARTESIAN_POINT('',(8.676874965621,2.426864965621,1.));
#141 = VECTOR('',#142,1.);
#142 = DIRECTION('',(0.707106781187,0.707106781187,0.));
#143 = ORIENTED_EDGE('',*,*,#144,.F.);
#144 = EDGE_CURVE('',#145,#137,#147,.T.);
#145 = VERTEX_POINT('',#146);
#146 = CARTESIAN_POINT('',(6.25,0.,1.));
#147 = LINE('',#148,#149);
#148 = CARTESIAN_POINT('',(6.25,2.2E-16,1.));
#149 = VECTOR('',#150,1.);
#150 = DIRECTION('',(0.,-1.,2.2E-16));
#151 = ORIENTED_EDGE('',*,*,#152,.T.);
#152 = EDGE_CURVE('',#145,#153,#155,.T.);
#153 = VERTEX_POINT('',#154);
#154 = CARTESIAN_POINT('',(9.75,0.,1.));
#155 = LINE('',#156,#157);
#156 = CARTESIAN_POINT('',(0.,0.,1.));
#157 = VECTOR('',#158,1.);
#158 = DIRECTION('',(1.,0.,0.));
#159 = ORIENTED_EDGE('',*,*,#160,.T.);
#160 = EDGE_CURVE('',#153,#161,#163,.T.);
#161 = VERTEX_POINT('',#162);
#162 = CARTESIAN_POINT('',(9.75,-1.0000000001E-05,1.));
#163 = LINE('',#164,#165);
#164 = CARTESIAN_POINT('',(9.75,2.2E-16,1.));
#165 = VECTOR('',#166,1.);
#166 = DIRECTION('',(0.,-1.,2.2E-16));
#167 = ORIENTED_EDGE('',*,*,#168,.T.);
#168 = EDGE_CURVE('',#161,#169,#171,.T.);
#169 = VERTEX_POINT('',#170);
#170 = CARTESIAN_POINT('',(9.84999,-0.1,1.));
#171 = LINE('',#172,#173);
#172 = CARTESIAN_POINT('',(7.323125034379,2.426864965621,1.));
#173 = VECTOR('',#174,1.);
#174 = DIRECTION('',(0.707106781187,-0.707106781187,0.));
#175 = ORIENTED_EDGE('',*,*,#176,.F.);
#176 = EDGE_CURVE('',#177,#169,#179,.T.);
#177 = VERTEX_POINT('',#178);
#178 = CARTESIAN_POINT('',(12.15001,-0.1,1.));
#179 = LINE('',#180,#181);
#180 = CARTESIAN_POINT('',(12.25,-0.1,1.));
#181 = VECTOR('',#182,1.);
#182 = DIRECTION('',(-1.,0.,0.));
#183 = ORIENTED_EDGE('',*,*,#184,.T.);
#184 = EDGE_CURVE('',#177,#185,#187,.T.);
#185 = VERTEX_POINT('',#186);
#186 = CARTESIAN_POINT('',(12.25,-9.999999999E-06,1.));
#187 = LINE('',#188,#189);
#188 = CARTESIAN_POINT('',(13.176874965621,0.926864965621,1.));
#189 = VECTOR('',#190,1.);
#190 = DIRECTION('',(0.707106781187,0.707106781187,0.));
#191 = ORIENTED_EDGE('',*,*,#192,.F.);
#192 = EDGE_CURVE('',#193,#185,#195,.T.);
#193 = VERTEX_POINT('',#194);
#194 = CARTESIAN_POINT('',(12.25,0.,1.));
#195 = LINE('',#196,#197);
#196 = CARTESIAN_POINT('',(12.25,2.2E-16,1.));
#197 = VECTOR('',#198,1.);
#198 = DIRECTION('',(0.,-1.,2.2E-16));
#199 = ORIENTED_EDGE('',*,*,#200,.T.);
#200 = EDGE_CURVE('',#193,#201,#203,.T.);
#201 = VERTEX_POINT('',#202);
#202 = CARTESIAN_POINT('',(15.75,0.,1.));
#203 = LINE('',#204,#205);
#204 = CARTESIAN_POINT('',(0.,0.,1.));
#205 = VECTOR('',#206,1.);
#206 = DIRECTION('',(1.,0.,0.));
#207 = ORIENTED_EDGE('',*,*,#208,.T.);
#208 = EDGE_CURVE('',#201,#209,#211,.T.);
#209 = VERTEX_POINT('',#210);
#210 = CARTESIAN_POINT('',(16.,0.25,1.));
#211 = LINE('',#212,#213);
#212 = CARTESIAN_POINT('',(15.875,0.125,1.));
#213 = VECTOR('',#214,1.);
#214 = DIRECTION('',(0.707106781187,0.707106781187,0.));
#215 = ORIENTED_EDGE('',*,*,#216,.T.);
#216 = EDGE_CURVE('',#209,#217,#219,.T.);
#217 = VERTEX_POINT('',#218);
#218 = CARTESIAN_POINT('',(16.,3.75,1.));
#219 = LINE('',#220,#221);
#220 = CARTESIAN_POINT('',(16.,0.,1.));
#221 = VECTOR('',#222,1.);
#222 = DIRECTION('',(0.,1.,0.));
#223 = ORIENTED_EDGE('',*,*,#224,.T.);
#224 = EDGE_CURVE('',#217,#225,#227,.T.);
#225 = VERTEX_POINT('',#226);
#226 = CARTESIAN_POINT('',(16.00001,3.75,1.));
#227 = LINE('',#228,#229);
#228 = CARTESIAN_POINT('',(16.,3.75,1.));
#229 = VECTOR('',#230,1.);
#230 = DIRECTION('',(1.,0.,0.));
#231 = ORIENTED_EDGE('',*,*,#232,.T.);
#232 = EDGE_CURVE('',#225,#233,#235,.T.);
#233 = VERTEX_POINT('',#234);
#234 = CARTESIAN_POINT('',(16.1,3.84999,1.));
#235 = LINE('',#236,#237);
#236 = CARTESIAN_POINT('',(15.101874965621,2.851864965621,1.));
#237 = VECTOR('',#238,1.);
#238 = DIRECTION('',(0.707106781187,0.707106781187,0.));
#239 = ORIENTED_EDGE('',*,*,#240,.F.);
#240 = EDGE_CURVE('',#241,#233,#243,.T.);
#241 = VERTEX_POINT('',#242);
#242 = CARTESIAN_POINT('',(16.1,6.15001,1.));
#243 = LINE('',#244,#245);
#244 = CARTESIAN_POINT('',(16.1,6.25,1.));
#245 = VECTOR('',#246,1.);
#246 = DIRECTION('',(0.,-1.,0.));
#247 = ORIENTED_EDGE('',*,*,#248,.T.);
#248 = EDGE_CURVE('',#241,#249,#251,.T.);
#249 = VERTEX_POINT('',#250);
#250 = CARTESIAN_POINT('',(16.00001,6.25,1.));
#251 = LINE('',#252,#253);
#252 = CARTESIAN_POINT('',(13.573135034379,8.676874965621,1.));
#253 = VECTOR('',#254,1.);
#254 = DIRECTION('',(-0.707106781187,0.707106781187,0.));
#255 = ORIENTED_EDGE('',*,*,#256,.F.);
#256 = EDGE_CURVE('',#257,#249,#259,.T.);
#257 = VERTEX_POINT('',#258);
#258 = CARTESIAN_POINT('',(16.,6.25,1.));
#259 = LINE('',#260,#261);
#260 = CARTESIAN_POINT('',(16.,6.25,1.));
#261 = VECTOR('',#262,1.);
#262 = DIRECTION('',(1.,0.,0.));
#263 = ORIENTED_EDGE('',*,*,#264,.T.);
#264 = EDGE_CURVE('',#257,#265,#267,.T.);
#265 = VERTEX_POINT('',#266);
#266 = CARTESIAN_POINT('',(16.,9.75,1.));
#267 = LINE('',#268,#269);
#268 = CARTESIAN_POINT('',(16.,0.,1.));
#269 = VECTOR('',#270,1.);
#270 = DIRECTION('',(0.,1.,0.));
#271 = ORIENTED_EDGE('',*,*,#272,.T.);
#272 = EDGE_CURVE('',#265,#273,#275,.T.);
#273 = VERTEX_POINT('',#274);
#274 = CARTESIAN_POINT('',(16.00001,9.75,1.));
#275 = LINE('',#276,#277);
#276 = CARTESIAN_POINT('',(16.,9.75,1.));
#277 = VECTOR('',#278,1.);
#278 = DIRECTION('',(1.,0.,0.));
#279 = ORIENTED_EDGE('',*,*,#280,.T.);
#280 = EDGE_CURVE('',#273,#281,#283,.T.);
#281 = VERTEX_POINT('',#282);
#282 = CARTESIAN_POINT('',(16.1,9.84999,1.));
#283 = LINE('',#284,#285);
#284 = CARTESIAN_POINT('',(13.601874965621,7.351864965621,1.));
#285 = VECTOR('',#286,1.);
#286 = DIRECTION('',(0.707106781187,0.707106781187,0.));
#287 = ORIENTED_EDGE('',*,*,#288,.F.);
#288 = EDGE_CURVE('',#289,#281,#291,.T.);
#289 = VERTEX_POINT('',#290);
#290 = CARTESIAN_POINT('',(16.1,12.15001,1.));
#291 = LINE('',#292,#293);
#292 = CARTESIAN_POINT('',(16.1,12.25,1.));
#293 = VECTOR('',#294,1.);
#294 = DIRECTION('',(0.,-1.,0.));
#295 = ORIENTED_EDGE('',*,*,#296,.T.);
#296 = EDGE_CURVE('',#289,#297,#299,.T.);
#297 = VERTEX_POINT('',#298);
#298 = CARTESIAN_POINT('',(16.00001,12.25,1.));
#299 = LINE('',#300,#301);
#300 = CARTESIAN_POINT('',(15.073135034379,13.176874965621,1.));
#301 = VECTOR('',#302,1.);
#302 = DIRECTION('',(-0.707106781187,0.707106781187,0.));
#303 = ORIENTED_EDGE('',*,*,#304,.F.);
#304 = EDGE_CURVE('',#305,#297,#307,.T.);
#305 = VERTEX_POINT('',#306);
#306 = CARTESIAN_POINT('',(16.,12.25,1.));
#307 = LINE('',#308,#309);
#308 = CARTESIAN_POINT('',(16.,12.25,1.));
#309 = VECTOR('',#310,1.);
#310 = DIRECTION('',(1.,0.,0.));
#311 = ORIENTED_EDGE('',*,*,#312,.T.);
#312 = EDGE_CURVE('',#305,#313,#315,.T.);
#313 = VERTEX_POINT('',#314);
#314 = CARTESIAN_POINT('',(16.,15.75,1.));
#315 = LINE('',#316,#317);
#316 = CARTESIAN_POINT('',(16.,0.,1.));
#317 = VECTOR('',#318,1.);
#318 = DIRECTION('',(0.,1.,0.));
#319 = ORIENTED_EDGE('',*,*,#320,.T.);
#320 = EDGE_CURVE('',#313,#321,#323,.T.);
#321 = VERTEX_POINT('',#322);
#322 = CARTESIAN_POINT('',(15.75,16.,1.));
#323 = LINE('',#324,#325);
#324 = CARTESIAN_POINT('',(15.875,15.875,1.));
#325 = VECTOR('',#326,1.);
#326 = DIRECTION('',(-0.707106781187,0.707106781187,0.));
#327 = ORIENTED_EDGE('',*,*,#328,.T.);
#328 = EDGE_CURVE('',#321,#329,#331,.T.);
#329 = VERTEX_POINT('',#330);
#330 = CARTESIAN_POINT('',(12.25,16.,1.));
#331 = LINE('',#332,#333);
#332 = CARTESIAN_POINT('',(16.,16.,1.));
#333 = VECTOR('',#334,1.);
#334 = DIRECTION('',(-1.,0.,0.));
#335 = ORIENTED_EDGE('',*,*,#336,.T.);
#336 = EDGE_CURVE('',#329,#337,#339,.T.);
#337 = VERTEX_POINT('',#338);
#338 = CARTESIAN_POINT('',(12.25,16.10001,1.));
#339 = LINE('',#340,#341);
#340 = CARTESIAN_POINT('',(12.25,16.,1.));
#341 = VECTOR('',#342,1.);
#342 = DIRECTION('',(0.,1.,-2.2E-16));
#343 = ORIENTED_EDGE('',*,*,#344,.T.);
#344 = EDGE_CURVE('',#337,#345,#347,.T.);
#345 = VERTEX_POINT('',#346);
#346 = CARTESIAN_POINT('',(12.15001,16.2,1.));
#347 = LINE('',#348,#349);
#348 = CARTESIAN_POINT('',(13.173135034379,15.176874965621,1.));
#349 = VECTOR('',#350,1.);
#350 = DIRECTION('',(-0.707106781187,0.707106781187,0.));
#351 = ORIENTED_EDGE('',*,*,#352,.F.);
#352 = EDGE_CURVE('',#353,#345,#355,.T.);
#353 = VERTEX_POINT('',#354);
#354 = CARTESIAN_POINT('',(9.84999,16.2,1.));
#355 = LINE('',#356,#357);
#356 = CARTESIAN_POINT('',(9.75,16.2,1.));
#357 = VECTOR('',#358,1.);
#358 = DIRECTION('',(1.,0.,0.));
#359 = ORIENTED_EDGE('',*,*,#360,.T.);
#360 = EDGE_CURVE('',#353,#361,#363,.T.);
#361 = VERTEX_POINT('',#362);
#362 = CARTESIAN_POINT('',(9.75,16.10001,1.));
#363 = LINE('',#364,#365);
#364 = CARTESIAN_POINT('',(7.326864965621,13.676874965621,1.));
#365 = VECTOR('',#366,1.);
#366 = DIRECTION('',(-0.707106781187,-0.707106781187,0.));
#367 = ORIENTED_EDGE('',*,*,#368,.F.);
#368 = EDGE_CURVE('',#369,#361,#371,.T.);
#369 = VERTEX_POINT('',#370);
#370 = CARTESIAN_POINT('',(9.75,16.,1.));
#371 = LINE('',#372,#373);
#372 = CARTESIAN_POINT('',(9.75,16.,1.));
#373 = VECTOR('',#374,1.);
#374 = DIRECTION('',(0.,1.,-2.2E-16));
#375 = ORIENTED_EDGE('',*,*,#376,.T.);
#376 = EDGE_CURVE('',#369,#377,#379,.T.);
#377 = VERTEX_POINT('',#378);
#378 = CARTESIAN_POINT('',(6.25,16.,1.));
#379 = LINE('',#380,#381);
#380 = CARTESIAN_POINT('',(16.,16.,1.));
#381 = VECTOR('',#382,1.);
#382 = DIRECTION('',(-1.,0.,0.));
#383 = ORIENTED_EDGE('',*,*,#384,.T.);
#384 = EDGE_CURVE('',#377,#385,#387,.T.);
#385 = VERTEX_POINT('',#386);
#386 = CARTESIAN_POINT('',(6.25,16.10001,1.));
#387 = LINE('',#388,#389);
#388 = CARTESIAN_POINT('',(6.25,16.,1.));
#389 = VECTOR('',#390,1.);
#390 = DIRECTION('',(0.,1.,-2.2E-16));
#391 = ORIENTED_EDGE('',*,*,#392,.T.);
#392 = EDGE_CURVE('',#385,#393,#395,.T.);
#393 = VERTEX_POINT('',#394);
#394 = CARTESIAN_POINT('',(6.15001,16.2,1.));
#395 = LINE('',#396,#397);
#396 = CARTESIAN_POINT('',(8.673135034379,13.676874965621,1.));
#397 = VECTOR('',#398,1.);
#398 = DIRECTION('',(-0.707106781187,0.707106781187,0.));
#399 = ORIENTED_EDGE('',*,*,#400,.F.);
#400 = EDGE_CURVE('',#401,#393,#403,.T.);
#401 = VERTEX_POINT('',#402);
#402 = CARTESIAN_POINT('',(3.84999,16.2,1.));
#403 = LINE('',#404,#405);
#404 = CARTESIAN_POINT('',(3.75,16.2,1.));
#405 = VECTOR('',#406,1.);
#406 = DIRECTION('',(1.,0.,0.));
#407 = ORIENTED_EDGE('',*,*,#408,.T.);
#408 = EDGE_CURVE('',#401,#409,#411,.T.);
#409 = VERTEX_POINT('',#410);
#410 = CARTESIAN_POINT('',(3.75,16.10001,1.));
#411 = LINE('',#412,#413);
#412 = CARTESIAN_POINT('',(2.826864965621,15.176874965621,1.));
#413 = VECTOR('',#414,1.);
#414 = DIRECTION('',(-0.707106781187,-0.707106781187,0.));
#415 = ORIENTED_EDGE('',*,*,#416,.F.);
#416 = EDGE_CURVE('',#417,#409,#419,.T.);
#417 = VERTEX_POINT('',#418);
#418 = CARTESIAN_POINT('',(3.75,16.,1.));
#419 = LINE('',#420,#421);
#420 = CARTESIAN_POINT('',(3.75,16.,1.));
#421 = VECTOR('',#422,1.);
#422 = DIRECTION('',(0.,1.,-2.2E-16));
#423 = ORIENTED_EDGE('',*,*,#424,.T.);
#424 = EDGE_CURVE('',#417,#425,#427,.T.);
#425 = VERTEX_POINT('',#426);
#426 = CARTESIAN_POINT('',(0.25,16.,1.));
#427 = LINE('',#428,#429);
#428 = CARTESIAN_POINT('',(16.,16.,1.));
#429 = VECTOR('',#430,1.);
#430 = DIRECTION('',(-1.,0.,0.));
#431 = ORIENTED_EDGE('',*,*,#432,.F.);
#432 = EDGE_CURVE('',#433,#425,#435,.T.);
#433 = VERTEX_POINT('',#434);
#434 = CARTESIAN_POINT('',(0.,15.75,1.));
#435 = LINE('',#436,#437);
#436 = CARTESIAN_POINT('',(0.125,15.875,1.));
#437 = VECTOR('',#438,1.);
#438 = DIRECTION('',(0.707106781187,0.707106781187,0.));
#439 = ORIENTED_EDGE('',*,*,#440,.T.);
#440 = EDGE_CURVE('',#433,#441,#443,.T.);
#441 = VERTEX_POINT('',#442);
#442 = CARTESIAN_POINT('',(0.,12.25,1.));
#443 = LINE('',#444,#445);
#444 = CARTESIAN_POINT('',(0.,16.,1.));
#445 = VECTOR('',#446,1.);
#446 = DIRECTION('',(0.,-1.,0.));
#447 = ORIENTED_EDGE('',*,*,#448,.T.);
#448 = EDGE_CURVE('',#441,#449,#451,.T.);
#449 = VERTEX_POINT('',#450);
#450 = CARTESIAN_POINT('',(-1.E-05,12.25,1.));
#451 = LINE('',#452,#453);
#452 = CARTESIAN_POINT('',(0.,12.25,1.));
#453 = VECTOR('',#454,1.);
#454 = DIRECTION('',(-1.,0.,0.));
#455 = ORIENTED_EDGE('',*,*,#456,.T.);
#456 = EDGE_CURVE('',#449,#457,#459,.T.);
#457 = VERTEX_POINT('',#458);
#458 = CARTESIAN_POINT('',(-0.1,12.15001,1.));
#459 = LINE('',#460,#461);
#460 = CARTESIAN_POINT('',(0.926864965621,13.176874965621,1.));
#461 = VECTOR('',#462,1.);
#462 = DIRECTION('',(-0.707106781187,-0.707106781187,0.));
#463 = ORIENTED_EDGE('',*,*,#464,.F.);
#464 = EDGE_CURVE('',#465,#457,#467,.T.);
#465 = VERTEX_POINT('',#466);
#466 = CARTESIAN_POINT('',(-0.1,9.84999,1.));
#467 = LINE('',#468,#469);
#468 = CARTESIAN_POINT('',(-0.1,9.75,1.));
#469 = VECTOR('',#470,1.);
#470 = DIRECTION('',(0.,1.,0.));
#471 = ORIENTED_EDGE('',*,*,#472,.F.);
#472 = EDGE_CURVE('',#473,#465,#475,.T.);
#473 = VERTEX_POINT('',#474);
#474 = CARTESIAN_POINT('',(-1.0000000001E-05,9.75,1.));
#475 = LINE('',#476,#477);
#476 = CARTESIAN_POINT('',(2.398125034379,7.351864965621,1.));
#477 = VECTOR('',#478,1.);
#478 = DIRECTION('',(-0.707106781187,0.707106781187,0.));
#479 = ORIENTED_EDGE('',*,*,#480,.F.);
#480 = EDGE_CURVE('',#481,#473,#483,.T.);
#481 = VERTEX_POINT('',#482);
#482 = CARTESIAN_POINT('',(0.,9.75,1.));
#483 = LINE('',#484,#485);
#484 = CARTESIAN_POINT('',(0.,9.75,1.));
#485 = VECTOR('',#486,1.);
#486 = DIRECTION('',(-1.,0.,0.));
#487 = ORIENTED_EDGE('',*,*,#488,.T.);
#488 = EDGE_CURVE('',#481,#489,#491,.T.);
#489 = VERTEX_POINT('',#490);
#490 = CARTESIAN_POINT('',(0.,6.25,1.));
#491 = LINE('',#492,#493);
#492 = CARTESIAN_POINT('',(0.,16.,1.));
#493 = VECTOR('',#494,1.);
#494 = DIRECTION('',(0.,-1.,0.));
#495 = ORIENTED_EDGE('',*,*,#496,.T.);
#496 = EDGE_CURVE('',#489,#497,#499,.T.);
#497 = VERTEX_POINT('',#498);
#498 = CARTESIAN_POINT('',(-1.E-05,6.25,1.));
#499 = LINE('',#500,#501);
#500 = CARTESIAN_POINT('',(0.,6.25,1.));
#501 = VECTOR('',#502,1.);
#502 = DIRECTION('',(-1.,0.,0.));
#503 = ORIENTED_EDGE('',*,*,#504,.T.);
#504 = EDGE_CURVE('',#497,#505,#507,.T.);
#505 = VERTEX_POINT('',#506);
#506 = CARTESIAN_POINT('',(-0.1,6.15001,1.));
#507 = LINE('',#508,#509);
#508 = CARTESIAN_POINT('',(2.426864965621,8.676874965621,1.));
#509 = VECTOR('',#510,1.);
#510 = DIRECTION('',(-0.707106781187,-0.707106781187,0.));
#511 = ORIENTED_EDGE('',*,*,#512,.F.);
#512 = EDGE_CURVE('',#513,#505,#515,.T.);
#513 = VERTEX_POINT('',#514);
#514 = CARTESIAN_POINT('',(-0.1,3.84999,1.));
#515 = LINE('',#516,#517);
#516 = CARTESIAN_POINT('',(-0.1,3.75,1.));
#517 = VECTOR('',#518,1.);
#518 = DIRECTION('',(0.,1.,0.));
#519 = ORIENTED_EDGE('',*,*,#520,.F.);
#520 = EDGE_CURVE('',#521,#513,#523,.T.);
#521 = VERTEX_POINT('',#522);
#522 = CARTESIAN_POINT('',(-1.E-05,3.75,1.));
#523 = LINE('',#524,#525);
#524 = CARTESIAN_POINT('',(0.898125034379,2.851864965621,1.));
#525 = VECTOR('',#526,1.);
#526 = DIRECTION('',(-0.707106781187,0.707106781187,0.));
#527 = ORIENTED_EDGE('',*,*,#528,.F.);
#528 = EDGE_CURVE('',#529,#521,#531,.T.);
#529 = VERTEX_POINT('',#530);
#530 = CARTESIAN_POINT('',(0.,3.75,1.));
#531 = LINE('',#532,#533);
#532 = CARTESIAN_POINT('',(0.,3.75,1.));
#533 = VECTOR('',#534,1.);
#534 = DIRECTION('',(-1.,0.,0.));
#535 = ORIENTED_EDGE('',*,*,#536,.T.);
#536 = EDGE_CURVE('',#529,#537,#539,.T.);
#537 = VERTEX_POINT('',#538);
#538 = CARTESIAN_POINT('',(0.,0.25,1.));
#539 = LINE('',#540,#541);
#540 = CARTESIAN_POINT('',(0.,16.,1.));
#541 = VECTOR('',#542,1.);
#542 = DIRECTION('',(0.,-1.,0.));
#543 = ORIENTED_EDGE('',*,*,#544,.F.);
#544 = EDGE_CURVE('',#545,#537,#547,.T.);
#545 = VERTEX_POINT('',#546);
#546 = CARTESIAN_POINT('',(0.25,0.,1.));
#547 = LINE('',#548,#549);
#548 = CARTESIAN_POINT('',(0.125,0.125,1.));
#549 = VECTOR('',#550,1.);
#550 = DIRECTION('',(-0.707106781187,0.707106781187,0.));
#551 = ORIENTED_EDGE('',*,*,#552,.T.);
#552 = EDGE_CURVE('',#545,#111,#553,.T.);
#553 = LINE('',#554,#555);
#554 = CARTESIAN_POINT('',(0.,0.,1.));
#555 = VECTOR('',#556,1.);
#556 = DIRECTION('',(1.,0.,0.));
#557 = FACE_BOUND('',#558,.T.);
#558 = EDGE_LOOP('',(#559,#569,#578,#586,#595,#603,#612,#620));
#559 = ORIENTED_EDGE('',*,*,#560,.F.);
#560 = EDGE_CURVE('',#561,#563,#565,.T.);
#561 = VERTEX_POINT('',#562);
#562 = CARTESIAN_POINT('',(6.05,1.05,1.));
#563 = VERTEX_POINT('',#564);
#564 = CARTESIAN_POINT('',(9.95,1.05,1.));
#565 = LINE('',#566,#567);
#566 = CARTESIAN_POINT('',(6.05,1.05,1.));
#567 = VECTOR('',#568,1.);
#568 = DIRECTION('',(1.,0.,0.));
#569 = ORIENTED_EDGE('',*,*,#570,.F.);
#570 = EDGE_CURVE('',#571,#561,#573,.T.);
#571 = VERTEX_POINT('',#572);
#572 = CARTESIAN_POINT('',(5.3,1.8,1.));
#573 = CIRCLE('',#574,0.75);
#574 = AXIS2_PLACEMENT_3D('',#575,#576,#577);
#575 = CARTESIAN_POINT('',(6.05,1.8,1.));
#576 = DIRECTION('',(0.,0.,1.));
#577 = DIRECTION('',(-1.,0.,0.));
#578 = ORIENTED_EDGE('',*,*,#579,.F.);
#579 = EDGE_CURVE('',#580,#571,#582,.T.);
#580 = VERTEX_POINT('',#581);
#581 = CARTESIAN_POINT('',(5.3,3.7,1.));
#582 = LINE('',#583,#584);
#583 = CARTESIAN_POINT('',(5.3,3.7,1.));
#584 = VECTOR('',#585,1.);
#585 = DIRECTION('',(0.,-1.,0.));
#586 = ORIENTED_EDGE('',*,*,#587,.F.);
#587 = EDGE_CURVE('',#588,#580,#590,.T.);
#588 = VERTEX_POINT('',#589);
#589 = CARTESIAN_POINT('',(6.05,4.45,1.));
#590 = CIRCLE('',#591,0.75);
#591 = AXIS2_PLACEMENT_3D('',#592,#593,#594);
#592 = CARTESIAN_POINT('',(6.05,3.7,1.));
#593 = DIRECTION('',(0.,-0.,1.));
#594 = DIRECTION('',(0.,1.,0.));
#595 = ORIENTED_EDGE('',*,*,#596,.F.);
#596 = EDGE_CURVE('',#597,#588,#599,.T.);
#597 = VERTEX_POINT('',#598);
#598 = CARTESIAN_POINT('',(9.95,4.45,1.));
#599 = LINE('',#600,#601);
#600 = CARTESIAN_POINT('',(9.95,4.45,1.));
#601 = VECTOR('',#602,1.);
#602 = DIRECTION('',(-1.,0.,0.));
#603 = ORIENTED_EDGE('',*,*,#604,.F.);
#604 = EDGE_CURVE('',#605,#597,#607,.T.);
#605 = VERTEX_POINT('',#606);
#606 = CARTESIAN_POINT('',(10.7,3.7,1.));
#607 = CIRCLE('',#608,0.75);
#608 = AXIS2_PLACEMENT_3D('',#609,#610,#611);
#609 = CARTESIAN_POINT('',(9.95,3.7,1.));
#610 = DIRECTION('',(0.,0.,1.));
#611 = DIRECTION('',(1.,0.,0.));
#612 = ORIENTED_EDGE('',*,*,#613,.F.);
#613 = EDGE_CURVE('',#614,#605,#616,.T.);
#614 = VERTEX_POINT('',#615);
#615 = CARTESIAN_POINT('',(10.7,1.8,1.));
#616 = LINE('',#617,#618);
#617 = CARTESIAN_POINT('',(10.7,1.8,1.));
#618 = VECTOR('',#619,1.);
#619 = DIRECTION('',(0.,1.,0.));
#620 = ORIENTED_EDGE('',*,*,#621,.F.);
#621 = EDGE_CURVE('',#563,#614,#622,.T.);
#622 = CIRCLE('',#623,0.75);
#623 = AXIS2_PLACEMENT_3D('',#624,#625,#626);
#624 = CARTESIAN_POINT('',(9.95,1.8,1.));
#625 = DIRECTION('',(-0.,0.,1.));
#626 = DIRECTION('',(0.,-1.,0.));
#627 = FACE_BOUND('',#628,.T.);
#628 = EDGE_LOOP('',(#629));
#629 = ORIENTED_EDGE('',*,*,#630,.F.);
#630 = EDGE_CURVE('',#631,#631,#633,.T.);
#631 = VERTEX_POINT('',#632);
#632 = CARTESIAN_POINT('',(4.45,2.7,1.));
#633 = CIRCLE('',#634,1.75);
#634 = AXIS2_PLACEMENT_3D('',#635,#636,#637);
#635 = CARTESIAN_POINT('',(2.7,2.7,1.));
#636 = DIRECTION('',(0.,0.,1.));
#637 = DIRECTION('',(1.,0.,0.));
#638 = FACE_BOUND('',#639,.T.);
#639 = EDGE_LOOP('',(#640));
#640 = ORIENTED_EDGE('',*,*,#641,.F.);
#641 = EDGE_CURVE('',#642,#642,#644,.T.);
#642 = VERTEX_POINT('',#643);
#643 = CARTESIAN_POINT('',(4.45,13.3,1.));
#644 = CIRCLE('',#645,1.75);
#645 = AXIS2_PLACEMENT_3D('',#646,#647,#648);
#646 = CARTESIAN_POINT('',(2.7,13.3,1.));
#647 = DIRECTION('',(0.,0.,1.));
#648 = DIRECTION('',(1.,0.,0.));
#649 = FACE_BOUND('',#650,.T.);
#650 = EDGE_LOOP('',(#651));
#651 = ORIENTED_EDGE('',*,*,#652,.F.);
#652 = EDGE_CURVE('',#653,#653,#655,.T.);
#653 = VERTEX_POINT('',#654);
#654 = CARTESIAN_POINT('',(15.05,13.3,1.));
#655 = CIRCLE('',#656,1.75);
#656 = AXIS2_PLACEMENT_3D('',#657,#658,#659);
#657 = CARTESIAN_POINT('',(13.3,13.3,1.));
#658 = DIRECTION('',(0.,0.,1.));
#659 = DIRECTION('',(1.,0.,0.));
#660 = FACE_BOUND('',#661,.T.);
#661 = EDGE_LOOP('',(#662));
#662 = ORIENTED_EDGE('',*,*,#64,.F.);
#663 = PLANE('',#664);
#664 = AXIS2_PLACEMENT_3D('',#665,#666,#667);
#665 = CARTESIAN_POINT('',(8.,8.057479862483,1.));
#666 = DIRECTION('',(0.,0.,1.));
#667 = DIRECTION('',(1.,0.,0.));
#668 = ADVANCED_FACE('',(#669),#688,.F.);
#669 = FACE_BOUND('',#670,.T.);
#670 = EDGE_LOOP('',(#671,#679,#680,#681));
#671 = ORIENTED_EDGE('',*,*,#672,.F.);
#672 = EDGE_CURVE('',#80,#673,#675,.T.);
#673 = VERTEX_POINT('',#674);
#674 = CARTESIAN_POINT('',(14.3,2.7,0.25));
#675 = LINE('',#676,#677);
#676 = CARTESIAN_POINT('',(14.3,2.7,0.25));
#677 = VECTOR('',#678,1.);
#678 = DIRECTION('',(-0.707106781187,-0.,-0.707106781187));
#679 = ORIENTED_EDGE('',*,*,#79,.T.);
#680 = ORIENTED_EDGE('',*,*,#672,.T.);
#681 = ORIENTED_EDGE('',*,*,#682,.F.);
#682 = EDGE_CURVE('',#673,#673,#683,.T.);
#683 = CIRCLE('',#684,1.);
#684 = AXIS2_PLACEMENT_3D('',#685,#686,#687);
#685 = CARTESIAN_POINT('',(13.3,2.7,0.25));
#686 = DIRECTION('',(0.,0.,1.));
#687 = DIRECTION('',(1.,0.,0.));
#688 = CONICAL_SURFACE('',#689,1.,0.785398163397);
#689 = AXIS2_PLACEMENT_3D('',#690,#691,#692);
#690 = CARTESIAN_POINT('',(13.3,2.7,0.25));
#691 = DIRECTION('',(0.,0.,1.));
#692 = DIRECTION('',(1.,0.,0.));
#693 = ADVANCED_FACE('',(#694),#713,.F.);
#694 = FACE_BOUND('',#695,.T.);
#695 = EDGE_LOOP('',(#696,#704,#705,#706));
#696 = ORIENTED_EDGE('',*,*,#697,.F.);
#697 = EDGE_CURVE('',#100,#698,#700,.T.);
#698 = VERTEX_POINT('',#699);
#699 = CARTESIAN_POINT('',(9.55,8.,0.8));
#700 = LINE('',#701,#702);
#701 = CARTESIAN_POINT('',(9.55,8.,0.8));
#702 = VECTOR('',#703,1.);
#703 = DIRECTION('',(-0.707106781187,-0.,-0.707106781187));
#704 = ORIENTED_EDGE('',*,*,#99,.T.);
#705 = ORIENTED_EDGE('',*,*,#697,.T.);
#706 = ORIENTED_EDGE('',*,*,#707,.F.);
#707 = EDGE_CURVE('',#698,#698,#708,.T.);
#708 = CIRCLE('',#709,1.55);
#709 = AXIS2_PLACEMENT_3D('',#710,#711,#712);
#710 = CARTESIAN_POINT('',(8.,8.,0.8));
#711 = DIRECTION('',(0.,0.,1.));
#712 = DIRECTION('',(1.,0.,0.));
#713 = CONICAL_SURFACE('',#714,1.55,0.785398163397);
#714 = AXIS2_PLACEMENT_3D('',#715,#716,#717);
#715 = CARTESIAN_POINT('',(8.,8.,0.8));
#716 = DIRECTION('',(0.,0.,1.));
#717 = DIRECTION('',(1.,0.,0.));
#718 = ADVANCED_FACE('',(#719),#744,.F.);
#719 = FACE_BOUND('',#720,.F.);
#720 = EDGE_LOOP('',(#721,#722,#730,#738));
#721 = ORIENTED_EDGE('',*,*,#110,.T.);
#722 = ORIENTED_EDGE('',*,*,#723,.T.);
#723 = EDGE_CURVE('',#113,#724,#726,.T.);
#724 = VERTEX_POINT('',#725);
#725 = CARTESIAN_POINT('',(3.75,-1.E-05,0.1));
#726 = LINE('',#727,#728);
#727 = CARTESIAN_POINT('',(3.75,-9.99999999987E-06,1.));
#728 = VECTOR('',#729,1.);
#729 = DIRECTION('',(0.,-2.2E-16,-1.));
#730 = ORIENTED_EDGE('',*,*,#731,.F.);
#731 = EDGE_CURVE('',#732,#724,#734,.T.);
#732 = VERTEX_POINT('',#733);
#733 = CARTESIAN_POINT('',(3.75,0.,0.1));
#734 = LINE('',#735,#736);
#735 = CARTESIAN_POINT('',(3.75,2.E-17,1.E-01));
#736 = VECTOR('',#737,1.);
#737 = DIRECTION('',(0.,-1.,2.2E-16));
#738 = ORIENTED_EDGE('',*,*,#739,.F.);
#739 = EDGE_CURVE('',#111,#732,#740,.T.);
#740 = LINE('',#741,#742);
#741 = CARTESIAN_POINT('',(3.75,0.,1.));
#742 = VECTOR('',#743,1.);
#743 = DIRECTION('',(0.,0.,-1.));
#744 = PLANE('',#745);
#745 = AXIS2_PLACEMENT_3D('',#746,#747,#748);
#746 = CARTESIAN_POINT('',(3.75,2.2E-16,1.));
#747 = DIRECTION('',(1.,0.,0.));
#748 = DIRECTION('',(0.,-2.2E-16,-1.));
#749 = ADVANCED_FACE('',(#750),#768,.T.);
#750 = FACE_BOUND('',#751,.T.);
#751 = EDGE_LOOP('',(#752,#753,#754,#762));
#752 = ORIENTED_EDGE('',*,*,#120,.F.);
#753 = ORIENTED_EDGE('',*,*,#723,.T.);
#754 = ORIENTED_EDGE('',*,*,#755,.F.);
#755 = EDGE_CURVE('',#756,#724,#758,.T.);
#756 = VERTEX_POINT('',#757);
#757 = CARTESIAN_POINT('',(3.84999,-0.1,0.19999));
#758 = LINE('',#759,#760);
#759 = CARTESIAN_POINT('',(3.93333,-0.18334,0.28333));
#760 = VECTOR('',#761,1.);
#761 = DIRECTION('',(-0.57735026919,0.57735026919,-0.57735026919));
#762 = ORIENTED_EDGE('',*,*,#763,.F.);
#763 = EDGE_CURVE('',#121,#756,#764,.T.);
#764 = LINE('',#765,#766);
#765 = CARTESIAN_POINT('',(3.84999,-1.E-01,1.));
#766 = VECTOR('',#767,1.);
#767 = DIRECTION('',(0.,-2.2E-16,-1.));
#768 = PLANE('',#769);
#769 = AXIS2_PLACEMENT_3D('',#770,#771,#772);
#770 = CARTESIAN_POINT('',(3.799995,-5.0005E-02,1.));
#771 = DIRECTION('',(-0.707106781187,-0.707106781187,-0.));
#772 = DIRECTION('',(1.1E-16,-1.1E-16,-1.));
#773 = ADVANCED_FACE('',(#774),#792,.F.);
#774 = FACE_BOUND('',#775,.F.);
#775 = EDGE_LOOP('',(#776,#784,#790,#791));
#776 = ORIENTED_EDGE('',*,*,#777,.F.);
#777 = EDGE_CURVE('',#778,#732,#780,.T.);
#778 = VERTEX_POINT('',#779);
#779 = CARTESIAN_POINT('',(0.25,0.,0.1));
#780 = LINE('',#781,#782);
#781 = CARTESIAN_POINT('',(0.25,0.,0.1));
#782 = VECTOR('',#783,1.);
#783 = DIRECTION('',(1.,0.,0.));
#784 = ORIENTED_EDGE('',*,*,#785,.T.);
#785 = EDGE_CURVE('',#778,#545,#786,.T.);
#786 = LINE('',#787,#788);
#787 = CARTESIAN_POINT('',(0.25,0.,0.));
#788 = VECTOR('',#789,1.);
#789 = DIRECTION('',(0.,0.,1.));
#790 = ORIENTED_EDGE('',*,*,#552,.T.);
#791 = ORIENTED_EDGE('',*,*,#739,.T.);
#792 = PLANE('',#793);
#793 = AXIS2_PLACEMENT_3D('',#794,#795,#796);
#794 = CARTESIAN_POINT('',(0.,0.,0.));
#795 = DIRECTION('',(0.,1.,0.));
#796 = DIRECTION('',(1.,0.,0.));
#797 = ADVANCED_FACE('',(#798),#816,.F.);
#798 = FACE_BOUND('',#799,.F.);
#799 = EDGE_LOOP('',(#800,#801,#809,#815));
#800 = ORIENTED_EDGE('',*,*,#128,.F.);
#801 = ORIENTED_EDGE('',*,*,#802,.F.);
#802 = EDGE_CURVE('',#803,#129,#805,.T.);
#803 = VERTEX_POINT('',#804);
#804 = CARTESIAN_POINT('',(6.15001,-0.1,0.19999));
#805 = LINE('',#806,#807);
#806 = CARTESIAN_POINT('',(6.15001,-1.E-01,0.1));
#807 = VECTOR('',#808,1.);
#808 = DIRECTION('',(0.,2.2E-16,1.));
#809 = ORIENTED_EDGE('',*,*,#810,.F.);
#810 = EDGE_CURVE('',#756,#803,#811,.T.);
#811 = LINE('',#812,#813);
#812 = CARTESIAN_POINT('',(3.75,-1.E-01,0.19999));
#813 = VECTOR('',#814,1.);
#814 = DIRECTION('',(1.,0.,0.));
#815 = ORIENTED_EDGE('',*,*,#763,.F.);
#816 = PLANE('',#817);
#817 = AXIS2_PLACEMENT_3D('',#818,#819,#820);
#818 = CARTESIAN_POINT('',(8.,-1.E-01,0.55));
#819 = DIRECTION('',(0.,1.,0.));
#820 = DIRECTION('',(0.,0.,1.));
#821 = ADVANCED_FACE('',(#822),#840,.T.);
#822 = FACE_BOUND('',#823,.T.);
#823 = EDGE_LOOP('',(#824,#825,#826,#834));
#824 = ORIENTED_EDGE('',*,*,#785,.T.);
#825 = ORIENTED_EDGE('',*,*,#544,.T.);
#826 = ORIENTED_EDGE('',*,*,#827,.F.);
#827 = EDGE_CURVE('',#828,#537,#830,.T.);
#828 = VERTEX_POINT('',#829);
#829 = CARTESIAN_POINT('',(0.,0.25,0.1));
#830 = LINE('',#831,#832);
#831 = CARTESIAN_POINT('',(0.,0.25,0.));
#832 = VECTOR('',#833,1.);
#833 = DIRECTION('',(0.,0.,1.));
#834 = ORIENTED_EDGE('',*,*,#835,.F.);
#835 = EDGE_CURVE('',#778,#828,#836,.T.);
#836 = LINE('',#837,#838);
#837 = CARTESIAN_POINT('',(0.25,-4.7E-16,0.1));
#838 = VECTOR('',#839,1.);
#839 = DIRECTION('',(-0.707106781187,0.707106781187,0.));
#840 = PLANE('',#841);
#841 = AXIS2_PLACEMENT_3D('',#842,#843,#844);
#842 = CARTESIAN_POINT('',(0.125,0.125,0.));
#843 = DIRECTION('',(-0.707106781187,-0.707106781187,0.));
#844 = DIRECTION('',(0.,0.,1.));
#845 = ADVANCED_FACE('',(#846),#864,.T.);
#846 = FACE_BOUND('',#847,.F.);
#847 = EDGE_LOOP('',(#848,#856,#857,#858));
#848 = ORIENTED_EDGE('',*,*,#849,.F.);
#849 = EDGE_CURVE('',#803,#850,#852,.T.);
#850 = VERTEX_POINT('',#851);
#851 = CARTESIAN_POINT('',(6.25,-1.E-05,0.1));
#852 = LINE('',#853,#854);
#853 = CARTESIAN_POINT('',(5.800003333333,-0.450006666667,0.549996666667
    ));
#854 = VECTOR('',#855,1.);
#855 = DIRECTION('',(0.57735026919,0.57735026919,-0.57735026919));
#856 = ORIENTED_EDGE('',*,*,#802,.T.);
#857 = ORIENTED_EDGE('',*,*,#136,.T.);
#858 = ORIENTED_EDGE('',*,*,#859,.F.);
#859 = EDGE_CURVE('',#850,#137,#860,.T.);
#860 = LINE('',#861,#862);
#861 = CARTESIAN_POINT('',(6.25,-9.99999999987E-06,0.1));
#862 = VECTOR('',#863,1.);
#863 = DIRECTION('',(0.,2.2E-16,1.));
#864 = PLANE('',#865);
#865 = AXIS2_PLACEMENT_3D('',#866,#867,#868);
#866 = CARTESIAN_POINT('',(6.200005,-5.0005E-02,0.1));
#867 = DIRECTION('',(0.707106781187,-0.707106781187,0.));
#868 = DIRECTION('',(-1.1E-16,-1.1E-16,-1.));
#869 = ADVANCED_FACE('',(#870),#888,.F.);
#870 = FACE_BOUND('',#871,.F.);
#871 = EDGE_LOOP('',(#872,#880,#886,#887));
#872 = ORIENTED_EDGE('',*,*,#873,.F.);
#873 = EDGE_CURVE('',#874,#828,#876,.T.);
#874 = VERTEX_POINT('',#875);
#875 = CARTESIAN_POINT('',(0.,3.75,0.1));
#876 = LINE('',#877,#878);
#877 = CARTESIAN_POINT('',(0.,15.75,0.1));
#878 = VECTOR('',#879,1.);
#879 = DIRECTION('',(0.,-1.,0.));
#880 = ORIENTED_EDGE('',*,*,#881,.T.);
#881 = EDGE_CURVE('',#874,#529,#882,.T.);
#882 = LINE('',#883,#884);
#883 = CARTESIAN_POINT('',(0.,3.75,1.E-01));
#884 = VECTOR('',#885,1.);
#885 = DIRECTION('',(0.,0.,1.));
#886 = ORIENTED_EDGE('',*,*,#536,.T.);
#887 = ORIENTED_EDGE('',*,*,#827,.F.);
#888 = PLANE('',#889);
#889 = AXIS2_PLACEMENT_3D('',#890,#891,#892);
#890 = CARTESIAN_POINT('',(0.,16.,0.));
#891 = DIRECTION('',(1.,0.,0.));
#892 = DIRECTION('',(0.,-1.,0.));
#893 = ADVANCED_FACE('',(#894),#912,.F.);
#894 = FACE_BOUND('',#895,.F.);
#895 = EDGE_LOOP('',(#896,#904,#905,#906));
#896 = ORIENTED_EDGE('',*,*,#897,.T.);
#897 = EDGE_CURVE('',#898,#850,#900,.T.);
#898 = VERTEX_POINT('',#899);
#899 = CARTESIAN_POINT('',(6.25,0.,0.1));
#900 = LINE('',#901,#902);
#901 = CARTESIAN_POINT('',(6.25,2.E-17,0.1));
#902 = VECTOR('',#903,1.);
#903 = DIRECTION('',(0.,-1.,2.2E-16));
#904 = ORIENTED_EDGE('',*,*,#859,.T.);
#905 = ORIENTED_EDGE('',*,*,#144,.F.);
#906 = ORIENTED_EDGE('',*,*,#907,.F.);
#907 = EDGE_CURVE('',#898,#145,#908,.T.);
#908 = LINE('',#909,#910);
#909 = CARTESIAN_POINT('',(6.25,0.,0.1));
#910 = VECTOR('',#911,1.);
#911 = DIRECTION('',(0.,0.,1.));
#912 = PLANE('',#913);
#913 = AXIS2_PLACEMENT_3D('',#914,#915,#916);
#914 = CARTESIAN_POINT('',(6.25,2.E-17,0.1));
#915 = DIRECTION('',(-1.,0.,0.));
#916 = DIRECTION('',(0.,2.2E-16,1.));
#917 = ADVANCED_FACE('',(#918),#936,.F.);
#918 = FACE_BOUND('',#919,.F.);
#919 = EDGE_LOOP('',(#920,#928,#934,#935));
#920 = ORIENTED_EDGE('',*,*,#921,.T.);
#921 = EDGE_CURVE('',#874,#922,#924,.T.);
#922 = VERTEX_POINT('',#923);
#923 = CARTESIAN_POINT('',(-1.E-05,3.75,0.1));
#924 = LINE('',#925,#926);
#925 = CARTESIAN_POINT('',(0.,3.75,1.E-01));
#926 = VECTOR('',#927,1.);
#927 = DIRECTION('',(-1.,0.,0.));
#928 = ORIENTED_EDGE('',*,*,#929,.T.);
#929 = EDGE_CURVE('',#922,#521,#930,.T.);
#930 = LINE('',#931,#932);
#931 = CARTESIAN_POINT('',(-1.E-05,3.75,1.E-01));
#932 = VECTOR('',#933,1.);
#933 = DIRECTION('',(0.,0.,1.));
#934 = ORIENTED_EDGE('',*,*,#528,.F.);
#935 = ORIENTED_EDGE('',*,*,#881,.F.);
#936 = PLANE('',#937);
#937 = AXIS2_PLACEMENT_3D('',#938,#939,#940);
#938 = CARTESIAN_POINT('',(0.,3.75,1.E-01));
#939 = DIRECTION('',(0.,1.,0.));
#940 = DIRECTION('',(0.,0.,1.));
#941 = ADVANCED_FACE('',(#942),#960,.F.);
#942 = FACE_BOUND('',#943,.F.);
#943 = EDGE_LOOP('',(#944,#952,#953,#954));
#944 = ORIENTED_EDGE('',*,*,#945,.F.);
#945 = EDGE_CURVE('',#898,#946,#948,.T.);
#946 = VERTEX_POINT('',#947);
#947 = CARTESIAN_POINT('',(9.75,0.,0.1));
#948 = LINE('',#949,#950);
#949 = CARTESIAN_POINT('',(0.25,0.,0.1));
#950 = VECTOR('',#951,1.);
#951 = DIRECTION('',(1.,0.,0.));
#952 = ORIENTED_EDGE('',*,*,#907,.T.);
#953 = ORIENTED_EDGE('',*,*,#152,.T.);
#954 = ORIENTED_EDGE('',*,*,#955,.T.);
#955 = EDGE_CURVE('',#153,#946,#956,.T.);
#956 = LINE('',#957,#958);
#957 = CARTESIAN_POINT('',(9.75,0.,1.));
#958 = VECTOR('',#959,1.);
#959 = DIRECTION('',(0.,0.,-1.));
#960 = PLANE('',#961);
#961 = AXIS2_PLACEMENT_3D('',#962,#963,#964);
#962 = CARTESIAN_POINT('',(0.,0.,0.));
#963 = DIRECTION('',(0.,1.,0.));
#964 = DIRECTION('',(1.,0.,0.));
#965 = ADVANCED_FACE('',(#966),#984,.T.);
#966 = FACE_BOUND('',#967,.T.);
#967 = EDGE_LOOP('',(#968,#976,#977,#978));
#968 = ORIENTED_EDGE('',*,*,#969,.T.);
#969 = EDGE_CURVE('',#970,#922,#972,.T.);
#970 = VERTEX_POINT('',#971);
#971 = CARTESIAN_POINT('',(-0.1,3.84999,0.19999));
#972 = LINE('',#973,#974);
#973 = CARTESIAN_POINT('',(-0.450006666667,4.199996666667,0.549996666667
    ));
#974 = VECTOR('',#975,1.);
#975 = DIRECTION('',(0.57735026919,-0.57735026919,-0.57735026919));
#976 = ORIENTED_EDGE('',*,*,#929,.T.);
#977 = ORIENTED_EDGE('',*,*,#520,.T.);
#978 = ORIENTED_EDGE('',*,*,#979,.F.);
#979 = EDGE_CURVE('',#970,#513,#980,.T.);
#980 = LINE('',#981,#982);
#981 = CARTESIAN_POINT('',(-0.1,3.84999,1.E-01));
#982 = VECTOR('',#983,1.);
#983 = DIRECTION('',(0.,0.,1.));
#984 = PLANE('',#985);
#985 = AXIS2_PLACEMENT_3D('',#986,#987,#988);
#986 = CARTESIAN_POINT('',(-5.0005E-02,3.799995,1.E-01));
#987 = DIRECTION('',(-0.707106781187,-0.707106781187,0.));
#988 = DIRECTION('',(0.,0.,1.));
#989 = ADVANCED_FACE('',(#990),#1008,.F.);
#990 = FACE_BOUND('',#991,.F.);
#991 = EDGE_LOOP('',(#992,#993,#1001,#1007));
#992 = ORIENTED_EDGE('',*,*,#160,.T.);
#993 = ORIENTED_EDGE('',*,*,#994,.T.);
#994 = EDGE_CURVE('',#161,#995,#997,.T.);
#995 = VERTEX_POINT('',#996);
#996 = CARTESIAN_POINT('',(9.75,-1.E-05,0.1));
#997 = LINE('',#998,#999);
#998 = CARTESIAN_POINT('',(9.75,-9.99999999987E-06,1.));
#999 = VECTOR('',#1000,1.);
#1000 = DIRECTION('',(0.,-2.2E-16,-1.));
#1001 = ORIENTED_EDGE('',*,*,#1002,.F.);
#1002 = EDGE_CURVE('',#946,#995,#1003,.T.);
#1003 = LINE('',#1004,#1005);
#1004 = CARTESIAN_POINT('',(9.75,2.E-17,1.E-01));
#1005 = VECTOR('',#1006,1.);
#1006 = DIRECTION('',(0.,-1.,2.2E-16));
#1007 = ORIENTED_EDGE('',*,*,#955,.F.);
#1008 = PLANE('',#1009);
#1009 = AXIS2_PLACEMENT_3D('',#1010,#1011,#1012);
#1010 = CARTESIAN_POINT('',(9.75,2.2E-16,1.));
#1011 = DIRECTION('',(1.,0.,0.));
#1012 = DIRECTION('',(0.,-2.2E-16,-1.));
#1013 = ADVANCED_FACE('',(#1014),#1032,.F.);
#1014 = FACE_BOUND('',#1015,.F.);
#1015 = EDGE_LOOP('',(#1016,#1017,#1018,#1026));
#1016 = ORIENTED_EDGE('',*,*,#512,.F.);
#1017 = ORIENTED_EDGE('',*,*,#979,.F.);
#1018 = ORIENTED_EDGE('',*,*,#1019,.F.);
#1019 = EDGE_CURVE('',#1020,#970,#1022,.T.);
#1020 = VERTEX_POINT('',#1021);
#1021 = CARTESIAN_POINT('',(-0.1,6.15001,0.19999));
#1022 = LINE('',#1023,#1024);
#1023 = CARTESIAN_POINT('',(-0.1,6.25,0.19999));
#1024 = VECTOR('',#1025,1.);
#1025 = DIRECTION('',(0.,-1.,0.));
#1026 = ORIENTED_EDGE('',*,*,#1027,.F.);
#1027 = EDGE_CURVE('',#505,#1020,#1028,.T.);
#1028 = LINE('',#1029,#1030);
#1029 = CARTESIAN_POINT('',(-0.1,6.15001,1.));
#1030 = VECTOR('',#1031,1.);
#1031 = DIRECTION('',(0.,0.,-1.));
#1032 = PLANE('',#1033);
#1033 = AXIS2_PLACEMENT_3D('',#1034,#1035,#1036);
#1034 = CARTESIAN_POINT('',(-0.1,8.,0.55));
#1035 = DIRECTION('',(1.,0.,0.));
#1036 = DIRECTION('',(0.,0.,1.));
#1037 = ADVANCED_FACE('',(#1038),#1056,.T.);
#1038 = FACE_BOUND('',#1039,.T.);
#1039 = EDGE_LOOP('',(#1040,#1041,#1042,#1050));
#1040 = ORIENTED_EDGE('',*,*,#168,.F.);
#1041 = ORIENTED_EDGE('',*,*,#994,.T.);
#1042 = ORIENTED_EDGE('',*,*,#1043,.F.);
#1043 = EDGE_CURVE('',#1044,#995,#1046,.T.);
#1044 = VERTEX_POINT('',#1045);
#1045 = CARTESIAN_POINT('',(9.84999,-0.1,0.19999));
#1046 = LINE('',#1047,#1048);
#1047 = CARTESIAN_POINT('',(9.93333,-0.18334,0.28333));
#1048 = VECTOR('',#1049,1.);
#1049 = DIRECTION('',(-0.57735026919,0.57735026919,-0.57735026919));
#1050 = ORIENTED_EDGE('',*,*,#1051,.F.);
#1051 = EDGE_CURVE('',#169,#1044,#1052,.T.);
#1052 = LINE('',#1053,#1054);
#1053 = CARTESIAN_POINT('',(9.84999,-1.E-01,1.));
#1054 = VECTOR('',#1055,1.);
#1055 = DIRECTION('',(0.,-2.2E-16,-1.));
#1056 = PLANE('',#1057);
#1057 = AXIS2_PLACEMENT_3D('',#1058,#1059,#1060);
#1058 = CARTESIAN_POINT('',(9.799995,-5.0005E-02,1.));
#1059 = DIRECTION('',(-0.707106781187,-0.707106781187,-0.));
#1060 = DIRECTION('',(1.1E-16,-1.1E-16,-1.));
#1061 = ADVANCED_FACE('',(#1062),#1080,.T.);
#1062 = FACE_BOUND('',#1063,.T.);
#1063 = EDGE_LOOP('',(#1064,#1065,#1073,#1079));
#1064 = ORIENTED_EDGE('',*,*,#504,.F.);
#1065 = ORIENTED_EDGE('',*,*,#1066,.T.);
#1066 = EDGE_CURVE('',#497,#1067,#1069,.T.);
#1067 = VERTEX_POINT('',#1068);
#1068 = CARTESIAN_POINT('',(-1.E-05,6.25,0.1));
#1069 = LINE('',#1070,#1071);
#1070 = CARTESIAN_POINT('',(-1.E-05,6.25,1.));
#1071 = VECTOR('',#1072,1.);
#1072 = DIRECTION('',(0.,0.,-1.));
#1073 = ORIENTED_EDGE('',*,*,#1074,.F.);
#1074 = EDGE_CURVE('',#1020,#1067,#1075,.T.);
#1075 = LINE('',#1076,#1077);
#1076 = CARTESIAN_POINT('',(-0.18334,6.06667,0.28333));
#1077 = VECTOR('',#1078,1.);
#1078 = DIRECTION('',(0.57735026919,0.57735026919,-0.57735026919));
#1079 = ORIENTED_EDGE('',*,*,#1027,.F.);
#1080 = PLANE('',#1081);
#1081 = AXIS2_PLACEMENT_3D('',#1082,#1083,#1084);
#1082 = CARTESIAN_POINT('',(-5.0005E-02,6.200005,1.));
#1083 = DIRECTION('',(-0.707106781187,0.707106781187,0.));
#1084 = DIRECTION('',(0.,0.,-1.));
#1085 = ADVANCED_FACE('',(#1086),#1104,.F.);
#1086 = FACE_BOUND('',#1087,.F.);
#1087 = EDGE_LOOP('',(#1088,#1089,#1097,#1103));
#1088 = ORIENTED_EDGE('',*,*,#176,.F.);
#1089 = ORIENTED_EDGE('',*,*,#1090,.F.);
#1090 = EDGE_CURVE('',#1091,#177,#1093,.T.);
#1091 = VERTEX_POINT('',#1092);
#1092 = CARTESIAN_POINT('',(12.15001,-0.1,0.19999));
#1093 = LINE('',#1094,#1095);
#1094 = CARTESIAN_POINT('',(12.15001,-1.E-01,0.1));
#1095 = VECTOR('',#1096,1.);
#1096 = DIRECTION('',(0.,2.2E-16,1.));
#1097 = ORIENTED_EDGE('',*,*,#1098,.F.);
#1098 = EDGE_CURVE('',#1044,#1091,#1099,.T.);
#1099 = LINE('',#1100,#1101);
#1100 = CARTESIAN_POINT('',(9.75,-1.E-01,0.19999));
#1101 = VECTOR('',#1102,1.);
#1102 = DIRECTION('',(1.,0.,0.));
#1103 = ORIENTED_EDGE('',*,*,#1051,.F.);
#1104 = PLANE('',#1105);
#1105 = AXIS2_PLACEMENT_3D('',#1106,#1107,#1108);
#1106 = CARTESIAN_POINT('',(8.,-1.E-01,0.55));
#1107 = DIRECTION('',(0.,1.,0.));
#1108 = DIRECTION('',(0.,0.,1.));
#1109 = ADVANCED_FACE('',(#1110),#1128,.F.);
#1110 = FACE_BOUND('',#1111,.F.);
#1111 = EDGE_LOOP('',(#1112,#1113,#1114,#1122));
#1112 = ORIENTED_EDGE('',*,*,#496,.T.);
#1113 = ORIENTED_EDGE('',*,*,#1066,.T.);
#1114 = ORIENTED_EDGE('',*,*,#1115,.F.);
#1115 = EDGE_CURVE('',#1116,#1067,#1118,.T.);
#1116 = VERTEX_POINT('',#1117);
#1117 = CARTESIAN_POINT('',(0.,6.25,0.1));
#1118 = LINE('',#1119,#1120);
#1119 = CARTESIAN_POINT('',(0.,6.25,1.E-01));
#1120 = VECTOR('',#1121,1.);
#1121 = DIRECTION('',(-1.,0.,0.));
#1122 = ORIENTED_EDGE('',*,*,#1123,.F.);
#1123 = EDGE_CURVE('',#489,#1116,#1124,.T.);
#1124 = LINE('',#1125,#1126);
#1125 = CARTESIAN_POINT('',(0.,6.25,1.));
#1126 = VECTOR('',#1127,1.);
#1127 = DIRECTION('',(0.,0.,-1.));
#1128 = PLANE('',#1129);
#1129 = AXIS2_PLACEMENT_3D('',#1130,#1131,#1132);
#1130 = CARTESIAN_POINT('',(0.,6.25,1.));
#1131 = DIRECTION('',(-0.,-1.,-0.));
#1132 = DIRECTION('',(0.,0.,-1.));
#1133 = ADVANCED_FACE('',(#1134),#1152,.T.);
#1134 = FACE_BOUND('',#1135,.F.);
#1135 = EDGE_LOOP('',(#1136,#1144,#1145,#1146));
#1136 = ORIENTED_EDGE('',*,*,#1137,.F.);
#1137 = EDGE_CURVE('',#1091,#1138,#1140,.T.);
#1138 = VERTEX_POINT('',#1139);
#1139 = CARTESIAN_POINT('',(12.25,-1.E-05,0.1));
#1140 = LINE('',#1141,#1142);
#1141 = CARTESIAN_POINT('',(11.800003333333,-0.450006666667,
    0.549996666667));
#1142 = VECTOR('',#1143,1.);
#1143 = DIRECTION('',(0.57735026919,0.57735026919,-0.57735026919));
#1144 = ORIENTED_EDGE('',*,*,#1090,.T.);
#1145 = ORIENTED_EDGE('',*,*,#184,.T.);
#1146 = ORIENTED_EDGE('',*,*,#1147,.F.);
#1147 = EDGE_CURVE('',#1138,#185,#1148,.T.);
#1148 = LINE('',#1149,#1150);
#1149 = CARTESIAN_POINT('',(12.25,-9.99999999987E-06,1.E-01));
#1150 = VECTOR('',#1151,1.);
#1151 = DIRECTION('',(0.,2.2E-16,1.));
#1152 = PLANE('',#1153);
#1153 = AXIS2_PLACEMENT_3D('',#1154,#1155,#1156);
#1154 = CARTESIAN_POINT('',(12.200005,-5.0005E-02,1.E-01));
#1155 = DIRECTION('',(0.707106781187,-0.707106781187,0.));
#1156 = DIRECTION('',(-1.1E-16,-1.1E-16,-1.));
#1157 = ADVANCED_FACE('',(#1158),#1176,.F.);
#1158 = FACE_BOUND('',#1159,.F.);
#1159 = EDGE_LOOP('',(#1160,#1168,#1174,#1175));
#1160 = ORIENTED_EDGE('',*,*,#1161,.F.);
#1161 = EDGE_CURVE('',#1162,#1116,#1164,.T.);
#1162 = VERTEX_POINT('',#1163);
#1163 = CARTESIAN_POINT('',(0.,9.75,0.1));
#1164 = LINE('',#1165,#1166);
#1165 = CARTESIAN_POINT('',(0.,15.75,0.1));
#1166 = VECTOR('',#1167,1.);
#1167 = DIRECTION('',(0.,-1.,0.));
#1168 = ORIENTED_EDGE('',*,*,#1169,.T.);
#1169 = EDGE_CURVE('',#1162,#481,#1170,.T.);
#1170 = LINE('',#1171,#1172);
#1171 = CARTESIAN_POINT('',(0.,9.75,0.1));
#1172 = VECTOR('',#1173,1.);
#1173 = DIRECTION('',(0.,0.,1.));
#1174 = ORIENTED_EDGE('',*,*,#488,.T.);
#1175 = ORIENTED_EDGE('',*,*,#1123,.T.);
#1176 = PLANE('',#1177);
#1177 = AXIS2_PLACEMENT_3D('',#1178,#1179,#1180);
#1178 = CARTESIAN_POINT('',(0.,16.,0.));
#1179 = DIRECTION('',(1.,0.,0.));
#1180 = DIRECTION('',(0.,-1.,0.));
#1181 = ADVANCED_FACE('',(#1182),#1200,.F.);
#1182 = FACE_BOUND('',#1183,.F.);
#1183 = EDGE_LOOP('',(#1184,#1192,#1193,#1194));
#1184 = ORIENTED_EDGE('',*,*,#1185,.T.);
#1185 = EDGE_CURVE('',#1186,#1138,#1188,.T.);
#1186 = VERTEX_POINT('',#1187);
#1187 = CARTESIAN_POINT('',(12.25,0.,0.1));
#1188 = LINE('',#1189,#1190);
#1189 = CARTESIAN_POINT('',(12.25,2.E-17,1.E-01));
#1190 = VECTOR('',#1191,1.);
#1191 = DIRECTION('',(0.,-1.,2.2E-16));
#1192 = ORIENTED_EDGE('',*,*,#1147,.T.);
#1193 = ORIENTED_EDGE('',*,*,#192,.F.);
#1194 = ORIENTED_EDGE('',*,*,#1195,.F.);
#1195 = EDGE_CURVE('',#1186,#193,#1196,.T.);
#1196 = LINE('',#1197,#1198);
#1197 = CARTESIAN_POINT('',(12.25,0.,1.E-01));
#1198 = VECTOR('',#1199,1.);
#1199 = DIRECTION('',(0.,0.,1.));
#1200 = PLANE('',#1201);
#1201 = AXIS2_PLACEMENT_3D('',#1202,#1203,#1204);
#1202 = CARTESIAN_POINT('',(12.25,2.E-17,1.E-01));
#1203 = DIRECTION('',(-1.,0.,0.));
#1204 = DIRECTION('',(0.,2.2E-16,1.));
#1205 = ADVANCED_FACE('',(#1206),#1224,.F.);
#1206 = FACE_BOUND('',#1207,.F.);
#1207 = EDGE_LOOP('',(#1208,#1216,#1222,#1223));
#1208 = ORIENTED_EDGE('',*,*,#1209,.T.);
#1209 = EDGE_CURVE('',#1162,#1210,#1212,.T.);
#1210 = VERTEX_POINT('',#1211);
#1211 = CARTESIAN_POINT('',(-1.E-05,9.75,0.1));
#1212 = LINE('',#1213,#1214);
#1213 = CARTESIAN_POINT('',(0.,9.75,0.1));
#1214 = VECTOR('',#1215,1.);
#1215 = DIRECTION('',(-1.,0.,0.));
#1216 = ORIENTED_EDGE('',*,*,#1217,.T.);
#1217 = EDGE_CURVE('',#1210,#473,#1218,.T.);
#1218 = LINE('',#1219,#1220);
#1219 = CARTESIAN_POINT('',(-1.E-05,9.75,0.1));
#1220 = VECTOR('',#1221,1.);
#1221 = DIRECTION('',(0.,0.,1.));
#1222 = ORIENTED_EDGE('',*,*,#480,.F.);
#1223 = ORIENTED_EDGE('',*,*,#1169,.F.);
#1224 = PLANE('',#1225);
#1225 = AXIS2_PLACEMENT_3D('',#1226,#1227,#1228);
#1226 = CARTESIAN_POINT('',(0.,9.75,0.1));
#1227 = DIRECTION('',(0.,1.,0.));
#1228 = DIRECTION('',(0.,0.,1.));
#1229 = ADVANCED_FACE('',(#1230),#1248,.F.);
#1230 = FACE_BOUND('',#1231,.F.);
#1231 = EDGE_LOOP('',(#1232,#1240,#1241,#1242));
#1232 = ORIENTED_EDGE('',*,*,#1233,.F.);
#1233 = EDGE_CURVE('',#1186,#1234,#1236,.T.);
#1234 = VERTEX_POINT('',#1235);
#1235 = CARTESIAN_POINT('',(15.75,0.,0.1));
#1236 = LINE('',#1237,#1238);
#1237 = CARTESIAN_POINT('',(0.25,0.,0.1));
#1238 = VECTOR('',#1239,1.);
#1239 = DIRECTION('',(1.,0.,0.));
#1240 = ORIENTED_EDGE('',*,*,#1195,.T.);
#1241 = ORIENTED_EDGE('',*,*,#200,.T.);
#1242 = ORIENTED_EDGE('',*,*,#1243,.F.);
#1243 = EDGE_CURVE('',#1234,#201,#1244,.T.);
#1244 = LINE('',#1245,#1246);
#1245 = CARTESIAN_POINT('',(15.75,0.,0.));
#1246 = VECTOR('',#1247,1.);
#1247 = DIRECTION('',(0.,0.,1.));
#1248 = PLANE('',#1249);
#1249 = AXIS2_PLACEMENT_3D('',#1250,#1251,#1252);
#1250 = CARTESIAN_POINT('',(0.,0.,0.));
#1251 = DIRECTION('',(0.,1.,0.));
#1252 = DIRECTION('',(1.,0.,0.));
#1253 = ADVANCED_FACE('',(#1254),#1272,.T.);
#1254 = FACE_BOUND('',#1255,.T.);
#1255 = EDGE_LOOP('',(#1256,#1264,#1265,#1266));
#1256 = ORIENTED_EDGE('',*,*,#1257,.T.);
#1257 = EDGE_CURVE('',#1258,#1210,#1260,.T.);
#1258 = VERTEX_POINT('',#1259);
#1259 = CARTESIAN_POINT('',(-0.1,9.84999,0.19999));
#1260 = LINE('',#1261,#1262);
#1261 = CARTESIAN_POINT('',(-0.450006666667,10.199996666667,
    0.549996666667));
#1262 = VECTOR('',#1263,1.);
#1263 = DIRECTION('',(0.57735026919,-0.57735026919,-0.57735026919));
#1264 = ORIENTED_EDGE('',*,*,#1217,.T.);
#1265 = ORIENTED_EDGE('',*,*,#472,.T.);
#1266 = ORIENTED_EDGE('',*,*,#1267,.F.);
#1267 = EDGE_CURVE('',#1258,#465,#1268,.T.);
#1268 = LINE('',#1269,#1270);
#1269 = CARTESIAN_POINT('',(-0.1,9.84999,0.1));
#1270 = VECTOR('',#1271,1.);
#1271 = DIRECTION('',(0.,0.,1.));
#1272 = PLANE('',#1273);
#1273 = AXIS2_PLACEMENT_3D('',#1274,#1275,#1276);
#1274 = CARTESIAN_POINT('',(-5.0005E-02,9.799995,0.1));
#1275 = DIRECTION('',(-0.707106781187,-0.707106781187,0.));
#1276 = DIRECTION('',(0.,0.,1.));
#1277 = ADVANCED_FACE('',(#1278),#1296,.T.);
#1278 = FACE_BOUND('',#1279,.F.);
#1279 = EDGE_LOOP('',(#1280,#1281,#1282,#1290));
#1280 = ORIENTED_EDGE('',*,*,#1243,.T.);
#1281 = ORIENTED_EDGE('',*,*,#208,.T.);
#1282 = ORIENTED_EDGE('',*,*,#1283,.F.);
#1283 = EDGE_CURVE('',#1284,#209,#1286,.T.);
#1284 = VERTEX_POINT('',#1285);
#1285 = CARTESIAN_POINT('',(16.,0.25,0.1));
#1286 = LINE('',#1287,#1288);
#1287 = CARTESIAN_POINT('',(16.,0.25,0.));
#1288 = VECTOR('',#1289,1.);
#1289 = DIRECTION('',(0.,0.,1.));
#1290 = ORIENTED_EDGE('',*,*,#1291,.F.);
#1291 = EDGE_CURVE('',#1234,#1284,#1292,.T.);
#1292 = LINE('',#1293,#1294);
#1293 = CARTESIAN_POINT('',(15.75,0.,0.1));
#1294 = VECTOR('',#1295,1.);
#1295 = DIRECTION('',(0.707106781187,0.707106781187,0.));
#1296 = PLANE('',#1297);
#1297 = AXIS2_PLACEMENT_3D('',#1298,#1299,#1300);
#1298 = CARTESIAN_POINT('',(15.875,0.125,0.));
#1299 = DIRECTION('',(0.707106781187,-0.707106781187,0.));
#1300 = DIRECTION('',(-0.,-0.,-1.));
#1301 = ADVANCED_FACE('',(#1302),#1320,.F.);
#1302 = FACE_BOUND('',#1303,.F.);
#1303 = EDGE_LOOP('',(#1304,#1305,#1306,#1314));
#1304 = ORIENTED_EDGE('',*,*,#464,.F.);
#1305 = ORIENTED_EDGE('',*,*,#1267,.F.);
#1306 = ORIENTED_EDGE('',*,*,#1307,.F.);
#1307 = EDGE_CURVE('',#1308,#1258,#1310,.T.);
#1308 = VERTEX_POINT('',#1309);
#1309 = CARTESIAN_POINT('',(-0.1,12.15001,0.19999));
#1310 = LINE('',#1311,#1312);
#1311 = CARTESIAN_POINT('',(-0.1,12.25,0.19999));
#1312 = VECTOR('',#1313,1.);
#1313 = DIRECTION('',(0.,-1.,0.));
#1314 = ORIENTED_EDGE('',*,*,#1315,.F.);
#1315 = EDGE_CURVE('',#457,#1308,#1316,.T.);
#1316 = LINE('',#1317,#1318);
#1317 = CARTESIAN_POINT('',(-0.1,12.15001,1.));
#1318 = VECTOR('',#1319,1.);
#1319 = DIRECTION('',(0.,0.,-1.));
#1320 = PLANE('',#1321);
#1321 = AXIS2_PLACEMENT_3D('',#1322,#1323,#1324);
#1322 = CARTESIAN_POINT('',(-0.1,8.,0.55));
#1323 = DIRECTION('',(1.,0.,0.));
#1324 = DIRECTION('',(0.,0.,1.));
#1325 = ADVANCED_FACE('',(#1326),#1344,.F.);
#1326 = FACE_BOUND('',#1327,.F.);
#1327 = EDGE_LOOP('',(#1328,#1336,#1337,#1338));
#1328 = ORIENTED_EDGE('',*,*,#1329,.F.);
#1329 = EDGE_CURVE('',#1284,#1330,#1332,.T.);
#1330 = VERTEX_POINT('',#1331);
#1331 = CARTESIAN_POINT('',(16.,3.75,0.1));
#1332 = LINE('',#1333,#1334);
#1333 = CARTESIAN_POINT('',(16.,0.25,0.1));
#1334 = VECTOR('',#1335,1.);
#1335 = DIRECTION('',(0.,1.,0.));
#1336 = ORIENTED_EDGE('',*,*,#1283,.T.);
#1337 = ORIENTED_EDGE('',*,*,#216,.T.);
#1338 = ORIENTED_EDGE('',*,*,#1339,.T.);
#1339 = EDGE_CURVE('',#217,#1330,#1340,.T.);
#1340 = LINE('',#1341,#1342);
#1341 = CARTESIAN_POINT('',(16.,3.75,1.));
#1342 = VECTOR('',#1343,1.);
#1343 = DIRECTION('',(0.,0.,-1.));
#1344 = PLANE('',#1345);
#1345 = AXIS2_PLACEMENT_3D('',#1346,#1347,#1348);
#1346 = CARTESIAN_POINT('',(16.,0.,0.));
#1347 = DIRECTION('',(-1.,0.,0.));
#1348 = DIRECTION('',(0.,1.,0.));
#1349 = ADVANCED_FACE('',(#1350),#1368,.T.);
#1350 = FACE_BOUND('',#1351,.T.);
#1351 = EDGE_LOOP('',(#1352,#1353,#1361,#1367));
#1352 = ORIENTED_EDGE('',*,*,#456,.F.);
#1353 = ORIENTED_EDGE('',*,*,#1354,.T.);
#1354 = EDGE_CURVE('',#449,#1355,#1357,.T.);
#1355 = VERTEX_POINT('',#1356);
#1356 = CARTESIAN_POINT('',(-1.E-05,12.25,0.1));
#1357 = LINE('',#1358,#1359);
#1358 = CARTESIAN_POINT('',(-1.E-05,12.25,1.));
#1359 = VECTOR('',#1360,1.);
#1360 = DIRECTION('',(0.,0.,-1.));
#1361 = ORIENTED_EDGE('',*,*,#1362,.F.);
#1362 = EDGE_CURVE('',#1308,#1355,#1363,.T.);
#1363 = LINE('',#1364,#1365);
#1364 = CARTESIAN_POINT('',(-0.18334,12.06667,0.28333));
#1365 = VECTOR('',#1366,1.);
#1366 = DIRECTION('',(0.57735026919,0.57735026919,-0.57735026919));
#1367 = ORIENTED_EDGE('',*,*,#1315,.F.);
#1368 = PLANE('',#1369);
#1369 = AXIS2_PLACEMENT_3D('',#1370,#1371,#1372);
#1370 = CARTESIAN_POINT('',(-5.0005E-02,12.200005,1.));
#1371 = DIRECTION('',(-0.707106781187,0.707106781187,0.));
#1372 = DIRECTION('',(0.,0.,-1.));
#1373 = ADVANCED_FACE('',(#1374),#1392,.F.);
#1374 = FACE_BOUND('',#1375,.F.);
#1375 = EDGE_LOOP('',(#1376,#1377,#1385,#1391));
#1376 = ORIENTED_EDGE('',*,*,#224,.T.);
#1377 = ORIENTED_EDGE('',*,*,#1378,.T.);
#1378 = EDGE_CURVE('',#225,#1379,#1381,.T.);
#1379 = VERTEX_POINT('',#1380);
#1380 = CARTESIAN_POINT('',(16.00001,3.75,0.1));
#1381 = LINE('',#1382,#1383);
#1382 = CARTESIAN_POINT('',(16.00001,3.75,1.));
#1383 = VECTOR('',#1384,1.);
#1384 = DIRECTION('',(0.,0.,-1.));
#1385 = ORIENTED_EDGE('',*,*,#1386,.F.);
#1386 = EDGE_CURVE('',#1330,#1379,#1387,.T.);
#1387 = LINE('',#1388,#1389);
#1388 = CARTESIAN_POINT('',(16.,3.75,1.E-01));
#1389 = VECTOR('',#1390,1.);
#1390 = DIRECTION('',(1.,0.,0.));
#1391 = ORIENTED_EDGE('',*,*,#1339,.F.);
#1392 = PLANE('',#1393);
#1393 = AXIS2_PLACEMENT_3D('',#1394,#1395,#1396);
#1394 = CARTESIAN_POINT('',(16.,3.75,1.));
#1395 = DIRECTION('',(0.,1.,0.));
#1396 = DIRECTION('',(0.,0.,-1.));
#1397 = ADVANCED_FACE('',(#1398),#1416,.F.);
#1398 = FACE_BOUND('',#1399,.F.);
#1399 = EDGE_LOOP('',(#1400,#1401,#1402,#1410));
#1400 = ORIENTED_EDGE('',*,*,#448,.T.);
#1401 = ORIENTED_EDGE('',*,*,#1354,.T.);
#1402 = ORIENTED_EDGE('',*,*,#1403,.F.);
#1403 = EDGE_CURVE('',#1404,#1355,#1406,.T.);
#1404 = VERTEX_POINT('',#1405);
#1405 = CARTESIAN_POINT('',(0.,12.25,0.1));
#1406 = LINE('',#1407,#1408);
#1407 = CARTESIAN_POINT('',(0.,12.25,1.E-01));
#1408 = VECTOR('',#1409,1.);
#1409 = DIRECTION('',(-1.,0.,0.));
#1410 = ORIENTED_EDGE('',*,*,#1411,.F.);
#1411 = EDGE_CURVE('',#441,#1404,#1412,.T.);
#1412 = LINE('',#1413,#1414);
#1413 = CARTESIAN_POINT('',(0.,12.25,1.));
#1414 = VECTOR('',#1415,1.);
#1415 = DIRECTION('',(0.,0.,-1.));
#1416 = PLANE('',#1417);
#1417 = AXIS2_PLACEMENT_3D('',#1418,#1419,#1420);
#1418 = CARTESIAN_POINT('',(0.,12.25,1.));
#1419 = DIRECTION('',(-0.,-1.,-0.));
#1420 = DIRECTION('',(0.,0.,-1.));
#1421 = ADVANCED_FACE('',(#1422),#1440,.F.);
#1422 = FACE_BOUND('',#1423,.T.);
#1423 = EDGE_LOOP('',(#1424,#1425,#1426,#1434));
#1424 = ORIENTED_EDGE('',*,*,#232,.F.);
#1425 = ORIENTED_EDGE('',*,*,#1378,.T.);
#1426 = ORIENTED_EDGE('',*,*,#1427,.F.);
#1427 = EDGE_CURVE('',#1428,#1379,#1430,.T.);
#1428 = VERTEX_POINT('',#1429);
#1429 = CARTESIAN_POINT('',(16.1,3.84999,0.19999));
#1430 = LINE('',#1431,#1432);
#1431 = CARTESIAN_POINT('',(16.18334,3.93333,0.28333));
#1432 = VECTOR('',#1433,1.);
#1433 = DIRECTION('',(-0.57735026919,-0.57735026919,-0.57735026919));
#1434 = ORIENTED_EDGE('',*,*,#1435,.F.);
#1435 = EDGE_CURVE('',#233,#1428,#1436,.T.);
#1436 = LINE('',#1437,#1438);
#1437 = CARTESIAN_POINT('',(16.1,3.84999,1.));
#1438 = VECTOR('',#1439,1.);
#1439 = DIRECTION('',(0.,0.,-1.));
#1440 = PLANE('',#1441);
#1441 = AXIS2_PLACEMENT_3D('',#1442,#1443,#1444);
#1442 = CARTESIAN_POINT('',(16.050005,3.799995,1.));
#1443 = DIRECTION('',(-0.707106781187,0.707106781187,0.));
#1444 = DIRECTION('',(0.,0.,1.));
#1445 = ADVANCED_FACE('',(#1446),#1464,.F.);
#1446 = FACE_BOUND('',#1447,.F.);
#1447 = EDGE_LOOP('',(#1448,#1456,#1462,#1463));
#1448 = ORIENTED_EDGE('',*,*,#1449,.F.);
#1449 = EDGE_CURVE('',#1450,#1404,#1452,.T.);
#1450 = VERTEX_POINT('',#1451);
#1451 = CARTESIAN_POINT('',(0.,15.75,0.1));
#1452 = LINE('',#1453,#1454);
#1453 = CARTESIAN_POINT('',(0.,15.75,0.1));
#1454 = VECTOR('',#1455,1.);
#1455 = DIRECTION('',(0.,-1.,0.));
#1456 = ORIENTED_EDGE('',*,*,#1457,.T.);
#1457 = EDGE_CURVE('',#1450,#433,#1458,.T.);
#1458 = LINE('',#1459,#1460);
#1459 = CARTESIAN_POINT('',(0.,15.75,0.));
#1460 = VECTOR('',#1461,1.);
#1461 = DIRECTION('',(0.,0.,1.));
#1462 = ORIENTED_EDGE('',*,*,#440,.T.);
#1463 = ORIENTED_EDGE('',*,*,#1411,.T.);
#1464 = PLANE('',#1465);
#1465 = AXIS2_PLACEMENT_3D('',#1466,#1467,#1468);
#1466 = CARTESIAN_POINT('',(0.,16.,0.));
#1467 = DIRECTION('',(1.,0.,0.));
#1468 = DIRECTION('',(0.,-1.,0.));
#1469 = ADVANCED_FACE('',(#1470),#1488,.T.);
#1470 = FACE_BOUND('',#1471,.T.);
#1471 = EDGE_LOOP('',(#1472,#1473,#1474,#1482));
#1472 = ORIENTED_EDGE('',*,*,#240,.T.);
#1473 = ORIENTED_EDGE('',*,*,#1435,.T.);
#1474 = ORIENTED_EDGE('',*,*,#1475,.T.);
#1475 = EDGE_CURVE('',#1428,#1476,#1478,.T.);
#1476 = VERTEX_POINT('',#1477);
#1477 = CARTESIAN_POINT('',(16.1,6.15001,0.19999));
#1478 = LINE('',#1479,#1480);
#1479 = CARTESIAN_POINT('',(16.1,3.75,0.19999));
#1480 = VECTOR('',#1481,1.);
#1481 = DIRECTION('',(0.,1.,0.));
#1482 = ORIENTED_EDGE('',*,*,#1483,.T.);
#1483 = EDGE_CURVE('',#1476,#241,#1484,.T.);
#1484 = LINE('',#1485,#1486);
#1485 = CARTESIAN_POINT('',(16.1,6.15001,0.1));
#1486 = VECTOR('',#1487,1.);
#1487 = DIRECTION('',(0.,0.,1.));
#1488 = PLANE('',#1489);
#1489 = AXIS2_PLACEMENT_3D('',#1490,#1491,#1492);
#1490 = CARTESIAN_POINT('',(16.1,8.,0.55));
#1491 = DIRECTION('',(1.,0.,0.));
#1492 = DIRECTION('',(0.,0.,1.));
#1493 = ADVANCED_FACE('',(#1494),#1512,.T.);
#1494 = FACE_BOUND('',#1495,.T.);
#1495 = EDGE_LOOP('',(#1496,#1497,#1498,#1506));
#1496 = ORIENTED_EDGE('',*,*,#1457,.T.);
#1497 = ORIENTED_EDGE('',*,*,#432,.T.);
#1498 = ORIENTED_EDGE('',*,*,#1499,.F.);
#1499 = EDGE_CURVE('',#1500,#425,#1502,.T.);
#1500 = VERTEX_POINT('',#1501);
#1501 = CARTESIAN_POINT('',(0.25,16.,0.1));
#1502 = LINE('',#1503,#1504);
#1503 = CARTESIAN_POINT('',(0.25,16.,0.));
#1504 = VECTOR('',#1505,1.);
#1505 = DIRECTION('',(0.,0.,1.));
#1506 = ORIENTED_EDGE('',*,*,#1507,.F.);
#1507 = EDGE_CURVE('',#1450,#1500,#1508,.T.);
#1508 = LINE('',#1509,#1510);
#1509 = CARTESIAN_POINT('',(0.,15.75,0.1));
#1510 = VECTOR('',#1511,1.);
#1511 = DIRECTION('',(0.707106781187,0.707106781187,0.));
#1512 = PLANE('',#1513);
#1513 = AXIS2_PLACEMENT_3D('',#1514,#1515,#1516);
#1514 = CARTESIAN_POINT('',(0.125,15.875,0.));
#1515 = DIRECTION('',(-0.707106781187,0.707106781187,0.));
#1516 = DIRECTION('',(0.,0.,1.));
#1517 = ADVANCED_FACE('',(#1518),#1536,.F.);
#1518 = FACE_BOUND('',#1519,.F.);
#1519 = EDGE_LOOP('',(#1520,#1528,#1529,#1530));
#1520 = ORIENTED_EDGE('',*,*,#1521,.F.);
#1521 = EDGE_CURVE('',#1476,#1522,#1524,.T.);
#1522 = VERTEX_POINT('',#1523);
#1523 = CARTESIAN_POINT('',(16.00001,6.25,0.1));
#1524 = LINE('',#1525,#1526);
#1525 = CARTESIAN_POINT('',(16.450006666667,5.800003333333,
    0.549996666667));
#1526 = VECTOR('',#1527,1.);
#1527 = DIRECTION('',(-0.57735026919,0.57735026919,-0.57735026919));
#1528 = ORIENTED_EDGE('',*,*,#1483,.T.);
#1529 = ORIENTED_EDGE('',*,*,#248,.T.);
#1530 = ORIENTED_EDGE('',*,*,#1531,.F.);
#1531 = EDGE_CURVE('',#1522,#249,#1532,.T.);
#1532 = LINE('',#1533,#1534);
#1533 = CARTESIAN_POINT('',(16.00001,6.25,0.1));
#1534 = VECTOR('',#1535,1.);
#1535 = DIRECTION('',(0.,0.,1.));
#1536 = PLANE('',#1537);
#1537 = AXIS2_PLACEMENT_3D('',#1538,#1539,#1540);
#1538 = CARTESIAN_POINT('',(16.050005,6.200005,0.1));
#1539 = DIRECTION('',(-0.707106781187,-0.707106781187,0.));
#1540 = DIRECTION('',(0.,0.,1.));
#1541 = ADVANCED_FACE('',(#1542),#1560,.F.);
#1542 = FACE_BOUND('',#1543,.F.);
#1543 = EDGE_LOOP('',(#1544,#1552,#1558,#1559));
#1544 = ORIENTED_EDGE('',*,*,#1545,.F.);
#1545 = EDGE_CURVE('',#1546,#1500,#1548,.T.);
#1546 = VERTEX_POINT('',#1547);
#1547 = CARTESIAN_POINT('',(3.75,16.,0.1));
#1548 = LINE('',#1549,#1550);
#1549 = CARTESIAN_POINT('',(15.75,16.,0.1));
#1550 = VECTOR('',#1551,1.);
#1551 = DIRECTION('',(-1.,0.,0.));
#1552 = ORIENTED_EDGE('',*,*,#1553,.T.);
#1553 = EDGE_CURVE('',#1546,#417,#1554,.T.);
#1554 = LINE('',#1555,#1556);
#1555 = CARTESIAN_POINT('',(3.75,16.,1.E-01));
#1556 = VECTOR('',#1557,1.);
#1557 = DIRECTION('',(0.,0.,1.));
#1558 = ORIENTED_EDGE('',*,*,#424,.T.);
#1559 = ORIENTED_EDGE('',*,*,#1499,.F.);
#1560 = PLANE('',#1561);
#1561 = AXIS2_PLACEMENT_3D('',#1562,#1563,#1564);
#1562 = CARTESIAN_POINT('',(16.,16.,0.));
#1563 = DIRECTION('',(0.,-1.,0.));
#1564 = DIRECTION('',(-1.,0.,0.));
#1565 = ADVANCED_FACE('',(#1566),#1584,.F.);
#1566 = FACE_BOUND('',#1567,.F.);
#1567 = EDGE_LOOP('',(#1568,#1576,#1577,#1578));
#1568 = ORIENTED_EDGE('',*,*,#1569,.T.);
#1569 = EDGE_CURVE('',#1570,#1522,#1572,.T.);
#1570 = VERTEX_POINT('',#1571);
#1571 = CARTESIAN_POINT('',(16.,6.25,0.1));
#1572 = LINE('',#1573,#1574);
#1573 = CARTESIAN_POINT('',(16.,6.25,0.1));
#1574 = VECTOR('',#1575,1.);
#1575 = DIRECTION('',(1.,0.,0.));
#1576 = ORIENTED_EDGE('',*,*,#1531,.T.);
#1577 = ORIENTED_EDGE('',*,*,#256,.F.);
#1578 = ORIENTED_EDGE('',*,*,#1579,.F.);
#1579 = EDGE_CURVE('',#1570,#257,#1580,.T.);
#1580 = LINE('',#1581,#1582);
#1581 = CARTESIAN_POINT('',(16.,6.25,0.1));
#1582 = VECTOR('',#1583,1.);
#1583 = DIRECTION('',(0.,0.,1.));
#1584 = PLANE('',#1585);
#1585 = AXIS2_PLACEMENT_3D('',#1586,#1587,#1588);
#1586 = CARTESIAN_POINT('',(16.,6.25,0.1));
#1587 = DIRECTION('',(0.,-1.,0.));
#1588 = DIRECTION('',(0.,0.,1.));
#1589 = ADVANCED_FACE('',(#1590),#1608,.F.);
#1590 = FACE_BOUND('',#1591,.F.);
#1591 = EDGE_LOOP('',(#1592,#1600,#1606,#1607));
#1592 = ORIENTED_EDGE('',*,*,#1593,.T.);
#1593 = EDGE_CURVE('',#1546,#1594,#1596,.T.);
#1594 = VERTEX_POINT('',#1595);
#1595 = CARTESIAN_POINT('',(3.75,16.10001,1.E-01));
#1596 = LINE('',#1597,#1598);
#1597 = CARTESIAN_POINT('',(3.75,16.,1.E-01));
#1598 = VECTOR('',#1599,1.);
#1599 = DIRECTION('',(0.,1.,-2.2E-16));
#1600 = ORIENTED_EDGE('',*,*,#1601,.T.);
#1601 = EDGE_CURVE('',#1594,#409,#1602,.T.);
#1602 = LINE('',#1603,#1604);
#1603 = CARTESIAN_POINT('',(3.75,16.10001,1.E-01));
#1604 = VECTOR('',#1605,1.);
#1605 = DIRECTION('',(0.,2.2E-16,1.));
#1606 = ORIENTED_EDGE('',*,*,#416,.F.);
#1607 = ORIENTED_EDGE('',*,*,#1553,.F.);
#1608 = PLANE('',#1609);
#1609 = AXIS2_PLACEMENT_3D('',#1610,#1611,#1612);
#1610 = CARTESIAN_POINT('',(3.75,16.,1.E-01));
#1611 = DIRECTION('',(1.,0.,0.));
#1612 = DIRECTION('',(0.,2.2E-16,1.));
#1613 = ADVANCED_FACE('',(#1614),#1632,.F.);
#1614 = FACE_BOUND('',#1615,.F.);
#1615 = EDGE_LOOP('',(#1616,#1624,#1625,#1626));
#1616 = ORIENTED_EDGE('',*,*,#1617,.F.);
#1617 = EDGE_CURVE('',#1570,#1618,#1620,.T.);
#1618 = VERTEX_POINT('',#1619);
#1619 = CARTESIAN_POINT('',(16.,9.75,0.1));
#1620 = LINE('',#1621,#1622);
#1621 = CARTESIAN_POINT('',(16.,0.25,0.1));
#1622 = VECTOR('',#1623,1.);
#1623 = DIRECTION('',(0.,1.,0.));
#1624 = ORIENTED_EDGE('',*,*,#1579,.T.);
#1625 = ORIENTED_EDGE('',*,*,#264,.T.);
#1626 = ORIENTED_EDGE('',*,*,#1627,.T.);
#1627 = EDGE_CURVE('',#265,#1618,#1628,.T.);
#1628 = LINE('',#1629,#1630);
#1629 = CARTESIAN_POINT('',(16.,9.75,1.));
#1630 = VECTOR('',#1631,1.);
#1631 = DIRECTION('',(0.,0.,-1.));
#1632 = PLANE('',#1633);
#1633 = AXIS2_PLACEMENT_3D('',#1634,#1635,#1636);
#1634 = CARTESIAN_POINT('',(16.,0.,0.));
#1635 = DIRECTION('',(-1.,0.,0.));
#1636 = DIRECTION('',(0.,1.,0.));
#1637 = ADVANCED_FACE('',(#1638),#1656,.F.);
#1638 = FACE_BOUND('',#1639,.F.);
#1639 = EDGE_LOOP('',(#1640,#1648,#1654,#1655));
#1640 = ORIENTED_EDGE('',*,*,#1641,.F.);
#1641 = EDGE_CURVE('',#1642,#1594,#1644,.T.);
#1642 = VERTEX_POINT('',#1643);
#1643 = CARTESIAN_POINT('',(3.84999,16.2,0.19999));
#1644 = LINE('',#1645,#1646);
#1645 = CARTESIAN_POINT('',(4.199996666667,16.550006666667,
    0.549996666667));
#1646 = VECTOR('',#1647,1.);
#1647 = DIRECTION('',(-0.57735026919,-0.57735026919,-0.57735026919));
#1648 = ORIENTED_EDGE('',*,*,#1649,.T.);
#1649 = EDGE_CURVE('',#1642,#401,#1650,.T.);
#1650 = LINE('',#1651,#1652);
#1651 = CARTESIAN_POINT('',(3.84999,16.2,1.E-01));
#1652 = VECTOR('',#1653,1.);
#1653 = DIRECTION('',(0.,2.2E-16,1.));
#1654 = ORIENTED_EDGE('',*,*,#408,.T.);
#1655 = ORIENTED_EDGE('',*,*,#1601,.F.);
#1656 = PLANE('',#1657);
#1657 = AXIS2_PLACEMENT_3D('',#1658,#1659,#1660);
#1658 = CARTESIAN_POINT('',(3.799995,16.150005,1.E-01));
#1659 = DIRECTION('',(0.707106781187,-0.707106781187,0.));
#1660 = DIRECTION('',(1.1E-16,1.1E-16,1.));
#1661 = ADVANCED_FACE('',(#1662),#1680,.F.);
#1662 = FACE_BOUND('',#1663,.F.);
#1663 = EDGE_LOOP('',(#1664,#1665,#1673,#1679));
#1664 = ORIENTED_EDGE('',*,*,#272,.T.);
#1665 = ORIENTED_EDGE('',*,*,#1666,.T.);
#1666 = EDGE_CURVE('',#273,#1667,#1669,.T.);
#1667 = VERTEX_POINT('',#1668);
#1668 = CARTESIAN_POINT('',(16.00001,9.75,0.1));
#1669 = LINE('',#1670,#1671);
#1670 = CARTESIAN_POINT('',(16.00001,9.75,1.));
#1671 = VECTOR('',#1672,1.);
#1672 = DIRECTION('',(0.,0.,-1.));
#1673 = ORIENTED_EDGE('',*,*,#1674,.F.);
#1674 = EDGE_CURVE('',#1618,#1667,#1675,.T.);
#1675 = LINE('',#1676,#1677);
#1676 = CARTESIAN_POINT('',(16.,9.75,1.E-01));
#1677 = VECTOR('',#1678,1.);
#1678 = DIRECTION('',(1.,0.,0.));
#1679 = ORIENTED_EDGE('',*,*,#1627,.F.);
#1680 = PLANE('',#1681);
#1681 = AXIS2_PLACEMENT_3D('',#1682,#1683,#1684);
#1682 = CARTESIAN_POINT('',(16.,9.75,1.));
#1683 = DIRECTION('',(0.,1.,0.));
#1684 = DIRECTION('',(0.,0.,-1.));
#1685 = ADVANCED_FACE('',(#1686),#1704,.T.);
#1686 = FACE_BOUND('',#1687,.T.);
#1687 = EDGE_LOOP('',(#1688,#1689,#1697,#1703));
#1688 = ORIENTED_EDGE('',*,*,#400,.T.);
#1689 = ORIENTED_EDGE('',*,*,#1690,.T.);
#1690 = EDGE_CURVE('',#393,#1691,#1693,.T.);
#1691 = VERTEX_POINT('',#1692);
#1692 = CARTESIAN_POINT('',(6.15001,16.2,0.19999));
#1693 = LINE('',#1694,#1695);
#1694 = CARTESIAN_POINT('',(6.15001,16.2,1.));
#1695 = VECTOR('',#1696,1.);
#1696 = DIRECTION('',(0.,-2.2E-16,-1.));
#1697 = ORIENTED_EDGE('',*,*,#1698,.T.);
#1698 = EDGE_CURVE('',#1691,#1642,#1699,.T.);
#1699 = LINE('',#1700,#1701);
#1700 = CARTESIAN_POINT('',(6.25,16.2,0.19999));
#1701 = VECTOR('',#1702,1.);
#1702 = DIRECTION('',(-1.,0.,0.));
#1703 = ORIENTED_EDGE('',*,*,#1649,.T.);
#1704 = PLANE('',#1705);
#1705 = AXIS2_PLACEMENT_3D('',#1706,#1707,#1708);
#1706 = CARTESIAN_POINT('',(8.,16.2,0.55));
#1707 = DIRECTION('',(0.,1.,0.));
#1708 = DIRECTION('',(0.,0.,1.));
#1709 = ADVANCED_FACE('',(#1710),#1728,.F.);
#1710 = FACE_BOUND('',#1711,.T.);
#1711 = EDGE_LOOP('',(#1712,#1713,#1714,#1722));
#1712 = ORIENTED_EDGE('',*,*,#280,.F.);
#1713 = ORIENTED_EDGE('',*,*,#1666,.T.);
#1714 = ORIENTED_EDGE('',*,*,#1715,.F.);
#1715 = EDGE_CURVE('',#1716,#1667,#1718,.T.);
#1716 = VERTEX_POINT('',#1717);
#1717 = CARTESIAN_POINT('',(16.1,9.84999,0.19999));
#1718 = LINE('',#1719,#1720);
#1719 = CARTESIAN_POINT('',(16.18334,9.93333,0.28333));
#1720 = VECTOR('',#1721,1.);
#1721 = DIRECTION('',(-0.57735026919,-0.57735026919,-0.57735026919));
#1722 = ORIENTED_EDGE('',*,*,#1723,.F.);
#1723 = EDGE_CURVE('',#281,#1716,#1724,.T.);
#1724 = LINE('',#1725,#1726);
#1725 = CARTESIAN_POINT('',(16.1,9.84999,1.));
#1726 = VECTOR('',#1727,1.);
#1727 = DIRECTION('',(0.,0.,-1.));
#1728 = PLANE('',#1729);
#1729 = AXIS2_PLACEMENT_3D('',#1730,#1731,#1732);
#1730 = CARTESIAN_POINT('',(16.050005,9.799995,1.));
#1731 = DIRECTION('',(-0.707106781187,0.707106781187,0.));
#1732 = DIRECTION('',(0.,0.,1.));
#1733 = ADVANCED_FACE('',(#1734),#1752,.F.);
#1734 = FACE_BOUND('',#1735,.T.);
#1735 = EDGE_LOOP('',(#1736,#1737,#1745,#1751));
#1736 = ORIENTED_EDGE('',*,*,#392,.F.);
#1737 = ORIENTED_EDGE('',*,*,#1738,.T.);
#1738 = EDGE_CURVE('',#385,#1739,#1741,.T.);
#1739 = VERTEX_POINT('',#1740);
#1740 = CARTESIAN_POINT('',(6.25,16.10001,1.E-01));
#1741 = LINE('',#1742,#1743);
#1742 = CARTESIAN_POINT('',(6.25,16.10001,1.));
#1743 = VECTOR('',#1744,1.);
#1744 = DIRECTION('',(0.,-2.2E-16,-1.));
#1745 = ORIENTED_EDGE('',*,*,#1746,.F.);
#1746 = EDGE_CURVE('',#1691,#1739,#1747,.T.);
#1747 = LINE('',#1748,#1749);
#1748 = CARTESIAN_POINT('',(6.06667,16.28334,0.28333));
#1749 = VECTOR('',#1750,1.);
#1750 = DIRECTION('',(0.57735026919,-0.57735026919,-0.57735026919));
#1751 = ORIENTED_EDGE('',*,*,#1690,.F.);
#1752 = PLANE('',#1753);
#1753 = AXIS2_PLACEMENT_3D('',#1754,#1755,#1756);
#1754 = CARTESIAN_POINT('',(6.200005,16.150005,1.));
#1755 = DIRECTION('',(-0.707106781187,-0.707106781187,-0.));
#1756 = DIRECTION('',(-1.1E-16,1.1E-16,1.));
#1757 = ADVANCED_FACE('',(#1758),#1776,.T.);
#1758 = FACE_BOUND('',#1759,.T.);
#1759 = EDGE_LOOP('',(#1760,#1761,#1762,#1770));
#1760 = ORIENTED_EDGE('',*,*,#288,.T.);
#1761 = ORIENTED_EDGE('',*,*,#1723,.T.);
#1762 = ORIENTED_EDGE('',*,*,#1763,.T.);
#1763 = EDGE_CURVE('',#1716,#1764,#1766,.T.);
#1764 = VERTEX_POINT('',#1765);
#1765 = CARTESIAN_POINT('',(16.1,12.15001,0.19999));
#1766 = LINE('',#1767,#1768);
#1767 = CARTESIAN_POINT('',(16.1,9.75,0.19999));
#1768 = VECTOR('',#1769,1.);
#1769 = DIRECTION('',(0.,1.,0.));
#1770 = ORIENTED_EDGE('',*,*,#1771,.T.);
#1771 = EDGE_CURVE('',#1764,#289,#1772,.T.);
#1772 = LINE('',#1773,#1774);
#1773 = CARTESIAN_POINT('',(16.1,12.15001,1.E-01));
#1774 = VECTOR('',#1775,1.);
#1775 = DIRECTION('',(0.,0.,1.));
#1776 = PLANE('',#1777);
#1777 = AXIS2_PLACEMENT_3D('',#1778,#1779,#1780);
#1778 = CARTESIAN_POINT('',(16.1,8.,0.55));
#1779 = DIRECTION('',(1.,0.,0.));
#1780 = DIRECTION('',(0.,0.,1.));
#1781 = ADVANCED_FACE('',(#1782),#1800,.F.);
#1782 = FACE_BOUND('',#1783,.F.);
#1783 = EDGE_LOOP('',(#1784,#1785,#1786,#1794));
#1784 = ORIENTED_EDGE('',*,*,#384,.T.);
#1785 = ORIENTED_EDGE('',*,*,#1738,.T.);
#1786 = ORIENTED_EDGE('',*,*,#1787,.F.);
#1787 = EDGE_CURVE('',#1788,#1739,#1790,.T.);
#1788 = VERTEX_POINT('',#1789);
#1789 = CARTESIAN_POINT('',(6.25,16.,0.1));
#1790 = LINE('',#1791,#1792);
#1791 = CARTESIAN_POINT('',(6.25,16.,1.E-01));
#1792 = VECTOR('',#1793,1.);
#1793 = DIRECTION('',(0.,1.,-2.2E-16));
#1794 = ORIENTED_EDGE('',*,*,#1795,.F.);
#1795 = EDGE_CURVE('',#377,#1788,#1796,.T.);
#1796 = LINE('',#1797,#1798);
#1797 = CARTESIAN_POINT('',(6.25,16.,1.));
#1798 = VECTOR('',#1799,1.);
#1799 = DIRECTION('',(0.,0.,-1.));
#1800 = PLANE('',#1801);
#1801 = AXIS2_PLACEMENT_3D('',#1802,#1803,#1804);
#1802 = CARTESIAN_POINT('',(6.25,16.,1.));
#1803 = DIRECTION('',(-1.,0.,0.));
#1804 = DIRECTION('',(0.,-2.2E-16,-1.));
#1805 = ADVANCED_FACE('',(#1806),#1824,.F.);
#1806 = FACE_BOUND('',#1807,.F.);
#1807 = EDGE_LOOP('',(#1808,#1816,#1817,#1818));
#1808 = ORIENTED_EDGE('',*,*,#1809,.F.);
#1809 = EDGE_CURVE('',#1764,#1810,#1812,.T.);
#1810 = VERTEX_POINT('',#1811);
#1811 = CARTESIAN_POINT('',(16.00001,12.25,0.1));
#1812 = LINE('',#1813,#1814);
#1813 = CARTESIAN_POINT('',(16.450006666667,11.800003333333,
    0.549996666667));
#1814 = VECTOR('',#1815,1.);
#1815 = DIRECTION('',(-0.57735026919,0.57735026919,-0.57735026919));
#1816 = ORIENTED_EDGE('',*,*,#1771,.T.);
#1817 = ORIENTED_EDGE('',*,*,#296,.T.);
#1818 = ORIENTED_EDGE('',*,*,#1819,.F.);
#1819 = EDGE_CURVE('',#1810,#297,#1820,.T.);
#1820 = LINE('',#1821,#1822);
#1821 = CARTESIAN_POINT('',(16.00001,12.25,1.E-01));
#1822 = VECTOR('',#1823,1.);
#1823 = DIRECTION('',(0.,0.,1.));
#1824 = PLANE('',#1825);
#1825 = AXIS2_PLACEMENT_3D('',#1826,#1827,#1828);
#1826 = CARTESIAN_POINT('',(16.050005,12.200005,1.E-01));
#1827 = DIRECTION('',(-0.707106781187,-0.707106781187,0.));
#1828 = DIRECTION('',(0.,0.,1.));
#1829 = ADVANCED_FACE('',(#1830),#1848,.F.);
#1830 = FACE_BOUND('',#1831,.F.);
#1831 = EDGE_LOOP('',(#1832,#1840,#1846,#1847));
#1832 = ORIENTED_EDGE('',*,*,#1833,.F.);
#1833 = EDGE_CURVE('',#1834,#1788,#1836,.T.);
#1834 = VERTEX_POINT('',#1835);
#1835 = CARTESIAN_POINT('',(9.75,16.,0.1));
#1836 = LINE('',#1837,#1838);
#1837 = CARTESIAN_POINT('',(15.75,16.,0.1));
#1838 = VECTOR('',#1839,1.);
#1839 = DIRECTION('',(-1.,0.,0.));
#1840 = ORIENTED_EDGE('',*,*,#1841,.T.);
#1841 = EDGE_CURVE('',#1834,#369,#1842,.T.);
#1842 = LINE('',#1843,#1844);
#1843 = CARTESIAN_POINT('',(9.75,16.,1.E-01));
#1844 = VECTOR('',#1845,1.);
#1845 = DIRECTION('',(0.,0.,1.));
#1846 = ORIENTED_EDGE('',*,*,#376,.T.);
#1847 = ORIENTED_EDGE('',*,*,#1795,.T.);
#1848 = PLANE('',#1849);
#1849 = AXIS2_PLACEMENT_3D('',#1850,#1851,#1852);
#1850 = CARTESIAN_POINT('',(16.,16.,0.));
#1851 = DIRECTION('',(0.,-1.,0.));
#1852 = DIRECTION('',(-1.,0.,0.));
#1853 = ADVANCED_FACE('',(#1854),#1872,.F.);
#1854 = FACE_BOUND('',#1855,.F.);
#1855 = EDGE_LOOP('',(#1856,#1864,#1865,#1866));
#1856 = ORIENTED_EDGE('',*,*,#1857,.T.);
#1857 = EDGE_CURVE('',#1858,#1810,#1860,.T.);
#1858 = VERTEX_POINT('',#1859);
#1859 = CARTESIAN_POINT('',(16.,12.25,0.1));
#1860 = LINE('',#1861,#1862);
#1861 = CARTESIAN_POINT('',(16.,12.25,1.E-01));
#1862 = VECTOR('',#1863,1.);
#1863 = DIRECTION('',(1.,0.,0.));
#1864 = ORIENTED_EDGE('',*,*,#1819,.T.);
#1865 = ORIENTED_EDGE('',*,*,#304,.F.);
#1866 = ORIENTED_EDGE('',*,*,#1867,.F.);
#1867 = EDGE_CURVE('',#1858,#305,#1868,.T.);
#1868 = LINE('',#1869,#1870);
#1869 = CARTESIAN_POINT('',(16.,12.25,1.E-01));
#1870 = VECTOR('',#1871,1.);
#1871 = DIRECTION('',(0.,0.,1.));
#1872 = PLANE('',#1873);
#1873 = AXIS2_PLACEMENT_3D('',#1874,#1875,#1876);
#1874 = CARTESIAN_POINT('',(16.,12.25,1.E-01));
#1875 = DIRECTION('',(0.,-1.,0.));
#1876 = DIRECTION('',(0.,0.,1.));
#1877 = ADVANCED_FACE('',(#1878),#1896,.F.);
#1878 = FACE_BOUND('',#1879,.F.);
#1879 = EDGE_LOOP('',(#1880,#1888,#1894,#1895));
#1880 = ORIENTED_EDGE('',*,*,#1881,.T.);
#1881 = EDGE_CURVE('',#1834,#1882,#1884,.T.);
#1882 = VERTEX_POINT('',#1883);
#1883 = CARTESIAN_POINT('',(9.75,16.10001,1.E-01));
#1884 = LINE('',#1885,#1886);
#1885 = CARTESIAN_POINT('',(9.75,16.,1.E-01));
#1886 = VECTOR('',#1887,1.);
#1887 = DIRECTION('',(0.,1.,-2.2E-16));
#1888 = ORIENTED_EDGE('',*,*,#1889,.T.);
#1889 = EDGE_CURVE('',#1882,#361,#1890,.T.);
#1890 = LINE('',#1891,#1892);
#1891 = CARTESIAN_POINT('',(9.75,16.10001,1.E-01));
#1892 = VECTOR('',#1893,1.);
#1893 = DIRECTION('',(0.,2.2E-16,1.));
#1894 = ORIENTED_EDGE('',*,*,#368,.F.);
#1895 = ORIENTED_EDGE('',*,*,#1841,.F.);
#1896 = PLANE('',#1897);
#1897 = AXIS2_PLACEMENT_3D('',#1898,#1899,#1900);
#1898 = CARTESIAN_POINT('',(9.75,16.,1.E-01));
#1899 = DIRECTION('',(1.,0.,0.));
#1900 = DIRECTION('',(0.,2.2E-16,1.));
#1901 = ADVANCED_FACE('',(#1902),#1920,.F.);
#1902 = FACE_BOUND('',#1903,.F.);
#1903 = EDGE_LOOP('',(#1904,#1912,#1913,#1914));
#1904 = ORIENTED_EDGE('',*,*,#1905,.F.);
#1905 = EDGE_CURVE('',#1858,#1906,#1908,.T.);
#1906 = VERTEX_POINT('',#1907);
#1907 = CARTESIAN_POINT('',(16.,15.75,0.1));
#1908 = LINE('',#1909,#1910);
#1909 = CARTESIAN_POINT('',(16.,0.25,0.1));
#1910 = VECTOR('',#1911,1.);
#1911 = DIRECTION('',(0.,1.,0.));
#1912 = ORIENTED_EDGE('',*,*,#1867,.T.);
#1913 = ORIENTED_EDGE('',*,*,#312,.T.);
#1914 = ORIENTED_EDGE('',*,*,#1915,.F.);
#1915 = EDGE_CURVE('',#1906,#313,#1916,.T.);
#1916 = LINE('',#1917,#1918);
#1917 = CARTESIAN_POINT('',(16.,15.75,0.));
#1918 = VECTOR('',#1919,1.);
#1919 = DIRECTION('',(0.,0.,1.));
#1920 = PLANE('',#1921);
#1921 = AXIS2_PLACEMENT_3D('',#1922,#1923,#1924);
#1922 = CARTESIAN_POINT('',(16.,0.,0.));
#1923 = DIRECTION('',(-1.,0.,0.));
#1924 = DIRECTION('',(0.,1.,0.));
#1925 = ADVANCED_FACE('',(#1926),#1944,.F.);
#1926 = FACE_BOUND('',#1927,.F.);
#1927 = EDGE_LOOP('',(#1928,#1936,#1942,#1943));
#1928 = ORIENTED_EDGE('',*,*,#1929,.F.);
#1929 = EDGE_CURVE('',#1930,#1882,#1932,.T.);
#1930 = VERTEX_POINT('',#1931);
#1931 = CARTESIAN_POINT('',(9.84999,16.2,0.19999));
#1932 = LINE('',#1933,#1934);
#1933 = CARTESIAN_POINT('',(10.199996666667,16.550006666667,
    0.549996666667));
#1934 = VECTOR('',#1935,1.);
#1935 = DIRECTION('',(-0.57735026919,-0.57735026919,-0.57735026919));
#1936 = ORIENTED_EDGE('',*,*,#1937,.T.);
#1937 = EDGE_CURVE('',#1930,#353,#1938,.T.);
#1938 = LINE('',#1939,#1940);
#1939 = CARTESIAN_POINT('',(9.84999,16.2,1.E-01));
#1940 = VECTOR('',#1941,1.);
#1941 = DIRECTION('',(0.,2.2E-16,1.));
#1942 = ORIENTED_EDGE('',*,*,#360,.T.);
#1943 = ORIENTED_EDGE('',*,*,#1889,.F.);
#1944 = PLANE('',#1945);
#1945 = AXIS2_PLACEMENT_3D('',#1946,#1947,#1948);
#1946 = CARTESIAN_POINT('',(9.799995,16.150005,1.E-01));
#1947 = DIRECTION('',(0.707106781187,-0.707106781187,0.));
#1948 = DIRECTION('',(1.1E-16,1.1E-16,1.));
#1949 = ADVANCED_FACE('',(#1950),#1968,.T.);
#1950 = FACE_BOUND('',#1951,.F.);
#1951 = EDGE_LOOP('',(#1952,#1953,#1954,#1962));
#1952 = ORIENTED_EDGE('',*,*,#1915,.T.);
#1953 = ORIENTED_EDGE('',*,*,#320,.T.);
#1954 = ORIENTED_EDGE('',*,*,#1955,.F.);
#1955 = EDGE_CURVE('',#1956,#321,#1958,.T.);
#1956 = VERTEX_POINT('',#1957);
#1957 = CARTESIAN_POINT('',(15.75,16.,0.1));
#1958 = LINE('',#1959,#1960);
#1959 = CARTESIAN_POINT('',(15.75,16.,0.));
#1960 = VECTOR('',#1961,1.);
#1961 = DIRECTION('',(0.,0.,1.));
#1962 = ORIENTED_EDGE('',*,*,#1963,.F.);
#1963 = EDGE_CURVE('',#1906,#1956,#1964,.T.);
#1964 = LINE('',#1965,#1966);
#1965 = CARTESIAN_POINT('',(16.,15.75,0.1));
#1966 = VECTOR('',#1967,1.);
#1967 = DIRECTION('',(-0.707106781187,0.707106781187,0.));
#1968 = PLANE('',#1969);
#1969 = AXIS2_PLACEMENT_3D('',#1970,#1971,#1972);
#1970 = CARTESIAN_POINT('',(15.875,15.875,0.));
#1971 = DIRECTION('',(0.707106781187,0.707106781187,0.));
#1972 = DIRECTION('',(-0.,-0.,-1.));
#1973 = ADVANCED_FACE('',(#1974),#1992,.T.);
#1974 = FACE_BOUND('',#1975,.T.);
#1975 = EDGE_LOOP('',(#1976,#1977,#1985,#1991));
#1976 = ORIENTED_EDGE('',*,*,#352,.T.);
#1977 = ORIENTED_EDGE('',*,*,#1978,.T.);
#1978 = EDGE_CURVE('',#345,#1979,#1981,.T.);
#1979 = VERTEX_POINT('',#1980);
#1980 = CARTESIAN_POINT('',(12.15001,16.2,0.19999));
#1981 = LINE('',#1982,#1983);
#1982 = CARTESIAN_POINT('',(12.15001,16.2,1.));
#1983 = VECTOR('',#1984,1.);
#1984 = DIRECTION('',(0.,-2.2E-16,-1.));
#1985 = ORIENTED_EDGE('',*,*,#1986,.T.);
#1986 = EDGE_CURVE('',#1979,#1930,#1987,.T.);
#1987 = LINE('',#1988,#1989);
#1988 = CARTESIAN_POINT('',(12.25,16.2,0.19999));
#1989 = VECTOR('',#1990,1.);
#1990 = DIRECTION('',(-1.,0.,0.));
#1991 = ORIENTED_EDGE('',*,*,#1937,.T.);
#1992 = PLANE('',#1993);
#1993 = AXIS2_PLACEMENT_3D('',#1994,#1995,#1996);
#1994 = CARTESIAN_POINT('',(8.,16.2,0.55));
#1995 = DIRECTION('',(0.,1.,0.));
#1996 = DIRECTION('',(0.,0.,1.));
#1997 = ADVANCED_FACE('',(#1998),#2016,.F.);
#1998 = FACE_BOUND('',#1999,.F.);
#1999 = EDGE_LOOP('',(#2000,#2008,#2009,#2010));
#2000 = ORIENTED_EDGE('',*,*,#2001,.F.);
#2001 = EDGE_CURVE('',#1956,#2002,#2004,.T.);
#2002 = VERTEX_POINT('',#2003);
#2003 = CARTESIAN_POINT('',(12.25,16.,0.1));
#2004 = LINE('',#2005,#2006);
#2005 = CARTESIAN_POINT('',(15.75,16.,0.1));
#2006 = VECTOR('',#2007,1.);
#2007 = DIRECTION('',(-1.,0.,0.));
#2008 = ORIENTED_EDGE('',*,*,#1955,.T.);
#2009 = ORIENTED_EDGE('',*,*,#328,.T.);
#2010 = ORIENTED_EDGE('',*,*,#2011,.T.);
#2011 = EDGE_CURVE('',#329,#2002,#2012,.T.);
#2012 = LINE('',#2013,#2014);
#2013 = CARTESIAN_POINT('',(12.25,16.,1.));
#2014 = VECTOR('',#2015,1.);
#2015 = DIRECTION('',(0.,0.,-1.));
#2016 = PLANE('',#2017);
#2017 = AXIS2_PLACEMENT_3D('',#2018,#2019,#2020);
#2018 = CARTESIAN_POINT('',(16.,16.,0.));
#2019 = DIRECTION('',(0.,-1.,0.));
#2020 = DIRECTION('',(-1.,0.,0.));
#2021 = ADVANCED_FACE('',(#2022),#2040,.F.);
#2022 = FACE_BOUND('',#2023,.T.);
#2023 = EDGE_LOOP('',(#2024,#2025,#2033,#2039));
#2024 = ORIENTED_EDGE('',*,*,#344,.F.);
#2025 = ORIENTED_EDGE('',*,*,#2026,.T.);
#2026 = EDGE_CURVE('',#337,#2027,#2029,.T.);
#2027 = VERTEX_POINT('',#2028);
#2028 = CARTESIAN_POINT('',(12.25,16.10001,1.E-01));
#2029 = LINE('',#2030,#2031);
#2030 = CARTESIAN_POINT('',(12.25,16.10001,1.));
#2031 = VECTOR('',#2032,1.);
#2032 = DIRECTION('',(0.,-2.2E-16,-1.));
#2033 = ORIENTED_EDGE('',*,*,#2034,.F.);
#2034 = EDGE_CURVE('',#1979,#2027,#2035,.T.);
#2035 = LINE('',#2036,#2037);
#2036 = CARTESIAN_POINT('',(12.06667,16.28334,0.28333));
#2037 = VECTOR('',#2038,1.);
#2038 = DIRECTION('',(0.57735026919,-0.57735026919,-0.57735026919));
#2039 = ORIENTED_EDGE('',*,*,#1978,.F.);
#2040 = PLANE('',#2041);
#2041 = AXIS2_PLACEMENT_3D('',#2042,#2043,#2044);
#2042 = CARTESIAN_POINT('',(12.200005,16.150005,1.));
#2043 = DIRECTION('',(-0.707106781187,-0.707106781187,-0.));
#2044 = DIRECTION('',(-1.1E-16,1.1E-16,1.));
#2045 = ADVANCED_FACE('',(#2046),#2057,.F.);
#2046 = FACE_BOUND('',#2047,.F.);
#2047 = EDGE_LOOP('',(#2048,#2049,#2050,#2056));
#2048 = ORIENTED_EDGE('',*,*,#336,.T.);
#2049 = ORIENTED_EDGE('',*,*,#2026,.T.);
#2050 = ORIENTED_EDGE('',*,*,#2051,.F.);
#2051 = EDGE_CURVE('',#2002,#2027,#2052,.T.);
#2052 = LINE('',#2053,#2054);
#2053 = CARTESIAN_POINT('',(12.25,16.,1.E-01));
#2054 = VECTOR('',#2055,1.);
#2055 = DIRECTION('',(0.,1.,-2.2E-16));
#2056 = ORIENTED_EDGE('',*,*,#2011,.F.);
#2057 = PLANE('',#2058);
#2058 = AXIS2_PLACEMENT_3D('',#2059,#2060,#2061);
#2059 = CARTESIAN_POINT('',(12.25,16.,1.));
#2060 = DIRECTION('',(-1.,0.,0.));
#2061 = DIRECTION('',(0.,-2.2E-16,-1.));
#2062 = ADVANCED_FACE('',(#2063),#2088,.F.);
#2063 = FACE_BOUND('',#2064,.T.);
#2064 = EDGE_LOOP('',(#2065,#2073,#2074,#2082));
#2065 = ORIENTED_EDGE('',*,*,#2066,.F.);
#2066 = EDGE_CURVE('',#561,#2067,#2069,.T.);
#2067 = VERTEX_POINT('',#2068);
#2068 = CARTESIAN_POINT('',(6.05,1.3,0.75));
#2069 = LINE('',#2070,#2071);
#2070 = CARTESIAN_POINT('',(6.05,1.175,0.875));
#2071 = VECTOR('',#2072,1.);
#2072 = DIRECTION('',(0.,0.707106781187,-0.707106781187));
#2073 = ORIENTED_EDGE('',*,*,#560,.T.);
#2074 = ORIENTED_EDGE('',*,*,#2075,.T.);
#2075 = EDGE_CURVE('',#563,#2076,#2078,.T.);
#2076 = VERTEX_POINT('',#2077);
#2077 = CARTESIAN_POINT('',(9.95,1.3,0.75));
#2078 = LINE('',#2079,#2080);
#2079 = CARTESIAN_POINT('',(9.95,1.175,0.875));
#2080 = VECTOR('',#2081,1.);
#2081 = DIRECTION('',(0.,0.707106781187,-0.707106781187));
#2082 = ORIENTED_EDGE('',*,*,#2083,.F.);
#2083 = EDGE_CURVE('',#2067,#2076,#2084,.T.);
#2084 = LINE('',#2085,#2086);
#2085 = CARTESIAN_POINT('',(6.05,1.3,0.75));
#2086 = VECTOR('',#2087,1.);
#2087 = DIRECTION('',(1.,0.,0.));
#2088 = PLANE('',#2089);
#2089 = AXIS2_PLACEMENT_3D('',#2090,#2091,#2092);
#2090 = CARTESIAN_POINT('',(6.05,1.175,0.875));
#2091 = DIRECTION('',(0.,-0.707106781187,-0.707106781187));
#2092 = DIRECTION('',(-1.,-0.,-0.));
#2093 = ADVANCED_FACE('',(#2094),#2113,.F.);
#2094 = FACE_BOUND('',#2095,.T.);
#2095 = EDGE_LOOP('',(#2096,#2104,#2105,#2106));
#2096 = ORIENTED_EDGE('',*,*,#2097,.F.);
#2097 = EDGE_CURVE('',#571,#2098,#2100,.T.);
#2098 = VERTEX_POINT('',#2099);
#2099 = CARTESIAN_POINT('',(5.55,1.8,0.75));
#2100 = LINE('',#2101,#2102);
#2101 = CARTESIAN_POINT('',(5.425,1.8,0.875));
#2102 = VECTOR('',#2103,1.);
#2103 = DIRECTION('',(0.707106781187,0.,-0.707106781187));
#2104 = ORIENTED_EDGE('',*,*,#570,.T.);
#2105 = ORIENTED_EDGE('',*,*,#2066,.T.);
#2106 = ORIENTED_EDGE('',*,*,#2107,.F.);
#2107 = EDGE_CURVE('',#2098,#2067,#2108,.T.);
#2108 = CIRCLE('',#2109,0.5);
#2109 = AXIS2_PLACEMENT_3D('',#2110,#2111,#2112);
#2110 = CARTESIAN_POINT('',(6.05,1.8,0.75));
#2111 = DIRECTION('',(0.,0.,1.));
#2112 = DIRECTION('',(-1.,0.,0.));
#2113 = CONICAL_SURFACE('',#2114,0.5,0.785398163397);
#2114 = AXIS2_PLACEMENT_3D('',#2115,#2116,#2117);
#2115 = CARTESIAN_POINT('',(6.05,1.8,0.75));
#2116 = DIRECTION('',(0.,0.,1.));
#2117 = DIRECTION('',(-1.,0.,0.));
#2118 = ADVANCED_FACE('',(#2119),#2137,.F.);
#2119 = FACE_BOUND('',#2120,.T.);
#2120 = EDGE_LOOP('',(#2121,#2129,#2130,#2131));
#2121 = ORIENTED_EDGE('',*,*,#2122,.F.);
#2122 = EDGE_CURVE('',#580,#2123,#2125,.T.);
#2123 = VERTEX_POINT('',#2124);
#2124 = CARTESIAN_POINT('',(5.55,3.7,0.75));
#2125 = LINE('',#2126,#2127);
#2126 = CARTESIAN_POINT('',(5.55,3.7,0.75));
#2127 = VECTOR('',#2128,1.);
#2128 = DIRECTION('',(0.707106781187,-4.E-17,-0.707106781187));
#2129 = ORIENTED_EDGE('',*,*,#579,.T.);
#2130 = ORIENTED_EDGE('',*,*,#2097,.T.);
#2131 = ORIENTED_EDGE('',*,*,#2132,.F.);
#2132 = EDGE_CURVE('',#2123,#2098,#2133,.T.);
#2133 = LINE('',#2134,#2135);
#2134 = CARTESIAN_POINT('',(5.55,3.7,0.75));
#2135 = VECTOR('',#2136,1.);
#2136 = DIRECTION('',(0.,-1.,0.));
#2137 = PLANE('',#2138);
#2138 = AXIS2_PLACEMENT_3D('',#2139,#2140,#2141);
#2139 = CARTESIAN_POINT('',(5.425,3.7,0.875));
#2140 = DIRECTION('',(-0.707106781187,0.,-0.707106781187));
#2141 = DIRECTION('',(0.,1.,0.));
#2142 = ADVANCED_FACE('',(#2143),#2162,.F.);
#2143 = FACE_BOUND('',#2144,.T.);
#2144 = EDGE_LOOP('',(#2145,#2153,#2154,#2155));
#2145 = ORIENTED_EDGE('',*,*,#2146,.F.);
#2146 = EDGE_CURVE('',#588,#2147,#2149,.T.);
#2147 = VERTEX_POINT('',#2148);
#2148 = CARTESIAN_POINT('',(6.05,4.2,0.75));
#2149 = LINE('',#2150,#2151);
#2150 = CARTESIAN_POINT('',(6.05,4.325,0.875));
#2151 = VECTOR('',#2152,1.);
#2152 = DIRECTION('',(-0.,-0.707106781187,-0.707106781187));
#2153 = ORIENTED_EDGE('',*,*,#587,.T.);
#2154 = ORIENTED_EDGE('',*,*,#2122,.T.);
#2155 = ORIENTED_EDGE('',*,*,#2156,.F.);
#2156 = EDGE_CURVE('',#2147,#2123,#2157,.T.);
#2157 = CIRCLE('',#2158,0.5);
#2158 = AXIS2_PLACEMENT_3D('',#2159,#2160,#2161);
#2159 = CARTESIAN_POINT('',(6.05,3.7,0.75));
#2160 = DIRECTION('',(0.,-0.,1.));
#2161 = DIRECTION('',(0.,1.,0.));
#2162 = CONICAL_SURFACE('',#2163,0.5,0.785398163397);
#2163 = AXIS2_PLACEMENT_3D('',#2164,#2165,#2166);
#2164 = CARTESIAN_POINT('',(6.05,3.7,0.75));
#2165 = DIRECTION('',(0.,0.,1.));
#2166 = DIRECTION('',(0.,1.,0.));
#2167 = ADVANCED_FACE('',(#2168),#2186,.F.);
#2168 = FACE_BOUND('',#2169,.T.);
#2169 = EDGE_LOOP('',(#2170,#2178,#2179,#2180));
#2170 = ORIENTED_EDGE('',*,*,#2171,.F.);
#2171 = EDGE_CURVE('',#597,#2172,#2174,.T.);
#2172 = VERTEX_POINT('',#2173);
#2173 = CARTESIAN_POINT('',(9.95,4.2,0.75));
#2174 = LINE('',#2175,#2176);
#2175 = CARTESIAN_POINT('',(9.95,4.2,0.75));
#2176 = VECTOR('',#2177,1.);
#2177 = DIRECTION('',(-4.E-17,-0.707106781187,-0.707106781187));
#2178 = ORIENTED_EDGE('',*,*,#596,.T.);
#2179 = ORIENTED_EDGE('',*,*,#2146,.T.);
#2180 = ORIENTED_EDGE('',*,*,#2181,.F.);
#2181 = EDGE_CURVE('',#2172,#2147,#2182,.T.);
#2182 = LINE('',#2183,#2184);
#2183 = CARTESIAN_POINT('',(9.95,4.2,0.75));
#2184 = VECTOR('',#2185,1.);
#2185 = DIRECTION('',(-1.,0.,0.));
#2186 = PLANE('',#2187);
#2187 = AXIS2_PLACEMENT_3D('',#2188,#2189,#2190);
#2188 = CARTESIAN_POINT('',(9.95,4.325,0.875));
#2189 = DIRECTION('',(0.,0.707106781187,-0.707106781187));
#2190 = DIRECTION('',(1.,0.,0.));
#2191 = ADVANCED_FACE('',(#2192),#2211,.F.);
#2192 = FACE_BOUND('',#2193,.T.);
#2193 = EDGE_LOOP('',(#2194,#2202,#2203,#2204));
#2194 = ORIENTED_EDGE('',*,*,#2195,.F.);
#2195 = EDGE_CURVE('',#605,#2196,#2198,.T.);
#2196 = VERTEX_POINT('',#2197);
#2197 = CARTESIAN_POINT('',(10.45,3.7,0.75));
#2198 = LINE('',#2199,#2200);
#2199 = CARTESIAN_POINT('',(10.575,3.7,0.875));
#2200 = VECTOR('',#2201,1.);
#2201 = DIRECTION('',(-0.707106781187,0.,-0.707106781187));
#2202 = ORIENTED_EDGE('',*,*,#604,.T.);
#2203 = ORIENTED_EDGE('',*,*,#2171,.T.);
#2204 = ORIENTED_EDGE('',*,*,#2205,.F.);
#2205 = EDGE_CURVE('',#2196,#2172,#2206,.T.);
#2206 = CIRCLE('',#2207,0.5);
#2207 = AXIS2_PLACEMENT_3D('',#2208,#2209,#2210);
#2208 = CARTESIAN_POINT('',(9.95,3.7,0.75));
#2209 = DIRECTION('',(0.,0.,1.));
#2210 = DIRECTION('',(1.,0.,0.));
#2211 = CONICAL_SURFACE('',#2212,0.5,0.785398163397);
#2212 = AXIS2_PLACEMENT_3D('',#2213,#2214,#2215);
#2213 = CARTESIAN_POINT('',(9.95,3.7,0.75));
#2214 = DIRECTION('',(0.,0.,1.));
#2215 = DIRECTION('',(1.,0.,0.));
#2216 = ADVANCED_FACE('',(#2217),#2235,.F.);
#2217 = FACE_BOUND('',#2218,.T.);
#2218 = EDGE_LOOP('',(#2219,#2227,#2228,#2229));
#2219 = ORIENTED_EDGE('',*,*,#2220,.F.);
#2220 = EDGE_CURVE('',#614,#2221,#2223,.T.);
#2221 = VERTEX_POINT('',#2222);
#2222 = CARTESIAN_POINT('',(10.45,1.8,0.75));
#2223 = LINE('',#2224,#2225);
#2224 = CARTESIAN_POINT('',(10.45,1.8,0.75));
#2225 = VECTOR('',#2226,1.);
#2226 = DIRECTION('',(-0.707106781187,4.E-17,-0.707106781187));
#2227 = ORIENTED_EDGE('',*,*,#613,.T.);
#2228 = ORIENTED_EDGE('',*,*,#2195,.T.);
#2229 = ORIENTED_EDGE('',*,*,#2230,.F.);
#2230 = EDGE_CURVE('',#2221,#2196,#2231,.T.);
#2231 = LINE('',#2232,#2233);
#2232 = CARTESIAN_POINT('',(10.45,1.8,0.75));
#2233 = VECTOR('',#2234,1.);
#2234 = DIRECTION('',(0.,1.,0.));
#2235 = PLANE('',#2236);
#2236 = AXIS2_PLACEMENT_3D('',#2237,#2238,#2239);
#2237 = CARTESIAN_POINT('',(10.575,1.8,0.875));
#2238 = DIRECTION('',(0.707106781187,0.,-0.707106781187));
#2239 = DIRECTION('',(-0.,-1.,-0.));
#2240 = ADVANCED_FACE('',(#2241),#2253,.F.);
#2241 = FACE_BOUND('',#2242,.T.);
#2242 = EDGE_LOOP('',(#2243,#2244,#2245,#2246));
#2243 = ORIENTED_EDGE('',*,*,#2075,.F.);
#2244 = ORIENTED_EDGE('',*,*,#621,.T.);
#2245 = ORIENTED_EDGE('',*,*,#2220,.T.);
#2246 = ORIENTED_EDGE('',*,*,#2247,.F.);
#2247 = EDGE_CURVE('',#2076,#2221,#2248,.T.);
#2248 = CIRCLE('',#2249,0.5);
#2249 = AXIS2_PLACEMENT_3D('',#2250,#2251,#2252);
#2250 = CARTESIAN_POINT('',(9.95,1.8,0.75));
#2251 = DIRECTION('',(-0.,0.,1.));
#2252 = DIRECTION('',(0.,-1.,0.));
#2253 = CONICAL_SURFACE('',#2254,0.5,0.785398163397);
#2254 = AXIS2_PLACEMENT_3D('',#2255,#2256,#2257);
#2255 = CARTESIAN_POINT('',(9.95,1.8,0.75));
#2256 = DIRECTION('',(0.,0.,1.));
#2257 = DIRECTION('',(0.,-1.,0.));
#2258 = ADVANCED_FACE('',(#2259),#2278,.F.);
#2259 = FACE_BOUND('',#2260,.T.);
#2260 = EDGE_LOOP('',(#2261,#2269,#2270,#2271));
#2261 = ORIENTED_EDGE('',*,*,#2262,.F.);
#2262 = EDGE_CURVE('',#631,#2263,#2265,.T.);
#2263 = VERTEX_POINT('',#2264);
#2264 = CARTESIAN_POINT('',(4.25,2.7,0.8));
#2265 = LINE('',#2266,#2267);
#2266 = CARTESIAN_POINT('',(4.25,2.7,0.8));
#2267 = VECTOR('',#2268,1.);
#2268 = DIRECTION('',(-0.707106781187,-0.,-0.707106781187));
#2269 = ORIENTED_EDGE('',*,*,#630,.T.);
#2270 = ORIENTED_EDGE('',*,*,#2262,.T.);
#2271 = ORIENTED_EDGE('',*,*,#2272,.F.);
#2272 = EDGE_CURVE('',#2263,#2263,#2273,.T.);
#2273 = CIRCLE('',#2274,1.55);
#2274 = AXIS2_PLACEMENT_3D('',#2275,#2276,#2277);
#2275 = CARTESIAN_POINT('',(2.7,2.7,0.8));
#2276 = DIRECTION('',(0.,0.,1.));
#2277 = DIRECTION('',(1.,0.,0.));
#2278 = CONICAL_SURFACE('',#2279,1.55,0.785398163397);
#2279 = AXIS2_PLACEMENT_3D('',#2280,#2281,#2282);
#2280 = CARTESIAN_POINT('',(2.7,2.7,0.8));
#2281 = DIRECTION('',(0.,0.,1.));
#2282 = DIRECTION('',(1.,0.,0.));
#2283 = ADVANCED_FACE('',(#2284),#2303,.F.);
#2284 = FACE_BOUND('',#2285,.T.);
#2285 = EDGE_LOOP('',(#2286,#2294,#2295,#2296));
#2286 = ORIENTED_EDGE('',*,*,#2287,.F.);
#2287 = EDGE_CURVE('',#642,#2288,#2290,.T.);
#2288 = VERTEX_POINT('',#2289);
#2289 = CARTESIAN_POINT('',(4.25,13.3,0.8));
#2290 = LINE('',#2291,#2292);
#2291 = CARTESIAN_POINT('',(4.25,13.3,0.8));
#2292 = VECTOR('',#2293,1.);
#2293 = DIRECTION('',(-0.707106781187,-0.,-0.707106781187));
#2294 = ORIENTED_EDGE('',*,*,#641,.T.);
#2295 = ORIENTED_EDGE('',*,*,#2287,.T.);
#2296 = ORIENTED_EDGE('',*,*,#2297,.F.);
#2297 = EDGE_CURVE('',#2288,#2288,#2298,.T.);
#2298 = CIRCLE('',#2299,1.55);
#2299 = AXIS2_PLACEMENT_3D('',#2300,#2301,#2302);
#2300 = CARTESIAN_POINT('',(2.7,13.3,0.8));
#2301 = DIRECTION('',(0.,0.,1.));
#2302 = DIRECTION('',(1.,0.,0.));
#2303 = CONICAL_SURFACE('',#2304,1.55,0.785398163397);
#2304 = AXIS2_PLACEMENT_3D('',#2305,#2306,#2307);
#2305 = CARTESIAN_POINT('',(2.7,13.3,0.8));
#2306 = DIRECTION('',(0.,0.,1.));
#2307 = DIRECTION('',(1.,0.,0.));
#2308 = ADVANCED_FACE('',(#2309),#2328,.F.);
#2309 = FACE_BOUND('',#2310,.T.);
#2310 = EDGE_LOOP('',(#2311,#2319,#2320,#2321));
#2311 = ORIENTED_EDGE('',*,*,#2312,.F.);
#2312 = EDGE_CURVE('',#653,#2313,#2315,.T.);
#2313 = VERTEX_POINT('',#2314);
#2314 = CARTESIAN_POINT('',(14.85,13.3,0.8));
#2315 = LINE('',#2316,#2317);
#2316 = CARTESIAN_POINT('',(14.85,13.3,0.8));
#2317 = VECTOR('',#2318,1.);
#2318 = DIRECTION('',(-0.707106781187,-0.,-0.707106781187));
#2319 = ORIENTED_EDGE('',*,*,#652,.T.);
#2320 = ORIENTED_EDGE('',*,*,#2312,.T.);
#2321 = ORIENTED_EDGE('',*,*,#2322,.F.);
#2322 = EDGE_CURVE('',#2313,#2313,#2323,.T.);
#2323 = CIRCLE('',#2324,1.55);
#2324 = AXIS2_PLACEMENT_3D('',#2325,#2326,#2327);
#2325 = CARTESIAN_POINT('',(13.3,13.3,0.8));
#2326 = DIRECTION('',(0.,0.,1.));
#2327 = DIRECTION('',(1.,0.,0.));
#2328 = CONICAL_SURFACE('',#2329,1.55,0.785398163397);
#2329 = AXIS2_PLACEMENT_3D('',#2330,#2331,#2332);
#2330 = CARTESIAN_POINT('',(13.3,13.3,0.8));
#2331 = DIRECTION('',(0.,0.,1.));
#2332 = DIRECTION('',(1.,0.,0.));
#2333 = ADVANCED_FACE('',(#2334),#2353,.F.);
#2334 = FACE_BOUND('',#2335,.F.);
#2335 = EDGE_LOOP('',(#2336,#2344,#2345,#2346));
#2336 = ORIENTED_EDGE('',*,*,#2337,.F.);
#2337 = EDGE_CURVE('',#673,#2338,#2340,.T.);
#2338 = VERTEX_POINT('',#2339);
#2339 = CARTESIAN_POINT('',(14.3,2.7,0.));
#2340 = LINE('',#2341,#2342);
#2341 = CARTESIAN_POINT('',(14.3,2.7,1.));
#2342 = VECTOR('',#2343,1.);
#2343 = DIRECTION('',(-0.,-0.,-1.));
#2344 = ORIENTED_EDGE('',*,*,#682,.F.);
#2345 = ORIENTED_EDGE('',*,*,#2337,.T.);
#2346 = ORIENTED_EDGE('',*,*,#2347,.T.);
#2347 = EDGE_CURVE('',#2338,#2338,#2348,.T.);
#2348 = CIRCLE('',#2349,1.);
#2349 = AXIS2_PLACEMENT_3D('',#2350,#2351,#2352);
#2350 = CARTESIAN_POINT('',(13.3,2.7,0.));
#2351 = DIRECTION('',(0.,0.,1.));
#2352 = DIRECTION('',(1.,0.,0.));
#2353 = CYLINDRICAL_SURFACE('',#2354,1.);
#2354 = AXIS2_PLACEMENT_3D('',#2355,#2356,#2357);
#2355 = CARTESIAN_POINT('',(13.3,2.7,1.));
#2356 = DIRECTION('',(0.,0.,1.));
#2357 = DIRECTION('',(1.,0.,0.));
#2358 = ADVANCED_FACE('',(#2359),#2378,.F.);
#2359 = FACE_BOUND('',#2360,.F.);
#2360 = EDGE_LOOP('',(#2361,#2369,#2376,#2377));
#2361 = ORIENTED_EDGE('',*,*,#2362,.T.);
#2362 = EDGE_CURVE('',#698,#2363,#2365,.T.);
#2363 = VERTEX_POINT('',#2364);
#2364 = CARTESIAN_POINT('',(9.55,8.,0.6));
#2365 = LINE('',#2366,#2367);
#2366 = CARTESIAN_POINT('',(9.55,8.,1.));
#2367 = VECTOR('',#2368,1.);
#2368 = DIRECTION('',(-0.,-0.,-1.));
#2369 = ORIENTED_EDGE('',*,*,#2370,.T.);
#2370 = EDGE_CURVE('',#2363,#2363,#2371,.T.);
#2371 = CIRCLE('',#2372,1.55);
#2372 = AXIS2_PLACEMENT_3D('',#2373,#2374,#2375);
#2373 = CARTESIAN_POINT('',(8.,8.,0.6));
#2374 = DIRECTION('',(0.,0.,1.));
#2375 = DIRECTION('',(1.,0.,0.));
#2376 = ORIENTED_EDGE('',*,*,#2362,.F.);
#2377 = ORIENTED_EDGE('',*,*,#707,.F.);
#2378 = CYLINDRICAL_SURFACE('',#2379,1.55);
#2379 = AXIS2_PLACEMENT_3D('',#2380,#2381,#2382);
#2380 = CARTESIAN_POINT('',(8.,8.,1.));
#2381 = DIRECTION('',(0.,0.,1.));
#2382 = DIRECTION('',(1.,0.,0.));
#2383 = ADVANCED_FACE('',(#2384),#2400,.F.);
#2384 = FACE_BOUND('',#2385,.F.);
#2385 = EDGE_LOOP('',(#2386,#2387,#2393,#2394));
#2386 = ORIENTED_EDGE('',*,*,#731,.T.);
#2387 = ORIENTED_EDGE('',*,*,#2388,.T.);
#2388 = EDGE_CURVE('',#724,#850,#2389,.T.);
#2389 = LINE('',#2390,#2391);
#2390 = CARTESIAN_POINT('',(3.75,-9.99999999987E-06,1.E-01));
#2391 = VECTOR('',#2392,1.);
#2392 = DIRECTION('',(1.,0.,0.));
#2393 = ORIENTED_EDGE('',*,*,#897,.F.);
#2394 = ORIENTED_EDGE('',*,*,#2395,.F.);
#2395 = EDGE_CURVE('',#732,#898,#2396,.T.);
#2396 = LINE('',#2397,#2398);
#2397 = CARTESIAN_POINT('',(0.25,0.,0.1));
#2398 = VECTOR('',#2399,1.);
#2399 = DIRECTION('',(1.,0.,0.));
#2400 = PLANE('',#2401);
#2401 = AXIS2_PLACEMENT_3D('',#2402,#2403,#2404);
#2402 = CARTESIAN_POINT('',(3.75,2.E-17,0.1));
#2403 = DIRECTION('',(0.,2.2E-16,1.));
#2404 = DIRECTION('',(1.,0.,0.));
#2405 = ADVANCED_FACE('',(#2406),#2412,.T.);
#2406 = FACE_BOUND('',#2407,.F.);
#2407 = EDGE_LOOP('',(#2408,#2409,#2410,#2411));
#2408 = ORIENTED_EDGE('',*,*,#755,.F.);
#2409 = ORIENTED_EDGE('',*,*,#810,.T.);
#2410 = ORIENTED_EDGE('',*,*,#849,.T.);
#2411 = ORIENTED_EDGE('',*,*,#2388,.F.);
#2412 = PLANE('',#2413);
#2413 = AXIS2_PLACEMENT_3D('',#2414,#2415,#2416);
#2414 = CARTESIAN_POINT('',(3.75,-5.0005E-02,0.149995));
#2415 = DIRECTION('',(0.,-0.707106781187,-0.707106781187));
#2416 = DIRECTION('',(-1.,-0.,-0.));
#2417 = ADVANCED_FACE('',(#2418),#2452,.T.);
#2418 = FACE_BOUND('',#2419,.F.);
#2419 = EDGE_LOOP('',(#2420,#2428,#2429,#2430,#2431,#2437,#2438,#2446));
#2420 = ORIENTED_EDGE('',*,*,#2421,.F.);
#2421 = EDGE_CURVE('',#778,#2422,#2424,.T.);
#2422 = VERTEX_POINT('',#2423);
#2423 = CARTESIAN_POINT('',(0.291421356237,0.1,0.));
#2424 = LINE('',#2425,#2426);
#2425 = CARTESIAN_POINT('',(0.269074356983,4.604957132204E-02,
    5.395042867796E-02));
#2426 = VECTOR('',#2427,1.);
#2427 = DIRECTION('',(0.281084637715,0.678598344546,-0.678598344546));
#2428 = ORIENTED_EDGE('',*,*,#777,.T.);
#2429 = ORIENTED_EDGE('',*,*,#2395,.T.);
#2430 = ORIENTED_EDGE('',*,*,#945,.T.);
#2431 = ORIENTED_EDGE('',*,*,#2432,.T.);
#2432 = EDGE_CURVE('',#946,#1186,#2433,.T.);
#2433 = LINE('',#2434,#2435);
#2434 = CARTESIAN_POINT('',(0.25,0.,0.1));
#2435 = VECTOR('',#2436,1.);
#2436 = DIRECTION('',(1.,0.,0.));
#2437 = ORIENTED_EDGE('',*,*,#1233,.T.);
#2438 = ORIENTED_EDGE('',*,*,#2439,.T.);
#2439 = EDGE_CURVE('',#1234,#2440,#2442,.T.);
#2440 = VERTEX_POINT('',#2441);
#2441 = CARTESIAN_POINT('',(15.708578643763,0.1,0.));
#2442 = LINE('',#2443,#2444);
#2443 = CARTESIAN_POINT('',(15.118609197933,1.524312237509,
    -1.424312237509));
#2444 = VECTOR('',#2445,1.);
#2445 = DIRECTION('',(-0.281084637715,0.678598344546,-0.678598344546));
#2446 = ORIENTED_EDGE('',*,*,#2447,.F.);
#2447 = EDGE_CURVE('',#2422,#2440,#2448,.T.);
#2448 = LINE('',#2449,#2450);
#2449 = CARTESIAN_POINT('',(0.25,0.1,0.));
#2450 = VECTOR('',#2451,1.);
#2451 = DIRECTION('',(1.,0.,0.));
#2452 = PLANE('',#2453);
#2453 = AXIS2_PLACEMENT_3D('',#2454,#2455,#2456);
#2454 = CARTESIAN_POINT('',(0.25,5.E-02,5.E-02));
#2455 = DIRECTION('',(0.,-0.707106781187,-0.707106781187));
#2456 = DIRECTION('',(-1.,-0.,-0.));
#2457 = ADVANCED_FACE('',(#2458),#2476,.F.);
#2458 = FACE_BOUND('',#2459,.T.);
#2459 = EDGE_LOOP('',(#2460,#2461,#2462,#2470));
#2460 = ORIENTED_EDGE('',*,*,#2421,.F.);
#2461 = ORIENTED_EDGE('',*,*,#835,.T.);
#2462 = ORIENTED_EDGE('',*,*,#2463,.T.);
#2463 = EDGE_CURVE('',#828,#2464,#2466,.T.);
#2464 = VERTEX_POINT('',#2465);
#2465 = CARTESIAN_POINT('',(0.1,0.291421356237,0.));
#2466 = LINE('',#2467,#2468);
#2467 = CARTESIAN_POINT('',(1.558031255432,0.895357676601,
    -1.458031255432));
#2468 = VECTOR('',#2469,1.);
#2469 = DIRECTION('',(0.678598344546,0.281084637715,-0.678598344546));
#2470 = ORIENTED_EDGE('',*,*,#2471,.F.);
#2471 = EDGE_CURVE('',#2422,#2464,#2472,.T.);
#2472 = LINE('',#2473,#2474);
#2473 = CARTESIAN_POINT('',(0.320710678119,7.071067811865E-02,0.));
#2474 = VECTOR('',#2475,1.);
#2475 = DIRECTION('',(-0.707106781187,0.707106781187,0.));
#2476 = PLANE('',#2477);
#2477 = AXIS2_PLACEMENT_3D('',#2478,#2479,#2480);
#2478 = CARTESIAN_POINT('',(0.285355339059,3.535533905933E-02,5.E-02));
#2479 = DIRECTION('',(0.5,0.5,0.707106781187));
#2480 = DIRECTION('',(0.707106781187,-0.707106781187,5.551115123126E-17)
  );
#2481 = ADVANCED_FACE('',(#2482),#2514,.T.);
#2482 = FACE_BOUND('',#2483,.F.);
#2483 = EDGE_LOOP('',(#2484,#2492,#2493,#2499,#2500,#2506,#2507,#2508));
#2484 = ORIENTED_EDGE('',*,*,#2485,.F.);
#2485 = EDGE_CURVE('',#1450,#2486,#2488,.T.);
#2486 = VERTEX_POINT('',#2487);
#2487 = CARTESIAN_POINT('',(0.1,15.708578643763,0.));
#2488 = LINE('',#2489,#2490);
#2489 = CARTESIAN_POINT('',(4.604957132204E-02,15.730925643017,
    5.395042867796E-02));
#2490 = VECTOR('',#2491,1.);
#2491 = DIRECTION('',(0.678598344546,-0.281084637715,-0.678598344546));
#2492 = ORIENTED_EDGE('',*,*,#1449,.T.);
#2493 = ORIENTED_EDGE('',*,*,#2494,.T.);
#2494 = EDGE_CURVE('',#1404,#1162,#2495,.T.);
#2495 = LINE('',#2496,#2497);
#2496 = CARTESIAN_POINT('',(0.,15.75,0.1));
#2497 = VECTOR('',#2498,1.);
#2498 = DIRECTION('',(0.,-1.,0.));
#2499 = ORIENTED_EDGE('',*,*,#1161,.T.);
#2500 = ORIENTED_EDGE('',*,*,#2501,.T.);
#2501 = EDGE_CURVE('',#1116,#874,#2502,.T.);
#2502 = LINE('',#2503,#2504);
#2503 = CARTESIAN_POINT('',(0.,15.75,0.1));
#2504 = VECTOR('',#2505,1.);
#2505 = DIRECTION('',(0.,-1.,0.));
#2506 = ORIENTED_EDGE('',*,*,#873,.T.);
#2507 = ORIENTED_EDGE('',*,*,#2463,.T.);
#2508 = ORIENTED_EDGE('',*,*,#2509,.F.);
#2509 = EDGE_CURVE('',#2486,#2464,#2510,.T.);
#2510 = LINE('',#2511,#2512);
#2511 = CARTESIAN_POINT('',(0.1,15.75,0.));
#2512 = VECTOR('',#2513,1.);
#2513 = DIRECTION('',(0.,-1.,0.));
#2514 = PLANE('',#2515);
#2515 = AXIS2_PLACEMENT_3D('',#2516,#2517,#2518);
#2516 = CARTESIAN_POINT('',(5.E-02,15.75,5.E-02));
#2517 = DIRECTION('',(-0.707106781187,0.,-0.707106781187));
#2518 = DIRECTION('',(0.,1.,0.));
#2519 = ADVANCED_FACE('',(#2520),#2531,.F.);
#2520 = FACE_BOUND('',#2521,.F.);
#2521 = EDGE_LOOP('',(#2522,#2523,#2529,#2530));
#2522 = ORIENTED_EDGE('',*,*,#1115,.T.);
#2523 = ORIENTED_EDGE('',*,*,#2524,.T.);
#2524 = EDGE_CURVE('',#1067,#922,#2525,.T.);
#2525 = LINE('',#2526,#2527);
#2526 = CARTESIAN_POINT('',(-1.E-05,6.25,1.E-01));
#2527 = VECTOR('',#2528,1.);
#2528 = DIRECTION('',(0.,-1.,0.));
#2529 = ORIENTED_EDGE('',*,*,#921,.F.);
#2530 = ORIENTED_EDGE('',*,*,#2501,.F.);
#2531 = PLANE('',#2532);
#2532 = AXIS2_PLACEMENT_3D('',#2533,#2534,#2535);
#2533 = CARTESIAN_POINT('',(0.,6.25,1.E-01));
#2534 = DIRECTION('',(0.,0.,1.));
#2535 = DIRECTION('',(0.,-1.,0.));
#2536 = ADVANCED_FACE('',(#2537),#2543,.T.);
#2537 = FACE_BOUND('',#2538,.F.);
#2538 = EDGE_LOOP('',(#2539,#2540,#2541,#2542));
#2539 = ORIENTED_EDGE('',*,*,#1074,.F.);
#2540 = ORIENTED_EDGE('',*,*,#1019,.T.);
#2541 = ORIENTED_EDGE('',*,*,#969,.T.);
#2542 = ORIENTED_EDGE('',*,*,#2524,.F.);
#2543 = PLANE('',#2544);
#2544 = AXIS2_PLACEMENT_3D('',#2545,#2546,#2547);
#2545 = CARTESIAN_POINT('',(-5.0005E-02,6.25,0.149995));
#2546 = DIRECTION('',(-0.707106781187,-0.,-0.707106781187));
#2547 = DIRECTION('',(0.,1.,0.));
#2548 = ADVANCED_FACE('',(#2549),#2560,.F.);
#2549 = FACE_BOUND('',#2550,.F.);
#2550 = EDGE_LOOP('',(#2551,#2552,#2558,#2559));
#2551 = ORIENTED_EDGE('',*,*,#1002,.T.);
#2552 = ORIENTED_EDGE('',*,*,#2553,.T.);
#2553 = EDGE_CURVE('',#995,#1138,#2554,.T.);
#2554 = LINE('',#2555,#2556);
#2555 = CARTESIAN_POINT('',(9.75,-9.99999999987E-06,1.E-01));
#2556 = VECTOR('',#2557,1.);
#2557 = DIRECTION('',(1.,0.,0.));
#2558 = ORIENTED_EDGE('',*,*,#1185,.F.);
#2559 = ORIENTED_EDGE('',*,*,#2432,.F.);
#2560 = PLANE('',#2561);
#2561 = AXIS2_PLACEMENT_3D('',#2562,#2563,#2564);
#2562 = CARTESIAN_POINT('',(9.75,2.E-17,1.E-01));
#2563 = DIRECTION('',(0.,2.2E-16,1.));
#2564 = DIRECTION('',(1.,0.,0.));
#2565 = ADVANCED_FACE('',(#2566),#2572,.T.);
#2566 = FACE_BOUND('',#2567,.F.);
#2567 = EDGE_LOOP('',(#2568,#2569,#2570,#2571));
#2568 = ORIENTED_EDGE('',*,*,#1043,.F.);
#2569 = ORIENTED_EDGE('',*,*,#1098,.T.);
#2570 = ORIENTED_EDGE('',*,*,#1137,.T.);
#2571 = ORIENTED_EDGE('',*,*,#2553,.F.);
#2572 = PLANE('',#2573);
#2573 = AXIS2_PLACEMENT_3D('',#2574,#2575,#2576);
#2574 = CARTESIAN_POINT('',(9.75,-5.0005E-02,0.149995));
#2575 = DIRECTION('',(0.,-0.707106781187,-0.707106781187));
#2576 = DIRECTION('',(-1.,-0.,-0.));
#2577 = ADVANCED_FACE('',(#2578),#2589,.F.);
#2578 = FACE_BOUND('',#2579,.F.);
#2579 = EDGE_LOOP('',(#2580,#2581,#2587,#2588));
#2580 = ORIENTED_EDGE('',*,*,#1403,.T.);
#2581 = ORIENTED_EDGE('',*,*,#2582,.T.);
#2582 = EDGE_CURVE('',#1355,#1210,#2583,.T.);
#2583 = LINE('',#2584,#2585);
#2584 = CARTESIAN_POINT('',(-1.E-05,12.25,1.E-01));
#2585 = VECTOR('',#2586,1.);
#2586 = DIRECTION('',(0.,-1.,0.));
#2587 = ORIENTED_EDGE('',*,*,#1209,.F.);
#2588 = ORIENTED_EDGE('',*,*,#2494,.F.);
#2589 = PLANE('',#2590);
#2590 = AXIS2_PLACEMENT_3D('',#2591,#2592,#2593);
#2591 = CARTESIAN_POINT('',(0.,12.25,0.1));
#2592 = DIRECTION('',(0.,0.,1.));
#2593 = DIRECTION('',(0.,-1.,0.));
#2594 = ADVANCED_FACE('',(#2595),#2601,.T.);
#2595 = FACE_BOUND('',#2596,.F.);
#2596 = EDGE_LOOP('',(#2597,#2598,#2599,#2600));
#2597 = ORIENTED_EDGE('',*,*,#1362,.F.);
#2598 = ORIENTED_EDGE('',*,*,#1307,.T.);
#2599 = ORIENTED_EDGE('',*,*,#1257,.T.);
#2600 = ORIENTED_EDGE('',*,*,#2582,.F.);
#2601 = PLANE('',#2602);
#2602 = AXIS2_PLACEMENT_3D('',#2603,#2604,#2605);
#2603 = CARTESIAN_POINT('',(-5.0005E-02,12.25,0.149995));
#2604 = DIRECTION('',(-0.707106781187,0.,-0.707106781187));
#2605 = DIRECTION('',(0.,1.,0.));
#2606 = ADVANCED_FACE('',(#2607),#2625,.T.);
#2607 = FACE_BOUND('',#2608,.F.);
#2608 = EDGE_LOOP('',(#2609,#2610,#2611,#2619));
#2609 = ORIENTED_EDGE('',*,*,#2439,.F.);
#2610 = ORIENTED_EDGE('',*,*,#1291,.T.);
#2611 = ORIENTED_EDGE('',*,*,#2612,.T.);
#2612 = EDGE_CURVE('',#1284,#2613,#2615,.T.);
#2613 = VERTEX_POINT('',#2614);
#2614 = CARTESIAN_POINT('',(15.9,0.291421356237,0.));
#2615 = LINE('',#2616,#2617);
#2616 = CARTESIAN_POINT('',(15.920231410754,0.283041231517,
    2.023141075424E-02));
#2617 = VECTOR('',#2618,1.);
#2618 = DIRECTION('',(-0.678598344546,0.281084637715,-0.678598344546));
#2619 = ORIENTED_EDGE('',*,*,#2620,.F.);
#2620 = EDGE_CURVE('',#2440,#2613,#2621,.T.);
#2621 = LINE('',#2622,#2623);
#2622 = CARTESIAN_POINT('',(15.679289321881,7.071067811865E-02,0.));
#2623 = VECTOR('',#2624,1.);
#2624 = DIRECTION('',(0.707106781187,0.707106781187,0.));
#2625 = PLANE('',#2626);
#2626 = AXIS2_PLACEMENT_3D('',#2627,#2628,#2629);
#2627 = CARTESIAN_POINT('',(15.714644660941,3.535533905933E-02,5.E-02));
#2628 = DIRECTION('',(0.5,-0.5,-0.707106781187));
#2629 = DIRECTION('',(-0.707106781187,-0.707106781187,-0.));
#2630 = ADVANCED_FACE('',(#2631),#2663,.T.);
#2631 = FACE_BOUND('',#2632,.F.);
#2632 = EDGE_LOOP('',(#2633,#2634,#2635,#2641,#2642,#2648,#2649,#2657));
#2633 = ORIENTED_EDGE('',*,*,#2612,.F.);
#2634 = ORIENTED_EDGE('',*,*,#1329,.T.);
#2635 = ORIENTED_EDGE('',*,*,#2636,.T.);
#2636 = EDGE_CURVE('',#1330,#1570,#2637,.T.);
#2637 = LINE('',#2638,#2639);
#2638 = CARTESIAN_POINT('',(16.,0.25,0.1));
#2639 = VECTOR('',#2640,1.);
#2640 = DIRECTION('',(0.,1.,0.));
#2641 = ORIENTED_EDGE('',*,*,#1617,.T.);
#2642 = ORIENTED_EDGE('',*,*,#2643,.T.);
#2643 = EDGE_CURVE('',#1618,#1858,#2644,.T.);
#2644 = LINE('',#2645,#2646);
#2645 = CARTESIAN_POINT('',(16.,0.25,0.1));
#2646 = VECTOR('',#2647,1.);
#2647 = DIRECTION('',(0.,1.,0.));
#2648 = ORIENTED_EDGE('',*,*,#1905,.T.);
#2649 = ORIENTED_EDGE('',*,*,#2650,.T.);
#2650 = EDGE_CURVE('',#1906,#2651,#2653,.T.);
#2651 = VERTEX_POINT('',#2652);
#2652 = CARTESIAN_POINT('',(15.9,15.708578643763,0.));
#2653 = LINE('',#2654,#2655);
#2654 = CARTESIAN_POINT('',(14.475687762491,15.118609197933,
    -1.424312237509));
#2655 = VECTOR('',#2656,1.);
#2656 = DIRECTION('',(-0.678598344546,-0.281084637715,-0.678598344546));
#2657 = ORIENTED_EDGE('',*,*,#2658,.F.);
#2658 = EDGE_CURVE('',#2613,#2651,#2659,.T.);
#2659 = LINE('',#2660,#2661);
#2660 = CARTESIAN_POINT('',(15.9,0.25,0.));
#2661 = VECTOR('',#2662,1.);
#2662 = DIRECTION('',(0.,1.,0.));
#2663 = PLANE('',#2664);
#2664 = AXIS2_PLACEMENT_3D('',#2665,#2666,#2667);
#2665 = CARTESIAN_POINT('',(15.95,0.25,5.E-02));
#2666 = DIRECTION('',(0.707106781187,0.,-0.707106781187));
#2667 = DIRECTION('',(-0.,-1.,-0.));
#2668 = ADVANCED_FACE('',(#2669),#2680,.F.);
#2669 = FACE_BOUND('',#2670,.F.);
#2670 = EDGE_LOOP('',(#2671,#2672,#2678,#2679));
#2671 = ORIENTED_EDGE('',*,*,#1386,.T.);
#2672 = ORIENTED_EDGE('',*,*,#2673,.T.);
#2673 = EDGE_CURVE('',#1379,#1522,#2674,.T.);
#2674 = LINE('',#2675,#2676);
#2675 = CARTESIAN_POINT('',(16.00001,3.75,1.E-01));
#2676 = VECTOR('',#2677,1.);
#2677 = DIRECTION('',(0.,1.,0.));
#2678 = ORIENTED_EDGE('',*,*,#1569,.F.);
#2679 = ORIENTED_EDGE('',*,*,#2636,.F.);
#2680 = PLANE('',#2681);
#2681 = AXIS2_PLACEMENT_3D('',#2682,#2683,#2684);
#2682 = CARTESIAN_POINT('',(16.,3.75,0.1));
#2683 = DIRECTION('',(0.,0.,1.));
#2684 = DIRECTION('',(0.,1.,0.));
#2685 = ADVANCED_FACE('',(#2686),#2692,.F.);
#2686 = FACE_BOUND('',#2687,.F.);
#2687 = EDGE_LOOP('',(#2688,#2689,#2690,#2691));
#2688 = ORIENTED_EDGE('',*,*,#1427,.F.);
#2689 = ORIENTED_EDGE('',*,*,#1475,.T.);
#2690 = ORIENTED_EDGE('',*,*,#1521,.T.);
#2691 = ORIENTED_EDGE('',*,*,#2673,.F.);
#2692 = PLANE('',#2693);
#2693 = AXIS2_PLACEMENT_3D('',#2694,#2695,#2696);
#2694 = CARTESIAN_POINT('',(16.050005,3.75,0.149995));
#2695 = DIRECTION('',(-0.707106781187,0.,0.707106781187));
#2696 = DIRECTION('',(0.,1.,0.));
#2697 = ADVANCED_FACE('',(#2698),#2716,.F.);
#2698 = FACE_BOUND('',#2699,.T.);
#2699 = EDGE_LOOP('',(#2700,#2701,#2702,#2710));
#2700 = ORIENTED_EDGE('',*,*,#2485,.F.);
#2701 = ORIENTED_EDGE('',*,*,#1507,.T.);
#2702 = ORIENTED_EDGE('',*,*,#2703,.T.);
#2703 = EDGE_CURVE('',#1500,#2704,#2706,.T.);
#2704 = VERTEX_POINT('',#2705);
#2705 = CARTESIAN_POINT('',(0.291421356237,15.9,0.));
#2706 = LINE('',#2707,#2708);
#2707 = CARTESIAN_POINT('',(0.895357676601,14.441968744567,
    -1.458031255433));
#2708 = VECTOR('',#2709,1.);
#2709 = DIRECTION('',(0.281084637715,-0.678598344546,-0.678598344546));
#2710 = ORIENTED_EDGE('',*,*,#2711,.F.);
#2711 = EDGE_CURVE('',#2486,#2704,#2712,.T.);
#2712 = LINE('',#2713,#2714);
#2713 = CARTESIAN_POINT('',(7.071067811865E-02,15.679289321881,0.));
#2714 = VECTOR('',#2715,1.);
#2715 = DIRECTION('',(0.707106781187,0.707106781187,0.));
#2716 = PLANE('',#2717);
#2717 = AXIS2_PLACEMENT_3D('',#2718,#2719,#2720);
#2718 = CARTESIAN_POINT('',(3.535533905933E-02,15.714644660941,5.E-02));
#2719 = DIRECTION('',(0.5,-0.5,0.707106781187));
#2720 = DIRECTION('',(-0.707106781187,-0.707106781187,-0.));
#2721 = ADVANCED_FACE('',(#2722),#2754,.T.);
#2722 = FACE_BOUND('',#2723,.F.);
#2723 = EDGE_LOOP('',(#2724,#2732,#2733,#2739,#2740,#2746,#2747,#2748));
#2724 = ORIENTED_EDGE('',*,*,#2725,.F.);
#2725 = EDGE_CURVE('',#1956,#2726,#2728,.T.);
#2726 = VERTEX_POINT('',#2727);
#2727 = CARTESIAN_POINT('',(15.708578643763,15.9,0.));
#2728 = LINE('',#2729,#2730);
#2729 = CARTESIAN_POINT('',(15.716958768483,15.920231410754,
    2.023141075424E-02));
#2730 = VECTOR('',#2731,1.);
#2731 = DIRECTION('',(-0.281084637715,-0.678598344546,-0.678598344546));
#2732 = ORIENTED_EDGE('',*,*,#2001,.T.);
#2733 = ORIENTED_EDGE('',*,*,#2734,.T.);
#2734 = EDGE_CURVE('',#2002,#1834,#2735,.T.);
#2735 = LINE('',#2736,#2737);
#2736 = CARTESIAN_POINT('',(15.75,16.,0.1));
#2737 = VECTOR('',#2738,1.);
#2738 = DIRECTION('',(-1.,0.,0.));
#2739 = ORIENTED_EDGE('',*,*,#1833,.T.);
#2740 = ORIENTED_EDGE('',*,*,#2741,.T.);
#2741 = EDGE_CURVE('',#1788,#1546,#2742,.T.);
#2742 = LINE('',#2743,#2744);
#2743 = CARTESIAN_POINT('',(15.75,16.,0.1));
#2744 = VECTOR('',#2745,1.);
#2745 = DIRECTION('',(-1.,0.,0.));
#2746 = ORIENTED_EDGE('',*,*,#1545,.T.);
#2747 = ORIENTED_EDGE('',*,*,#2703,.T.);
#2748 = ORIENTED_EDGE('',*,*,#2749,.F.);
#2749 = EDGE_CURVE('',#2726,#2704,#2750,.T.);
#2750 = LINE('',#2751,#2752);
#2751 = CARTESIAN_POINT('',(15.75,15.9,0.));
#2752 = VECTOR('',#2753,1.);
#2753 = DIRECTION('',(-1.,0.,0.));
#2754 = PLANE('',#2755);
#2755 = AXIS2_PLACEMENT_3D('',#2756,#2757,#2758);
#2756 = CARTESIAN_POINT('',(15.75,15.95,5.E-02));
#2757 = DIRECTION('',(0.,0.707106781187,-0.707106781187));
#2758 = DIRECTION('',(1.,0.,0.));
#2759 = ADVANCED_FACE('',(#2760),#2771,.F.);
#2760 = FACE_BOUND('',#2761,.F.);
#2761 = EDGE_LOOP('',(#2762,#2763,#2769,#2770));
#2762 = ORIENTED_EDGE('',*,*,#1787,.T.);
#2763 = ORIENTED_EDGE('',*,*,#2764,.T.);
#2764 = EDGE_CURVE('',#1739,#1594,#2765,.T.);
#2765 = LINE('',#2766,#2767);
#2766 = CARTESIAN_POINT('',(6.25,16.10001,1.E-01));
#2767 = VECTOR('',#2768,1.);
#2768 = DIRECTION('',(-1.,0.,0.));
#2769 = ORIENTED_EDGE('',*,*,#1593,.F.);
#2770 = ORIENTED_EDGE('',*,*,#2741,.F.);
#2771 = PLANE('',#2772);
#2772 = AXIS2_PLACEMENT_3D('',#2773,#2774,#2775);
#2773 = CARTESIAN_POINT('',(6.25,16.,1.E-01));
#2774 = DIRECTION('',(0.,2.2E-16,1.));
#2775 = DIRECTION('',(-1.,0.,0.));
#2776 = ADVANCED_FACE('',(#2777),#2783,.F.);
#2777 = FACE_BOUND('',#2778,.F.);
#2778 = EDGE_LOOP('',(#2779,#2780,#2781,#2782));
#2779 = ORIENTED_EDGE('',*,*,#1746,.F.);
#2780 = ORIENTED_EDGE('',*,*,#1698,.T.);
#2781 = ORIENTED_EDGE('',*,*,#1641,.T.);
#2782 = ORIENTED_EDGE('',*,*,#2764,.F.);
#2783 = PLANE('',#2784);
#2784 = AXIS2_PLACEMENT_3D('',#2785,#2786,#2787);
#2785 = CARTESIAN_POINT('',(6.25,16.150005,0.149995));
#2786 = DIRECTION('',(0.,-0.707106781187,0.707106781187));
#2787 = DIRECTION('',(-1.,0.,0.));
#2788 = ADVANCED_FACE('',(#2789),#2800,.F.);
#2789 = FACE_BOUND('',#2790,.F.);
#2790 = EDGE_LOOP('',(#2791,#2792,#2798,#2799));
#2791 = ORIENTED_EDGE('',*,*,#1674,.T.);
#2792 = ORIENTED_EDGE('',*,*,#2793,.T.);
#2793 = EDGE_CURVE('',#1667,#1810,#2794,.T.);
#2794 = LINE('',#2795,#2796);
#2795 = CARTESIAN_POINT('',(16.00001,9.75,1.E-01));
#2796 = VECTOR('',#2797,1.);
#2797 = DIRECTION('',(0.,1.,0.));
#2798 = ORIENTED_EDGE('',*,*,#1857,.F.);
#2799 = ORIENTED_EDGE('',*,*,#2643,.F.);
#2800 = PLANE('',#2801);
#2801 = AXIS2_PLACEMENT_3D('',#2802,#2803,#2804);
#2802 = CARTESIAN_POINT('',(16.,9.75,1.E-01));
#2803 = DIRECTION('',(0.,0.,1.));
#2804 = DIRECTION('',(0.,1.,0.));
#2805 = ADVANCED_FACE('',(#2806),#2812,.F.);
#2806 = FACE_BOUND('',#2807,.F.);
#2807 = EDGE_LOOP('',(#2808,#2809,#2810,#2811));
#2808 = ORIENTED_EDGE('',*,*,#1715,.F.);
#2809 = ORIENTED_EDGE('',*,*,#1763,.T.);
#2810 = ORIENTED_EDGE('',*,*,#1809,.T.);
#2811 = ORIENTED_EDGE('',*,*,#2793,.F.);
#2812 = PLANE('',#2813);
#2813 = AXIS2_PLACEMENT_3D('',#2814,#2815,#2816);
#2814 = CARTESIAN_POINT('',(16.050005,9.75,0.149995));
#2815 = DIRECTION('',(-0.707106781187,0.,0.707106781187));
#2816 = DIRECTION('',(0.,1.,0.));
#2817 = ADVANCED_FACE('',(#2818),#2829,.F.);
#2818 = FACE_BOUND('',#2819,.F.);
#2819 = EDGE_LOOP('',(#2820,#2821,#2827,#2828));
#2820 = ORIENTED_EDGE('',*,*,#2051,.T.);
#2821 = ORIENTED_EDGE('',*,*,#2822,.T.);
#2822 = EDGE_CURVE('',#2027,#1882,#2823,.T.);
#2823 = LINE('',#2824,#2825);
#2824 = CARTESIAN_POINT('',(12.25,16.10001,1.E-01));
#2825 = VECTOR('',#2826,1.);
#2826 = DIRECTION('',(-1.,0.,0.));
#2827 = ORIENTED_EDGE('',*,*,#1881,.F.);
#2828 = ORIENTED_EDGE('',*,*,#2734,.F.);
#2829 = PLANE('',#2830);
#2830 = AXIS2_PLACEMENT_3D('',#2831,#2832,#2833);
#2831 = CARTESIAN_POINT('',(12.25,16.,1.E-01));
#2832 = DIRECTION('',(0.,2.2E-16,1.));
#2833 = DIRECTION('',(-1.,0.,0.));
#2834 = ADVANCED_FACE('',(#2835),#2841,.F.);
#2835 = FACE_BOUND('',#2836,.F.);
#2836 = EDGE_LOOP('',(#2837,#2838,#2839,#2840));
#2837 = ORIENTED_EDGE('',*,*,#2034,.F.);
#2838 = ORIENTED_EDGE('',*,*,#1986,.T.);
#2839 = ORIENTED_EDGE('',*,*,#1929,.T.);
#2840 = ORIENTED_EDGE('',*,*,#2822,.F.);
#2841 = PLANE('',#2842);
#2842 = AXIS2_PLACEMENT_3D('',#2843,#2844,#2845);
#2843 = CARTESIAN_POINT('',(12.25,16.150005,0.149995));
#2844 = DIRECTION('',(0.,-0.707106781187,0.707106781187));
#2845 = DIRECTION('',(-1.,0.,0.));
#2846 = ADVANCED_FACE('',(#2847),#2858,.T.);
#2847 = FACE_BOUND('',#2848,.F.);
#2848 = EDGE_LOOP('',(#2849,#2850,#2851,#2852));
#2849 = ORIENTED_EDGE('',*,*,#2650,.F.);
#2850 = ORIENTED_EDGE('',*,*,#1963,.T.);
#2851 = ORIENTED_EDGE('',*,*,#2725,.T.);
#2852 = ORIENTED_EDGE('',*,*,#2853,.F.);
#2853 = EDGE_CURVE('',#2651,#2726,#2854,.T.);
#2854 = LINE('',#2855,#2856);
#2855 = CARTESIAN_POINT('',(15.929289321881,15.679289321881,0.));
#2856 = VECTOR('',#2857,1.);
#2857 = DIRECTION('',(-0.707106781187,0.707106781187,0.));
#2858 = PLANE('',#2859);
#2859 = AXIS2_PLACEMENT_3D('',#2860,#2861,#2862);
#2860 = CARTESIAN_POINT('',(15.964644660941,15.714644660941,5.E-02));
#2861 = DIRECTION('',(0.5,0.5,-0.707106781187));
#2862 = DIRECTION('',(0.707106781187,-0.707106781187,0.));
#2863 = ADVANCED_FACE('',(#2864),#2889,.F.);
#2864 = FACE_BOUND('',#2865,.F.);
#2865 = EDGE_LOOP('',(#2866,#2874,#2882,#2888));
#2866 = ORIENTED_EDGE('',*,*,#2867,.T.);
#2867 = EDGE_CURVE('',#2067,#2868,#2870,.T.);
#2868 = VERTEX_POINT('',#2869);
#2869 = CARTESIAN_POINT('',(6.05,1.3,-1.2));
#2870 = LINE('',#2871,#2872);
#2871 = CARTESIAN_POINT('',(6.05,1.3,1.));
#2872 = VECTOR('',#2873,1.);
#2873 = DIRECTION('',(-0.,-0.,-1.));
#2874 = ORIENTED_EDGE('',*,*,#2875,.F.);
#2875 = EDGE_CURVE('',#2876,#2868,#2878,.T.);
#2876 = VERTEX_POINT('',#2877);
#2877 = CARTESIAN_POINT('',(9.95,1.3,-1.2));
#2878 = LINE('',#2879,#2880);
#2879 = CARTESIAN_POINT('',(6.775,1.3,-1.2));
#2880 = VECTOR('',#2881,1.);
#2881 = DIRECTION('',(-1.,0.,0.));
#2882 = ORIENTED_EDGE('',*,*,#2883,.F.);
#2883 = EDGE_CURVE('',#2076,#2876,#2884,.T.);
#2884 = LINE('',#2885,#2886);
#2885 = CARTESIAN_POINT('',(9.95,1.3,1.));
#2886 = VECTOR('',#2887,1.);
#2887 = DIRECTION('',(-0.,-0.,-1.));
#2888 = ORIENTED_EDGE('',*,*,#2083,.F.);
#2889 = PLANE('',#2890);
#2890 = AXIS2_PLACEMENT_3D('',#2891,#2892,#2893);
#2891 = CARTESIAN_POINT('',(5.55,1.3,1.));
#2892 = DIRECTION('',(0.,-1.,0.));
#2893 = DIRECTION('',(1.,0.,0.));
#2894 = ADVANCED_FACE('',(#2895),#2914,.F.);
#2895 = FACE_BOUND('',#2896,.T.);
#2896 = EDGE_LOOP('',(#2897,#2905,#2906,#2907));
#2897 = ORIENTED_EDGE('',*,*,#2898,.F.);
#2898 = EDGE_CURVE('',#2098,#2899,#2901,.T.);
#2899 = VERTEX_POINT('',#2900);
#2900 = CARTESIAN_POINT('',(5.55,1.8,-1.2));
#2901 = LINE('',#2902,#2903);
#2902 = CARTESIAN_POINT('',(5.55,1.8,1.));
#2903 = VECTOR('',#2904,1.);
#2904 = DIRECTION('',(-0.,-0.,-1.));
#2905 = ORIENTED_EDGE('',*,*,#2107,.T.);
#2906 = ORIENTED_EDGE('',*,*,#2867,.T.);
#2907 = ORIENTED_EDGE('',*,*,#2908,.F.);
#2908 = EDGE_CURVE('',#2899,#2868,#2909,.T.);
#2909 = CIRCLE('',#2910,0.5);
#2910 = AXIS2_PLACEMENT_3D('',#2911,#2912,#2913);
#2911 = CARTESIAN_POINT('',(6.05,1.8,-1.2));
#2912 = DIRECTION('',(0.,-0.,1.));
#2913 = DIRECTION('',(0.,1.,0.));
#2914 = CYLINDRICAL_SURFACE('',#2915,0.5);
#2915 = AXIS2_PLACEMENT_3D('',#2916,#2917,#2918);
#2916 = CARTESIAN_POINT('',(6.05,1.8,1.));
#2917 = DIRECTION('',(-0.,-0.,-1.));
#2918 = DIRECTION('',(-1.,0.,0.));
#2919 = ADVANCED_FACE('',(#2920),#2938,.F.);
#2920 = FACE_BOUND('',#2921,.F.);
#2921 = EDGE_LOOP('',(#2922,#2930,#2936,#2937));
#2922 = ORIENTED_EDGE('',*,*,#2923,.T.);
#2923 = EDGE_CURVE('',#2123,#2924,#2926,.T.);
#2924 = VERTEX_POINT('',#2925);
#2925 = CARTESIAN_POINT('',(5.55,3.7,-1.2));
#2926 = LINE('',#2927,#2928);
#2927 = CARTESIAN_POINT('',(5.55,3.7,1.));
#2928 = VECTOR('',#2929,1.);
#2929 = DIRECTION('',(-0.,-0.,-1.));
#2930 = ORIENTED_EDGE('',*,*,#2931,.F.);
#2931 = EDGE_CURVE('',#2899,#2924,#2932,.T.);
#2932 = LINE('',#2933,#2934);
#2933 = CARTESIAN_POINT('',(5.55,3.475,-1.2));
#2934 = VECTOR('',#2935,1.);
#2935 = DIRECTION('',(0.,1.,0.));
#2936 = ORIENTED_EDGE('',*,*,#2898,.F.);
#2937 = ORIENTED_EDGE('',*,*,#2132,.F.);
#2938 = PLANE('',#2939);
#2939 = AXIS2_PLACEMENT_3D('',#2940,#2941,#2942);
#2940 = CARTESIAN_POINT('',(5.55,4.2,1.));
#2941 = DIRECTION('',(-1.,0.,0.));
#2942 = DIRECTION('',(0.,-1.,0.));
#2943 = ADVANCED_FACE('',(#2944),#2963,.F.);
#2944 = FACE_BOUND('',#2945,.F.);
#2945 = EDGE_LOOP('',(#2946,#2947,#2948,#2956));
#2946 = ORIENTED_EDGE('',*,*,#2923,.F.);
#2947 = ORIENTED_EDGE('',*,*,#2156,.F.);
#2948 = ORIENTED_EDGE('',*,*,#2949,.T.);
#2949 = EDGE_CURVE('',#2147,#2950,#2952,.T.);
#2950 = VERTEX_POINT('',#2951);
#2951 = CARTESIAN_POINT('',(6.05,4.2,-1.2));
#2952 = LINE('',#2953,#2954);
#2953 = CARTESIAN_POINT('',(6.05,4.2,1.));
#2954 = VECTOR('',#2955,1.);
#2955 = DIRECTION('',(-0.,-0.,-1.));
#2956 = ORIENTED_EDGE('',*,*,#2957,.F.);
#2957 = EDGE_CURVE('',#2924,#2950,#2958,.T.);
#2958 = CIRCLE('',#2959,0.5);
#2959 = AXIS2_PLACEMENT_3D('',#2960,#2961,#2962);
#2960 = CARTESIAN_POINT('',(6.05,3.7,-1.2));
#2961 = DIRECTION('',(0.,0.,-1.));
#2962 = DIRECTION('',(0.,1.,0.));
#2963 = CYLINDRICAL_SURFACE('',#2964,0.5);
#2964 = AXIS2_PLACEMENT_3D('',#2965,#2966,#2967);
#2965 = CARTESIAN_POINT('',(6.05,3.7,1.));
#2966 = DIRECTION('',(-0.,-0.,-1.));
#2967 = DIRECTION('',(-1.,0.,0.));
#2968 = ADVANCED_FACE('',(#2969),#2987,.F.);
#2969 = FACE_BOUND('',#2970,.F.);
#2970 = EDGE_LOOP('',(#2971,#2979,#2985,#2986));
#2971 = ORIENTED_EDGE('',*,*,#2972,.T.);
#2972 = EDGE_CURVE('',#2172,#2973,#2975,.T.);
#2973 = VERTEX_POINT('',#2974);
#2974 = CARTESIAN_POINT('',(9.95,4.2,-1.2));
#2975 = LINE('',#2976,#2977);
#2976 = CARTESIAN_POINT('',(9.95,4.2,1.));
#2977 = VECTOR('',#2978,1.);
#2978 = DIRECTION('',(-0.,-0.,-1.));
#2979 = ORIENTED_EDGE('',*,*,#2980,.F.);
#2980 = EDGE_CURVE('',#2950,#2973,#2981,.T.);
#2981 = LINE('',#2982,#2983);
#2982 = CARTESIAN_POINT('',(9.225,4.2,-1.2));
#2983 = VECTOR('',#2984,1.);
#2984 = DIRECTION('',(1.,0.,0.));
#2985 = ORIENTED_EDGE('',*,*,#2949,.F.);
#2986 = ORIENTED_EDGE('',*,*,#2181,.F.);
#2987 = PLANE('',#2988);
#2988 = AXIS2_PLACEMENT_3D('',#2989,#2990,#2991);
#2989 = CARTESIAN_POINT('',(10.45,4.2,1.));
#2990 = DIRECTION('',(0.,1.,0.));
#2991 = DIRECTION('',(-1.,0.,0.));
#2992 = ADVANCED_FACE('',(#2993),#3012,.F.);
#2993 = FACE_BOUND('',#2994,.T.);
#2994 = EDGE_LOOP('',(#2995,#3003,#3004,#3005));
#2995 = ORIENTED_EDGE('',*,*,#2996,.F.);
#2996 = EDGE_CURVE('',#2196,#2997,#2999,.T.);
#2997 = VERTEX_POINT('',#2998);
#2998 = CARTESIAN_POINT('',(10.45,3.7,-1.2));
#2999 = LINE('',#3000,#3001);
#3000 = CARTESIAN_POINT('',(10.45,3.7,1.));
#3001 = VECTOR('',#3002,1.);
#3002 = DIRECTION('',(-0.,-0.,-1.));
#3003 = ORIENTED_EDGE('',*,*,#2205,.T.);
#3004 = ORIENTED_EDGE('',*,*,#2972,.T.);
#3005 = ORIENTED_EDGE('',*,*,#3006,.F.);
#3006 = EDGE_CURVE('',#2997,#2973,#3007,.T.);
#3007 = CIRCLE('',#3008,0.5);
#3008 = AXIS2_PLACEMENT_3D('',#3009,#3010,#3011);
#3009 = CARTESIAN_POINT('',(9.95,3.7,-1.2));
#3010 = DIRECTION('',(0.,-0.,1.));
#3011 = DIRECTION('',(0.,1.,0.));
#3012 = CYLINDRICAL_SURFACE('',#3013,0.5);
#3013 = AXIS2_PLACEMENT_3D('',#3014,#3015,#3016);
#3014 = CARTESIAN_POINT('',(9.95,3.7,1.));
#3015 = DIRECTION('',(-0.,-0.,-1.));
#3016 = DIRECTION('',(1.,0.,0.));
#3017 = ADVANCED_FACE('',(#3018),#3036,.F.);
#3018 = FACE_BOUND('',#3019,.F.);
#3019 = EDGE_LOOP('',(#3020,#3028,#3034,#3035));
#3020 = ORIENTED_EDGE('',*,*,#3021,.T.);
#3021 = EDGE_CURVE('',#2221,#3022,#3024,.T.);
#3022 = VERTEX_POINT('',#3023);
#3023 = CARTESIAN_POINT('',(10.45,1.8,-1.2));
#3024 = LINE('',#3025,#3026);
#3025 = CARTESIAN_POINT('',(10.45,1.8,1.));
#3026 = VECTOR('',#3027,1.);
#3027 = DIRECTION('',(-0.,-0.,-1.));
#3028 = ORIENTED_EDGE('',*,*,#3029,.F.);
#3029 = EDGE_CURVE('',#2997,#3022,#3030,.T.);
#3030 = LINE('',#3031,#3032);
#3031 = CARTESIAN_POINT('',(10.45,2.025,-1.2));
#3032 = VECTOR('',#3033,1.);
#3033 = DIRECTION('',(0.,-1.,0.));
#3034 = ORIENTED_EDGE('',*,*,#2996,.F.);
#3035 = ORIENTED_EDGE('',*,*,#2230,.F.);
#3036 = PLANE('',#3037);
#3037 = AXIS2_PLACEMENT_3D('',#3038,#3039,#3040);
#3038 = CARTESIAN_POINT('',(10.45,1.3,1.));
#3039 = DIRECTION('',(1.,0.,0.));
#3040 = DIRECTION('',(0.,1.,0.));
#3041 = ADVANCED_FACE('',(#3042),#3054,.F.);
#3042 = FACE_BOUND('',#3043,.T.);
#3043 = EDGE_LOOP('',(#3044,#3045,#3046,#3047));
#3044 = ORIENTED_EDGE('',*,*,#2883,.F.);
#3045 = ORIENTED_EDGE('',*,*,#2247,.T.);
#3046 = ORIENTED_EDGE('',*,*,#3021,.T.);
#3047 = ORIENTED_EDGE('',*,*,#3048,.F.);
#3048 = EDGE_CURVE('',#2876,#3022,#3049,.T.);
#3049 = CIRCLE('',#3050,0.5);
#3050 = AXIS2_PLACEMENT_3D('',#3051,#3052,#3053);
#3051 = CARTESIAN_POINT('',(9.95,1.8,-1.2));
#3052 = DIRECTION('',(0.,-0.,1.));
#3053 = DIRECTION('',(0.,1.,0.));
#3054 = CYLINDRICAL_SURFACE('',#3055,0.5);
#3055 = AXIS2_PLACEMENT_3D('',#3056,#3057,#3058);
#3056 = CARTESIAN_POINT('',(9.95,1.8,1.));
#3057 = DIRECTION('',(-0.,-0.,-1.));
#3058 = DIRECTION('',(0.,-1.,0.));
#3059 = ADVANCED_FACE('',(#3060),#3079,.F.);
#3060 = FACE_BOUND('',#3061,.F.);
#3061 = EDGE_LOOP('',(#3062,#3070,#3077,#3078));
#3062 = ORIENTED_EDGE('',*,*,#3063,.T.);
#3063 = EDGE_CURVE('',#2263,#3064,#3066,.T.);
#3064 = VERTEX_POINT('',#3065);
#3065 = CARTESIAN_POINT('',(4.25,2.7,0.6));
#3066 = LINE('',#3067,#3068);
#3067 = CARTESIAN_POINT('',(4.25,2.7,1.));
#3068 = VECTOR('',#3069,1.);
#3069 = DIRECTION('',(-0.,-0.,-1.));
#3070 = ORIENTED_EDGE('',*,*,#3071,.T.);
#3071 = EDGE_CURVE('',#3064,#3064,#3072,.T.);
#3072 = CIRCLE('',#3073,1.55);
#3073 = AXIS2_PLACEMENT_3D('',#3074,#3075,#3076);
#3074 = CARTESIAN_POINT('',(2.7,2.7,0.6));
#3075 = DIRECTION('',(0.,0.,1.));
#3076 = DIRECTION('',(1.,0.,0.));
#3077 = ORIENTED_EDGE('',*,*,#3063,.F.);
#3078 = ORIENTED_EDGE('',*,*,#2272,.F.);
#3079 = CYLINDRICAL_SURFACE('',#3080,1.55);
#3080 = AXIS2_PLACEMENT_3D('',#3081,#3082,#3083);
#3081 = CARTESIAN_POINT('',(2.7,2.7,1.));
#3082 = DIRECTION('',(0.,0.,1.));
#3083 = DIRECTION('',(1.,0.,0.));
#3084 = ADVANCED_FACE('',(#3085),#3104,.F.);
#3085 = FACE_BOUND('',#3086,.F.);
#3086 = EDGE_LOOP('',(#3087,#3095,#3102,#3103));
#3087 = ORIENTED_EDGE('',*,*,#3088,.T.);
#3088 = EDGE_CURVE('',#2288,#3089,#3091,.T.);
#3089 = VERTEX_POINT('',#3090);
#3090 = CARTESIAN_POINT('',(4.25,13.3,0.6));
#3091 = LINE('',#3092,#3093);
#3092 = CARTESIAN_POINT('',(4.25,13.3,1.));
#3093 = VECTOR('',#3094,1.);
#3094 = DIRECTION('',(-0.,-0.,-1.));
#3095 = ORIENTED_EDGE('',*,*,#3096,.T.);
#3096 = EDGE_CURVE('',#3089,#3089,#3097,.T.);
#3097 = CIRCLE('',#3098,1.55);
#3098 = AXIS2_PLACEMENT_3D('',#3099,#3100,#3101);
#3099 = CARTESIAN_POINT('',(2.7,13.3,0.6));
#3100 = DIRECTION('',(0.,0.,1.));
#3101 = DIRECTION('',(1.,0.,0.));
#3102 = ORIENTED_EDGE('',*,*,#3088,.F.);
#3103 = ORIENTED_EDGE('',*,*,#2297,.F.);
#3104 = CYLINDRICAL_SURFACE('',#3105,1.55);
#3105 = AXIS2_PLACEMENT_3D('',#3106,#3107,#3108);
#3106 = CARTESIAN_POINT('',(2.7,13.3,1.));
#3107 = DIRECTION('',(0.,0.,1.));
#3108 = DIRECTION('',(1.,0.,0.));
#3109 = ADVANCED_FACE('',(#3110),#3129,.F.);
#3110 = FACE_BOUND('',#3111,.F.);
#3111 = EDGE_LOOP('',(#3112,#3120,#3127,#3128));
#3112 = ORIENTED_EDGE('',*,*,#3113,.T.);
#3113 = EDGE_CURVE('',#2313,#3114,#3116,.T.);
#3114 = VERTEX_POINT('',#3115);
#3115 = CARTESIAN_POINT('',(14.85,13.3,0.6));
#3116 = LINE('',#3117,#3118);
#3117 = CARTESIAN_POINT('',(14.85,13.3,1.));
#3118 = VECTOR('',#3119,1.);
#3119 = DIRECTION('',(-0.,-0.,-1.));
#3120 = ORIENTED_EDGE('',*,*,#3121,.T.);
#3121 = EDGE_CURVE('',#3114,#3114,#3122,.T.);
#3122 = CIRCLE('',#3123,1.55);
#3123 = AXIS2_PLACEMENT_3D('',#3124,#3125,#3126);
#3124 = CARTESIAN_POINT('',(13.3,13.3,0.6));
#3125 = DIRECTION('',(0.,0.,1.));
#3126 = DIRECTION('',(1.,0.,0.));
#3127 = ORIENTED_EDGE('',*,*,#3113,.F.);
#3128 = ORIENTED_EDGE('',*,*,#2322,.F.);
#3129 = CYLINDRICAL_SURFACE('',#3130,1.55);
#3130 = AXIS2_PLACEMENT_3D('',#3131,#3132,#3133);
#3131 = CARTESIAN_POINT('',(13.3,13.3,1.));
#3132 = DIRECTION('',(0.,0.,1.));
#3133 = DIRECTION('',(1.,0.,0.));
#3134 = ADVANCED_FACE('',(#3135,#3145,#3156,#3226,#3229,#3240,#3251),
  #3262,.F.);
#3135 = FACE_BOUND('',#3136,.F.);
#3136 = EDGE_LOOP('',(#3137,#3138,#3139,#3140,#3141,#3142,#3143,#3144));
#3137 = ORIENTED_EDGE('',*,*,#2471,.F.);
#3138 = ORIENTED_EDGE('',*,*,#2447,.T.);
#3139 = ORIENTED_EDGE('',*,*,#2620,.T.);
#3140 = ORIENTED_EDGE('',*,*,#2658,.T.);
#3141 = ORIENTED_EDGE('',*,*,#2853,.T.);
#3142 = ORIENTED_EDGE('',*,*,#2749,.T.);
#3143 = ORIENTED_EDGE('',*,*,#2711,.F.);
#3144 = ORIENTED_EDGE('',*,*,#2509,.T.);
#3145 = FACE_BOUND('',#3146,.F.);
#3146 = EDGE_LOOP('',(#3147));
#3147 = ORIENTED_EDGE('',*,*,#3148,.F.);
#3148 = EDGE_CURVE('',#3149,#3149,#3151,.T.);
#3149 = VERTEX_POINT('',#3150);
#3150 = CARTESIAN_POINT('',(3.7,2.7,0.));
#3151 = CIRCLE('',#3152,1.);
#3152 = AXIS2_PLACEMENT_3D('',#3153,#3154,#3155);
#3153 = CARTESIAN_POINT('',(2.7,2.7,0.));
#3154 = DIRECTION('',(0.,0.,1.));
#3155 = DIRECTION('',(1.,0.,0.));
#3156 = FACE_BOUND('',#3157,.F.);
#3157 = EDGE_LOOP('',(#3158,#3168,#3177,#3185,#3194,#3202,#3211,#3219));
#3158 = ORIENTED_EDGE('',*,*,#3159,.T.);
#3159 = EDGE_CURVE('',#3160,#3162,#3164,.T.);
#3160 = VERTEX_POINT('',#3161);
#3161 = CARTESIAN_POINT('',(10.75,4.,0.));
#3162 = VERTEX_POINT('',#3163);
#3163 = CARTESIAN_POINT('',(10.75,1.5,0.));
#3164 = LINE('',#3165,#3166);
#3165 = CARTESIAN_POINT('',(10.75,4.5,0.));
#3166 = VECTOR('',#3167,1.);
#3167 = DIRECTION('',(0.,-1.,0.));
#3168 = ORIENTED_EDGE('',*,*,#3169,.T.);
#3169 = EDGE_CURVE('',#3162,#3170,#3172,.T.);
#3170 = VERTEX_POINT('',#3171);
#3171 = CARTESIAN_POINT('',(10.25,1.,0.));
#3172 = CIRCLE('',#3173,0.5);
#3173 = AXIS2_PLACEMENT_3D('',#3174,#3175,#3176);
#3174 = CARTESIAN_POINT('',(10.25,1.5,0.));
#3175 = DIRECTION('',(0.,0.,-1.));
#3176 = DIRECTION('',(0.,1.,0.));
#3177 = ORIENTED_EDGE('',*,*,#3178,.T.);
#3178 = EDGE_CURVE('',#3170,#3179,#3181,.T.);
#3179 = VERTEX_POINT('',#3180);
#3180 = CARTESIAN_POINT('',(5.75,1.,0.));
#3181 = LINE('',#3182,#3183);
#3182 = CARTESIAN_POINT('',(10.75,1.,0.));
#3183 = VECTOR('',#3184,1.);
#3184 = DIRECTION('',(-1.,0.,0.));
#3185 = ORIENTED_EDGE('',*,*,#3186,.F.);
#3186 = EDGE_CURVE('',#3187,#3179,#3189,.T.);
#3187 = VERTEX_POINT('',#3188);
#3188 = CARTESIAN_POINT('',(5.25,1.5,0.));
#3189 = CIRCLE('',#3190,0.5);
#3190 = AXIS2_PLACEMENT_3D('',#3191,#3192,#3193);
#3191 = CARTESIAN_POINT('',(5.75,1.5,0.));
#3192 = DIRECTION('',(0.,-0.,1.));
#3193 = DIRECTION('',(0.,1.,0.));
#3194 = ORIENTED_EDGE('',*,*,#3195,.T.);
#3195 = EDGE_CURVE('',#3187,#3196,#3198,.T.);
#3196 = VERTEX_POINT('',#3197);
#3197 = CARTESIAN_POINT('',(5.25,4.,0.));
#3198 = LINE('',#3199,#3200);
#3199 = CARTESIAN_POINT('',(5.25,1.,0.));
#3200 = VECTOR('',#3201,1.);
#3201 = DIRECTION('',(0.,1.,0.));
#3202 = ORIENTED_EDGE('',*,*,#3203,.F.);
#3203 = EDGE_CURVE('',#3204,#3196,#3206,.T.);
#3204 = VERTEX_POINT('',#3205);
#3205 = CARTESIAN_POINT('',(5.75,4.5,0.));
#3206 = CIRCLE('',#3207,0.5);
#3207 = AXIS2_PLACEMENT_3D('',#3208,#3209,#3210);
#3208 = CARTESIAN_POINT('',(5.75,4.,0.));
#3209 = DIRECTION('',(0.,-0.,1.));
#3210 = DIRECTION('',(0.,1.,0.));
#3211 = ORIENTED_EDGE('',*,*,#3212,.T.);
#3212 = EDGE_CURVE('',#3204,#3213,#3215,.T.);
#3213 = VERTEX_POINT('',#3214);
#3214 = CARTESIAN_POINT('',(10.25,4.5,0.));
#3215 = LINE('',#3216,#3217);
#3216 = CARTESIAN_POINT('',(5.25,4.5,0.));
#3217 = VECTOR('',#3218,1.);
#3218 = DIRECTION('',(1.,0.,0.));
#3219 = ORIENTED_EDGE('',*,*,#3220,.F.);
#3220 = EDGE_CURVE('',#3160,#3213,#3221,.T.);
#3221 = CIRCLE('',#3222,0.5);
#3222 = AXIS2_PLACEMENT_3D('',#3223,#3224,#3225);
#3223 = CARTESIAN_POINT('',(10.25,4.,0.));
#3224 = DIRECTION('',(0.,-0.,1.));
#3225 = DIRECTION('',(0.,1.,0.));
#3226 = FACE_BOUND('',#3227,.F.);
#3227 = EDGE_LOOP('',(#3228));
#3228 = ORIENTED_EDGE('',*,*,#2347,.F.);
#3229 = FACE_BOUND('',#3230,.F.);
#3230 = EDGE_LOOP('',(#3231));
#3231 = ORIENTED_EDGE('',*,*,#3232,.F.);
#3232 = EDGE_CURVE('',#3233,#3233,#3235,.T.);
#3233 = VERTEX_POINT('',#3234);
#3234 = CARTESIAN_POINT('',(9.,8.,0.));
#3235 = CIRCLE('',#3236,1.);
#3236 = AXIS2_PLACEMENT_3D('',#3237,#3238,#3239);
#3237 = CARTESIAN_POINT('',(8.,8.,0.));
#3238 = DIRECTION('',(0.,0.,1.));
#3239 = DIRECTION('',(1.,0.,0.));
#3240 = FACE_BOUND('',#3241,.F.);
#3241 = EDGE_LOOP('',(#3242));
#3242 = ORIENTED_EDGE('',*,*,#3243,.F.);
#3243 = EDGE_CURVE('',#3244,#3244,#3246,.T.);
#3244 = VERTEX_POINT('',#3245);
#3245 = CARTESIAN_POINT('',(3.7,13.3,0.));
#3246 = CIRCLE('',#3247,1.);
#3247 = AXIS2_PLACEMENT_3D('',#3248,#3249,#3250);
#3248 = CARTESIAN_POINT('',(2.7,13.3,0.));
#3249 = DIRECTION('',(0.,0.,1.));
#3250 = DIRECTION('',(1.,0.,0.));
#3251 = FACE_BOUND('',#3252,.F.);
#3252 = EDGE_LOOP('',(#3253));
#3253 = ORIENTED_EDGE('',*,*,#3254,.F.);
#3254 = EDGE_CURVE('',#3255,#3255,#3257,.T.);
#3255 = VERTEX_POINT('',#3256);
#3256 = CARTESIAN_POINT('',(14.3,13.3,0.));
#3257 = CIRCLE('',#3258,1.);
#3258 = AXIS2_PLACEMENT_3D('',#3259,#3260,#3261);
#3259 = CARTESIAN_POINT('',(13.3,13.3,0.));
#3260 = DIRECTION('',(0.,0.,1.));
#3261 = DIRECTION('',(1.,0.,0.));
#3262 = PLANE('',#3263);
#3263 = AXIS2_PLACEMENT_3D('',#3264,#3265,#3266);
#3264 = CARTESIAN_POINT('',(8.,8.,0.));
#3265 = DIRECTION('',(0.,0.,1.));
#3266 = DIRECTION('',(1.,0.,0.));
#3267 = ADVANCED_FACE('',(#3268,#3279),#3282,.T.);
#3268 = FACE_BOUND('',#3269,.T.);
#3269 = EDGE_LOOP('',(#3270));
#3270 = ORIENTED_EDGE('',*,*,#3271,.F.);
#3271 = EDGE_CURVE('',#3272,#3272,#3274,.T.);
#3272 = VERTEX_POINT('',#3273);
#3273 = CARTESIAN_POINT('',(9.35,8.,0.6));
#3274 = CIRCLE('',#3275,1.35);
#3275 = AXIS2_PLACEMENT_3D('',#3276,#3277,#3278);
#3276 = CARTESIAN_POINT('',(8.,8.,0.6));
#3277 = DIRECTION('',(0.,0.,1.));
#3278 = DIRECTION('',(1.,0.,0.));
#3279 = FACE_BOUND('',#3280,.T.);
#3280 = EDGE_LOOP('',(#3281));
#3281 = ORIENTED_EDGE('',*,*,#2370,.T.);
#3282 = PLANE('',#3283);
#3283 = AXIS2_PLACEMENT_3D('',#3284,#3285,#3286);
#3284 = CARTESIAN_POINT('',(8.,8.,0.6));
#3285 = DIRECTION('',(0.,0.,1.));
#3286 = DIRECTION('',(1.,0.,0.));
#3287 = ADVANCED_FACE('',(#3288),#3298,.T.);
#3288 = FACE_BOUND('',#3289,.T.);
#3289 = EDGE_LOOP('',(#3290,#3291,#3292,#3293,#3294,#3295,#3296,#3297));
#3290 = ORIENTED_EDGE('',*,*,#2931,.F.);
#3291 = ORIENTED_EDGE('',*,*,#2908,.T.);
#3292 = ORIENTED_EDGE('',*,*,#2875,.F.);
#3293 = ORIENTED_EDGE('',*,*,#3048,.T.);
#3294 = ORIENTED_EDGE('',*,*,#3029,.F.);
#3295 = ORIENTED_EDGE('',*,*,#3006,.T.);
#3296 = ORIENTED_EDGE('',*,*,#2980,.F.);
#3297 = ORIENTED_EDGE('',*,*,#2957,.F.);
#3298 = PLANE('',#3299);
#3299 = AXIS2_PLACEMENT_3D('',#3300,#3301,#3302);
#3300 = CARTESIAN_POINT('',(8.,2.75,-1.2));
#3301 = DIRECTION('',(0.,0.,1.));
#3302 = DIRECTION('',(1.,0.,0.));
#3303 = ADVANCED_FACE('',(#3304,#3315),#3318,.T.);
#3304 = FACE_BOUND('',#3305,.T.);
#3305 = EDGE_LOOP('',(#3306));
#3306 = ORIENTED_EDGE('',*,*,#3307,.F.);
#3307 = EDGE_CURVE('',#3308,#3308,#3310,.T.);
#3308 = VERTEX_POINT('',#3309);
#3309 = CARTESIAN_POINT('',(4.05,2.7,0.6));
#3310 = CIRCLE('',#3311,1.35);
#3311 = AXIS2_PLACEMENT_3D('',#3312,#3313,#3314);
#3312 = CARTESIAN_POINT('',(2.7,2.7,0.6));
#3313 = DIRECTION('',(0.,0.,1.));
#3314 = DIRECTION('',(1.,0.,0.));
#3315 = FACE_BOUND('',#3316,.T.);
#3316 = EDGE_LOOP('',(#3317));
#3317 = ORIENTED_EDGE('',*,*,#3071,.T.);
#3318 = PLANE('',#3319);
#3319 = AXIS2_PLACEMENT_3D('',#3320,#3321,#3322);
#3320 = CARTESIAN_POINT('',(8.,8.,0.6));
#3321 = DIRECTION('',(0.,0.,1.));
#3322 = DIRECTION('',(1.,0.,0.));
#3323 = ADVANCED_FACE('',(#3324,#3335),#3338,.T.);
#3324 = FACE_BOUND('',#3325,.T.);
#3325 = EDGE_LOOP('',(#3326));
#3326 = ORIENTED_EDGE('',*,*,#3327,.F.);
#3327 = EDGE_CURVE('',#3328,#3328,#3330,.T.);
#3328 = VERTEX_POINT('',#3329);
#3329 = CARTESIAN_POINT('',(4.05,13.3,0.6));
#3330 = CIRCLE('',#3331,1.35);
#3331 = AXIS2_PLACEMENT_3D('',#3332,#3333,#3334);
#3332 = CARTESIAN_POINT('',(2.7,13.3,0.6));
#3333 = DIRECTION('',(0.,0.,1.));
#3334 = DIRECTION('',(1.,0.,0.));
#3335 = FACE_BOUND('',#3336,.T.);
#3336 = EDGE_LOOP('',(#3337));
#3337 = ORIENTED_EDGE('',*,*,#3096,.T.);
#3338 = PLANE('',#3339);
#3339 = AXIS2_PLACEMENT_3D('',#3340,#3341,#3342);
#3340 = CARTESIAN_POINT('',(8.,8.,0.6));
#3341 = DIRECTION('',(0.,0.,1.));
#3342 = DIRECTION('',(1.,0.,0.));
#3343 = ADVANCED_FACE('',(#3344,#3355),#3358,.T.);
#3344 = FACE_BOUND('',#3345,.T.);
#3345 = EDGE_LOOP('',(#3346));
#3346 = ORIENTED_EDGE('',*,*,#3347,.F.);
#3347 = EDGE_CURVE('',#3348,#3348,#3350,.T.);
#3348 = VERTEX_POINT('',#3349);
#3349 = CARTESIAN_POINT('',(14.65,13.3,0.6));
#3350 = CIRCLE('',#3351,1.35);
#3351 = AXIS2_PLACEMENT_3D('',#3352,#3353,#3354);
#3352 = CARTESIAN_POINT('',(13.3,13.3,0.6));
#3353 = DIRECTION('',(0.,0.,1.));
#3354 = DIRECTION('',(1.,0.,0.));
#3355 = FACE_BOUND('',#3356,.T.);
#3356 = EDGE_LOOP('',(#3357));
#3357 = ORIENTED_EDGE('',*,*,#3121,.T.);
#3358 = PLANE('',#3359);
#3359 = AXIS2_PLACEMENT_3D('',#3360,#3361,#3362);
#3360 = CARTESIAN_POINT('',(8.,8.,0.6));
#3361 = DIRECTION('',(0.,0.,1.));
#3362 = DIRECTION('',(1.,0.,0.));
#3363 = ADVANCED_FACE('',(#3364),#3383,.F.);
#3364 = FACE_BOUND('',#3365,.F.);
#3365 = EDGE_LOOP('',(#3366,#3374,#3381,#3382));
#3366 = ORIENTED_EDGE('',*,*,#3367,.F.);
#3367 = EDGE_CURVE('',#3368,#3149,#3370,.T.);
#3368 = VERTEX_POINT('',#3369);
#3369 = CARTESIAN_POINT('',(3.7,2.7,0.25));
#3370 = LINE('',#3371,#3372);
#3371 = CARTESIAN_POINT('',(3.7,2.7,1.));
#3372 = VECTOR('',#3373,1.);
#3373 = DIRECTION('',(-0.,-0.,-1.));
#3374 = ORIENTED_EDGE('',*,*,#3375,.F.);
#3375 = EDGE_CURVE('',#3368,#3368,#3376,.T.);
#3376 = CIRCLE('',#3377,1.);
#3377 = AXIS2_PLACEMENT_3D('',#3378,#3379,#3380);
#3378 = CARTESIAN_POINT('',(2.7,2.7,0.25));
#3379 = DIRECTION('',(0.,0.,1.));
#3380 = DIRECTION('',(1.,0.,0.));
#3381 = ORIENTED_EDGE('',*,*,#3367,.T.);
#3382 = ORIENTED_EDGE('',*,*,#3148,.T.);
#3383 = CYLINDRICAL_SURFACE('',#3384,1.);
#3384 = AXIS2_PLACEMENT_3D('',#3385,#3386,#3387);
#3385 = CARTESIAN_POINT('',(2.7,2.7,1.));
#3386 = DIRECTION('',(0.,0.,1.));
#3387 = DIRECTION('',(1.,0.,0.));
#3388 = ADVANCED_FACE('',(#3389),#3414,.F.);
#3389 = FACE_BOUND('',#3390,.F.);
#3390 = EDGE_LOOP('',(#3391,#3399,#3407,#3413));
#3391 = ORIENTED_EDGE('',*,*,#3392,.T.);
#3392 = EDGE_CURVE('',#3160,#3393,#3395,.T.);
#3393 = VERTEX_POINT('',#3394);
#3394 = CARTESIAN_POINT('',(10.75,4.,-1.5));
#3395 = LINE('',#3396,#3397);
#3396 = CARTESIAN_POINT('',(10.75,4.,0.));
#3397 = VECTOR('',#3398,1.);
#3398 = DIRECTION('',(0.,0.,-1.));
#3399 = ORIENTED_EDGE('',*,*,#3400,.T.);
#3400 = EDGE_CURVE('',#3393,#3401,#3403,.T.);
#3401 = VERTEX_POINT('',#3402);
#3402 = CARTESIAN_POINT('',(10.75,1.5,-1.5));
#3403 = LINE('',#3404,#3405);
#3404 = CARTESIAN_POINT('',(10.75,4.,-1.5));
#3405 = VECTOR('',#3406,1.);
#3406 = DIRECTION('',(0.,-1.,0.));
#3407 = ORIENTED_EDGE('',*,*,#3408,.F.);
#3408 = EDGE_CURVE('',#3162,#3401,#3409,.T.);
#3409 = LINE('',#3410,#3411);
#3410 = CARTESIAN_POINT('',(10.75,1.5,0.));
#3411 = VECTOR('',#3412,1.);
#3412 = DIRECTION('',(0.,0.,-1.));
#3413 = ORIENTED_EDGE('',*,*,#3159,.F.);
#3414 = PLANE('',#3415);
#3415 = AXIS2_PLACEMENT_3D('',#3416,#3417,#3418);
#3416 = CARTESIAN_POINT('',(10.75,4.5,0.));
#3417 = DIRECTION('',(-1.,-0.,-0.));
#3418 = DIRECTION('',(0.,-1.,0.));
#3419 = ADVANCED_FACE('',(#3420),#3439,.T.);
#3420 = FACE_BOUND('',#3421,.F.);
#3421 = EDGE_LOOP('',(#3422,#3423,#3424,#3432));
#3422 = ORIENTED_EDGE('',*,*,#3392,.F.);
#3423 = ORIENTED_EDGE('',*,*,#3220,.T.);
#3424 = ORIENTED_EDGE('',*,*,#3425,.T.);
#3425 = EDGE_CURVE('',#3213,#3426,#3428,.T.);
#3426 = VERTEX_POINT('',#3427);
#3427 = CARTESIAN_POINT('',(10.25,4.5,-1.5));
#3428 = LINE('',#3429,#3430);
#3429 = CARTESIAN_POINT('',(10.25,4.5,0.));
#3430 = VECTOR('',#3431,1.);
#3431 = DIRECTION('',(0.,0.,-1.));
#3432 = ORIENTED_EDGE('',*,*,#3433,.T.);
#3433 = EDGE_CURVE('',#3426,#3393,#3434,.T.);
#3434 = CIRCLE('',#3435,0.5);
#3435 = AXIS2_PLACEMENT_3D('',#3436,#3437,#3438);
#3436 = CARTESIAN_POINT('',(10.25,4.,-1.5));
#3437 = DIRECTION('',(0.,0.,-1.));
#3438 = DIRECTION('',(0.,1.,0.));
#3439 = CYLINDRICAL_SURFACE('',#3440,0.5);
#3440 = AXIS2_PLACEMENT_3D('',#3441,#3442,#3443);
#3441 = CARTESIAN_POINT('',(10.25,4.,0.));
#3442 = DIRECTION('',(0.,0.,-1.));
#3443 = DIRECTION('',(1.,0.,0.));
#3444 = ADVANCED_FACE('',(#3445),#3464,.T.);
#3445 = FACE_BOUND('',#3446,.T.);
#3446 = EDGE_LOOP('',(#3447,#3448,#3449,#3457));
#3447 = ORIENTED_EDGE('',*,*,#3408,.F.);
#3448 = ORIENTED_EDGE('',*,*,#3169,.T.);
#3449 = ORIENTED_EDGE('',*,*,#3450,.T.);
#3450 = EDGE_CURVE('',#3170,#3451,#3453,.T.);
#3451 = VERTEX_POINT('',#3452);
#3452 = CARTESIAN_POINT('',(10.25,1.,-1.5));
#3453 = LINE('',#3454,#3455);
#3454 = CARTESIAN_POINT('',(10.25,1.,0.));
#3455 = VECTOR('',#3456,1.);
#3456 = DIRECTION('',(0.,0.,-1.));
#3457 = ORIENTED_EDGE('',*,*,#3458,.F.);
#3458 = EDGE_CURVE('',#3401,#3451,#3459,.T.);
#3459 = CIRCLE('',#3460,0.5);
#3460 = AXIS2_PLACEMENT_3D('',#3461,#3462,#3463);
#3461 = CARTESIAN_POINT('',(10.25,1.5,-1.5));
#3462 = DIRECTION('',(0.,0.,-1.));
#3463 = DIRECTION('',(1.,0.,0.));
#3464 = CYLINDRICAL_SURFACE('',#3465,0.5);
#3465 = AXIS2_PLACEMENT_3D('',#3466,#3467,#3468);
#3466 = CARTESIAN_POINT('',(10.25,1.5,0.));
#3467 = DIRECTION('',(0.,0.,-1.));
#3468 = DIRECTION('',(1.,0.,0.));
#3469 = ADVANCED_FACE('',(#3470),#3488,.F.);
#3470 = FACE_BOUND('',#3471,.F.);
#3471 = EDGE_LOOP('',(#3472,#3480,#3486,#3487));
#3472 = ORIENTED_EDGE('',*,*,#3473,.T.);
#3473 = EDGE_CURVE('',#3204,#3474,#3476,.T.);
#3474 = VERTEX_POINT('',#3475);
#3475 = CARTESIAN_POINT('',(5.75,4.5,-1.5));
#3476 = LINE('',#3477,#3478);
#3477 = CARTESIAN_POINT('',(5.75,4.5,0.));
#3478 = VECTOR('',#3479,1.);
#3479 = DIRECTION('',(0.,0.,-1.));
#3480 = ORIENTED_EDGE('',*,*,#3481,.T.);
#3481 = EDGE_CURVE('',#3474,#3426,#3482,.T.);
#3482 = LINE('',#3483,#3484);
#3483 = CARTESIAN_POINT('',(5.75,4.5,-1.5));
#3484 = VECTOR('',#3485,1.);
#3485 = DIRECTION('',(1.,0.,0.));
#3486 = ORIENTED_EDGE('',*,*,#3425,.F.);
#3487 = ORIENTED_EDGE('',*,*,#3212,.F.);
#3488 = PLANE('',#3489);
#3489 = AXIS2_PLACEMENT_3D('',#3490,#3491,#3492);
#3490 = CARTESIAN_POINT('',(5.25,4.5,0.));
#3491 = DIRECTION('',(0.,-1.,0.));
#3492 = DIRECTION('',(1.,0.,0.));
#3493 = ADVANCED_FACE('',(#3494),#3512,.F.);
#3494 = FACE_BOUND('',#3495,.F.);
#3495 = EDGE_LOOP('',(#3496,#3497,#3505,#3511));
#3496 = ORIENTED_EDGE('',*,*,#3450,.T.);
#3497 = ORIENTED_EDGE('',*,*,#3498,.T.);
#3498 = EDGE_CURVE('',#3451,#3499,#3501,.T.);
#3499 = VERTEX_POINT('',#3500);
#3500 = CARTESIAN_POINT('',(5.75,1.,-1.5));
#3501 = LINE('',#3502,#3503);
#3502 = CARTESIAN_POINT('',(10.25,1.,-1.5));
#3503 = VECTOR('',#3504,1.);
#3504 = DIRECTION('',(-1.,0.,0.));
#3505 = ORIENTED_EDGE('',*,*,#3506,.F.);
#3506 = EDGE_CURVE('',#3179,#3499,#3507,.T.);
#3507 = LINE('',#3508,#3509);
#3508 = CARTESIAN_POINT('',(5.75,1.,0.));
#3509 = VECTOR('',#3510,1.);
#3510 = DIRECTION('',(0.,0.,-1.));
#3511 = ORIENTED_EDGE('',*,*,#3178,.F.);
#3512 = PLANE('',#3513);
#3513 = AXIS2_PLACEMENT_3D('',#3514,#3515,#3516);
#3514 = CARTESIAN_POINT('',(10.75,1.,0.));
#3515 = DIRECTION('',(0.,1.,0.));
#3516 = DIRECTION('',(-1.,0.,0.));
#3517 = ADVANCED_FACE('',(#3518),#3537,.T.);
#3518 = FACE_BOUND('',#3519,.F.);
#3519 = EDGE_LOOP('',(#3520,#3521,#3522,#3530));
#3520 = ORIENTED_EDGE('',*,*,#3473,.F.);
#3521 = ORIENTED_EDGE('',*,*,#3203,.T.);
#3522 = ORIENTED_EDGE('',*,*,#3523,.T.);
#3523 = EDGE_CURVE('',#3196,#3524,#3526,.T.);
#3524 = VERTEX_POINT('',#3525);
#3525 = CARTESIAN_POINT('',(5.25,4.,-1.5));
#3526 = LINE('',#3527,#3528);
#3527 = CARTESIAN_POINT('',(5.25,4.,0.));
#3528 = VECTOR('',#3529,1.);
#3529 = DIRECTION('',(0.,0.,-1.));
#3530 = ORIENTED_EDGE('',*,*,#3531,.T.);
#3531 = EDGE_CURVE('',#3524,#3474,#3532,.T.);
#3532 = CIRCLE('',#3533,0.5);
#3533 = AXIS2_PLACEMENT_3D('',#3534,#3535,#3536);
#3534 = CARTESIAN_POINT('',(5.75,4.,-1.5));
#3535 = DIRECTION('',(0.,0.,-1.));
#3536 = DIRECTION('',(-1.,0.,0.));
#3537 = CYLINDRICAL_SURFACE('',#3538,0.5);
#3538 = AXIS2_PLACEMENT_3D('',#3539,#3540,#3541);
#3539 = CARTESIAN_POINT('',(5.75,4.,0.));
#3540 = DIRECTION('',(0.,0.,-1.));
#3541 = DIRECTION('',(0.,1.,0.));
#3542 = ADVANCED_FACE('',(#3543),#3562,.T.);
#3543 = FACE_BOUND('',#3544,.F.);
#3544 = EDGE_LOOP('',(#3545,#3553,#3554,#3555));
#3545 = ORIENTED_EDGE('',*,*,#3546,.F.);
#3546 = EDGE_CURVE('',#3187,#3547,#3549,.T.);
#3547 = VERTEX_POINT('',#3548);
#3548 = CARTESIAN_POINT('',(5.25,1.5,-1.5));
#3549 = LINE('',#3550,#3551);
#3550 = CARTESIAN_POINT('',(5.25,1.5,0.));
#3551 = VECTOR('',#3552,1.);
#3552 = DIRECTION('',(0.,0.,-1.));
#3553 = ORIENTED_EDGE('',*,*,#3186,.T.);
#3554 = ORIENTED_EDGE('',*,*,#3506,.T.);
#3555 = ORIENTED_EDGE('',*,*,#3556,.T.);
#3556 = EDGE_CURVE('',#3499,#3547,#3557,.T.);
#3557 = CIRCLE('',#3558,0.5);
#3558 = AXIS2_PLACEMENT_3D('',#3559,#3560,#3561);
#3559 = CARTESIAN_POINT('',(5.75,1.5,-1.5));
#3560 = DIRECTION('',(-0.,-0.,-1.));
#3561 = DIRECTION('',(0.,-1.,0.));
#3562 = CYLINDRICAL_SURFACE('',#3563,0.5);
#3563 = AXIS2_PLACEMENT_3D('',#3564,#3565,#3566);
#3564 = CARTESIAN_POINT('',(5.75,1.5,0.));
#3565 = DIRECTION('',(0.,0.,-1.));
#3566 = DIRECTION('',(-1.,-0.,-0.));
#3567 = ADVANCED_FACE('',(#3568),#3579,.F.);
#3568 = FACE_BOUND('',#3569,.F.);
#3569 = EDGE_LOOP('',(#3570,#3571,#3577,#3578));
#3570 = ORIENTED_EDGE('',*,*,#3546,.T.);
#3571 = ORIENTED_EDGE('',*,*,#3572,.T.);
#3572 = EDGE_CURVE('',#3547,#3524,#3573,.T.);
#3573 = LINE('',#3574,#3575);
#3574 = CARTESIAN_POINT('',(5.25,1.5,-1.5));
#3575 = VECTOR('',#3576,1.);
#3576 = DIRECTION('',(0.,1.,0.));
#3577 = ORIENTED_EDGE('',*,*,#3523,.F.);
#3578 = ORIENTED_EDGE('',*,*,#3195,.F.);
#3579 = PLANE('',#3580);
#3580 = AXIS2_PLACEMENT_3D('',#3581,#3582,#3583);
#3581 = CARTESIAN_POINT('',(5.25,1.,0.));
#3582 = DIRECTION('',(1.,0.,0.));
#3583 = DIRECTION('',(0.,1.,0.));
#3584 = ADVANCED_FACE('',(#3585),#3604,.F.);
#3585 = FACE_BOUND('',#3586,.F.);
#3586 = EDGE_LOOP('',(#3587,#3595,#3602,#3603));
#3587 = ORIENTED_EDGE('',*,*,#3588,.F.);
#3588 = EDGE_CURVE('',#3589,#3233,#3591,.T.);
#3589 = VERTEX_POINT('',#3590);
#3590 = CARTESIAN_POINT('',(9.,8.,0.25));
#3591 = LINE('',#3592,#3593);
#3592 = CARTESIAN_POINT('',(9.,8.,1.));
#3593 = VECTOR('',#3594,1.);
#3594 = DIRECTION('',(-0.,-0.,-1.));
#3595 = ORIENTED_EDGE('',*,*,#3596,.F.);
#3596 = EDGE_CURVE('',#3589,#3589,#3597,.T.);
#3597 = CIRCLE('',#3598,1.);
#3598 = AXIS2_PLACEMENT_3D('',#3599,#3600,#3601);
#3599 = CARTESIAN_POINT('',(8.,8.,0.25));
#3600 = DIRECTION('',(0.,0.,1.));
#3601 = DIRECTION('',(1.,0.,0.));
#3602 = ORIENTED_EDGE('',*,*,#3588,.T.);
#3603 = ORIENTED_EDGE('',*,*,#3232,.T.);
#3604 = CYLINDRICAL_SURFACE('',#3605,1.);
#3605 = AXIS2_PLACEMENT_3D('',#3606,#3607,#3608);
#3606 = CARTESIAN_POINT('',(8.,8.,1.));
#3607 = DIRECTION('',(0.,0.,1.));
#3608 = DIRECTION('',(1.,0.,0.));
#3609 = ADVANCED_FACE('',(#3610),#3629,.F.);
#3610 = FACE_BOUND('',#3611,.F.);
#3611 = EDGE_LOOP('',(#3612,#3620,#3627,#3628));
#3612 = ORIENTED_EDGE('',*,*,#3613,.F.);
#3613 = EDGE_CURVE('',#3614,#3244,#3616,.T.);
#3614 = VERTEX_POINT('',#3615);
#3615 = CARTESIAN_POINT('',(3.7,13.3,0.25));
#3616 = LINE('',#3617,#3618);
#3617 = CARTESIAN_POINT('',(3.7,13.3,1.));
#3618 = VECTOR('',#3619,1.);
#3619 = DIRECTION('',(-0.,-0.,-1.));
#3620 = ORIENTED_EDGE('',*,*,#3621,.F.);
#3621 = EDGE_CURVE('',#3614,#3614,#3622,.T.);
#3622 = CIRCLE('',#3623,1.);
#3623 = AXIS2_PLACEMENT_3D('',#3624,#3625,#3626);
#3624 = CARTESIAN_POINT('',(2.7,13.3,0.25));
#3625 = DIRECTION('',(0.,0.,1.));
#3626 = DIRECTION('',(1.,0.,0.));
#3627 = ORIENTED_EDGE('',*,*,#3613,.T.);
#3628 = ORIENTED_EDGE('',*,*,#3243,.T.);
#3629 = CYLINDRICAL_SURFACE('',#3630,1.);
#3630 = AXIS2_PLACEMENT_3D('',#3631,#3632,#3633);
#3631 = CARTESIAN_POINT('',(2.7,13.3,1.));
#3632 = DIRECTION('',(0.,0.,1.));
#3633 = DIRECTION('',(1.,0.,0.));
#3634 = ADVANCED_FACE('',(#3635),#3654,.F.);
#3635 = FACE_BOUND('',#3636,.F.);
#3636 = EDGE_LOOP('',(#3637,#3645,#3652,#3653));
#3637 = ORIENTED_EDGE('',*,*,#3638,.F.);
#3638 = EDGE_CURVE('',#3639,#3255,#3641,.T.);
#3639 = VERTEX_POINT('',#3640);
#3640 = CARTESIAN_POINT('',(14.3,13.3,0.25));
#3641 = LINE('',#3642,#3643);
#3642 = CARTESIAN_POINT('',(14.3,13.3,1.));
#3643 = VECTOR('',#3644,1.);
#3644 = DIRECTION('',(-0.,-0.,-1.));
#3645 = ORIENTED_EDGE('',*,*,#3646,.F.);
#3646 = EDGE_CURVE('',#3639,#3639,#3647,.T.);
#3647 = CIRCLE('',#3648,1.);
#3648 = AXIS2_PLACEMENT_3D('',#3649,#3650,#3651);
#3649 = CARTESIAN_POINT('',(13.3,13.3,0.25));
#3650 = DIRECTION('',(0.,0.,1.));
#3651 = DIRECTION('',(1.,0.,0.));
#3652 = ORIENTED_EDGE('',*,*,#3638,.T.);
#3653 = ORIENTED_EDGE('',*,*,#3254,.T.);
#3654 = CYLINDRICAL_SURFACE('',#3655,1.);
#3655 = AXIS2_PLACEMENT_3D('',#3656,#3657,#3658);
#3656 = CARTESIAN_POINT('',(13.3,13.3,1.));
#3657 = DIRECTION('',(0.,0.,1.));
#3658 = DIRECTION('',(1.,0.,0.));
#3659 = ADVANCED_FACE('',(#3660),#3671,.F.);
#3660 = FACE_BOUND('',#3661,.T.);
#3661 = EDGE_LOOP('',(#3662,#3668,#3669,#3670));
#3662 = ORIENTED_EDGE('',*,*,#3663,.F.);
#3663 = EDGE_CURVE('',#3272,#3589,#3664,.T.);
#3664 = LINE('',#3665,#3666);
#3665 = CARTESIAN_POINT('',(9.,8.,0.25));
#3666 = VECTOR('',#3667,1.);
#3667 = DIRECTION('',(-0.707106781187,-0.,-0.707106781187));
#3668 = ORIENTED_EDGE('',*,*,#3271,.T.);
#3669 = ORIENTED_EDGE('',*,*,#3663,.T.);
#3670 = ORIENTED_EDGE('',*,*,#3596,.F.);
#3671 = CONICAL_SURFACE('',#3672,1.,0.785398163397);
#3672 = AXIS2_PLACEMENT_3D('',#3673,#3674,#3675);
#3673 = CARTESIAN_POINT('',(8.,8.,0.25));
#3674 = DIRECTION('',(0.,0.,1.));
#3675 = DIRECTION('',(1.,0.,0.));
#3676 = ADVANCED_FACE('',(#3677),#3688,.F.);
#3677 = FACE_BOUND('',#3678,.T.);
#3678 = EDGE_LOOP('',(#3679,#3685,#3686,#3687));
#3679 = ORIENTED_EDGE('',*,*,#3680,.F.);
#3680 = EDGE_CURVE('',#3308,#3368,#3681,.T.);
#3681 = LINE('',#3682,#3683);
#3682 = CARTESIAN_POINT('',(3.7,2.7,0.25));
#3683 = VECTOR('',#3684,1.);
#3684 = DIRECTION('',(-0.707106781187,-0.,-0.707106781187));
#3685 = ORIENTED_EDGE('',*,*,#3307,.T.);
#3686 = ORIENTED_EDGE('',*,*,#3680,.T.);
#3687 = ORIENTED_EDGE('',*,*,#3375,.F.);
#3688 = CONICAL_SURFACE('',#3689,1.,0.785398163397);
#3689 = AXIS2_PLACEMENT_3D('',#3690,#3691,#3692);
#3690 = CARTESIAN_POINT('',(2.7,2.7,0.25));
#3691 = DIRECTION('',(0.,0.,1.));
#3692 = DIRECTION('',(1.,0.,0.));
#3693 = ADVANCED_FACE('',(#3694),#3705,.F.);
#3694 = FACE_BOUND('',#3695,.T.);
#3695 = EDGE_LOOP('',(#3696,#3702,#3703,#3704));
#3696 = ORIENTED_EDGE('',*,*,#3697,.F.);
#3697 = EDGE_CURVE('',#3328,#3614,#3698,.T.);
#3698 = LINE('',#3699,#3700);
#3699 = CARTESIAN_POINT('',(3.7,13.3,0.25));
#3700 = VECTOR('',#3701,1.);
#3701 = DIRECTION('',(-0.707106781187,-0.,-0.707106781187));
#3702 = ORIENTED_EDGE('',*,*,#3327,.T.);
#3703 = ORIENTED_EDGE('',*,*,#3697,.T.);
#3704 = ORIENTED_EDGE('',*,*,#3621,.F.);
#3705 = CONICAL_SURFACE('',#3706,1.,0.785398163397);
#3706 = AXIS2_PLACEMENT_3D('',#3707,#3708,#3709);
#3707 = CARTESIAN_POINT('',(2.7,13.3,0.25));
#3708 = DIRECTION('',(0.,0.,1.));
#3709 = DIRECTION('',(1.,0.,0.));
#3710 = ADVANCED_FACE('',(#3711),#3722,.F.);
#3711 = FACE_BOUND('',#3712,.T.);
#3712 = EDGE_LOOP('',(#3713,#3719,#3720,#3721));
#3713 = ORIENTED_EDGE('',*,*,#3714,.F.);
#3714 = EDGE_CURVE('',#3348,#3639,#3715,.T.);
#3715 = LINE('',#3716,#3717);
#3716 = CARTESIAN_POINT('',(14.3,13.3,0.25));
#3717 = VECTOR('',#3718,1.);
#3718 = DIRECTION('',(-0.707106781187,-0.,-0.707106781187));
#3719 = ORIENTED_EDGE('',*,*,#3347,.T.);
#3720 = ORIENTED_EDGE('',*,*,#3714,.T.);
#3721 = ORIENTED_EDGE('',*,*,#3646,.F.);
#3722 = CONICAL_SURFACE('',#3723,1.,0.785398163397);
#3723 = AXIS2_PLACEMENT_3D('',#3724,#3725,#3726);
#3724 = CARTESIAN_POINT('',(13.3,13.3,0.25));
#3725 = DIRECTION('',(0.,0.,1.));
#3726 = DIRECTION('',(1.,0.,0.));
#3727 = ADVANCED_FACE('',(#3728),#3755,.T.);
#3728 = FACE_BOUND('',#3729,.F.);
#3729 = EDGE_LOOP('',(#3730,#3739,#3747,#3754));
#3730 = ORIENTED_EDGE('',*,*,#3731,.T.);
#3731 = EDGE_CURVE('',#3393,#3732,#3734,.T.);
#3732 = VERTEX_POINT('',#3733);
#3733 = CARTESIAN_POINT('',(10.25,4.,-2.));
#3734 = CIRCLE('',#3735,0.5);
#3735 = AXIS2_PLACEMENT_3D('',#3736,#3737,#3738);
#3736 = CARTESIAN_POINT('',(10.25,4.,-1.5));
#3737 = DIRECTION('',(-0.,1.,0.));
#3738 = DIRECTION('',(1.,0.,0.));
#3739 = ORIENTED_EDGE('',*,*,#3740,.T.);
#3740 = EDGE_CURVE('',#3732,#3741,#3743,.T.);
#3741 = VERTEX_POINT('',#3742);
#3742 = CARTESIAN_POINT('',(10.25,1.5,-2.));
#3743 = LINE('',#3744,#3745);
#3744 = CARTESIAN_POINT('',(10.25,4.,-2.));
#3745 = VECTOR('',#3746,1.);
#3746 = DIRECTION('',(0.,-1.,0.));
#3747 = ORIENTED_EDGE('',*,*,#3748,.F.);
#3748 = EDGE_CURVE('',#3401,#3741,#3749,.T.);
#3749 = CIRCLE('',#3750,0.5);
#3750 = AXIS2_PLACEMENT_3D('',#3751,#3752,#3753);
#3751 = CARTESIAN_POINT('',(10.25,1.5,-1.5));
#3752 = DIRECTION('',(-0.,1.,0.));
#3753 = DIRECTION('',(1.,0.,0.));
#3754 = ORIENTED_EDGE('',*,*,#3400,.F.);
#3755 = CYLINDRICAL_SURFACE('',#3756,0.5);
#3756 = AXIS2_PLACEMENT_3D('',#3757,#3758,#3759);
#3757 = CARTESIAN_POINT('',(10.25,4.,-1.5));
#3758 = DIRECTION('',(0.,-1.,0.));
#3759 = DIRECTION('',(1.,0.,0.));
#3760 = ADVANCED_FACE('',(#3761),#3772,.T.);
#3761 = FACE_BOUND('',#3762,.T.);
#3762 = EDGE_LOOP('',(#3763,#3770,#3771));
#3763 = ORIENTED_EDGE('',*,*,#3764,.F.);
#3764 = EDGE_CURVE('',#3426,#3732,#3765,.T.);
#3765 = CIRCLE('',#3766,0.5);
#3766 = AXIS2_PLACEMENT_3D('',#3767,#3768,#3769);
#3767 = CARTESIAN_POINT('',(10.25,4.,-1.5));
#3768 = DIRECTION('',(-1.,0.,0.));
#3769 = DIRECTION('',(0.,1.,0.));
#3770 = ORIENTED_EDGE('',*,*,#3433,.T.);
#3771 = ORIENTED_EDGE('',*,*,#3731,.T.);
#3772 = SPHERICAL_SURFACE('',#3773,0.5);
#3773 = AXIS2_PLACEMENT_3D('',#3774,#3775,#3776);
#3774 = CARTESIAN_POINT('',(10.25,4.,-1.5));
#3775 = DIRECTION('',(-0.,-0.,-1.));
#3776 = DIRECTION('',(0.,1.,0.));
#3777 = ADVANCED_FACE('',(#3778),#3789,.T.);
#3778 = FACE_BOUND('',#3779,.T.);
#3779 = EDGE_LOOP('',(#3780,#3781,#3782));
#3780 = ORIENTED_EDGE('',*,*,#3748,.F.);
#3781 = ORIENTED_EDGE('',*,*,#3458,.T.);
#3782 = ORIENTED_EDGE('',*,*,#3783,.T.);
#3783 = EDGE_CURVE('',#3451,#3741,#3784,.T.);
#3784 = CIRCLE('',#3785,0.5);
#3785 = AXIS2_PLACEMENT_3D('',#3786,#3787,#3788);
#3786 = CARTESIAN_POINT('',(10.25,1.5,-1.5));
#3787 = DIRECTION('',(1.,6.E-17,0.));
#3788 = DIRECTION('',(6.E-17,-1.,0.));
#3789 = SPHERICAL_SURFACE('',#3790,0.5);
#3790 = AXIS2_PLACEMENT_3D('',#3791,#3792,#3793);
#3791 = CARTESIAN_POINT('',(10.25,1.5,-1.5));
#3792 = DIRECTION('',(-0.,-0.,-1.));
#3793 = DIRECTION('',(1.,0.,0.));
#3794 = ADVANCED_FACE('',(#3795),#3814,.T.);
#3795 = FACE_BOUND('',#3796,.F.);
#3796 = EDGE_LOOP('',(#3797,#3806,#3812,#3813));
#3797 = ORIENTED_EDGE('',*,*,#3798,.T.);
#3798 = EDGE_CURVE('',#3474,#3799,#3801,.T.);
#3799 = VERTEX_POINT('',#3800);
#3800 = CARTESIAN_POINT('',(5.75,4.,-2.));
#3801 = CIRCLE('',#3802,0.5);
#3802 = AXIS2_PLACEMENT_3D('',#3803,#3804,#3805);
#3803 = CARTESIAN_POINT('',(5.75,4.,-1.5));
#3804 = DIRECTION('',(-1.,-6.E-17,-0.));
#3805 = DIRECTION('',(-6.E-17,1.,0.));
#3806 = ORIENTED_EDGE('',*,*,#3807,.T.);
#3807 = EDGE_CURVE('',#3799,#3732,#3808,.T.);
#3808 = LINE('',#3809,#3810);
#3809 = CARTESIAN_POINT('',(5.75,4.,-2.));
#3810 = VECTOR('',#3811,1.);
#3811 = DIRECTION('',(1.,0.,0.));
#3812 = ORIENTED_EDGE('',*,*,#3764,.F.);
#3813 = ORIENTED_EDGE('',*,*,#3481,.F.);
#3814 = CYLINDRICAL_SURFACE('',#3815,0.5);
#3815 = AXIS2_PLACEMENT_3D('',#3816,#3817,#3818);
#3816 = CARTESIAN_POINT('',(5.75,4.,-1.5));
#3817 = DIRECTION('',(1.,0.,0.));
#3818 = DIRECTION('',(0.,1.,0.));
#3819 = ADVANCED_FACE('',(#3820),#3839,.T.);
#3820 = FACE_BOUND('',#3821,.F.);
#3821 = EDGE_LOOP('',(#3822,#3823,#3831,#3838));
#3822 = ORIENTED_EDGE('',*,*,#3783,.T.);
#3823 = ORIENTED_EDGE('',*,*,#3824,.T.);
#3824 = EDGE_CURVE('',#3741,#3825,#3827,.T.);
#3825 = VERTEX_POINT('',#3826);
#3826 = CARTESIAN_POINT('',(5.75,1.5,-2.));
#3827 = LINE('',#3828,#3829);
#3828 = CARTESIAN_POINT('',(10.25,1.5,-2.));
#3829 = VECTOR('',#3830,1.);
#3830 = DIRECTION('',(-1.,0.,0.));
#3831 = ORIENTED_EDGE('',*,*,#3832,.F.);
#3832 = EDGE_CURVE('',#3499,#3825,#3833,.T.);
#3833 = CIRCLE('',#3834,0.5);
#3834 = AXIS2_PLACEMENT_3D('',#3835,#3836,#3837);
#3835 = CARTESIAN_POINT('',(5.75,1.5,-1.5));
#3836 = DIRECTION('',(1.,0.,-0.));
#3837 = DIRECTION('',(0.,-1.,0.));
#3838 = ORIENTED_EDGE('',*,*,#3498,.F.);
#3839 = CYLINDRICAL_SURFACE('',#3840,0.5);
#3840 = AXIS2_PLACEMENT_3D('',#3841,#3842,#3843);
#3841 = CARTESIAN_POINT('',(10.25,1.5,-1.5));
#3842 = DIRECTION('',(-1.,0.,0.));
#3843 = DIRECTION('',(0.,-1.,0.));
#3844 = ADVANCED_FACE('',(#3845),#3856,.T.);
#3845 = FACE_BOUND('',#3846,.T.);
#3846 = EDGE_LOOP('',(#3847,#3854,#3855));
#3847 = ORIENTED_EDGE('',*,*,#3848,.F.);
#3848 = EDGE_CURVE('',#3524,#3799,#3849,.T.);
#3849 = CIRCLE('',#3850,0.5);
#3850 = AXIS2_PLACEMENT_3D('',#3851,#3852,#3853);
#3851 = CARTESIAN_POINT('',(5.75,4.,-1.5));
#3852 = DIRECTION('',(-0.,-1.,-0.));
#3853 = DIRECTION('',(-1.,0.,0.));
#3854 = ORIENTED_EDGE('',*,*,#3531,.T.);
#3855 = ORIENTED_EDGE('',*,*,#3798,.T.);
#3856 = SPHERICAL_SURFACE('',#3857,0.5);
#3857 = AXIS2_PLACEMENT_3D('',#3858,#3859,#3860);
#3858 = CARTESIAN_POINT('',(5.75,4.,-1.5));
#3859 = DIRECTION('',(-0.,-0.,-1.));
#3860 = DIRECTION('',(-1.,0.,0.));
#3861 = ADVANCED_FACE('',(#3862),#3873,.T.);
#3862 = FACE_BOUND('',#3863,.T.);
#3863 = EDGE_LOOP('',(#3864,#3865,#3866));
#3864 = ORIENTED_EDGE('',*,*,#3832,.F.);
#3865 = ORIENTED_EDGE('',*,*,#3556,.T.);
#3866 = ORIENTED_EDGE('',*,*,#3867,.T.);
#3867 = EDGE_CURVE('',#3547,#3825,#3868,.T.);
#3868 = CIRCLE('',#3869,0.5);
#3869 = AXIS2_PLACEMENT_3D('',#3870,#3871,#3872);
#3870 = CARTESIAN_POINT('',(5.75,1.5,-1.5));
#3871 = DIRECTION('',(6.E-17,-1.,0.));
#3872 = DIRECTION('',(-1.,-6.E-17,0.));
#3873 = SPHERICAL_SURFACE('',#3874,0.5);
#3874 = AXIS2_PLACEMENT_3D('',#3875,#3876,#3877);
#3875 = CARTESIAN_POINT('',(5.75,1.5,-1.5));
#3876 = DIRECTION('',(-0.,-0.,-1.));
#3877 = DIRECTION('',(0.,-1.,0.));
#3878 = ADVANCED_FACE('',(#3879),#3890,.T.);
#3879 = FACE_BOUND('',#3880,.F.);
#3880 = EDGE_LOOP('',(#3881,#3882,#3888,#3889));
#3881 = ORIENTED_EDGE('',*,*,#3867,.T.);
#3882 = ORIENTED_EDGE('',*,*,#3883,.T.);
#3883 = EDGE_CURVE('',#3825,#3799,#3884,.T.);
#3884 = LINE('',#3885,#3886);
#3885 = CARTESIAN_POINT('',(5.75,1.5,-2.));
#3886 = VECTOR('',#3887,1.);
#3887 = DIRECTION('',(0.,1.,0.));
#3888 = ORIENTED_EDGE('',*,*,#3848,.F.);
#3889 = ORIENTED_EDGE('',*,*,#3572,.F.);
#3890 = CYLINDRICAL_SURFACE('',#3891,0.5);
#3891 = AXIS2_PLACEMENT_3D('',#3892,#3893,#3894);
#3892 = CARTESIAN_POINT('',(5.75,1.5,-1.5));
#3893 = DIRECTION('',(0.,1.,0.));
#3894 = DIRECTION('',(-1.,0.,0.));
#3895 = ADVANCED_FACE('',(#3896),#3902,.F.);
#3896 = FACE_BOUND('',#3897,.F.);
#3897 = EDGE_LOOP('',(#3898,#3899,#3900,#3901));
#3898 = ORIENTED_EDGE('',*,*,#3740,.F.);
#3899 = ORIENTED_EDGE('',*,*,#3807,.F.);
#3900 = ORIENTED_EDGE('',*,*,#3883,.F.);
#3901 = ORIENTED_EDGE('',*,*,#3824,.F.);
#3902 = PLANE('',#3903);
#3903 = AXIS2_PLACEMENT_3D('',#3904,#3905,#3906);
#3904 = CARTESIAN_POINT('',(8.,2.75,-2.));
#3905 = DIRECTION('',(0.,0.,1.));
#3906 = DIRECTION('',(1.,0.,0.));
#3907 = ( GEOMETRIC_REPRESENTATION_CONTEXT(3) 
GLOBAL_UNCERTAINTY_ASSIGNED_CONTEXT((#3911)) 
GLOBAL_UNIT_ASSIGNED_CONTEXT((#3908,#3909,#3910)) REPRESENTATION_CONTEXT
('Context #1','3D Context with UNIT and UNCERTAINTY') );
#3908 = ( LENGTH_UNIT() NAMED_UNIT(*) SI_UNIT(.MILLI.,.METRE.) );
#3909 = ( NAMED_UNIT(*) PLANE_ANGLE_UNIT() SI_UNIT($,.RADIAN.) );
#3910 = ( NAMED_UNIT(*) SI_UNIT($,.STERADIAN.) SOLID_ANGLE_UNIT() );
#3911 = UNCERTAINTY_MEASURE_WITH_UNIT(LENGTH_MEASURE(2.E-05),#3908,
  'distance_accuracy_value','confusion accuracy');
#3912 = PRODUCT_RELATED_PRODUCT_CATEGORY('part',$,(#7));
#3913 = MECHANICAL_DESIGN_GEOMETRIC_PRESENTATION_REPRESENTATION('',(
    #3914),#3907);
#3914 = STYLED_ITEM('color',(#3915),#15);
#3915 = PRESENTATION_STYLE_ASSIGNMENT((#3916,#3922));
#3916 = SURFACE_STYLE_USAGE(.BOTH.,#3917);
#3917 = SURFACE_SIDE_STYLE('',(#3918));
#3918 = SURFACE_STYLE_FILL_AREA(#3919);
#3919 = FILL_AREA_STYLE('',(#3920));
#3920 = FILL_AREA_STYLE_COLOUR('',#3921);
#3921 = COLOUR_RGB('',0.447058818107,0.474509808674,0.501960817233);
#3922 = CURVE_STYLE('',#3923,POSITIVE_LENGTH_MEASURE(0.1),#3924);
#3923 = DRAUGHTING_PRE_DEFINED_CURVE_FONT('continuous');
#3924 = COLOUR_RGB('',9.803921802644E-02,9.803921802644E-02,
  9.803921802644E-02);
ENDSEC;
END-ISO-10303-21;
